Months,Year,Month_Number,Ecological_State,State_Name,Environmental_Variable,Value
2003-01-01,2003,1,1,Diatom-associated early-year state,SST,10.6536
2003-02-01,2003,2,1,Diatom-associated early-year state,SST,9.226859
2003-03-01,2003,3,1,Diatom-associated early-year state,SST,9.888013
2003-04-01,2003,4,1,Diatom-associated early-year state,SST,11.75001
2003-05-01,2003,5,2,Mixed-prokaryote mid-year state,SST,16.08669
2003-06-01,2003,6,2,Mixed-prokaryote mid-year state,SST,19.74573
2003-07-01,2003,7,2,Mixed-prokaryote mid-year state,SST,23.4168
2003-08-01,2003,8,3,Prokaryote-dominated late-year state,SST,26.00336
2003-09-01,2003,9,3,Prokaryote-dominated late-year state,SST,24.95572
2003-10-01,2003,10,3,Prokaryote-dominated late-year state,SST,21.49835
2003-11-01,2003,11,3,Prokaryote-dominated late-year state,SST,18.29269
2003-12-01,2003,12,3,Prokaryote-dominated late-year state,SST,14.18948
2004-01-01,2004,1,1,Diatom-associated early-year state,SST,10.96138
2004-02-01,2004,2,1,Diatom-associated early-year state,SST,9.451482
2004-03-01,2004,3,1,Diatom-associated early-year state,SST,9.93364
2004-04-01,2004,4,1,Diatom-associated early-year state,SST,12.11376
2004-05-01,2004,5,1,Diatom-associated early-year state,SST,16.42801
2004-06-01,2004,6,2,Mixed-prokaryote mid-year state,SST,20.89214
2004-07-01,2004,7,2,Mixed-prokaryote mid-year state,SST,24.48953
2004-08-01,2004,8,3,Prokaryote-dominated late-year state,SST,27.28089
2004-09-01,2004,9,3,Prokaryote-dominated late-year state,SST,24.63984
2004-10-01,2004,10,3,Prokaryote-dominated late-year state,SST,21.5269
2004-11-01,2004,11,3,Prokaryote-dominated late-year state,SST,18.65132
2004-12-01,2004,12,3,Prokaryote-dominated late-year state,SST,15.45889
2005-01-01,2005,1,1,Diatom-associated early-year state,SST,11.36995
2005-02-01,2005,2,1,Diatom-associated early-year state,SST,9.251629
2005-03-01,2005,3,1,Diatom-associated early-year state,SST,9.172435
2005-04-01,2005,4,1,Diatom-associated early-year state,SST,12.12134
2005-05-01,2005,5,2,Mixed-prokaryote mid-year state,SST,16.07727
2005-06-01,2005,6,2,Mixed-prokaryote mid-year state,SST,21.15738
2005-07-01,2005,7,2,Mixed-prokaryote mid-year state,SST,25.00492
2005-08-01,2005,8,3,Prokaryote-dominated late-year state,SST,25.84355
2005-09-01,2005,9,3,Prokaryote-dominated late-year state,SST,24.64657
2005-10-01,2005,10,3,Prokaryote-dominated late-year state,SST,21.94504
2005-11-01,2005,11,3,Prokaryote-dominated late-year state,SST,18.40416
2005-12-01,2005,12,1,Diatom-associated early-year state,SST,13.54506
2006-01-01,2006,1,1,Diatom-associated early-year state,SST,10.25276
2006-02-01,2006,2,1,Diatom-associated early-year state,SST,9.190073
2006-03-01,2006,3,1,Diatom-associated early-year state,SST,9.62146
2006-04-01,2006,4,1,Diatom-associated early-year state,SST,11.45833
2006-05-01,2006,5,1,Diatom-associated early-year state,SST,15.90524
2006-06-01,2006,6,2,Mixed-prokaryote mid-year state,SST,20.01962
2006-07-01,2006,7,2,Mixed-prokaryote mid-year state,SST,24.27946
2006-08-01,2006,8,2,Mixed-prokaryote mid-year state,SST,27.3431
2006-09-01,2006,9,3,Prokaryote-dominated late-year state,SST,24.75643
2006-10-01,2006,10,3,Prokaryote-dominated late-year state,SST,22.84066
2006-11-01,2006,11,3,Prokaryote-dominated late-year state,SST,18.73112
2006-12-01,2006,12,3,Prokaryote-dominated late-year state,SST,14.60835
2007-01-01,2007,1,1,Diatom-associated early-year state,SST,11.20717
2007-02-01,2007,2,1,Diatom-associated early-year state,SST,10.52907
2007-03-01,2007,3,1,Diatom-associated early-year state,SST,10.88319
2007-04-01,2007,4,1,Diatom-associated early-year state,SST,12.42657
2007-05-01,2007,5,2,Mixed-prokaryote mid-year state,SST,16.44182
2007-06-01,2007,6,2,Mixed-prokaryote mid-year state,SST,20.45933
2007-07-01,2007,7,2,Mixed-prokaryote mid-year state,SST,24.51655
2007-08-01,2007,8,2,Mixed-prokaryote mid-year state,SST,26.72836
2007-09-01,2007,9,3,Prokaryote-dominated late-year state,SST,25.10263
2007-10-01,2007,10,3,Prokaryote-dominated late-year state,SST,21.9488
2007-11-01,2007,11,3,Prokaryote-dominated late-year state,SST,17.88752
2007-12-01,2007,12,1,Diatom-associated early-year state,SST,14.30564
2008-01-01,2008,1,3,Prokaryote-dominated late-year state,SST,10.85685
2008-02-01,2008,2,1,Diatom-associated early-year state,SST,9.153059
2008-03-01,2008,3,1,Diatom-associated early-year state,SST,9.525187
2008-04-01,2008,4,1,Diatom-associated early-year state,SST,11.90121
2008-05-01,2008,5,2,Mixed-prokaryote mid-year state,SST,16.151
2008-06-01,2008,6,2,Mixed-prokaryote mid-year state,SST,20.15845
2008-07-01,2008,7,2,Mixed-prokaryote mid-year state,SST,24.67235
2008-08-01,2008,8,3,Prokaryote-dominated late-year state,SST,26.72248
2008-09-01,2008,9,3,Prokaryote-dominated late-year state,SST,25.17165
2008-10-01,2008,10,3,Prokaryote-dominated late-year state,SST,22.15999
2008-11-01,2008,11,3,Prokaryote-dominated late-year state,SST,18.23831
2008-12-01,2008,12,1,Diatom-associated early-year state,SST,13.74592
2009-01-01,2009,1,1,Diatom-associated early-year state,SST,10.56733
2009-02-01,2009,2,1,Diatom-associated early-year state,SST,9.965669
2009-03-01,2009,3,1,Diatom-associated early-year state,SST,10.3221
2009-04-01,2009,4,1,Diatom-associated early-year state,SST,13.10787
2009-05-01,2009,5,2,Mixed-prokaryote mid-year state,SST,16.72519
2009-06-01,2009,6,2,Mixed-prokaryote mid-year state,SST,20.44709
2009-07-01,2009,7,2,Mixed-prokaryote mid-year state,SST,24.01626
2009-08-01,2009,8,2,Mixed-prokaryote mid-year state,SST,25.82717
2009-09-01,2009,9,3,Prokaryote-dominated late-year state,SST,24.78023
2009-10-01,2009,10,3,Prokaryote-dominated late-year state,SST,22.0396
2009-11-01,2009,11,3,Prokaryote-dominated late-year state,SST,17.8215
2009-12-01,2009,12,1,Diatom-associated early-year state,SST,13.39651
2010-01-01,2010,1,1,Diatom-associated early-year state,SST,10.2186
2010-02-01,2010,2,1,Diatom-associated early-year state,SST,8.796714
2010-03-01,2010,3,1,Diatom-associated early-year state,SST,9.088304
2010-04-01,2010,4,1,Diatom-associated early-year state,SST,11.15974
2010-05-01,2010,5,1,Diatom-associated early-year state,SST,15.07052
2010-06-01,2010,6,2,Mixed-prokaryote mid-year state,SST,19.9422
2010-07-01,2010,7,2,Mixed-prokaryote mid-year state,SST,24.16658
2010-08-01,2010,8,2,Mixed-prokaryote mid-year state,SST,26.56218
2010-09-01,2010,9,3,Prokaryote-dominated late-year state,SST,25.16753
2010-10-01,2010,10,3,Prokaryote-dominated late-year state,SST,21.63019
2010-11-01,2010,11,3,Prokaryote-dominated late-year state,SST,17.44055
2010-12-01,2010,12,3,Prokaryote-dominated late-year state,SST,13.74267
2011-01-01,2011,1,1,Diatom-associated early-year state,SST,9.66562
2011-02-01,2011,2,1,Diatom-associated early-year state,SST,8.777107
2011-03-01,2011,3,1,Diatom-associated early-year state,SST,8.888328
2011-04-01,2011,4,1,Diatom-associated early-year state,SST,11.29099
2011-05-01,2011,5,2,Mixed-prokaryote mid-year state,SST,15.11786
2011-06-01,2011,6,2,Mixed-prokaryote mid-year state,SST,19.42791
2011-07-01,2011,7,2,Mixed-prokaryote mid-year state,SST,23.82733
2011-08-01,2011,8,2,Mixed-prokaryote mid-year state,SST,24.87282
2011-09-01,2011,9,3,Prokaryote-dominated late-year state,SST,23.81514
2011-10-01,2011,10,3,Prokaryote-dominated late-year state,SST,21.14091
2011-11-01,2011,11,3,Prokaryote-dominated late-year state,SST,18.24443
2011-12-01,2011,12,1,Diatom-associated early-year state,SST,14.34846
2012-01-01,2012,1,1,Diatom-associated early-year state,SST,10.88351
2012-02-01,2012,2,3,Prokaryote-dominated late-year state,SST,9.027214
2012-03-01,2012,3,3,Prokaryote-dominated late-year state,SST,9.297169
2012-04-01,2012,4,1,Diatom-associated early-year state,SST,11.76779
2012-05-01,2012,5,1,Diatom-associated early-year state,SST,16.14271
2012-06-01,2012,6,2,Mixed-prokaryote mid-year state,SST,20.95829
2012-07-01,2012,7,2,Mixed-prokaryote mid-year state,SST,24.8509
2012-08-01,2012,8,2,Mixed-prokaryote mid-year state,SST,25.9811
2012-09-01,2012,9,3,Prokaryote-dominated late-year state,SST,24.05809
2012-10-01,2012,10,3,Prokaryote-dominated late-year state,SST,21.42516
2012-11-01,2012,11,3,Prokaryote-dominated late-year state,SST,16.90897
2012-12-01,2012,12,3,Prokaryote-dominated late-year state,SST,12.9698
2013-01-01,2013,1,1,Diatom-associated early-year state,SST,10.0581
2013-02-01,2013,2,3,Prokaryote-dominated late-year state,SST,9.240296
2013-03-01,2013,3,3,Prokaryote-dominated late-year state,SST,9.718316
2013-04-01,2013,4,1,Diatom-associated early-year state,SST,11.21947
2013-05-01,2013,5,1,Diatom-associated early-year state,SST,15.94189
2013-06-01,2013,6,2,Mixed-prokaryote mid-year state,SST,20.33818
2013-07-01,2013,7,2,Mixed-prokaryote mid-year state,SST,24.83241
2013-08-01,2013,8,2,Mixed-prokaryote mid-year state,SST,27.49409
2013-09-01,2013,9,3,Prokaryote-dominated late-year state,SST,25.13302
2013-10-01,2013,10,3,Prokaryote-dominated late-year state,SST,22.07721
2013-11-01,2013,11,3,Prokaryote-dominated late-year state,SST,17.8986
2013-12-01,2013,12,3,Prokaryote-dominated late-year state,SST,13.98345
2014-01-01,2014,1,3,Prokaryote-dominated late-year state,SST,11.27123
2014-02-01,2014,2,3,Prokaryote-dominated late-year state,SST,10.13121
2014-03-01,2014,3,3,Prokaryote-dominated late-year state,SST,10.25016
2014-04-01,2014,4,1,Diatom-associated early-year state,SST,13.00473
2014-05-01,2014,5,1,Diatom-associated early-year state,SST,16.0446
2014-06-01,2014,6,2,Mixed-prokaryote mid-year state,SST,20.6141
2014-07-01,2014,7,2,Mixed-prokaryote mid-year state,SST,23.55093
2014-08-01,2014,8,2,Mixed-prokaryote mid-year state,SST,25.62738
2014-09-01,2014,9,2,Mixed-prokaryote mid-year state,SST,25.12296
2014-10-01,2014,10,3,Prokaryote-dominated late-year state,SST,21.40834
2014-11-01,2014,11,3,Prokaryote-dominated late-year state,SST,18.01021
2014-12-01,2014,12,3,Prokaryote-dominated late-year state,SST,13.88696
2015-01-01,2015,1,3,Prokaryote-dominated late-year state,SST,10.9473
2015-02-01,2015,2,3,Prokaryote-dominated late-year state,SST,9.598001
2015-03-01,2015,3,3,Prokaryote-dominated late-year state,SST,9.94882
2015-04-01,2015,4,1,Diatom-associated early-year state,SST,12.2354
2015-05-01,2015,5,2,Mixed-prokaryote mid-year state,SST,16.21392
2015-06-01,2015,6,2,Mixed-prokaryote mid-year state,SST,20.6311
2015-07-01,2015,7,2,Mixed-prokaryote mid-year state,SST,23.69492
2015-08-01,2015,8,2,Mixed-prokaryote mid-year state,SST,26.55558
2015-09-01,2015,9,3,Prokaryote-dominated late-year state,SST,24.86015
2015-10-01,2015,10,3,Prokaryote-dominated late-year state,SST,21.63404
2015-11-01,2015,11,3,Prokaryote-dominated late-year state,SST,18.49712
2015-12-01,2015,12,3,Prokaryote-dominated late-year state,SST,14.177
2016-01-01,2016,1,3,Prokaryote-dominated late-year state,SST,11.35939
2016-02-01,2016,2,3,Prokaryote-dominated late-year state,SST,9.065997
2016-03-01,2016,3,3,Prokaryote-dominated late-year state,SST,9.826246
2016-04-01,2016,4,3,Prokaryote-dominated late-year state,SST,12.14766
2016-05-01,2016,5,1,Diatom-associated early-year state,SST,16.10254
2016-06-01,2016,6,2,Mixed-prokaryote mid-year state,SST,20.85806
2016-07-01,2016,7,2,Mixed-prokaryote mid-year state,SST,24.94849
2016-08-01,2016,8,2,Mixed-prokaryote mid-year state,SST,27.7583
2016-09-01,2016,9,2,Mixed-prokaryote mid-year state,SST,24.96757
2016-10-01,2016,10,3,Prokaryote-dominated late-year state,SST,22.26512
2016-11-01,2016,11,2,Mixed-prokaryote mid-year state,SST,17.89845
2016-12-01,2016,12,1,Diatom-associated early-year state,SST,14.34439
2017-01-01,2017,1,1,Diatom-associated early-year state,SST,11.71392
2017-02-01,2017,2,1,Diatom-associated early-year state,SST,10.105
2017-03-01,2017,3,1,Diatom-associated early-year state,SST,10.28231
2017-04-01,2017,4,1,Diatom-associated early-year state,SST,12.78148
2017-05-01,2017,5,3,Prokaryote-dominated late-year state,SST,17.25041
2017-06-01,2017,6,2,Mixed-prokaryote mid-year state,SST,21.30556
2017-07-01,2017,7,2,Mixed-prokaryote mid-year state,SST,26.08025
2017-08-01,2017,8,2,Mixed-prokaryote mid-year state,SST,27.61112
2017-09-01,2017,9,3,Prokaryote-dominated late-year state,SST,25.03319
2017-10-01,2017,10,2,Mixed-prokaryote mid-year state,SST,21.92051
2017-11-01,2017,11,2,Mixed-prokaryote mid-year state,SST,17.68049
2017-12-01,2017,12,1,Diatom-associated early-year state,SST,13.80177
2018-01-01,2018,1,1,Diatom-associated early-year state,SST,10.81827
2018-02-01,2018,2,1,Diatom-associated early-year state,SST,8.39501
2018-03-01,2018,3,1,Diatom-associated early-year state,SST,9.541696
2018-04-01,2018,4,3,Prokaryote-dominated late-year state,SST,12.26381
2018-05-01,2018,5,3,Prokaryote-dominated late-year state,SST,16.34415
2018-06-01,2018,6,2,Mixed-prokaryote mid-year state,SST,20.87104
2018-07-01,2018,7,2,Mixed-prokaryote mid-year state,SST,24.95535
2018-08-01,2018,8,2,Mixed-prokaryote mid-year state,SST,27.43576
2018-09-01,2018,9,3,Prokaryote-dominated late-year state,SST,25.73086
2018-10-01,2018,10,3,Prokaryote-dominated late-year state,SST,21.54781
2018-11-01,2018,11,2,Mixed-prokaryote mid-year state,SST,18.05849
2018-12-01,2018,12,1,Diatom-associated early-year state,SST,14.78516
2019-01-01,2019,1,1,Diatom-associated early-year state,SST,11.33342
2019-02-01,2019,2,1,Diatom-associated early-year state,SST,10.04073
2019-03-01,2019,3,1,Diatom-associated early-year state,SST,10.47788
2019-04-01,2019,4,1,Diatom-associated early-year state,SST,12.70382
2019-05-01,2019,5,3,Prokaryote-dominated late-year state,SST,16.50236
2019-06-01,2019,6,2,Mixed-prokaryote mid-year state,SST,20.34853
2019-07-01,2019,7,2,Mixed-prokaryote mid-year state,SST,24.31108
2019-08-01,2019,8,3,Prokaryote-dominated late-year state,SST,26.92452
2019-09-01,2019,9,3,Prokaryote-dominated late-year state,SST,25.00072
2019-10-01,2019,10,3,Prokaryote-dominated late-year state,SST,22.19735
2019-11-01,2019,11,3,Prokaryote-dominated late-year state,SST,18.30969
2019-12-01,2019,12,1,Diatom-associated early-year state,SST,14.55685
2020-01-01,2020,1,1,Diatom-associated early-year state,SST,12.00291
2020-02-01,2020,2,1,Diatom-associated early-year state,SST,10.28555
2020-03-01,2020,3,1,Diatom-associated early-year state,SST,10.70586
2020-04-01,2020,4,3,Prokaryote-dominated late-year state,SST,12.73056
2020-05-01,2020,5,2,Mixed-prokaryote mid-year state,SST,16.43019
2020-06-01,2020,6,3,Prokaryote-dominated late-year state,SST,21.18923
2020-07-01,2020,7,2,Mixed-prokaryote mid-year state,SST,23.63997
2020-08-01,2020,8,2,Mixed-prokaryote mid-year state,SST,26.37829
2020-09-01,2020,9,3,Prokaryote-dominated late-year state,SST,25.02943
2020-10-01,2020,10,3,Prokaryote-dominated late-year state,SST,21.79563
2020-11-01,2020,11,2,Mixed-prokaryote mid-year state,SST,18.76778
2020-12-01,2020,12,1,Diatom-associated early-year state,SST,14.62928
2021-01-01,2021,1,1,Diatom-associated early-year state,SST,10.80729
2021-02-01,2021,2,1,Diatom-associated early-year state,SST,10.24799
2021-03-01,2021,3,1,Diatom-associated early-year state,SST,11.16464
2021-04-01,2021,4,3,Prokaryote-dominated late-year state,SST,13.15914
2021-05-01,2021,5,3,Prokaryote-dominated late-year state,SST,16.5973
2021-06-01,2021,6,2,Mixed-prokaryote mid-year state,SST,21.35476
2021-07-01,2021,7,2,Mixed-prokaryote mid-year state,SST,25.39187
2021-08-01,2021,8,3,Prokaryote-dominated late-year state,SST,26.98162
2021-09-01,2021,9,3,Prokaryote-dominated late-year state,SST,25.86352
2021-10-01,2021,10,3,Prokaryote-dominated late-year state,SST,23.13065
2021-11-01,2021,11,2,Mixed-prokaryote mid-year state,SST,18.88909
2021-12-01,2021,12,1,Diatom-associated early-year state,SST,15.32241
2022-01-01,2022,1,1,Diatom-associated early-year state,SST,12.14894
2022-02-01,2022,2,1,Diatom-associated early-year state,SST,10.3435
2022-03-01,2022,3,3,Prokaryote-dominated late-year state,SST,10.73785
2022-04-01,2022,4,3,Prokaryote-dominated late-year state,SST,13.25727
2022-05-01,2022,5,3,Prokaryote-dominated late-year state,SST,16.72705
2022-06-01,2022,6,2,Mixed-prokaryote mid-year state,SST,21.08089
2022-07-01,2022,7,2,Mixed-prokaryote mid-year state,SST,26.06562
2022-08-01,2022,8,3,Prokaryote-dominated late-year state,SST,27.4845
2022-09-01,2022,9,3,Prokaryote-dominated late-year state,SST,24.54202
2022-10-01,2022,10,3,Prokaryote-dominated late-year state,SST,21.46513
2022-11-01,2022,11,2,Mixed-prokaryote mid-year state,SST,18.68626
2022-12-01,2022,12,1,Diatom-associated early-year state,SST,14.90764
2003-01-01,2003,1,1,Diatom-associated early-year state,NO3,2.066182
2003-02-01,2003,2,1,Diatom-associated early-year state,NO3,1.872806
2003-03-01,2003,3,1,Diatom-associated early-year state,NO3,1.789827
2003-04-01,2003,4,1,Diatom-associated early-year state,NO3,2.553677
2003-05-01,2003,5,2,Mixed-prokaryote mid-year state,NO3,3.514215
2003-06-01,2003,6,2,Mixed-prokaryote mid-year state,NO3,4.782942
2003-07-01,2003,7,2,Mixed-prokaryote mid-year state,NO3,6.44504
2003-08-01,2003,8,3,Prokaryote-dominated late-year state,NO3,6.747303
2003-09-01,2003,9,3,Prokaryote-dominated late-year state,NO3,5.868157
2003-10-01,2003,10,3,Prokaryote-dominated late-year state,NO3,4.553604
2003-11-01,2003,11,3,Prokaryote-dominated late-year state,NO3,3.699384
2003-12-01,2003,12,3,Prokaryote-dominated late-year state,NO3,2.481625
2004-01-01,2004,1,1,Diatom-associated early-year state,NO3,2.073107
2004-02-01,2004,2,1,Diatom-associated early-year state,NO3,1.997658
2004-03-01,2004,3,1,Diatom-associated early-year state,NO3,1.945145
2004-04-01,2004,4,1,Diatom-associated early-year state,NO3,2.413163
2004-05-01,2004,5,1,Diatom-associated early-year state,NO3,3.841927
2004-06-01,2004,6,2,Mixed-prokaryote mid-year state,NO3,4.724819
2004-07-01,2004,7,2,Mixed-prokaryote mid-year state,NO3,6.028406
2004-08-01,2004,8,3,Prokaryote-dominated late-year state,NO3,6.00083
2004-09-01,2004,9,3,Prokaryote-dominated late-year state,NO3,4.70664
2004-10-01,2004,10,3,Prokaryote-dominated late-year state,NO3,3.753388
2004-11-01,2004,11,3,Prokaryote-dominated late-year state,NO3,3.491994
2004-12-01,2004,12,3,Prokaryote-dominated late-year state,NO3,2.70595
2005-01-01,2005,1,1,Diatom-associated early-year state,NO3,1.795859
2005-02-01,2005,2,1,Diatom-associated early-year state,NO3,1.451779
2005-03-01,2005,3,1,Diatom-associated early-year state,NO3,1.41001
2005-04-01,2005,4,1,Diatom-associated early-year state,NO3,2.284747
2005-05-01,2005,5,2,Mixed-prokaryote mid-year state,NO3,3.266682
2005-06-01,2005,6,2,Mixed-prokaryote mid-year state,NO3,4.886552
2005-07-01,2005,7,2,Mixed-prokaryote mid-year state,NO3,5.622714
2005-08-01,2005,8,3,Prokaryote-dominated late-year state,NO3,4.697174
2005-09-01,2005,9,3,Prokaryote-dominated late-year state,NO3,4.071968
2005-10-01,2005,10,3,Prokaryote-dominated late-year state,NO3,3.572884
2005-11-01,2005,11,3,Prokaryote-dominated late-year state,NO3,3.471994
2005-12-01,2005,12,1,Diatom-associated early-year state,NO3,2.295146
2006-01-01,2006,1,1,Diatom-associated early-year state,NO3,1.824656
2006-02-01,2006,2,1,Diatom-associated early-year state,NO3,1.470138
2006-03-01,2006,3,1,Diatom-associated early-year state,NO3,1.563969
2006-04-01,2006,4,1,Diatom-associated early-year state,NO3,2.05737
2006-05-01,2006,5,1,Diatom-associated early-year state,NO3,3.074099
2006-06-01,2006,6,2,Mixed-prokaryote mid-year state,NO3,4.761292
2006-07-01,2006,7,2,Mixed-prokaryote mid-year state,NO3,5.575527
2006-08-01,2006,8,2,Mixed-prokaryote mid-year state,NO3,5.629235
2006-09-01,2006,9,3,Prokaryote-dominated late-year state,NO3,4.426077
2006-10-01,2006,10,3,Prokaryote-dominated late-year state,NO3,4.298798
2006-11-01,2006,11,3,Prokaryote-dominated late-year state,NO3,3.525753
2006-12-01,2006,12,3,Prokaryote-dominated late-year state,NO3,2.623521
2007-01-01,2007,1,1,Diatom-associated early-year state,NO3,1.865525
2007-02-01,2007,2,1,Diatom-associated early-year state,NO3,1.774265
2007-03-01,2007,3,1,Diatom-associated early-year state,NO3,1.827618
2007-04-01,2007,4,1,Diatom-associated early-year state,NO3,2.309976
2007-05-01,2007,5,2,Mixed-prokaryote mid-year state,NO3,3.470253
2007-06-01,2007,6,2,Mixed-prokaryote mid-year state,NO3,4.642597
2007-07-01,2007,7,2,Mixed-prokaryote mid-year state,NO3,5.822251
2007-08-01,2007,8,2,Mixed-prokaryote mid-year state,NO3,6.719602
2007-09-01,2007,9,3,Prokaryote-dominated late-year state,NO3,5.285509
2007-10-01,2007,10,3,Prokaryote-dominated late-year state,NO3,4.417446
2007-11-01,2007,11,3,Prokaryote-dominated late-year state,NO3,3.552208
2007-12-01,2007,12,1,Diatom-associated early-year state,NO3,2.875592
2008-01-01,2008,1,3,Prokaryote-dominated late-year state,NO3,2.037807
2008-02-01,2008,2,1,Diatom-associated early-year state,NO3,1.455023
2008-03-01,2008,3,1,Diatom-associated early-year state,NO3,1.758864
2008-04-01,2008,4,1,Diatom-associated early-year state,NO3,2.405792
2008-05-01,2008,5,2,Mixed-prokaryote mid-year state,NO3,3.477464
2008-06-01,2008,6,2,Mixed-prokaryote mid-year state,NO3,4.632925
2008-07-01,2008,7,2,Mixed-prokaryote mid-year state,NO3,6.073542
2008-08-01,2008,8,3,Prokaryote-dominated late-year state,NO3,5.606761
2008-09-01,2008,9,3,Prokaryote-dominated late-year state,NO3,4.696881
2008-10-01,2008,10,3,Prokaryote-dominated late-year state,NO3,4.197331
2008-11-01,2008,11,3,Prokaryote-dominated late-year state,NO3,3.482705
2008-12-01,2008,12,1,Diatom-associated early-year state,NO3,2.650269
2009-01-01,2009,1,1,Diatom-associated early-year state,NO3,1.829847
2009-02-01,2009,2,1,Diatom-associated early-year state,NO3,1.742423
2009-03-01,2009,3,1,Diatom-associated early-year state,NO3,1.650761
2009-04-01,2009,4,1,Diatom-associated early-year state,NO3,2.230048
2009-05-01,2009,5,2,Mixed-prokaryote mid-year state,NO3,3.289662
2009-06-01,2009,6,2,Mixed-prokaryote mid-year state,NO3,4.863413
2009-07-01,2009,7,2,Mixed-prokaryote mid-year state,NO3,5.917418
2009-08-01,2009,8,2,Mixed-prokaryote mid-year state,NO3,5.723061
2009-09-01,2009,9,3,Prokaryote-dominated late-year state,NO3,5.010671
2009-10-01,2009,10,3,Prokaryote-dominated late-year state,NO3,4.689354
2009-11-01,2009,11,3,Prokaryote-dominated late-year state,NO3,3.589816
2009-12-01,2009,12,1,Diatom-associated early-year state,NO3,2.563715
2010-01-01,2010,1,1,Diatom-associated early-year state,NO3,1.900383
2010-02-01,2010,2,1,Diatom-associated early-year state,NO3,1.735985
2010-03-01,2010,3,1,Diatom-associated early-year state,NO3,1.591832
2010-04-01,2010,4,1,Diatom-associated early-year state,NO3,2.025447
2010-05-01,2010,5,1,Diatom-associated early-year state,NO3,3.191687
2010-06-01,2010,6,2,Mixed-prokaryote mid-year state,NO3,4.691751
2010-07-01,2010,7,2,Mixed-prokaryote mid-year state,NO3,6.518647
2010-08-01,2010,8,2,Mixed-prokaryote mid-year state,NO3,6.624375
2010-09-01,2010,9,3,Prokaryote-dominated late-year state,NO3,5.572701
2010-10-01,2010,10,3,Prokaryote-dominated late-year state,NO3,4.100891
2010-11-01,2010,11,3,Prokaryote-dominated late-year state,NO3,3.199481
2010-12-01,2010,12,3,Prokaryote-dominated late-year state,NO3,2.618837
2011-01-01,2011,1,1,Diatom-associated early-year state,NO3,1.643209
2011-02-01,2011,2,1,Diatom-associated early-year state,NO3,1.39087
2011-03-01,2011,3,1,Diatom-associated early-year state,NO3,1.417785
2011-04-01,2011,4,1,Diatom-associated early-year state,NO3,1.898793
2011-05-01,2011,5,2,Mixed-prokaryote mid-year state,NO3,2.8366730000000002
2011-06-01,2011,6,2,Mixed-prokaryote mid-year state,NO3,4.287622
2011-07-01,2011,7,2,Mixed-prokaryote mid-year state,NO3,5.717331
2011-08-01,2011,8,2,Mixed-prokaryote mid-year state,NO3,5.299949
2011-09-01,2011,9,3,Prokaryote-dominated late-year state,NO3,4.26396
2011-10-01,2011,10,3,Prokaryote-dominated late-year state,NO3,3.654976
2011-11-01,2011,11,3,Prokaryote-dominated late-year state,NO3,3.174246
2011-12-01,2011,12,1,Diatom-associated early-year state,NO3,2.103608
2012-01-01,2012,1,1,Diatom-associated early-year state,NO3,1.460958
2012-02-01,2012,2,3,Prokaryote-dominated late-year state,NO3,1.177713
2012-03-01,2012,3,3,Prokaryote-dominated late-year state,NO3,1.145063
2012-04-01,2012,4,1,Diatom-associated early-year state,NO3,1.971534
2012-05-01,2012,5,1,Diatom-associated early-year state,NO3,3.151459
2012-06-01,2012,6,2,Mixed-prokaryote mid-year state,NO3,4.321533
2012-07-01,2012,7,2,Mixed-prokaryote mid-year state,NO3,5.705082
2012-08-01,2012,8,2,Mixed-prokaryote mid-year state,NO3,4.986777
2012-09-01,2012,9,3,Prokaryote-dominated late-year state,NO3,4.376772
2012-10-01,2012,10,3,Prokaryote-dominated late-year state,NO3,3.771073
2012-11-01,2012,11,3,Prokaryote-dominated late-year state,NO3,3.200921
2012-12-01,2012,12,3,Prokaryote-dominated late-year state,NO3,2.468201
2013-01-01,2013,1,1,Diatom-associated early-year state,NO3,1.85929
2013-02-01,2013,2,3,Prokaryote-dominated late-year state,NO3,1.652196
2013-03-01,2013,3,3,Prokaryote-dominated late-year state,NO3,1.591981
2013-04-01,2013,4,1,Diatom-associated early-year state,NO3,1.999425
2013-05-01,2013,5,1,Diatom-associated early-year state,NO3,3.372037
2013-06-01,2013,6,2,Mixed-prokaryote mid-year state,NO3,4.428969
2013-07-01,2013,7,2,Mixed-prokaryote mid-year state,NO3,5.683077
2013-08-01,2013,8,2,Mixed-prokaryote mid-year state,NO3,5.691285
2013-09-01,2013,9,3,Prokaryote-dominated late-year state,NO3,4.242201
2013-10-01,2013,10,3,Prokaryote-dominated late-year state,NO3,3.504446
2013-11-01,2013,11,3,Prokaryote-dominated late-year state,NO3,3.135605
2013-12-01,2013,12,3,Prokaryote-dominated late-year state,NO3,2.505222
2014-01-01,2014,1,3,Prokaryote-dominated late-year state,NO3,1.889344
2014-02-01,2014,2,3,Prokaryote-dominated late-year state,NO3,1.489239
2014-03-01,2014,3,3,Prokaryote-dominated late-year state,NO3,1.505233
2014-04-01,2014,4,1,Diatom-associated early-year state,NO3,2.275622
2014-05-01,2014,5,1,Diatom-associated early-year state,NO3,3.260475
2014-06-01,2014,6,2,Mixed-prokaryote mid-year state,NO3,4.427966
2014-07-01,2014,7,2,Mixed-prokaryote mid-year state,NO3,5.575015
2014-08-01,2014,8,2,Mixed-prokaryote mid-year state,NO3,5.411727
2014-09-01,2014,9,2,Mixed-prokaryote mid-year state,NO3,5.536932
2014-10-01,2014,10,3,Prokaryote-dominated late-year state,NO3,4.39926
2014-11-01,2014,11,3,Prokaryote-dominated late-year state,NO3,3.847916
2014-12-01,2014,12,3,Prokaryote-dominated late-year state,NO3,2.733043
2015-01-01,2015,1,3,Prokaryote-dominated late-year state,NO3,2.160026
2015-02-01,2015,2,3,Prokaryote-dominated late-year state,NO3,1.893458
2015-03-01,2015,3,3,Prokaryote-dominated late-year state,NO3,2.130797
2015-04-01,2015,4,1,Diatom-associated early-year state,NO3,2.644213
2015-05-01,2015,5,2,Mixed-prokaryote mid-year state,NO3,3.913939
2015-06-01,2015,6,2,Mixed-prokaryote mid-year state,NO3,5.407985
2015-07-01,2015,7,2,Mixed-prokaryote mid-year state,NO3,5.876713
2015-08-01,2015,8,2,Mixed-prokaryote mid-year state,NO3,6.386711
2015-09-01,2015,9,3,Prokaryote-dominated late-year state,NO3,5.327636
2015-10-01,2015,10,3,Prokaryote-dominated late-year state,NO3,4.721392
2015-11-01,2015,11,3,Prokaryote-dominated late-year state,NO3,4.010452
2015-12-01,2015,12,3,Prokaryote-dominated late-year state,NO3,2.843007
2016-01-01,2016,1,3,Prokaryote-dominated late-year state,NO3,2.193938
2016-02-01,2016,2,3,Prokaryote-dominated late-year state,NO3,1.724865
2016-03-01,2016,3,3,Prokaryote-dominated late-year state,NO3,1.691761
2016-04-01,2016,4,3,Prokaryote-dominated late-year state,NO3,2.518899
2016-05-01,2016,5,1,Diatom-associated early-year state,NO3,3.421175
2016-06-01,2016,6,2,Mixed-prokaryote mid-year state,NO3,4.992825
2016-07-01,2016,7,2,Mixed-prokaryote mid-year state,NO3,6.399195
2016-08-01,2016,8,2,Mixed-prokaryote mid-year state,NO3,6.236147
2016-09-01,2016,9,2,Mixed-prokaryote mid-year state,NO3,4.994637
2016-10-01,2016,10,3,Prokaryote-dominated late-year state,NO3,4.157681
2016-11-01,2016,11,2,Mixed-prokaryote mid-year state,NO3,3.480409
2016-12-01,2016,12,1,Diatom-associated early-year state,NO3,2.711721
2017-01-01,2017,1,1,Diatom-associated early-year state,NO3,2.131945
2017-02-01,2017,2,1,Diatom-associated early-year state,NO3,1.709883
2017-03-01,2017,3,1,Diatom-associated early-year state,NO3,1.74363
2017-04-01,2017,4,1,Diatom-associated early-year state,NO3,2.599858
2017-05-01,2017,5,3,Prokaryote-dominated late-year state,NO3,3.955498
2017-06-01,2017,6,2,Mixed-prokaryote mid-year state,NO3,4.828549
2017-07-01,2017,7,2,Mixed-prokaryote mid-year state,NO3,6.695036
2017-08-01,2017,8,2,Mixed-prokaryote mid-year state,NO3,6.400773
2017-09-01,2017,9,3,Prokaryote-dominated late-year state,NO3,4.846695
2017-10-01,2017,10,2,Mixed-prokaryote mid-year state,NO3,3.772376
2017-11-01,2017,11,2,Mixed-prokaryote mid-year state,NO3,3.102618
2017-12-01,2017,12,1,Diatom-associated early-year state,NO3,2.458957
2018-01-01,2018,1,1,Diatom-associated early-year state,NO3,2.114393
2018-02-01,2018,2,1,Diatom-associated early-year state,NO3,1.676036
2018-03-01,2018,3,1,Diatom-associated early-year state,NO3,1.820406
2018-04-01,2018,4,3,Prokaryote-dominated late-year state,NO3,2.423023
2018-05-01,2018,5,3,Prokaryote-dominated late-year state,NO3,3.422746
2018-06-01,2018,6,2,Mixed-prokaryote mid-year state,NO3,4.692647
2018-07-01,2018,7,2,Mixed-prokaryote mid-year state,NO3,5.052289
2018-08-01,2018,8,2,Mixed-prokaryote mid-year state,NO3,4.458508
2018-09-01,2018,9,3,Prokaryote-dominated late-year state,NO3,4.230765
2018-10-01,2018,10,3,Prokaryote-dominated late-year state,NO3,3.206622
2018-11-01,2018,11,2,Mixed-prokaryote mid-year state,NO3,2.781609
2018-12-01,2018,12,1,Diatom-associated early-year state,NO3,2.139595
2019-01-01,2019,1,1,Diatom-associated early-year state,NO3,1.603832
2019-02-01,2019,2,1,Diatom-associated early-year state,NO3,1.447822
2019-03-01,2019,3,1,Diatom-associated early-year state,NO3,1.616115
2019-04-01,2019,4,1,Diatom-associated early-year state,NO3,1.928897
2019-05-01,2019,5,3,Prokaryote-dominated late-year state,NO3,2.55833
2019-06-01,2019,6,2,Mixed-prokaryote mid-year state,NO3,3.265489
2019-07-01,2019,7,2,Mixed-prokaryote mid-year state,NO3,4.231383
2019-08-01,2019,8,3,Prokaryote-dominated late-year state,NO3,4.414184
2019-09-01,2019,9,3,Prokaryote-dominated late-year state,NO3,3.807632
2019-10-01,2019,10,3,Prokaryote-dominated late-year state,NO3,3.397273
2019-11-01,2019,11,3,Prokaryote-dominated late-year state,NO3,3.070642
2019-12-01,2019,12,1,Diatom-associated early-year state,NO3,2.596895
2020-01-01,2020,1,1,Diatom-associated early-year state,NO3,2.313589
2020-02-01,2020,2,1,Diatom-associated early-year state,NO3,2.020594
2020-03-01,2020,3,1,Diatom-associated early-year state,NO3,2.013989
2020-04-01,2020,4,3,Prokaryote-dominated late-year state,NO3,2.281931
2020-05-01,2020,5,2,Mixed-prokaryote mid-year state,NO3,3.163127
2020-06-01,2020,6,3,Prokaryote-dominated late-year state,NO3,4.227831
2020-07-01,2020,7,2,Mixed-prokaryote mid-year state,NO3,4.755019
2020-08-01,2020,8,2,Mixed-prokaryote mid-year state,NO3,5.349509
2020-09-01,2020,9,3,Prokaryote-dominated late-year state,NO3,4.564327
2020-10-01,2020,10,3,Prokaryote-dominated late-year state,NO3,3.978261
2020-11-01,2020,11,2,Mixed-prokaryote mid-year state,NO3,3.590241
2020-12-01,2020,12,1,Diatom-associated early-year state,NO3,2.917962
2021-01-01,2021,1,1,Diatom-associated early-year state,NO3,2.440934
2021-02-01,2021,2,1,Diatom-associated early-year state,NO3,2.294553
2021-03-01,2021,3,1,Diatom-associated early-year state,NO3,2.216884
2021-04-01,2021,4,3,Prokaryote-dominated late-year state,NO3,2.576523
2021-05-01,2021,5,3,Prokaryote-dominated late-year state,NO3,3.536114
2021-06-01,2021,6,2,Mixed-prokaryote mid-year state,NO3,4.550197
2021-07-01,2021,7,2,Mixed-prokaryote mid-year state,NO3,5.013104
2021-08-01,2021,8,3,Prokaryote-dominated late-year state,NO3,4.67959
2021-09-01,2021,9,3,Prokaryote-dominated late-year state,NO3,4.764706
2021-10-01,2021,10,3,Prokaryote-dominated late-year state,NO3,4.191145
2021-11-01,2021,11,2,Mixed-prokaryote mid-year state,NO3,3.679976
2021-12-01,2021,12,1,Diatom-associated early-year state,NO3,3.126501
2022-01-01,2022,1,1,Diatom-associated early-year state,NO3,2.554552
2022-02-01,2022,2,1,Diatom-associated early-year state,NO3,2.094321
2022-03-01,2022,3,3,Prokaryote-dominated late-year state,NO3,2.143173
2022-04-01,2022,4,3,Prokaryote-dominated late-year state,NO3,2.407028
2022-05-01,2022,5,3,Prokaryote-dominated late-year state,NO3,3.150229
2022-06-01,2022,6,2,Mixed-prokaryote mid-year state,NO3,4.199473
2022-07-01,2022,7,2,Mixed-prokaryote mid-year state,NO3,5.035843
2022-08-01,2022,8,3,Prokaryote-dominated late-year state,NO3,5.283041
2022-09-01,2022,9,3,Prokaryote-dominated late-year state,NO3,4.102106
2022-10-01,2022,10,3,Prokaryote-dominated late-year state,NO3,3.569538
2022-11-01,2022,11,2,Mixed-prokaryote mid-year state,NO3,3.320945
2022-12-01,2022,12,1,Diatom-associated early-year state,NO3,2.857501
2003-01-01,2003,1,1,Diatom-associated early-year state,PO4,0.05948071
2003-02-01,2003,2,1,Diatom-associated early-year state,PO4,0.04826096
2003-03-01,2003,3,1,Diatom-associated early-year state,PO4,0.03192817
2003-04-01,2003,4,1,Diatom-associated early-year state,PO4,0.01375037
2003-05-01,2003,5,2,Mixed-prokaryote mid-year state,PO4,0.01084706
2003-06-01,2003,6,2,Mixed-prokaryote mid-year state,PO4,0.01973093
2003-07-01,2003,7,2,Mixed-prokaryote mid-year state,PO4,0.0197171
2003-08-01,2003,8,3,Prokaryote-dominated late-year state,PO4,0.01895659
2003-09-01,2003,9,3,Prokaryote-dominated late-year state,PO4,0.01896781
2003-10-01,2003,10,3,Prokaryote-dominated late-year state,PO4,0.01595329
2003-11-01,2003,11,3,Prokaryote-dominated late-year state,PO4,0.02276026
2003-12-01,2003,12,3,Prokaryote-dominated late-year state,PO4,0.03871807
2004-01-01,2004,1,1,Diatom-associated early-year state,PO4,0.05104483
2004-02-01,2004,2,1,Diatom-associated early-year state,PO4,0.04368897
2004-03-01,2004,3,1,Diatom-associated early-year state,PO4,0.02656696
2004-04-01,2004,4,1,Diatom-associated early-year state,PO4,0.01413774
2004-05-01,2004,5,1,Diatom-associated early-year state,PO4,0.01084378
2004-06-01,2004,6,2,Mixed-prokaryote mid-year state,PO4,0.01717499
2004-07-01,2004,7,2,Mixed-prokaryote mid-year state,PO4,0.01383416
2004-08-01,2004,8,3,Prokaryote-dominated late-year state,PO4,0.02014996
2004-09-01,2004,9,3,Prokaryote-dominated late-year state,PO4,0.01426346
2004-10-01,2004,10,3,Prokaryote-dominated late-year state,PO4,0.01845098
2004-11-01,2004,11,3,Prokaryote-dominated late-year state,PO4,0.02362705
2004-12-01,2004,12,3,Prokaryote-dominated late-year state,PO4,0.0378954
2005-01-01,2005,1,1,Diatom-associated early-year state,PO4,0.05949871
2005-02-01,2005,2,1,Diatom-associated early-year state,PO4,0.06191359
2005-03-01,2005,3,1,Diatom-associated early-year state,PO4,0.04224682
2005-04-01,2005,4,1,Diatom-associated early-year state,PO4,0.01654009
2005-05-01,2005,5,2,Mixed-prokaryote mid-year state,PO4,0.007891181
2005-06-01,2005,6,2,Mixed-prokaryote mid-year state,PO4,0.01192773
2005-07-01,2005,7,2,Mixed-prokaryote mid-year state,PO4,0.01803099
2005-08-01,2005,8,3,Prokaryote-dominated late-year state,PO4,0.01695296
2005-09-01,2005,9,3,Prokaryote-dominated late-year state,PO4,0.01441261
2005-10-01,2005,10,3,Prokaryote-dominated late-year state,PO4,0.01382904
2005-11-01,2005,11,3,Prokaryote-dominated late-year state,PO4,0.02193196
2005-12-01,2005,12,1,Diatom-associated early-year state,PO4,0.04205306
2006-01-01,2006,1,1,Diatom-associated early-year state,PO4,0.05710575
2006-02-01,2006,2,1,Diatom-associated early-year state,PO4,0.04870109
2006-03-01,2006,3,1,Diatom-associated early-year state,PO4,0.02608196
2006-04-01,2006,4,1,Diatom-associated early-year state,PO4,0.01179004
2006-05-01,2006,5,1,Diatom-associated early-year state,PO4,0.007898293
2006-06-01,2006,6,2,Mixed-prokaryote mid-year state,PO4,0.0117632
2006-07-01,2006,7,2,Mixed-prokaryote mid-year state,PO4,0.01805096
2006-08-01,2006,8,2,Mixed-prokaryote mid-year state,PO4,0.02118731
2006-09-01,2006,9,3,Prokaryote-dominated late-year state,PO4,0.01726973
2006-10-01,2006,10,3,Prokaryote-dominated late-year state,PO4,0.01385227
2006-11-01,2006,11,3,Prokaryote-dominated late-year state,PO4,0.02569495
2006-12-01,2006,12,3,Prokaryote-dominated late-year state,PO4,0.04135088
2007-01-01,2007,1,1,Diatom-associated early-year state,PO4,0.05535916
2007-02-01,2007,2,1,Diatom-associated early-year state,PO4,0.04452466
2007-03-01,2007,3,1,Diatom-associated early-year state,PO4,0.0335563
2007-04-01,2007,4,1,Diatom-associated early-year state,PO4,0.0186423
2007-05-01,2007,5,2,Mixed-prokaryote mid-year state,PO4,0.009857457
2007-06-01,2007,6,2,Mixed-prokaryote mid-year state,PO4,0.01534503
2007-07-01,2007,7,2,Mixed-prokaryote mid-year state,PO4,0.02469809
2007-08-01,2007,8,2,Mixed-prokaryote mid-year state,PO4,0.01599815
2007-09-01,2007,9,3,Prokaryote-dominated late-year state,PO4,0.01295209
2007-10-01,2007,10,3,Prokaryote-dominated late-year state,PO4,0.01404054
2007-11-01,2007,11,3,Prokaryote-dominated late-year state,PO4,0.02604395
2007-12-01,2007,12,1,Diatom-associated early-year state,PO4,0.03602836
2008-01-01,2008,1,3,Prokaryote-dominated late-year state,PO4,0.05615972
2008-02-01,2008,2,1,Diatom-associated early-year state,PO4,0.05570071
2008-03-01,2008,3,1,Diatom-associated early-year state,PO4,0.02884287
2008-04-01,2008,4,1,Diatom-associated early-year state,PO4,0.01312351
2008-05-01,2008,5,2,Mixed-prokaryote mid-year state,PO4,0.008078892
2008-06-01,2008,6,2,Mixed-prokaryote mid-year state,PO4,0.01344156
2008-07-01,2008,7,2,Mixed-prokaryote mid-year state,PO4,0.01460345
2008-08-01,2008,8,3,Prokaryote-dominated late-year state,PO4,0.02109727
2008-09-01,2008,9,3,Prokaryote-dominated late-year state,PO4,0.01763775
2008-10-01,2008,10,3,Prokaryote-dominated late-year state,PO4,0.01193336
2008-11-01,2008,11,3,Prokaryote-dominated late-year state,PO4,0.02302186
2008-12-01,2008,12,1,Diatom-associated early-year state,PO4,0.03515482
2009-01-01,2009,1,1,Diatom-associated early-year state,PO4,0.05358773
2009-02-01,2009,2,1,Diatom-associated early-year state,PO4,0.04397479
2009-03-01,2009,3,1,Diatom-associated early-year state,PO4,0.03261236
2009-04-01,2009,4,1,Diatom-associated early-year state,PO4,0.01952928
2009-05-01,2009,5,2,Mixed-prokaryote mid-year state,PO4,0.01284137
2009-06-01,2009,6,2,Mixed-prokaryote mid-year state,PO4,0.01234454
2009-07-01,2009,7,2,Mixed-prokaryote mid-year state,PO4,0.01671528
2009-08-01,2009,8,2,Mixed-prokaryote mid-year state,PO4,0.02314663
2009-09-01,2009,9,3,Prokaryote-dominated late-year state,PO4,0.01500423
2009-10-01,2009,10,3,Prokaryote-dominated late-year state,PO4,0.01473548
2009-11-01,2009,11,3,Prokaryote-dominated late-year state,PO4,0.03133217
2009-12-01,2009,12,1,Diatom-associated early-year state,PO4,0.04635568
2010-01-01,2010,1,1,Diatom-associated early-year state,PO4,0.06019795
2010-02-01,2010,2,1,Diatom-associated early-year state,PO4,0.05531385
2010-03-01,2010,3,1,Diatom-associated early-year state,PO4,0.03611907
2010-04-01,2010,4,1,Diatom-associated early-year state,PO4,0.01827536
2010-05-01,2010,5,1,Diatom-associated early-year state,PO4,0.01298422
2010-06-01,2010,6,2,Mixed-prokaryote mid-year state,PO4,0.02158329
2010-07-01,2010,7,2,Mixed-prokaryote mid-year state,PO4,0.02190173
2010-08-01,2010,8,2,Mixed-prokaryote mid-year state,PO4,0.01751439
2010-09-01,2010,9,3,Prokaryote-dominated late-year state,PO4,0.01905244
2010-10-01,2010,10,3,Prokaryote-dominated late-year state,PO4,0.01885317
2010-11-01,2010,11,3,Prokaryote-dominated late-year state,PO4,0.02770189
2010-12-01,2010,12,3,Prokaryote-dominated late-year state,PO4,0.04059074
2011-01-01,2011,1,1,Diatom-associated early-year state,PO4,0.06546502
2011-02-01,2011,2,1,Diatom-associated early-year state,PO4,0.05432264
2011-03-01,2011,3,1,Diatom-associated early-year state,PO4,0.03281865
2011-04-01,2011,4,1,Diatom-associated early-year state,PO4,0.01777379
2011-05-01,2011,5,2,Mixed-prokaryote mid-year state,PO4,0.01109871
2011-06-01,2011,6,2,Mixed-prokaryote mid-year state,PO4,0.01350287
2011-07-01,2011,7,2,Mixed-prokaryote mid-year state,PO4,0.01744472
2011-08-01,2011,8,2,Mixed-prokaryote mid-year state,PO4,0.01902178
2011-09-01,2011,9,3,Prokaryote-dominated late-year state,PO4,0.01498286
2011-10-01,2011,10,3,Prokaryote-dominated late-year state,PO4,0.01353873
2011-11-01,2011,11,3,Prokaryote-dominated late-year state,PO4,0.02317196
2011-12-01,2011,12,1,Diatom-associated early-year state,PO4,0.04424512
2012-01-01,2012,1,1,Diatom-associated early-year state,PO4,0.06478158
2012-02-01,2012,2,3,Prokaryote-dominated late-year state,PO4,0.06504237
2012-03-01,2012,3,3,Prokaryote-dominated late-year state,PO4,0.04297915
2012-04-01,2012,4,1,Diatom-associated early-year state,PO4,0.0178418
2012-05-01,2012,5,1,Diatom-associated early-year state,PO4,0.01109423
2012-06-01,2012,6,2,Mixed-prokaryote mid-year state,PO4,0.01701666
2012-07-01,2012,7,2,Mixed-prokaryote mid-year state,PO4,0.01974539
2012-08-01,2012,8,2,Mixed-prokaryote mid-year state,PO4,0.01610047
2012-09-01,2012,9,3,Prokaryote-dominated late-year state,PO4,0.0157522
2012-10-01,2012,10,3,Prokaryote-dominated late-year state,PO4,0.01433741
2012-11-01,2012,11,3,Prokaryote-dominated late-year state,PO4,0.02155026
2012-12-01,2012,12,3,Prokaryote-dominated late-year state,PO4,0.04391852
2013-01-01,2013,1,1,Diatom-associated early-year state,PO4,0.05759186
2013-02-01,2013,2,3,Prokaryote-dominated late-year state,PO4,0.0537794
2013-03-01,2013,3,3,Prokaryote-dominated late-year state,PO4,0.03114325
2013-04-01,2013,4,1,Diatom-associated early-year state,PO4,0.01778871
2013-05-01,2013,5,1,Diatom-associated early-year state,PO4,0.01200175
2013-06-01,2013,6,2,Mixed-prokaryote mid-year state,PO4,0.0181937
2013-07-01,2013,7,2,Mixed-prokaryote mid-year state,PO4,0.0149803
2013-08-01,2013,8,2,Mixed-prokaryote mid-year state,PO4,0.01616579
2013-09-01,2013,9,3,Prokaryote-dominated late-year state,PO4,0.01609499
2013-10-01,2013,10,3,Prokaryote-dominated late-year state,PO4,0.01783757
2013-11-01,2013,11,3,Prokaryote-dominated late-year state,PO4,0.02977752
2013-12-01,2013,12,3,Prokaryote-dominated late-year state,PO4,0.04622364
2014-01-01,2014,1,3,Prokaryote-dominated late-year state,PO4,0.05868909
2014-02-01,2014,2,3,Prokaryote-dominated late-year state,PO4,0.05794939
2014-03-01,2014,3,3,Prokaryote-dominated late-year state,PO4,0.03619288
2014-04-01,2014,4,1,Diatom-associated early-year state,PO4,0.01495199
2014-05-01,2014,5,1,Diatom-associated early-year state,PO4,0.01168032
2014-06-01,2014,6,2,Mixed-prokaryote mid-year state,PO4,0.02344926
2014-07-01,2014,7,2,Mixed-prokaryote mid-year state,PO4,0.01890092
2014-08-01,2014,8,2,Mixed-prokaryote mid-year state,PO4,0.02077968
2014-09-01,2014,9,2,Mixed-prokaryote mid-year state,PO4,0.01496245
2014-10-01,2014,10,3,Prokaryote-dominated late-year state,PO4,0.01405345
2014-11-01,2014,11,3,Prokaryote-dominated late-year state,PO4,0.02458723
2014-12-01,2014,12,3,Prokaryote-dominated late-year state,PO4,0.04303123
2015-01-01,2015,1,3,Prokaryote-dominated late-year state,PO4,0.05534801
2015-02-01,2015,2,3,Prokaryote-dominated late-year state,PO4,0.05033891
2015-03-01,2015,3,3,Prokaryote-dominated late-year state,PO4,0.03462297
2015-04-01,2015,4,1,Diatom-associated early-year state,PO4,0.01894304
2015-05-01,2015,5,2,Mixed-prokaryote mid-year state,PO4,0.01495124
2015-06-01,2015,6,2,Mixed-prokaryote mid-year state,PO4,0.01948541
2015-07-01,2015,7,2,Mixed-prokaryote mid-year state,PO4,0.02517136
2015-08-01,2015,8,2,Mixed-prokaryote mid-year state,PO4,0.02111799
2015-09-01,2015,9,3,Prokaryote-dominated late-year state,PO4,0.01941781
2015-10-01,2015,10,3,Prokaryote-dominated late-year state,PO4,0.01352879
2015-11-01,2015,11,3,Prokaryote-dominated late-year state,PO4,0.03388852
2015-12-01,2015,12,3,Prokaryote-dominated late-year state,PO4,0.05416248
2016-01-01,2016,1,3,Prokaryote-dominated late-year state,PO4,0.06771446
2016-02-01,2016,2,3,Prokaryote-dominated late-year state,PO4,0.06777366
2016-03-01,2016,3,3,Prokaryote-dominated late-year state,PO4,0.03755926
2016-04-01,2016,4,3,Prokaryote-dominated late-year state,PO4,0.01578898
2016-05-01,2016,5,1,Diatom-associated early-year state,PO4,0.01058607
2016-06-01,2016,6,2,Mixed-prokaryote mid-year state,PO4,0.01601506
2016-07-01,2016,7,2,Mixed-prokaryote mid-year state,PO4,0.0174332
2016-08-01,2016,8,2,Mixed-prokaryote mid-year state,PO4,0.02327478
2016-09-01,2016,9,2,Mixed-prokaryote mid-year state,PO4,0.01242297
2016-10-01,2016,10,3,Prokaryote-dominated late-year state,PO4,0.0135473
2016-11-01,2016,11,2,Mixed-prokaryote mid-year state,PO4,0.03325696
2016-12-01,2016,12,1,Diatom-associated early-year state,PO4,0.05180753
2017-01-01,2017,1,1,Diatom-associated early-year state,PO4,0.05946314
2017-02-01,2017,2,1,Diatom-associated early-year state,PO4,0.05756338
2017-03-01,2017,3,1,Diatom-associated early-year state,PO4,0.03756849
2017-04-01,2017,4,1,Diatom-associated early-year state,PO4,0.01745433
2017-05-01,2017,5,3,Prokaryote-dominated late-year state,PO4,0.01055112
2017-06-01,2017,6,2,Mixed-prokaryote mid-year state,PO4,0.01537598
2017-07-01,2017,7,2,Mixed-prokaryote mid-year state,PO4,0.01407706
2017-08-01,2017,8,2,Mixed-prokaryote mid-year state,PO4,0.01821093
2017-09-01,2017,9,3,Prokaryote-dominated late-year state,PO4,0.01436936
2017-10-01,2017,10,2,Mixed-prokaryote mid-year state,PO4,0.01635257
2017-11-01,2017,11,2,Mixed-prokaryote mid-year state,PO4,0.02832239
2017-12-01,2017,12,1,Diatom-associated early-year state,PO4,0.04343489
2018-01-01,2018,1,1,Diatom-associated early-year state,PO4,0.05381169
2018-02-01,2018,2,1,Diatom-associated early-year state,PO4,0.04477121
2018-03-01,2018,3,1,Diatom-associated early-year state,PO4,0.02266117
2018-04-01,2018,4,3,Prokaryote-dominated late-year state,PO4,0.01141377
2018-05-01,2018,5,3,Prokaryote-dominated late-year state,PO4,0.009617997
2018-06-01,2018,6,2,Mixed-prokaryote mid-year state,PO4,0.01586991
2018-07-01,2018,7,2,Mixed-prokaryote mid-year state,PO4,0.01540432
2018-08-01,2018,8,2,Mixed-prokaryote mid-year state,PO4,0.0156309
2018-09-01,2018,9,3,Prokaryote-dominated late-year state,PO4,0.01444529
2018-10-01,2018,10,3,Prokaryote-dominated late-year state,PO4,0.01641703
2018-11-01,2018,11,2,Mixed-prokaryote mid-year state,PO4,0.02131514
2018-12-01,2018,12,1,Diatom-associated early-year state,PO4,0.03777536
2019-01-01,2019,1,1,Diatom-associated early-year state,PO4,0.05799674
2019-02-01,2019,2,1,Diatom-associated early-year state,PO4,0.06111008
2019-03-01,2019,3,1,Diatom-associated early-year state,PO4,0.03943512
2019-04-01,2019,4,1,Diatom-associated early-year state,PO4,0.02177128
2019-05-01,2019,5,3,Prokaryote-dominated late-year state,PO4,0.01665784
2019-06-01,2019,6,2,Mixed-prokaryote mid-year state,PO4,0.01678913
2019-07-01,2019,7,2,Mixed-prokaryote mid-year state,PO4,0.0152322
2019-08-01,2019,8,3,Prokaryote-dominated late-year state,PO4,0.0136453
2019-09-01,2019,9,3,Prokaryote-dominated late-year state,PO4,0.01137811
2019-10-01,2019,10,3,Prokaryote-dominated late-year state,PO4,0.0178191
2019-11-01,2019,11,3,Prokaryote-dominated late-year state,PO4,0.02661196
2019-12-01,2019,12,1,Diatom-associated early-year state,PO4,0.04730387
2020-01-01,2020,1,1,Diatom-associated early-year state,PO4,0.05912294
2020-02-01,2020,2,1,Diatom-associated early-year state,PO4,0.04928588
2020-03-01,2020,3,1,Diatom-associated early-year state,PO4,0.03139725
2020-04-01,2020,4,3,Prokaryote-dominated late-year state,PO4,0.01686143
2020-05-01,2020,5,2,Mixed-prokaryote mid-year state,PO4,0.007933331
2020-06-01,2020,6,3,Prokaryote-dominated late-year state,PO4,0.007451985
2020-07-01,2020,7,2,Mixed-prokaryote mid-year state,PO4,0.01371064
2020-08-01,2020,8,2,Mixed-prokaryote mid-year state,PO4,0.01176344
2020-09-01,2020,9,3,Prokaryote-dominated late-year state,PO4,0.01505502
2020-10-01,2020,10,3,Prokaryote-dominated late-year state,PO4,0.01563369
2020-11-01,2020,11,2,Mixed-prokaryote mid-year state,PO4,0.02220288
2020-12-01,2020,12,1,Diatom-associated early-year state,PO4,0.04018504
2021-01-01,2021,1,1,Diatom-associated early-year state,PO4,0.05411195
2021-02-01,2021,2,1,Diatom-associated early-year state,PO4,0.03708983
2021-03-01,2021,3,1,Diatom-associated early-year state,PO4,0.02164487
2021-04-01,2021,4,3,Prokaryote-dominated late-year state,PO4,0.01114767
2021-05-01,2021,5,3,Prokaryote-dominated late-year state,PO4,0.007842562
2021-06-01,2021,6,2,Mixed-prokaryote mid-year state,PO4,0.01067023
2021-07-01,2021,7,2,Mixed-prokaryote mid-year state,PO4,0.01839172
2021-08-01,2021,8,3,Prokaryote-dominated late-year state,PO4,0.01764725
2021-09-01,2021,9,3,Prokaryote-dominated late-year state,PO4,0.01010444
2021-10-01,2021,10,3,Prokaryote-dominated late-year state,PO4,0.01011765
2021-11-01,2021,11,2,Mixed-prokaryote mid-year state,PO4,0.02431657
2021-12-01,2021,12,1,Diatom-associated early-year state,PO4,0.03900724
2022-01-01,2022,1,1,Diatom-associated early-year state,PO4,0.05500105
2022-02-01,2022,2,1,Diatom-associated early-year state,PO4,0.05495315
2022-03-01,2022,3,3,Prokaryote-dominated late-year state,PO4,0.02803214
2022-04-01,2022,4,3,Prokaryote-dominated late-year state,PO4,0.01542087
2022-05-01,2022,5,3,Prokaryote-dominated late-year state,PO4,0.01344969
2022-06-01,2022,6,2,Mixed-prokaryote mid-year state,PO4,0.01152559
2022-07-01,2022,7,2,Mixed-prokaryote mid-year state,PO4,0.01332403
2022-08-01,2022,8,3,Prokaryote-dominated late-year state,PO4,0.01145695
2022-09-01,2022,9,3,Prokaryote-dominated late-year state,PO4,0.01395138
2022-10-01,2022,10,3,Prokaryote-dominated late-year state,PO4,0.01643616
2022-11-01,2022,11,2,Mixed-prokaryote mid-year state,PO4,0.02305966
2022-12-01,2022,12,1,Diatom-associated early-year state,PO4,0.0480772
2003-01-01,2003,1,1,Diatom-associated early-year state,SPCo2,23.79095
2003-02-01,2003,2,1,Diatom-associated early-year state,SPCo2,23.73429
2003-03-01,2003,3,1,Diatom-associated early-year state,SPCo2,25.29116
2003-04-01,2003,4,1,Diatom-associated early-year state,SPCo2,29.56994
2003-05-01,2003,5,2,Mixed-prokaryote mid-year state,SPCo2,34.8829
2003-06-01,2003,6,2,Mixed-prokaryote mid-year state,SPCo2,39.29079
2003-07-01,2003,7,2,Mixed-prokaryote mid-year state,SPCo2,41.09243
2003-08-01,2003,8,3,Prokaryote-dominated late-year state,SPCo2,41.42951
2003-09-01,2003,9,3,Prokaryote-dominated late-year state,SPCo2,38.03652
2003-10-01,2003,10,3,Prokaryote-dominated late-year state,SPCo2,32.8923
2003-11-01,2003,11,3,Prokaryote-dominated late-year state,SPCo2,29.37968
2003-12-01,2003,12,3,Prokaryote-dominated late-year state,SPCo2,26.20514
2004-01-01,2004,1,1,Diatom-associated early-year state,SPCo2,24.43506
2004-02-01,2004,2,1,Diatom-associated early-year state,SPCo2,24.0791
2004-03-01,2004,3,1,Diatom-associated early-year state,SPCo2,25.9697
2004-04-01,2004,4,1,Diatom-associated early-year state,SPCo2,29.96865
2004-05-01,2004,5,1,Diatom-associated early-year state,SPCo2,34.93535
2004-06-01,2004,6,2,Mixed-prokaryote mid-year state,SPCo2,40.20191
2004-07-01,2004,7,2,Mixed-prokaryote mid-year state,SPCo2,42.20972
2004-08-01,2004,8,3,Prokaryote-dominated late-year state,SPCo2,42.2198
2004-09-01,2004,9,3,Prokaryote-dominated late-year state,SPCo2,37.38408
2004-10-01,2004,10,3,Prokaryote-dominated late-year state,SPCo2,32.82095
2004-11-01,2004,11,3,Prokaryote-dominated late-year state,SPCo2,29.38143
2004-12-01,2004,12,3,Prokaryote-dominated late-year state,SPCo2,26.61039
2005-01-01,2005,1,1,Diatom-associated early-year state,SPCo2,24.11662
2005-02-01,2005,2,1,Diatom-associated early-year state,SPCo2,23.73619
2005-03-01,2005,3,1,Diatom-associated early-year state,SPCo2,24.74672
2005-04-01,2005,4,1,Diatom-associated early-year state,SPCo2,29.38609
2005-05-01,2005,5,2,Mixed-prokaryote mid-year state,SPCo2,35.09027
2005-06-01,2005,6,2,Mixed-prokaryote mid-year state,SPCo2,40.80405
2005-07-01,2005,7,2,Mixed-prokaryote mid-year state,SPCo2,43.18962
2005-08-01,2005,8,3,Prokaryote-dominated late-year state,SPCo2,41.25824
2005-09-01,2005,9,3,Prokaryote-dominated late-year state,SPCo2,37.69049
2005-10-01,2005,10,3,Prokaryote-dominated late-year state,SPCo2,33.54042
2005-11-01,2005,11,3,Prokaryote-dominated late-year state,SPCo2,29.79199
2005-12-01,2005,12,1,Diatom-associated early-year state,SPCo2,25.61899
2006-01-01,2006,1,1,Diatom-associated early-year state,SPCo2,24.22316
2006-02-01,2006,2,1,Diatom-associated early-year state,SPCo2,24.33807
2006-03-01,2006,3,1,Diatom-associated early-year state,SPCo2,26.02783
2006-04-01,2006,4,1,Diatom-associated early-year state,SPCo2,29.7351
2006-05-01,2006,5,1,Diatom-associated early-year state,SPCo2,35.00154
2006-06-01,2006,6,2,Mixed-prokaryote mid-year state,SPCo2,40.0344
2006-07-01,2006,7,2,Mixed-prokaryote mid-year state,SPCo2,42.31735
2006-08-01,2006,8,2,Mixed-prokaryote mid-year state,SPCo2,43.13448
2006-09-01,2006,9,3,Prokaryote-dominated late-year state,SPCo2,38.38696
2006-10-01,2006,10,3,Prokaryote-dominated late-year state,SPCo2,34.90073
2006-11-01,2006,11,3,Prokaryote-dominated late-year state,SPCo2,30.54263
2006-12-01,2006,12,3,Prokaryote-dominated late-year state,SPCo2,26.7291
2007-01-01,2007,1,1,Diatom-associated early-year state,SPCo2,24.66743
2007-02-01,2007,2,1,Diatom-associated early-year state,SPCo2,24.44026
2007-03-01,2007,3,1,Diatom-associated early-year state,SPCo2,25.95523
2007-04-01,2007,4,1,Diatom-associated early-year state,SPCo2,29.08679
2007-05-01,2007,5,2,Mixed-prokaryote mid-year state,SPCo2,33.95785
2007-06-01,2007,6,2,Mixed-prokaryote mid-year state,SPCo2,39.61281
2007-07-01,2007,7,2,Mixed-prokaryote mid-year state,SPCo2,42.66946
2007-08-01,2007,8,2,Mixed-prokaryote mid-year state,SPCo2,42.34357
2007-09-01,2007,9,3,Prokaryote-dominated late-year state,SPCo2,38.14229
2007-10-01,2007,10,3,Prokaryote-dominated late-year state,SPCo2,33.59973
2007-11-01,2007,11,3,Prokaryote-dominated late-year state,SPCo2,29.31777
2007-12-01,2007,12,1,Diatom-associated early-year state,SPCo2,26.40459
2008-01-01,2008,1,3,Prokaryote-dominated late-year state,SPCo2,24.87666
2008-02-01,2008,2,1,Diatom-associated early-year state,SPCo2,23.96267
2008-03-01,2008,3,1,Diatom-associated early-year state,SPCo2,26.02903
2008-04-01,2008,4,1,Diatom-associated early-year state,SPCo2,30.24962
2008-05-01,2008,5,2,Mixed-prokaryote mid-year state,SPCo2,34.83271
2008-06-01,2008,6,2,Mixed-prokaryote mid-year state,SPCo2,39.13628
2008-07-01,2008,7,2,Mixed-prokaryote mid-year state,SPCo2,42.62746
2008-08-01,2008,8,3,Prokaryote-dominated late-year state,SPCo2,42.27939
2008-09-01,2008,9,3,Prokaryote-dominated late-year state,SPCo2,38.81409
2008-10-01,2008,10,3,Prokaryote-dominated late-year state,SPCo2,34.06417
2008-11-01,2008,11,3,Prokaryote-dominated late-year state,SPCo2,30.04029
2008-12-01,2008,12,1,Diatom-associated early-year state,SPCo2,26.41239
2009-01-01,2009,1,1,Diatom-associated early-year state,SPCo2,24.46998
2009-02-01,2009,2,1,Diatom-associated early-year state,SPCo2,24.91635
2009-03-01,2009,3,1,Diatom-associated early-year state,SPCo2,26.40809
2009-04-01,2009,4,1,Diatom-associated early-year state,SPCo2,29.9361
2009-05-01,2009,5,2,Mixed-prokaryote mid-year state,SPCo2,34.94796
2009-06-01,2009,6,2,Mixed-prokaryote mid-year state,SPCo2,40.04809
2009-07-01,2009,7,2,Mixed-prokaryote mid-year state,SPCo2,42.46432
2009-08-01,2009,8,2,Mixed-prokaryote mid-year state,SPCo2,42.26756
2009-09-01,2009,9,3,Prokaryote-dominated late-year state,SPCo2,38.29243
2009-10-01,2009,10,3,Prokaryote-dominated late-year state,SPCo2,33.93439
2009-11-01,2009,11,3,Prokaryote-dominated late-year state,SPCo2,29.67754
2009-12-01,2009,12,1,Diatom-associated early-year state,SPCo2,26.33494
2010-01-01,2010,1,1,Diatom-associated early-year state,SPCo2,24.30549
2010-02-01,2010,2,1,Diatom-associated early-year state,SPCo2,24.55688
2010-03-01,2010,3,1,Diatom-associated early-year state,SPCo2,26.09678
2010-04-01,2010,4,1,Diatom-associated early-year state,SPCo2,29.12605
2010-05-01,2010,5,1,Diatom-associated early-year state,SPCo2,34.46811
2010-06-01,2010,6,2,Mixed-prokaryote mid-year state,SPCo2,41.26215
2010-07-01,2010,7,2,Mixed-prokaryote mid-year state,SPCo2,44.90723
2010-08-01,2010,8,2,Mixed-prokaryote mid-year state,SPCo2,44.41868
2010-09-01,2010,9,3,Prokaryote-dominated late-year state,SPCo2,40.14954
2010-10-01,2010,10,3,Prokaryote-dominated late-year state,SPCo2,34.06274
2010-11-01,2010,11,3,Prokaryote-dominated late-year state,SPCo2,29.45495
2010-12-01,2010,12,3,Prokaryote-dominated late-year state,SPCo2,26.84156
2011-01-01,2011,1,1,Diatom-associated early-year state,SPCo2,24.63671
2011-02-01,2011,2,1,Diatom-associated early-year state,SPCo2,24.3816
2011-03-01,2011,3,1,Diatom-associated early-year state,SPCo2,26.13365
2011-04-01,2011,4,1,Diatom-associated early-year state,SPCo2,29.84111
2011-05-01,2011,5,2,Mixed-prokaryote mid-year state,SPCo2,35.35616
2011-06-01,2011,6,2,Mixed-prokaryote mid-year state,SPCo2,40.51891
2011-07-01,2011,7,2,Mixed-prokaryote mid-year state,SPCo2,43.18626
2011-08-01,2011,8,2,Mixed-prokaryote mid-year state,SPCo2,42.43574
2011-09-01,2011,9,3,Prokaryote-dominated late-year state,SPCo2,38.63392
2011-10-01,2011,10,3,Prokaryote-dominated late-year state,SPCo2,33.66519
2011-11-01,2011,11,3,Prokaryote-dominated late-year state,SPCo2,31.01872
2011-12-01,2011,12,1,Diatom-associated early-year state,SPCo2,27.46875
2012-01-01,2012,1,1,Diatom-associated early-year state,SPCo2,25.26833
2012-02-01,2012,2,3,Prokaryote-dominated late-year state,SPCo2,24.87035
2012-03-01,2012,3,3,Prokaryote-dominated late-year state,SPCo2,26.27322
2012-04-01,2012,4,1,Diatom-associated early-year state,SPCo2,30.72828
2012-05-01,2012,5,1,Diatom-associated early-year state,SPCo2,37.56075
2012-06-01,2012,6,2,Mixed-prokaryote mid-year state,SPCo2,41.66386
2012-07-01,2012,7,2,Mixed-prokaryote mid-year state,SPCo2,43.35188
2012-08-01,2012,8,2,Mixed-prokaryote mid-year state,SPCo2,42.36792
2012-09-01,2012,9,3,Prokaryote-dominated late-year state,SPCo2,38.05367
2012-10-01,2012,10,3,Prokaryote-dominated late-year state,SPCo2,33.54488
2012-11-01,2012,11,3,Prokaryote-dominated late-year state,SPCo2,29.50118
2012-12-01,2012,12,3,Prokaryote-dominated late-year state,SPCo2,26.40781
2013-01-01,2013,1,1,Diatom-associated early-year state,SPCo2,24.74442
2013-02-01,2013,2,3,Prokaryote-dominated late-year state,SPCo2,24.92982
2013-03-01,2013,3,3,Prokaryote-dominated late-year state,SPCo2,26.52185
2013-04-01,2013,4,1,Diatom-associated early-year state,SPCo2,29.50529
2013-05-01,2013,5,1,Diatom-associated early-year state,SPCo2,35.85254
2013-06-01,2013,6,2,Mixed-prokaryote mid-year state,SPCo2,41.53366
2013-07-01,2013,7,2,Mixed-prokaryote mid-year state,SPCo2,43.8593
2013-08-01,2013,8,2,Mixed-prokaryote mid-year state,SPCo2,44.36195
2013-09-01,2013,9,3,Prokaryote-dominated late-year state,SPCo2,38.75266
2013-10-01,2013,10,3,Prokaryote-dominated late-year state,SPCo2,34.33633
2013-11-01,2013,11,3,Prokaryote-dominated late-year state,SPCo2,30.18839
2013-12-01,2013,12,3,Prokaryote-dominated late-year state,SPCo2,26.77407
2014-01-01,2014,1,3,Prokaryote-dominated late-year state,SPCo2,25.19709
2014-02-01,2014,2,3,Prokaryote-dominated late-year state,SPCo2,25.3521
2014-03-01,2014,3,3,Prokaryote-dominated late-year state,SPCo2,26.96835
2014-04-01,2014,4,1,Diatom-associated early-year state,SPCo2,31.70635
2014-05-01,2014,5,1,Diatom-associated early-year state,SPCo2,36.22061
2014-06-01,2014,6,2,Mixed-prokaryote mid-year state,SPCo2,41.75652
2014-07-01,2014,7,2,Mixed-prokaryote mid-year state,SPCo2,43.77967
2014-08-01,2014,8,2,Mixed-prokaryote mid-year state,SPCo2,42.95845
2014-09-01,2014,9,2,Mixed-prokaryote mid-year state,SPCo2,39.77181
2014-10-01,2014,10,3,Prokaryote-dominated late-year state,SPCo2,34.74911
2014-11-01,2014,11,3,Prokaryote-dominated late-year state,SPCo2,30.96502
2014-12-01,2014,12,3,Prokaryote-dominated late-year state,SPCo2,27.38779
2015-01-01,2015,1,3,Prokaryote-dominated late-year state,SPCo2,25.7909
2015-02-01,2015,2,3,Prokaryote-dominated late-year state,SPCo2,25.53375
2015-03-01,2015,3,3,Prokaryote-dominated late-year state,SPCo2,27.03447
2015-04-01,2015,4,1,Diatom-associated early-year state,SPCo2,30.70882
2015-05-01,2015,5,2,Mixed-prokaryote mid-year state,SPCo2,36.30687
2015-06-01,2015,6,2,Mixed-prokaryote mid-year state,SPCo2,41.31195
2015-07-01,2015,7,2,Mixed-prokaryote mid-year state,SPCo2,42.59361
2015-08-01,2015,8,2,Mixed-prokaryote mid-year state,SPCo2,44.25109
2015-09-01,2015,9,3,Prokaryote-dominated late-year state,SPCo2,40.04376
2015-10-01,2015,10,3,Prokaryote-dominated late-year state,SPCo2,35.50474
2015-11-01,2015,11,3,Prokaryote-dominated late-year state,SPCo2,31.92819
2015-12-01,2015,12,3,Prokaryote-dominated late-year state,SPCo2,28.56054
2016-01-01,2016,1,3,Prokaryote-dominated late-year state,SPCo2,26.68014
2016-02-01,2016,2,3,Prokaryote-dominated late-year state,SPCo2,26.11281
2016-03-01,2016,3,3,Prokaryote-dominated late-year state,SPCo2,28.07639
2016-04-01,2016,4,3,Prokaryote-dominated late-year state,SPCo2,32.51889
2016-05-01,2016,5,1,Diatom-associated early-year state,SPCo2,37.12294
2016-06-01,2016,6,2,Mixed-prokaryote mid-year state,SPCo2,42.74236
2016-07-01,2016,7,2,Mixed-prokaryote mid-year state,SPCo2,44.97305
2016-08-01,2016,8,2,Mixed-prokaryote mid-year state,SPCo2,45.77676
2016-09-01,2016,9,2,Mixed-prokaryote mid-year state,SPCo2,40.06978
2016-10-01,2016,10,3,Prokaryote-dominated late-year state,SPCo2,35.55563
2016-11-01,2016,11,2,Mixed-prokaryote mid-year state,SPCo2,31.33846
2016-12-01,2016,12,1,Diatom-associated early-year state,SPCo2,28.60183
2017-01-01,2017,1,1,Diatom-associated early-year state,SPCo2,27.11736
2017-02-01,2017,2,1,Diatom-associated early-year state,SPCo2,26.62646
2017-03-01,2017,3,1,Diatom-associated early-year state,SPCo2,28.23891
2017-04-01,2017,4,1,Diatom-associated early-year state,SPCo2,32.55318
2017-05-01,2017,5,3,Prokaryote-dominated late-year state,SPCo2,38.17262
2017-06-01,2017,6,2,Mixed-prokaryote mid-year state,SPCo2,42.30684
2017-07-01,2017,7,2,Mixed-prokaryote mid-year state,SPCo2,46.61929
2017-08-01,2017,8,2,Mixed-prokaryote mid-year state,SPCo2,45.27369
2017-09-01,2017,9,3,Prokaryote-dominated late-year state,SPCo2,39.75002
2017-10-01,2017,10,2,Mixed-prokaryote mid-year state,SPCo2,34.89152
2017-11-01,2017,11,2,Mixed-prokaryote mid-year state,SPCo2,30.84933
2017-12-01,2017,12,1,Diatom-associated early-year state,SPCo2,27.57291
2018-01-01,2018,1,1,Diatom-associated early-year state,SPCo2,26.16253
2018-02-01,2018,2,1,Diatom-associated early-year state,SPCo2,25.58652
2018-03-01,2018,3,1,Diatom-associated early-year state,SPCo2,28.30669
2018-04-01,2018,4,3,Prokaryote-dominated late-year state,SPCo2,32.93754
2018-05-01,2018,5,3,Prokaryote-dominated late-year state,SPCo2,38.37534
2018-06-01,2018,6,2,Mixed-prokaryote mid-year state,SPCo2,43.23826
2018-07-01,2018,7,2,Mixed-prokaryote mid-year state,SPCo2,44.67965
2018-08-01,2018,8,2,Mixed-prokaryote mid-year state,SPCo2,44.56211
2018-09-01,2018,9,3,Prokaryote-dominated late-year state,SPCo2,39.82151
2018-10-01,2018,10,3,Prokaryote-dominated late-year state,SPCo2,34.30533
2018-11-01,2018,11,2,Mixed-prokaryote mid-year state,SPCo2,30.79195
2018-12-01,2018,12,1,Diatom-associated early-year state,SPCo2,28.21298
2019-01-01,2019,1,1,Diatom-associated early-year state,SPCo2,25.65638
2019-02-01,2019,2,1,Diatom-associated early-year state,SPCo2,25.33229
2019-03-01,2019,3,1,Diatom-associated early-year state,SPCo2,26.71026
2019-04-01,2019,4,1,Diatom-associated early-year state,SPCo2,30.19135
2019-05-01,2019,5,3,Prokaryote-dominated late-year state,SPCo2,35.05199
2019-06-01,2019,6,2,Mixed-prokaryote mid-year state,SPCo2,40.17868
2019-07-01,2019,7,2,Mixed-prokaryote mid-year state,SPCo2,43.853
2019-08-01,2019,8,3,Prokaryote-dominated late-year state,SPCo2,44.38897
2019-09-01,2019,9,3,Prokaryote-dominated late-year state,SPCo2,39.94406
2019-10-01,2019,10,3,Prokaryote-dominated late-year state,SPCo2,35.40394
2019-11-01,2019,11,3,Prokaryote-dominated late-year state,SPCo2,31.30397
2019-12-01,2019,12,1,Diatom-associated early-year state,SPCo2,28.03321
2020-01-01,2020,1,1,Diatom-associated early-year state,SPCo2,26.69917
2020-02-01,2020,2,1,Diatom-associated early-year state,SPCo2,26.46706
2020-03-01,2020,3,1,Diatom-associated early-year state,SPCo2,28.27134
2020-04-01,2020,4,3,Prokaryote-dominated late-year state,SPCo2,31.15261
2020-05-01,2020,5,2,Mixed-prokaryote mid-year state,SPCo2,36.92435
2020-06-01,2020,6,3,Prokaryote-dominated late-year state,SPCo2,42.94586
2020-07-01,2020,7,2,Mixed-prokaryote mid-year state,SPCo2,44.55256
2020-08-01,2020,8,2,Mixed-prokaryote mid-year state,SPCo2,45.36446
2020-09-01,2020,9,3,Prokaryote-dominated late-year state,SPCo2,41.29739
2020-10-01,2020,10,3,Prokaryote-dominated late-year state,SPCo2,35.9246
2020-11-01,2020,11,2,Mixed-prokaryote mid-year state,SPCo2,31.98554
2020-12-01,2020,12,1,Diatom-associated early-year state,SPCo2,28.44594
2021-01-01,2021,1,1,Diatom-associated early-year state,SPCo2,26.34422
2021-02-01,2021,2,1,Diatom-associated early-year state,SPCo2,26.8354
2021-03-01,2021,3,1,Diatom-associated early-year state,SPCo2,29.11419
2021-04-01,2021,4,3,Prokaryote-dominated late-year state,SPCo2,32.87018
2021-05-01,2021,5,3,Prokaryote-dominated late-year state,SPCo2,38.02328
2021-06-01,2021,6,2,Mixed-prokaryote mid-year state,SPCo2,43.4409
2021-07-01,2021,7,2,Mixed-prokaryote mid-year state,SPCo2,46.51037
2021-08-01,2021,8,3,Prokaryote-dominated late-year state,SPCo2,45.48413
2021-09-01,2021,9,3,Prokaryote-dominated late-year state,SPCo2,41.72075
2021-10-01,2021,10,3,Prokaryote-dominated late-year state,SPCo2,37.00387
2021-11-01,2021,11,2,Mixed-prokaryote mid-year state,SPCo2,31.72246
2021-12-01,2021,12,1,Diatom-associated early-year state,SPCo2,28.56598
2022-01-01,2022,1,1,Diatom-associated early-year state,SPCo2,26.65482
2022-02-01,2022,2,1,Diatom-associated early-year state,SPCo2,26.13487
2022-03-01,2022,3,3,Prokaryote-dominated late-year state,SPCo2,27.99734
2022-04-01,2022,4,3,Prokaryote-dominated late-year state,SPCo2,32.32346
2022-05-01,2022,5,3,Prokaryote-dominated late-year state,SPCo2,37.4152
2022-06-01,2022,6,2,Mixed-prokaryote mid-year state,SPCo2,42.47479
2022-07-01,2022,7,2,Mixed-prokaryote mid-year state,SPCo2,47.11713
2022-08-01,2022,8,3,Prokaryote-dominated late-year state,SPCo2,46.68492
2022-09-01,2022,9,3,Prokaryote-dominated late-year state,SPCo2,40.70458
2022-10-01,2022,10,3,Prokaryote-dominated late-year state,SPCo2,35.38271
2022-11-01,2022,11,2,Mixed-prokaryote mid-year state,SPCo2,32.0809
2022-12-01,2022,12,1,Diatom-associated early-year state,SPCo2,28.6872
2003-01-01,2003,1,1,Diatom-associated early-year state,MLD,43.70361
2003-02-01,2003,2,1,Diatom-associated early-year state,MLD,36.24125
2003-03-01,2003,3,1,Diatom-associated early-year state,MLD,26.85569
2003-04-01,2003,4,1,Diatom-associated early-year state,MLD,12.03047
2003-05-01,2003,5,2,Mixed-prokaryote mid-year state,MLD,10.88174
2003-06-01,2003,6,2,Mixed-prokaryote mid-year state,MLD,10.70942
2003-07-01,2003,7,2,Mixed-prokaryote mid-year state,MLD,10.28391
2003-08-01,2003,8,3,Prokaryote-dominated late-year state,MLD,10.77536
2003-09-01,2003,9,3,Prokaryote-dominated late-year state,MLD,13.07886
2003-10-01,2003,10,3,Prokaryote-dominated late-year state,MLD,22.12526
2003-11-01,2003,11,3,Prokaryote-dominated late-year state,MLD,25.82172
2003-12-01,2003,12,3,Prokaryote-dominated late-year state,MLD,37.02884
2004-01-01,2004,1,1,Diatom-associated early-year state,MLD,41.40466
2004-02-01,2004,2,1,Diatom-associated early-year state,MLD,32.8154
2004-03-01,2004,3,1,Diatom-associated early-year state,MLD,22.75871
2004-04-01,2004,4,1,Diatom-associated early-year state,MLD,13.00257
2004-05-01,2004,5,1,Diatom-associated early-year state,MLD,10.60486
2004-06-01,2004,6,2,Mixed-prokaryote mid-year state,MLD,10.81542
2004-07-01,2004,7,2,Mixed-prokaryote mid-year state,MLD,10.43177
2004-08-01,2004,8,3,Prokaryote-dominated late-year state,MLD,11.41334
2004-09-01,2004,9,3,Prokaryote-dominated late-year state,MLD,15.42297
2004-10-01,2004,10,3,Prokaryote-dominated late-year state,MLD,23.89636
2004-11-01,2004,11,3,Prokaryote-dominated late-year state,MLD,28.74349
2004-12-01,2004,12,3,Prokaryote-dominated late-year state,MLD,35.698
2005-01-01,2005,1,1,Diatom-associated early-year state,MLD,44.78685
2005-02-01,2005,2,1,Diatom-associated early-year state,MLD,41.38416
2005-03-01,2005,3,1,Diatom-associated early-year state,MLD,28.92896
2005-04-01,2005,4,1,Diatom-associated early-year state,MLD,12.126
2005-05-01,2005,5,2,Mixed-prokaryote mid-year state,MLD,11.24856
2005-06-01,2005,6,2,Mixed-prokaryote mid-year state,MLD,10.50786
2005-07-01,2005,7,2,Mixed-prokaryote mid-year state,MLD,10.65074
2005-08-01,2005,8,3,Prokaryote-dominated late-year state,MLD,11.25694
2005-09-01,2005,9,3,Prokaryote-dominated late-year state,MLD,14.34584
2005-10-01,2005,10,3,Prokaryote-dominated late-year state,MLD,21.9892
2005-11-01,2005,11,3,Prokaryote-dominated late-year state,MLD,27.85691
2005-12-01,2005,12,1,Diatom-associated early-year state,MLD,40.11207
2006-01-01,2006,1,1,Diatom-associated early-year state,MLD,39.22375
2006-02-01,2006,2,1,Diatom-associated early-year state,MLD,36.88166
2006-03-01,2006,3,1,Diatom-associated early-year state,MLD,22.58713
2006-04-01,2006,4,1,Diatom-associated early-year state,MLD,13.59295
2006-05-01,2006,5,1,Diatom-associated early-year state,MLD,11.19547
2006-06-01,2006,6,2,Mixed-prokaryote mid-year state,MLD,10.57313
2006-07-01,2006,7,2,Mixed-prokaryote mid-year state,MLD,10.65521
2006-08-01,2006,8,2,Mixed-prokaryote mid-year state,MLD,10.66718
2006-09-01,2006,9,3,Prokaryote-dominated late-year state,MLD,15.40674
2006-10-01,2006,10,3,Prokaryote-dominated late-year state,MLD,19.95092
2006-11-01,2006,11,3,Prokaryote-dominated late-year state,MLD,28.28891
2006-12-01,2006,12,3,Prokaryote-dominated late-year state,MLD,35.36552
2007-01-01,2007,1,1,Diatom-associated early-year state,MLD,41.01209
2007-02-01,2007,2,1,Diatom-associated early-year state,MLD,33.12623
2007-03-01,2007,3,1,Diatom-associated early-year state,MLD,23.61643
2007-04-01,2007,4,1,Diatom-associated early-year state,MLD,14.71737
2007-05-01,2007,5,2,Mixed-prokaryote mid-year state,MLD,10.82759
2007-06-01,2007,6,2,Mixed-prokaryote mid-year state,MLD,10.4016
2007-07-01,2007,7,2,Mixed-prokaryote mid-year state,MLD,10.33064
2007-08-01,2007,8,2,Mixed-prokaryote mid-year state,MLD,10.96235
2007-09-01,2007,9,3,Prokaryote-dominated late-year state,MLD,13.17772
2007-10-01,2007,10,3,Prokaryote-dominated late-year state,MLD,21.02272
2007-11-01,2007,11,3,Prokaryote-dominated late-year state,MLD,30.22313
2007-12-01,2007,12,1,Diatom-associated early-year state,MLD,36.1739
2008-01-01,2008,1,3,Prokaryote-dominated late-year state,MLD,40.77784
2008-02-01,2008,2,1,Diatom-associated early-year state,MLD,42.73908
2008-03-01,2008,3,1,Diatom-associated early-year state,MLD,20.72254
2008-04-01,2008,4,1,Diatom-associated early-year state,MLD,12.6103
2008-05-01,2008,5,2,Mixed-prokaryote mid-year state,MLD,11.24879
2008-06-01,2008,6,2,Mixed-prokaryote mid-year state,MLD,10.54115
2008-07-01,2008,7,2,Mixed-prokaryote mid-year state,MLD,10.45675
2008-08-01,2008,8,3,Prokaryote-dominated late-year state,MLD,11.2099
2008-09-01,2008,9,3,Prokaryote-dominated late-year state,MLD,13.49127
2008-10-01,2008,10,3,Prokaryote-dominated late-year state,MLD,19.87343
2008-11-01,2008,11,3,Prokaryote-dominated late-year state,MLD,26.67353
2008-12-01,2008,12,1,Diatom-associated early-year state,MLD,34.30258
2009-01-01,2009,1,1,Diatom-associated early-year state,MLD,40.70953
2009-02-01,2009,2,1,Diatom-associated early-year state,MLD,31.99934
2009-03-01,2009,3,1,Diatom-associated early-year state,MLD,25.45867
2009-04-01,2009,4,1,Diatom-associated early-year state,MLD,14.13868
2009-05-01,2009,5,2,Mixed-prokaryote mid-year state,MLD,11.15864
2009-06-01,2009,6,2,Mixed-prokaryote mid-year state,MLD,10.62812
2009-07-01,2009,7,2,Mixed-prokaryote mid-year state,MLD,10.43759
2009-08-01,2009,8,2,Mixed-prokaryote mid-year state,MLD,11.02272
2009-09-01,2009,9,3,Prokaryote-dominated late-year state,MLD,15.2265
2009-10-01,2009,10,3,Prokaryote-dominated late-year state,MLD,22.55996
2009-11-01,2009,11,3,Prokaryote-dominated late-year state,MLD,30.25666
2009-12-01,2009,12,1,Diatom-associated early-year state,MLD,38.53873
2010-01-01,2010,1,1,Diatom-associated early-year state,MLD,42.30539
2010-02-01,2010,2,1,Diatom-associated early-year state,MLD,34.16289
2010-03-01,2010,3,1,Diatom-associated early-year state,MLD,26.98267
2010-04-01,2010,4,1,Diatom-associated early-year state,MLD,15.6813
2010-05-01,2010,5,1,Diatom-associated early-year state,MLD,11.30014
2010-06-01,2010,6,2,Mixed-prokaryote mid-year state,MLD,10.71185
2010-07-01,2010,7,2,Mixed-prokaryote mid-year state,MLD,10.27925
2010-08-01,2010,8,2,Mixed-prokaryote mid-year state,MLD,10.50511
2010-09-01,2010,9,3,Prokaryote-dominated late-year state,MLD,13.27631
2010-10-01,2010,10,3,Prokaryote-dominated late-year state,MLD,21.30025
2010-11-01,2010,11,3,Prokaryote-dominated late-year state,MLD,29.05849
2010-12-01,2010,12,3,Prokaryote-dominated late-year state,MLD,36.55366
2011-01-01,2011,1,1,Diatom-associated early-year state,MLD,46.2741
2011-02-01,2011,2,1,Diatom-associated early-year state,MLD,36.00455
2011-03-01,2011,3,1,Diatom-associated early-year state,MLD,29.14421
2011-04-01,2011,4,1,Diatom-associated early-year state,MLD,13.49117
2011-05-01,2011,5,2,Mixed-prokaryote mid-year state,MLD,10.75449
2011-06-01,2011,6,2,Mixed-prokaryote mid-year state,MLD,10.29064
2011-07-01,2011,7,2,Mixed-prokaryote mid-year state,MLD,10.28893
2011-08-01,2011,8,2,Mixed-prokaryote mid-year state,MLD,11.05684
2011-09-01,2011,9,3,Prokaryote-dominated late-year state,MLD,15.3377
2011-10-01,2011,10,3,Prokaryote-dominated late-year state,MLD,21.80725
2011-11-01,2011,11,3,Prokaryote-dominated late-year state,MLD,24.13856
2011-12-01,2011,12,1,Diatom-associated early-year state,MLD,36.68302
2012-01-01,2012,1,1,Diatom-associated early-year state,MLD,43.47984
2012-02-01,2012,2,3,Prokaryote-dominated late-year state,MLD,40.293
2012-03-01,2012,3,3,Prokaryote-dominated late-year state,MLD,24.78451
2012-04-01,2012,4,1,Diatom-associated early-year state,MLD,13.54246
2012-05-01,2012,5,1,Diatom-associated early-year state,MLD,11.19129
2012-06-01,2012,6,2,Mixed-prokaryote mid-year state,MLD,10.74303
2012-07-01,2012,7,2,Mixed-prokaryote mid-year state,MLD,10.3183
2012-08-01,2012,8,2,Mixed-prokaryote mid-year state,MLD,11.27336
2012-09-01,2012,9,3,Prokaryote-dominated late-year state,MLD,15.05735
2012-10-01,2012,10,3,Prokaryote-dominated late-year state,MLD,22.92317
2012-11-01,2012,11,3,Prokaryote-dominated late-year state,MLD,30.03124
2012-12-01,2012,12,3,Prokaryote-dominated late-year state,MLD,35.75925
2013-01-01,2013,1,1,Diatom-associated early-year state,MLD,38.61397
2013-02-01,2013,2,3,Prokaryote-dominated late-year state,MLD,35.99725
2013-03-01,2013,3,3,Prokaryote-dominated late-year state,MLD,23.62805
2013-04-01,2013,4,1,Diatom-associated early-year state,MLD,15.6091
2013-05-01,2013,5,1,Diatom-associated early-year state,MLD,10.81819
2013-06-01,2013,6,2,Mixed-prokaryote mid-year state,MLD,10.33597
2013-07-01,2013,7,2,Mixed-prokaryote mid-year state,MLD,10.61327
2013-08-01,2013,8,2,Mixed-prokaryote mid-year state,MLD,10.78457
2013-09-01,2013,9,3,Prokaryote-dominated late-year state,MLD,14.85085
2013-10-01,2013,10,3,Prokaryote-dominated late-year state,MLD,23.37055
2013-11-01,2013,11,3,Prokaryote-dominated late-year state,MLD,30.7696
2013-12-01,2013,12,3,Prokaryote-dominated late-year state,MLD,36.92234
2014-01-01,2014,1,3,Prokaryote-dominated late-year state,MLD,40.72722
2014-02-01,2014,2,3,Prokaryote-dominated late-year state,MLD,35.96181
2014-03-01,2014,3,3,Prokaryote-dominated late-year state,MLD,24.13649
2014-04-01,2014,4,1,Diatom-associated early-year state,MLD,12.09413
2014-05-01,2014,5,1,Diatom-associated early-year state,MLD,10.9176
2014-06-01,2014,6,2,Mixed-prokaryote mid-year state,MLD,10.36191
2014-07-01,2014,7,2,Mixed-prokaryote mid-year state,MLD,10.28548
2014-08-01,2014,8,2,Mixed-prokaryote mid-year state,MLD,10.65967
2014-09-01,2014,9,2,Mixed-prokaryote mid-year state,MLD,13.20464
2014-10-01,2014,10,3,Prokaryote-dominated late-year state,MLD,22.19799
2014-11-01,2014,11,3,Prokaryote-dominated late-year state,MLD,27.93111
2014-12-01,2014,12,3,Prokaryote-dominated late-year state,MLD,37.38982
2015-01-01,2015,1,3,Prokaryote-dominated late-year state,MLD,40.57145
2015-02-01,2015,2,3,Prokaryote-dominated late-year state,MLD,37.6069
2015-03-01,2015,3,3,Prokaryote-dominated late-year state,MLD,22.68333
2015-04-01,2015,4,1,Diatom-associated early-year state,MLD,12.59683
2015-05-01,2015,5,2,Mixed-prokaryote mid-year state,MLD,10.623
2015-06-01,2015,6,2,Mixed-prokaryote mid-year state,MLD,10.33079
2015-07-01,2015,7,2,Mixed-prokaryote mid-year state,MLD,10.49055
2015-08-01,2015,8,2,Mixed-prokaryote mid-year state,MLD,11.0856
2015-09-01,2015,9,3,Prokaryote-dominated late-year state,MLD,14.79201
2015-10-01,2015,10,3,Prokaryote-dominated late-year state,MLD,21.79475
2015-11-01,2015,11,3,Prokaryote-dominated late-year state,MLD,25.3899
2015-12-01,2015,12,3,Prokaryote-dominated late-year state,MLD,33.29002
2016-01-01,2016,1,3,Prokaryote-dominated late-year state,MLD,38.2618
2016-02-01,2016,2,3,Prokaryote-dominated late-year state,MLD,36.26432
2016-03-01,2016,3,3,Prokaryote-dominated late-year state,MLD,19.95332
2016-04-01,2016,4,3,Prokaryote-dominated late-year state,MLD,11.07572
2016-05-01,2016,5,1,Diatom-associated early-year state,MLD,10.71238
2016-06-01,2016,6,2,Mixed-prokaryote mid-year state,MLD,10.32471
2016-07-01,2016,7,2,Mixed-prokaryote mid-year state,MLD,10.35994
2016-08-01,2016,8,2,Mixed-prokaryote mid-year state,MLD,11.12265
2016-09-01,2016,9,2,Mixed-prokaryote mid-year state,MLD,14.38781
2016-10-01,2016,10,3,Prokaryote-dominated late-year state,MLD,19.25989
2016-11-01,2016,11,2,Mixed-prokaryote mid-year state,MLD,27.80135
2016-12-01,2016,12,1,Diatom-associated early-year state,MLD,32.62468
2017-01-01,2017,1,1,Diatom-associated early-year state,MLD,36.72453
2017-02-01,2017,2,1,Diatom-associated early-year state,MLD,38.21252
2017-03-01,2017,3,1,Diatom-associated early-year state,MLD,23.43752
2017-04-01,2017,4,1,Diatom-associated early-year state,MLD,12.24226
2017-05-01,2017,5,3,Prokaryote-dominated late-year state,MLD,10.71483
2017-06-01,2017,6,2,Mixed-prokaryote mid-year state,MLD,10.58879
2017-07-01,2017,7,2,Mixed-prokaryote mid-year state,MLD,10.26612
2017-08-01,2017,8,2,Mixed-prokaryote mid-year state,MLD,10.99319
2017-09-01,2017,9,3,Prokaryote-dominated late-year state,MLD,14.63536
2017-10-01,2017,10,2,Mixed-prokaryote mid-year state,MLD,22.12568
2017-11-01,2017,11,2,Mixed-prokaryote mid-year state,MLD,30.83147
2017-12-01,2017,12,1,Diatom-associated early-year state,MLD,36.94318
2018-01-01,2018,1,1,Diatom-associated early-year state,MLD,40.91296
2018-02-01,2018,2,1,Diatom-associated early-year state,MLD,38.10453
2018-03-01,2018,3,1,Diatom-associated early-year state,MLD,18.27091
2018-04-01,2018,4,3,Prokaryote-dominated late-year state,MLD,12.17951
2018-05-01,2018,5,3,Prokaryote-dominated late-year state,MLD,10.80109
2018-06-01,2018,6,2,Mixed-prokaryote mid-year state,MLD,10.76938
2018-07-01,2018,7,2,Mixed-prokaryote mid-year state,MLD,10.5829
2018-08-01,2018,8,2,Mixed-prokaryote mid-year state,MLD,11.80913
2018-09-01,2018,9,3,Prokaryote-dominated late-year state,MLD,14.61408
2018-10-01,2018,10,3,Prokaryote-dominated late-year state,MLD,24.29105
2018-11-01,2018,11,2,Mixed-prokaryote mid-year state,MLD,27.91416
2018-12-01,2018,12,1,Diatom-associated early-year state,MLD,34.07256
2019-01-01,2019,1,1,Diatom-associated early-year state,MLD,41.40893
2019-02-01,2019,2,1,Diatom-associated early-year state,MLD,38.27085
2019-03-01,2019,3,1,Diatom-associated early-year state,MLD,23.39373
2019-04-01,2019,4,1,Diatom-associated early-year state,MLD,13.28528
2019-05-01,2019,5,3,Prokaryote-dominated late-year state,MLD,11.53117
2019-06-01,2019,6,2,Mixed-prokaryote mid-year state,MLD,10.71416
2019-07-01,2019,7,2,Mixed-prokaryote mid-year state,MLD,10.29777
2019-08-01,2019,8,3,Prokaryote-dominated late-year state,MLD,11.39305
2019-09-01,2019,9,3,Prokaryote-dominated late-year state,MLD,15.22297
2019-10-01,2019,10,3,Prokaryote-dominated late-year state,MLD,23.80107
2019-11-01,2019,11,3,Prokaryote-dominated late-year state,MLD,30.54651
2019-12-01,2019,12,1,Diatom-associated early-year state,MLD,35.6441
2020-01-01,2020,1,1,Diatom-associated early-year state,MLD,39.62627
2020-02-01,2020,2,1,Diatom-associated early-year state,MLD,34.08411
2020-03-01,2020,3,1,Diatom-associated early-year state,MLD,24.23719
2020-04-01,2020,4,3,Prokaryote-dominated late-year state,MLD,16.64023
2020-05-01,2020,5,2,Mixed-prokaryote mid-year state,MLD,10.79582
2020-06-01,2020,6,3,Prokaryote-dominated late-year state,MLD,10.39636
2020-07-01,2020,7,2,Mixed-prokaryote mid-year state,MLD,10.50308
2020-08-01,2020,8,2,Mixed-prokaryote mid-year state,MLD,11.04017
2020-09-01,2020,9,3,Prokaryote-dominated late-year state,MLD,16.0516
2020-10-01,2020,10,3,Prokaryote-dominated late-year state,MLD,24.8232
2020-11-01,2020,11,2,Mixed-prokaryote mid-year state,MLD,28.52605
2020-12-01,2020,12,1,Diatom-associated early-year state,MLD,36.09906
2021-01-01,2021,1,1,Diatom-associated early-year state,MLD,40.6021
2021-02-01,2021,2,1,Diatom-associated early-year state,MLD,32.32248
2021-03-01,2021,3,1,Diatom-associated early-year state,MLD,19.04887
2021-04-01,2021,4,3,Prokaryote-dominated late-year state,MLD,13.97375
2021-05-01,2021,5,3,Prokaryote-dominated late-year state,MLD,11.01019
2021-06-01,2021,6,2,Mixed-prokaryote mid-year state,MLD,10.45174
2021-07-01,2021,7,2,Mixed-prokaryote mid-year state,MLD,11.09692
2021-08-01,2021,8,3,Prokaryote-dominated late-year state,MLD,11.57255
2021-09-01,2021,9,3,Prokaryote-dominated late-year state,MLD,13.25896
2021-10-01,2021,10,3,Prokaryote-dominated late-year state,MLD,20.63019
2021-11-01,2021,11,2,Mixed-prokaryote mid-year state,MLD,26.67451
2021-12-01,2021,12,1,Diatom-associated early-year state,MLD,32.8611
2022-01-01,2022,1,1,Diatom-associated early-year state,MLD,39.81907
2022-02-01,2022,2,1,Diatom-associated early-year state,MLD,40.40937
2022-03-01,2022,3,3,Prokaryote-dominated late-year state,MLD,20.29333
2022-04-01,2022,4,3,Prokaryote-dominated late-year state,MLD,12.85954
2022-05-01,2022,5,3,Prokaryote-dominated late-year state,MLD,11.25072
2022-06-01,2022,6,2,Mixed-prokaryote mid-year state,MLD,10.33225
2022-07-01,2022,7,2,Mixed-prokaryote mid-year state,MLD,10.33486
2022-08-01,2022,8,3,Prokaryote-dominated late-year state,MLD,11.00023
2022-09-01,2022,9,3,Prokaryote-dominated late-year state,MLD,16.87301
2022-10-01,2022,10,3,Prokaryote-dominated late-year state,MLD,24.71697
2022-11-01,2022,11,2,Mixed-prokaryote mid-year state,MLD,27.33835
2022-12-01,2022,12,1,Diatom-associated early-year state,MLD,36.14372
2003-01-01,2003,1,1,Diatom-associated early-year state,SSS,32.569
2003-02-01,2003,2,1,Diatom-associated early-year state,SSS,32.64018
2003-03-01,2003,3,1,Diatom-associated early-year state,SSS,32.66323
2003-04-01,2003,4,1,Diatom-associated early-year state,SSS,32.55077
2003-05-01,2003,5,2,Mixed-prokaryote mid-year state,SSS,32.30488
2003-06-01,2003,6,2,Mixed-prokaryote mid-year state,SSS,31.93707
2003-07-01,2003,7,2,Mixed-prokaryote mid-year state,SSS,31.59149
2003-08-01,2003,8,3,Prokaryote-dominated late-year state,SSS,31.44741
2003-09-01,2003,9,3,Prokaryote-dominated late-year state,SSS,31.56733
2003-10-01,2003,10,3,Prokaryote-dominated late-year state,SSS,31.88859
2003-11-01,2003,11,3,Prokaryote-dominated late-year state,SSS,32.146
2003-12-01,2003,12,3,Prokaryote-dominated late-year state,SSS,32.3822
2004-01-01,2004,1,1,Diatom-associated early-year state,SSS,32.54317
2004-02-01,2004,2,1,Diatom-associated early-year state,SSS,32.65039
2004-03-01,2004,3,1,Diatom-associated early-year state,SSS,32.66227
2004-04-01,2004,4,1,Diatom-associated early-year state,SSS,32.58536
2004-05-01,2004,5,1,Diatom-associated early-year state,SSS,32.29169
2004-06-01,2004,6,2,Mixed-prokaryote mid-year state,SSS,31.92266
2004-07-01,2004,7,2,Mixed-prokaryote mid-year state,SSS,31.63861
2004-08-01,2004,8,3,Prokaryote-dominated late-year state,SSS,31.47626
2004-09-01,2004,9,3,Prokaryote-dominated late-year state,SSS,31.62282
2004-10-01,2004,10,3,Prokaryote-dominated late-year state,SSS,31.94041
2004-11-01,2004,11,3,Prokaryote-dominated late-year state,SSS,32.20064
2004-12-01,2004,12,3,Prokaryote-dominated late-year state,SSS,32.41623
2005-01-01,2005,1,1,Diatom-associated early-year state,SSS,32.56802
2005-02-01,2005,2,1,Diatom-associated early-year state,SSS,32.66693
2005-03-01,2005,3,1,Diatom-associated early-year state,SSS,32.67717
2005-04-01,2005,4,1,Diatom-associated early-year state,SSS,32.58884
2005-05-01,2005,5,2,Mixed-prokaryote mid-year state,SSS,32.33849
2005-06-01,2005,6,2,Mixed-prokaryote mid-year state,SSS,31.97551
2005-07-01,2005,7,2,Mixed-prokaryote mid-year state,SSS,31.66777
2005-08-01,2005,8,3,Prokaryote-dominated late-year state,SSS,31.50635
2005-09-01,2005,9,3,Prokaryote-dominated late-year state,SSS,31.60373
2005-10-01,2005,10,3,Prokaryote-dominated late-year state,SSS,31.90244
2005-11-01,2005,11,3,Prokaryote-dominated late-year state,SSS,32.18135
2005-12-01,2005,12,1,Diatom-associated early-year state,SSS,32.38639
2006-01-01,2006,1,1,Diatom-associated early-year state,SSS,32.56746
2006-02-01,2006,2,1,Diatom-associated early-year state,SSS,32.67122
2006-03-01,2006,3,1,Diatom-associated early-year state,SSS,32.67604
2006-04-01,2006,4,1,Diatom-associated early-year state,SSS,32.58027
2006-05-01,2006,5,1,Diatom-associated early-year state,SSS,32.31292
2006-06-01,2006,6,2,Mixed-prokaryote mid-year state,SSS,31.98178
2006-07-01,2006,7,2,Mixed-prokaryote mid-year state,SSS,31.62271
2006-08-01,2006,8,2,Mixed-prokaryote mid-year state,SSS,31.51476
2006-09-01,2006,9,3,Prokaryote-dominated late-year state,SSS,31.6093
2006-10-01,2006,10,3,Prokaryote-dominated late-year state,SSS,31.91567
2006-11-01,2006,11,3,Prokaryote-dominated late-year state,SSS,32.19823
2006-12-01,2006,12,3,Prokaryote-dominated late-year state,SSS,32.39705
2007-01-01,2007,1,1,Diatom-associated early-year state,SSS,32.58288
2007-02-01,2007,2,1,Diatom-associated early-year state,SSS,32.67064
2007-03-01,2007,3,1,Diatom-associated early-year state,SSS,32.67501
2007-04-01,2007,4,1,Diatom-associated early-year state,SSS,32.61337
2007-05-01,2007,5,2,Mixed-prokaryote mid-year state,SSS,32.31501
2007-06-01,2007,6,2,Mixed-prokaryote mid-year state,SSS,32.0024
2007-07-01,2007,7,2,Mixed-prokaryote mid-year state,SSS,31.68085
2007-08-01,2007,8,2,Mixed-prokaryote mid-year state,SSS,31.53442
2007-09-01,2007,9,3,Prokaryote-dominated late-year state,SSS,31.61355
2007-10-01,2007,10,3,Prokaryote-dominated late-year state,SSS,31.93431
2007-11-01,2007,11,3,Prokaryote-dominated late-year state,SSS,32.18146
2007-12-01,2007,12,1,Diatom-associated early-year state,SSS,32.38774
2008-01-01,2008,1,3,Prokaryote-dominated late-year state,SSS,32.57262
2008-02-01,2008,2,1,Diatom-associated early-year state,SSS,32.6525
2008-03-01,2008,3,1,Diatom-associated early-year state,SSS,32.68032
2008-04-01,2008,4,1,Diatom-associated early-year state,SSS,32.55141
2008-05-01,2008,5,2,Mixed-prokaryote mid-year state,SSS,32.32788
2008-06-01,2008,6,2,Mixed-prokaryote mid-year state,SSS,31.94921
2008-07-01,2008,7,2,Mixed-prokaryote mid-year state,SSS,31.6737
2008-08-01,2008,8,3,Prokaryote-dominated late-year state,SSS,31.49276
2008-09-01,2008,9,3,Prokaryote-dominated late-year state,SSS,31.59743
2008-10-01,2008,10,3,Prokaryote-dominated late-year state,SSS,31.91862
2008-11-01,2008,11,3,Prokaryote-dominated late-year state,SSS,32.15402
2008-12-01,2008,12,1,Diatom-associated early-year state,SSS,32.4073
2009-01-01,2009,1,1,Diatom-associated early-year state,SSS,32.5541
2009-02-01,2009,2,1,Diatom-associated early-year state,SSS,32.6598
2009-03-01,2009,3,1,Diatom-associated early-year state,SSS,32.67359
2009-04-01,2009,4,1,Diatom-associated early-year state,SSS,32.56193
2009-05-01,2009,5,2,Mixed-prokaryote mid-year state,SSS,32.31105
2009-06-01,2009,6,2,Mixed-prokaryote mid-year state,SSS,31.99682
2009-07-01,2009,7,2,Mixed-prokaryote mid-year state,SSS,31.58459
2009-08-01,2009,8,2,Mixed-prokaryote mid-year state,SSS,31.42508
2009-09-01,2009,9,3,Prokaryote-dominated late-year state,SSS,31.59405
2009-10-01,2009,10,3,Prokaryote-dominated late-year state,SSS,31.88766
2009-11-01,2009,11,3,Prokaryote-dominated late-year state,SSS,32.17666
2009-12-01,2009,12,1,Diatom-associated early-year state,SSS,32.40301
2010-01-01,2010,1,1,Diatom-associated early-year state,SSS,32.56844
2010-02-01,2010,2,1,Diatom-associated early-year state,SSS,32.66602
2010-03-01,2010,3,1,Diatom-associated early-year state,SSS,32.69419
2010-04-01,2010,4,1,Diatom-associated early-year state,SSS,32.64836
2010-05-01,2010,5,1,Diatom-associated early-year state,SSS,32.36586
2010-06-01,2010,6,2,Mixed-prokaryote mid-year state,SSS,31.95698
2010-07-01,2010,7,2,Mixed-prokaryote mid-year state,SSS,31.63332
2010-08-01,2010,8,2,Mixed-prokaryote mid-year state,SSS,31.5333
2010-09-01,2010,9,3,Prokaryote-dominated late-year state,SSS,31.68244
2010-10-01,2010,10,3,Prokaryote-dominated late-year state,SSS,31.88478
2010-11-01,2010,11,3,Prokaryote-dominated late-year state,SSS,32.18362
2010-12-01,2010,12,3,Prokaryote-dominated late-year state,SSS,32.41536
2011-01-01,2011,1,1,Diatom-associated early-year state,SSS,32.56516
2011-02-01,2011,2,1,Diatom-associated early-year state,SSS,32.66889
2011-03-01,2011,3,1,Diatom-associated early-year state,SSS,32.6614
2011-04-01,2011,4,1,Diatom-associated early-year state,SSS,32.60658
2011-05-01,2011,5,2,Mixed-prokaryote mid-year state,SSS,32.31359
2011-06-01,2011,6,2,Mixed-prokaryote mid-year state,SSS,31.91584
2011-07-01,2011,7,2,Mixed-prokaryote mid-year state,SSS,31.4318
2011-08-01,2011,8,2,Mixed-prokaryote mid-year state,SSS,31.47265
2011-09-01,2011,9,3,Prokaryote-dominated late-year state,SSS,31.70886
2011-10-01,2011,10,3,Prokaryote-dominated late-year state,SSS,32.03296
2011-11-01,2011,11,3,Prokaryote-dominated late-year state,SSS,32.18117
2011-12-01,2011,12,1,Diatom-associated early-year state,SSS,32.3735
2012-01-01,2012,1,1,Diatom-associated early-year state,SSS,32.56332
2012-02-01,2012,2,3,Prokaryote-dominated late-year state,SSS,32.6609
2012-03-01,2012,3,3,Prokaryote-dominated late-year state,SSS,32.67755
2012-04-01,2012,4,1,Diatom-associated early-year state,SSS,32.48924
2012-05-01,2012,5,1,Diatom-associated early-year state,SSS,32.31433
2012-06-01,2012,6,2,Mixed-prokaryote mid-year state,SSS,31.95987
2012-07-01,2012,7,2,Mixed-prokaryote mid-year state,SSS,31.49327
2012-08-01,2012,8,2,Mixed-prokaryote mid-year state,SSS,31.42534
2012-09-01,2012,9,3,Prokaryote-dominated late-year state,SSS,31.60948
2012-10-01,2012,10,3,Prokaryote-dominated late-year state,SSS,31.88247
2012-11-01,2012,11,3,Prokaryote-dominated late-year state,SSS,32.15796
2012-12-01,2012,12,3,Prokaryote-dominated late-year state,SSS,32.37355
2013-01-01,2013,1,1,Diatom-associated early-year state,SSS,32.54625
2013-02-01,2013,2,3,Prokaryote-dominated late-year state,SSS,32.51694
2013-03-01,2013,3,3,Prokaryote-dominated late-year state,SSS,32.6809
2013-04-01,2013,4,1,Diatom-associated early-year state,SSS,32.54106
2013-05-01,2013,5,1,Diatom-associated early-year state,SSS,32.27205
2013-06-01,2013,6,2,Mixed-prokaryote mid-year state,SSS,31.88635
2013-07-01,2013,7,2,Mixed-prokaryote mid-year state,SSS,31.53158
2013-08-01,2013,8,2,Mixed-prokaryote mid-year state,SSS,31.29611
2013-09-01,2013,9,3,Prokaryote-dominated late-year state,SSS,31.44139
2013-10-01,2013,10,3,Prokaryote-dominated late-year state,SSS,31.97758
2013-11-01,2013,11,3,Prokaryote-dominated late-year state,SSS,32.17886
2013-12-01,2013,12,3,Prokaryote-dominated late-year state,SSS,32.39284
2014-01-01,2014,1,3,Prokaryote-dominated late-year state,SSS,32.58432
2014-02-01,2014,2,3,Prokaryote-dominated late-year state,SSS,32.65193
2014-03-01,2014,3,3,Prokaryote-dominated late-year state,SSS,32.69115
2014-04-01,2014,4,1,Diatom-associated early-year state,SSS,32.48189
2014-05-01,2014,5,1,Diatom-associated early-year state,SSS,32.26253
2014-06-01,2014,6,2,Mixed-prokaryote mid-year state,SSS,31.8717
2014-07-01,2014,7,2,Mixed-prokaryote mid-year state,SSS,31.4401
2014-08-01,2014,8,2,Mixed-prokaryote mid-year state,SSS,31.44185
2014-09-01,2014,9,2,Mixed-prokaryote mid-year state,SSS,31.49209
2014-10-01,2014,10,3,Prokaryote-dominated late-year state,SSS,31.92996
2014-11-01,2014,11,3,Prokaryote-dominated late-year state,SSS,32.16928
2014-12-01,2014,12,3,Prokaryote-dominated late-year state,SSS,32.40302
2015-01-01,2015,1,3,Prokaryote-dominated late-year state,SSS,32.53914
2015-02-01,2015,2,3,Prokaryote-dominated late-year state,SSS,32.57518
2015-03-01,2015,3,3,Prokaryote-dominated late-year state,SSS,32.61991
2015-04-01,2015,4,1,Diatom-associated early-year state,SSS,32.30037
2015-05-01,2015,5,2,Mixed-prokaryote mid-year state,SSS,32.06801
2015-06-01,2015,6,2,Mixed-prokaryote mid-year state,SSS,31.62811
2015-07-01,2015,7,2,Mixed-prokaryote mid-year state,SSS,31.35855
2015-08-01,2015,8,2,Mixed-prokaryote mid-year state,SSS,31.30486
2015-09-01,2015,9,3,Prokaryote-dominated late-year state,SSS,31.41575
2015-10-01,2015,10,3,Prokaryote-dominated late-year state,SSS,31.84531
2015-11-01,2015,11,3,Prokaryote-dominated late-year state,SSS,32.15792
2015-12-01,2015,12,3,Prokaryote-dominated late-year state,SSS,32.43814
2016-01-01,2016,1,3,Prokaryote-dominated late-year state,SSS,32.60036
2016-02-01,2016,2,3,Prokaryote-dominated late-year state,SSS,32.62928
2016-03-01,2016,3,3,Prokaryote-dominated late-year state,SSS,32.59669
2016-04-01,2016,4,3,Prokaryote-dominated late-year state,SSS,32.39744
2016-05-01,2016,5,1,Diatom-associated early-year state,SSS,32.10969
2016-06-01,2016,6,2,Mixed-prokaryote mid-year state,SSS,31.48161
2016-07-01,2016,7,2,Mixed-prokaryote mid-year state,SSS,30.92978
2016-08-01,2016,8,2,Mixed-prokaryote mid-year state,SSS,31.06455
2016-09-01,2016,9,2,Mixed-prokaryote mid-year state,SSS,31.3941
2016-10-01,2016,10,3,Prokaryote-dominated late-year state,SSS,31.82677
2016-11-01,2016,11,2,Mixed-prokaryote mid-year state,SSS,32.15894
2016-12-01,2016,12,1,Diatom-associated early-year state,SSS,32.50808
2017-01-01,2017,1,1,Diatom-associated early-year state,SSS,32.78485
2017-02-01,2017,2,1,Diatom-associated early-year state,SSS,32.83481
2017-03-01,2017,3,1,Diatom-associated early-year state,SSS,32.71563
2017-04-01,2017,4,1,Diatom-associated early-year state,SSS,32.48752
2017-05-01,2017,5,3,Prokaryote-dominated late-year state,SSS,32.07663
2017-06-01,2017,6,2,Mixed-prokaryote mid-year state,SSS,31.79012
2017-07-01,2017,7,2,Mixed-prokaryote mid-year state,SSS,31.09062
2017-08-01,2017,8,2,Mixed-prokaryote mid-year state,SSS,31.2753
2017-09-01,2017,9,3,Prokaryote-dominated late-year state,SSS,31.36241
2017-10-01,2017,10,2,Mixed-prokaryote mid-year state,SSS,31.73528
2017-11-01,2017,11,2,Mixed-prokaryote mid-year state,SSS,32.0859
2017-12-01,2017,12,1,Diatom-associated early-year state,SSS,32.44881
2018-01-01,2018,1,1,Diatom-associated early-year state,SSS,32.71786
2018-02-01,2018,2,1,Diatom-associated early-year state,SSS,32.64477
2018-03-01,2018,3,1,Diatom-associated early-year state,SSS,32.53083
2018-04-01,2018,4,3,Prokaryote-dominated late-year state,SSS,32.49966
2018-05-01,2018,5,3,Prokaryote-dominated late-year state,SSS,32.02203
2018-06-01,2018,6,2,Mixed-prokaryote mid-year state,SSS,31.81951
2018-07-01,2018,7,2,Mixed-prokaryote mid-year state,SSS,31.47992
2018-08-01,2018,8,2,Mixed-prokaryote mid-year state,SSS,31.42914
2018-09-01,2018,9,3,Prokaryote-dominated late-year state,SSS,31.4808
2018-10-01,2018,10,3,Prokaryote-dominated late-year state,SSS,31.95915
2018-11-01,2018,11,2,Mixed-prokaryote mid-year state,SSS,32.19113
2018-12-01,2018,12,1,Diatom-associated early-year state,SSS,32.43575
2019-01-01,2019,1,1,Diatom-associated early-year state,SSS,32.55126
2019-02-01,2019,2,1,Diatom-associated early-year state,SSS,32.63404
2019-03-01,2019,3,1,Diatom-associated early-year state,SSS,32.66556
2019-04-01,2019,4,1,Diatom-associated early-year state,SSS,32.42841
2019-05-01,2019,5,3,Prokaryote-dominated late-year state,SSS,32.11206
2019-06-01,2019,6,2,Mixed-prokaryote mid-year state,SSS,31.79374
2019-07-01,2019,7,2,Mixed-prokaryote mid-year state,SSS,31.47675
2019-08-01,2019,8,3,Prokaryote-dominated late-year state,SSS,31.23234
2019-09-01,2019,9,3,Prokaryote-dominated late-year state,SSS,31.44908
2019-10-01,2019,10,3,Prokaryote-dominated late-year state,SSS,31.74935
2019-11-01,2019,11,3,Prokaryote-dominated late-year state,SSS,32.12033
2019-12-01,2019,12,1,Diatom-associated early-year state,SSS,32.49611
2020-01-01,2020,1,1,Diatom-associated early-year state,SSS,32.68783
2020-02-01,2020,2,1,Diatom-associated early-year state,SSS,32.83029
2020-03-01,2020,3,1,Diatom-associated early-year state,SSS,32.73606
2020-04-01,2020,4,3,Prokaryote-dominated late-year state,SSS,32.61213
2020-05-01,2020,5,2,Mixed-prokaryote mid-year state,SSS,32.24253
2020-06-01,2020,6,3,Prokaryote-dominated late-year state,SSS,31.87049
2020-07-01,2020,7,2,Mixed-prokaryote mid-year state,SSS,31.38676
2020-08-01,2020,8,2,Mixed-prokaryote mid-year state,SSS,31.30482
2020-09-01,2020,9,3,Prokaryote-dominated late-year state,SSS,31.49327
2020-10-01,2020,10,3,Prokaryote-dominated late-year state,SSS,31.94177
2020-11-01,2020,11,2,Mixed-prokaryote mid-year state,SSS,32.07577
2020-12-01,2020,12,1,Diatom-associated early-year state,SSS,32.45898
2021-01-01,2021,1,1,Diatom-associated early-year state,SSS,32.62071
2021-02-01,2021,2,1,Diatom-associated early-year state,SSS,32.63594
2021-03-01,2021,3,1,Diatom-associated early-year state,SSS,32.64798
2021-04-01,2021,4,3,Prokaryote-dominated late-year state,SSS,32.47428
2021-05-01,2021,5,3,Prokaryote-dominated late-year state,SSS,32.11223
2021-06-01,2021,6,2,Mixed-prokaryote mid-year state,SSS,31.64684
2021-07-01,2021,7,2,Mixed-prokaryote mid-year state,SSS,31.37255
2021-08-01,2021,8,3,Prokaryote-dominated late-year state,SSS,31.01357
2021-09-01,2021,9,3,Prokaryote-dominated late-year state,SSS,31.16697
2021-10-01,2021,10,3,Prokaryote-dominated late-year state,SSS,31.77347
2021-11-01,2021,11,2,Mixed-prokaryote mid-year state,SSS,31.97965
2021-12-01,2021,12,1,Diatom-associated early-year state,SSS,32.3418
2022-01-01,2022,1,1,Diatom-associated early-year state,SSS,32.42841
2022-02-01,2022,2,1,Diatom-associated early-year state,SSS,32.59806
2022-03-01,2022,3,3,Prokaryote-dominated late-year state,SSS,32.53326
2022-04-01,2022,4,3,Prokaryote-dominated late-year state,SSS,32.24624
2022-05-01,2022,5,3,Prokaryote-dominated late-year state,SSS,31.5627
2022-06-01,2022,6,2,Mixed-prokaryote mid-year state,SSS,31.21168
2022-07-01,2022,7,2,Mixed-prokaryote mid-year state,SSS,30.77983
2022-08-01,2022,8,3,Prokaryote-dominated late-year state,SSS,31.15098
2022-09-01,2022,9,3,Prokaryote-dominated late-year state,SSS,31.43904
2022-10-01,2022,10,3,Prokaryote-dominated late-year state,SSS,31.59851
2022-11-01,2022,11,2,Mixed-prokaryote mid-year state,SSS,31.83529
2022-12-01,2022,12,1,Diatom-associated early-year state,SSS,32.20572
2003-01-01,2003,1,1,Diatom-associated early-year state,SSH,0.1942705
2003-02-01,2003,2,1,Diatom-associated early-year state,SSH,0.234562
2003-03-01,2003,3,1,Diatom-associated early-year state,SSH,0.1915937
2003-04-01,2003,4,1,Diatom-associated early-year state,SSH,0.1350424
2003-05-01,2003,5,2,Mixed-prokaryote mid-year state,SSH,0.2281191
2003-06-01,2003,6,2,Mixed-prokaryote mid-year state,SSH,0.2159175
2003-07-01,2003,7,2,Mixed-prokaryote mid-year state,SSH,0.2527651
2003-08-01,2003,8,3,Prokaryote-dominated late-year state,SSH,0.3014184
2003-09-01,2003,9,3,Prokaryote-dominated late-year state,SSH,0.3381976
2003-10-01,2003,10,3,Prokaryote-dominated late-year state,SSH,0.3535486
2003-11-01,2003,11,3,Prokaryote-dominated late-year state,SSH,0.3094546
2003-12-01,2003,12,3,Prokaryote-dominated late-year state,SSH,0.1997933
2004-01-01,2004,1,1,Diatom-associated early-year state,SSH,0.2006977
2004-02-01,2004,2,1,Diatom-associated early-year state,SSH,0.1383744
2004-03-01,2004,3,1,Diatom-associated early-year state,SSH,0.1673723
2004-04-01,2004,4,1,Diatom-associated early-year state,SSH,0.1543983
2004-05-01,2004,5,1,Diatom-associated early-year state,SSH,0.2026526
2004-06-01,2004,6,2,Mixed-prokaryote mid-year state,SSH,0.2117204
2004-07-01,2004,7,2,Mixed-prokaryote mid-year state,SSH,0.3046883
2004-08-01,2004,8,3,Prokaryote-dominated late-year state,SSH,0.3600362
2004-09-01,2004,9,3,Prokaryote-dominated late-year state,SSH,0.345729
2004-10-01,2004,10,3,Prokaryote-dominated late-year state,SSH,0.3262095
2004-11-01,2004,11,3,Prokaryote-dominated late-year state,SSH,0.2840581
2004-12-01,2004,12,3,Prokaryote-dominated late-year state,SSH,0.2969101
2005-01-01,2005,1,1,Diatom-associated early-year state,SSH,0.2318924
2005-02-01,2005,2,1,Diatom-associated early-year state,SSH,0.2228227
2005-03-01,2005,3,1,Diatom-associated early-year state,SSH,0.1302211
2005-04-01,2005,4,1,Diatom-associated early-year state,SSH,0.1494421
2005-05-01,2005,5,2,Mixed-prokaryote mid-year state,SSH,0.1730454
2005-06-01,2005,6,2,Mixed-prokaryote mid-year state,SSH,0.1820762
2005-07-01,2005,7,2,Mixed-prokaryote mid-year state,SSH,0.2218496
2005-08-01,2005,8,3,Prokaryote-dominated late-year state,SSH,0.3075328
2005-09-01,2005,9,3,Prokaryote-dominated late-year state,SSH,0.3370972
2005-10-01,2005,10,3,Prokaryote-dominated late-year state,SSH,0.2754064
2005-11-01,2005,11,3,Prokaryote-dominated late-year state,SSH,0.305071
2005-12-01,2005,12,1,Diatom-associated early-year state,SSH,0.2334034
2006-01-01,2006,1,1,Diatom-associated early-year state,SSH,0.2773191
2006-02-01,2006,2,1,Diatom-associated early-year state,SSH,0.1571238
2006-03-01,2006,3,1,Diatom-associated early-year state,SSH,0.1175928
2006-04-01,2006,4,1,Diatom-associated early-year state,SSH,0.164509
2006-05-01,2006,5,1,Diatom-associated early-year state,SSH,0.1871949
2006-06-01,2006,6,2,Mixed-prokaryote mid-year state,SSH,0.1970306
2006-07-01,2006,7,2,Mixed-prokaryote mid-year state,SSH,0.2448569
2006-08-01,2006,8,2,Mixed-prokaryote mid-year state,SSH,0.3451092
2006-09-01,2006,9,3,Prokaryote-dominated late-year state,SSH,0.3204224
2006-10-01,2006,10,3,Prokaryote-dominated late-year state,SSH,0.3278981
2006-11-01,2006,11,3,Prokaryote-dominated late-year state,SSH,0.2564802
2006-12-01,2006,12,3,Prokaryote-dominated late-year state,SSH,0.2438219
2007-01-01,2007,1,1,Diatom-associated early-year state,SSH,0.2147105
2007-02-01,2007,2,1,Diatom-associated early-year state,SSH,0.146254
2007-03-01,2007,3,1,Diatom-associated early-year state,SSH,0.2065463
2007-04-01,2007,4,1,Diatom-associated early-year state,SSH,0.165553
2007-05-01,2007,5,2,Mixed-prokaryote mid-year state,SSH,0.1768028
2007-06-01,2007,6,2,Mixed-prokaryote mid-year state,SSH,0.1996933
2007-07-01,2007,7,2,Mixed-prokaryote mid-year state,SSH,0.2373758
2007-08-01,2007,8,2,Mixed-prokaryote mid-year state,SSH,0.2866586
2007-09-01,2007,9,3,Prokaryote-dominated late-year state,SSH,0.3211495
2007-10-01,2007,10,3,Prokaryote-dominated late-year state,SSH,0.2882391
2007-11-01,2007,11,3,Prokaryote-dominated late-year state,SSH,0.2989783
2007-12-01,2007,12,1,Diatom-associated early-year state,SSH,0.2380445
2008-01-01,2008,1,3,Prokaryote-dominated late-year state,SSH,0.2036234
2008-02-01,2008,2,1,Diatom-associated early-year state,SSH,0.1556007
2008-03-01,2008,3,1,Diatom-associated early-year state,SSH,0.1523019
2008-04-01,2008,4,1,Diatom-associated early-year state,SSH,0.1934475
2008-05-01,2008,5,2,Mixed-prokaryote mid-year state,SSH,0.2033094
2008-06-01,2008,6,2,Mixed-prokaryote mid-year state,SSH,0.2309363
2008-07-01,2008,7,2,Mixed-prokaryote mid-year state,SSH,0.2394875
2008-08-01,2008,8,3,Prokaryote-dominated late-year state,SSH,0.2747711
2008-09-01,2008,9,3,Prokaryote-dominated late-year state,SSH,0.2709088
2008-10-01,2008,10,3,Prokaryote-dominated late-year state,SSH,0.2892448
2008-11-01,2008,11,3,Prokaryote-dominated late-year state,SSH,0.2555335
2008-12-01,2008,12,1,Diatom-associated early-year state,SSH,0.2133887
2009-01-01,2009,1,1,Diatom-associated early-year state,SSH,0.1727764
2009-02-01,2009,2,1,Diatom-associated early-year state,SSH,0.1858674
2009-03-01,2009,3,1,Diatom-associated early-year state,SSH,0.140122
2009-04-01,2009,4,1,Diatom-associated early-year state,SSH,0.170954
2009-05-01,2009,5,2,Mixed-prokaryote mid-year state,SSH,0.1916929
2009-06-01,2009,6,2,Mixed-prokaryote mid-year state,SSH,0.2224203
2009-07-01,2009,7,2,Mixed-prokaryote mid-year state,SSH,0.2248385
2009-08-01,2009,8,2,Mixed-prokaryote mid-year state,SSH,0.3127087
2009-09-01,2009,9,3,Prokaryote-dominated late-year state,SSH,0.37324
2009-10-01,2009,10,3,Prokaryote-dominated late-year state,SSH,0.3258369
2009-11-01,2009,11,3,Prokaryote-dominated late-year state,SSH,0.2893158
2009-12-01,2009,12,1,Diatom-associated early-year state,SSH,0.2670951
2010-01-01,2010,1,1,Diatom-associated early-year state,SSH,0.2046967
2010-02-01,2010,2,1,Diatom-associated early-year state,SSH,0.2491098
2010-03-01,2010,3,1,Diatom-associated early-year state,SSH,0.191109
2010-04-01,2010,4,1,Diatom-associated early-year state,SSH,0.1952679
2010-05-01,2010,5,1,Diatom-associated early-year state,SSH,0.1900635
2010-06-01,2010,6,2,Mixed-prokaryote mid-year state,SSH,0.2146049
2010-07-01,2010,7,2,Mixed-prokaryote mid-year state,SSH,0.2608065
2010-08-01,2010,8,2,Mixed-prokaryote mid-year state,SSH,0.2745191
2010-09-01,2010,9,3,Prokaryote-dominated late-year state,SSH,0.3242905
2010-10-01,2010,10,3,Prokaryote-dominated late-year state,SSH,0.350316
2010-11-01,2010,11,3,Prokaryote-dominated late-year state,SSH,0.3105007
2010-12-01,2010,12,3,Prokaryote-dominated late-year state,SSH,0.1613614
2011-01-01,2011,1,1,Diatom-associated early-year state,SSH,0.1869675
2011-02-01,2011,2,1,Diatom-associated early-year state,SSH,0.1851358
2011-03-01,2011,3,1,Diatom-associated early-year state,SSH,0.1287647
2011-04-01,2011,4,1,Diatom-associated early-year state,SSH,0.1332981
2011-05-01,2011,5,2,Mixed-prokaryote mid-year state,SSH,0.2056485
2011-06-01,2011,6,2,Mixed-prokaryote mid-year state,SSH,0.2093349
2011-07-01,2011,7,2,Mixed-prokaryote mid-year state,SSH,0.2464277
2011-08-01,2011,8,2,Mixed-prokaryote mid-year state,SSH,0.3100654
2011-09-01,2011,9,3,Prokaryote-dominated late-year state,SSH,0.3643636
2011-10-01,2011,10,3,Prokaryote-dominated late-year state,SSH,0.3226783
2011-11-01,2011,11,3,Prokaryote-dominated late-year state,SSH,0.3102497
2011-12-01,2011,12,1,Diatom-associated early-year state,SSH,0.2745175
2012-01-01,2012,1,1,Diatom-associated early-year state,SSH,0.2654225
2012-02-01,2012,2,3,Prokaryote-dominated late-year state,SSH,0.2270972
2012-03-01,2012,3,3,Prokaryote-dominated late-year state,SSH,0.2026753
2012-04-01,2012,4,1,Diatom-associated early-year state,SSH,0.1432402
2012-05-01,2012,5,1,Diatom-associated early-year state,SSH,0.2297182
2012-06-01,2012,6,2,Mixed-prokaryote mid-year state,SSH,0.2728722
2012-07-01,2012,7,2,Mixed-prokaryote mid-year state,SSH,0.2989205
2012-08-01,2012,8,2,Mixed-prokaryote mid-year state,SSH,0.3647806
2012-09-01,2012,9,3,Prokaryote-dominated late-year state,SSH,0.3543789
2012-10-01,2012,10,3,Prokaryote-dominated late-year state,SSH,0.3794134
2012-11-01,2012,11,3,Prokaryote-dominated late-year state,SSH,0.3118863
2012-12-01,2012,12,3,Prokaryote-dominated late-year state,SSH,0.2379788
2013-01-01,2013,1,1,Diatom-associated early-year state,SSH,0.2463276
2013-02-01,2013,2,3,Prokaryote-dominated late-year state,SSH,0.2190596
2013-03-01,2013,3,3,Prokaryote-dominated late-year state,SSH,0.1536501
2013-04-01,2013,4,1,Diatom-associated early-year state,SSH,0.2004749
2013-05-01,2013,5,1,Diatom-associated early-year state,SSH,0.2787566
2013-06-01,2013,6,2,Mixed-prokaryote mid-year state,SSH,0.2440405
2013-07-01,2013,7,2,Mixed-prokaryote mid-year state,SSH,0.2719962
2013-08-01,2013,8,2,Mixed-prokaryote mid-year state,SSH,0.3250987
2013-09-01,2013,9,3,Prokaryote-dominated late-year state,SSH,0.3413573
2013-10-01,2013,10,3,Prokaryote-dominated late-year state,SSH,0.3745617
2013-11-01,2013,11,3,Prokaryote-dominated late-year state,SSH,0.2315284
2013-12-01,2013,12,3,Prokaryote-dominated late-year state,SSH,0.2197811
2014-01-01,2014,1,3,Prokaryote-dominated late-year state,SSH,0.2047565
2014-02-01,2014,2,3,Prokaryote-dominated late-year state,SSH,0.2864045
2014-03-01,2014,3,3,Prokaryote-dominated late-year state,SSH,0.258782
2014-04-01,2014,4,1,Diatom-associated early-year state,SSH,0.2396917
2014-05-01,2014,5,1,Diatom-associated early-year state,SSH,0.2223855
2014-06-01,2014,6,2,Mixed-prokaryote mid-year state,SSH,0.2398993
2014-07-01,2014,7,2,Mixed-prokaryote mid-year state,SSH,0.2456003
2014-08-01,2014,8,2,Mixed-prokaryote mid-year state,SSH,0.3311163
2014-09-01,2014,9,2,Mixed-prokaryote mid-year state,SSH,0.3881725
2014-10-01,2014,10,3,Prokaryote-dominated late-year state,SSH,0.4306352
2014-11-01,2014,11,3,Prokaryote-dominated late-year state,SSH,0.3129542
2014-12-01,2014,12,3,Prokaryote-dominated late-year state,SSH,0.2264712
2015-01-01,2015,1,3,Prokaryote-dominated late-year state,SSH,0.2603506
2015-02-01,2015,2,3,Prokaryote-dominated late-year state,SSH,0.2328704
2015-03-01,2015,3,3,Prokaryote-dominated late-year state,SSH,0.1904375
2015-04-01,2015,4,1,Diatom-associated early-year state,SSH,0.1756203
2015-05-01,2015,5,2,Mixed-prokaryote mid-year state,SSH,0.2053789
2015-06-01,2015,6,2,Mixed-prokaryote mid-year state,SSH,0.2305327
2015-07-01,2015,7,2,Mixed-prokaryote mid-year state,SSH,0.2836265
2015-08-01,2015,8,2,Mixed-prokaryote mid-year state,SSH,0.3411819
2015-09-01,2015,9,3,Prokaryote-dominated late-year state,SSH,0.3908192
2015-10-01,2015,10,3,Prokaryote-dominated late-year state,SSH,0.3300249
2015-11-01,2015,11,3,Prokaryote-dominated late-year state,SSH,0.3754689
2015-12-01,2015,12,3,Prokaryote-dominated late-year state,SSH,0.3074622
2016-01-01,2016,1,3,Prokaryote-dominated late-year state,SSH,0.2521202
2016-02-01,2016,2,3,Prokaryote-dominated late-year state,SSH,0.2196939
2016-03-01,2016,3,3,Prokaryote-dominated late-year state,SSH,0.2412153
2016-04-01,2016,4,3,Prokaryote-dominated late-year state,SSH,0.2633589
2016-05-01,2016,5,1,Diatom-associated early-year state,SSH,0.2616625
2016-06-01,2016,6,2,Mixed-prokaryote mid-year state,SSH,0.2878778
2016-07-01,2016,7,2,Mixed-prokaryote mid-year state,SSH,0.2778104
2016-08-01,2016,8,2,Mixed-prokaryote mid-year state,SSH,0.3238319
2016-09-01,2016,9,2,Mixed-prokaryote mid-year state,SSH,0.412248
2016-10-01,2016,10,3,Prokaryote-dominated late-year state,SSH,0.4069637
2016-11-01,2016,11,2,Mixed-prokaryote mid-year state,SSH,0.3787485
2016-12-01,2016,12,1,Diatom-associated early-year state,SSH,0.3184705
2017-01-01,2017,1,1,Diatom-associated early-year state,SSH,0.3070141
2017-02-01,2017,2,1,Diatom-associated early-year state,SSH,0.2613109
2017-03-01,2017,3,1,Diatom-associated early-year state,SSH,0.2634888
2017-04-01,2017,4,1,Diatom-associated early-year state,SSH,0.2310806
2017-05-01,2017,5,3,Prokaryote-dominated late-year state,SSH,0.1988708
2017-06-01,2017,6,2,Mixed-prokaryote mid-year state,SSH,0.2460743
2017-07-01,2017,7,2,Mixed-prokaryote mid-year state,SSH,0.2823971
2017-08-01,2017,8,2,Mixed-prokaryote mid-year state,SSH,0.359781
2017-09-01,2017,9,3,Prokaryote-dominated late-year state,SSH,0.3631716
2017-10-01,2017,10,2,Mixed-prokaryote mid-year state,SSH,0.4013067
2017-11-01,2017,11,2,Mixed-prokaryote mid-year state,SSH,0.2594601
2017-12-01,2017,12,1,Diatom-associated early-year state,SSH,0.2117888
2018-01-01,2018,1,1,Diatom-associated early-year state,SSH,0.2317394
2018-02-01,2018,2,1,Diatom-associated early-year state,SSH,0.1661376
2018-03-01,2018,3,1,Diatom-associated early-year state,SSH,0.1655205
2018-04-01,2018,4,3,Prokaryote-dominated late-year state,SSH,0.1669108
2018-05-01,2018,5,3,Prokaryote-dominated late-year state,SSH,0.2256936
2018-06-01,2018,6,2,Mixed-prokaryote mid-year state,SSH,0.276731
2018-07-01,2018,7,2,Mixed-prokaryote mid-year state,SSH,0.3209659
2018-08-01,2018,8,2,Mixed-prokaryote mid-year state,SSH,0.3834228
2018-09-01,2018,9,3,Prokaryote-dominated late-year state,SSH,0.3798156
2018-10-01,2018,10,3,Prokaryote-dominated late-year state,SSH,0.3296569
2018-11-01,2018,11,2,Mixed-prokaryote mid-year state,SSH,0.3428391
2018-12-01,2018,12,1,Diatom-associated early-year state,SSH,0.3576584
2019-01-01,2019,1,1,Diatom-associated early-year state,SSH,0.2886494
2019-02-01,2019,2,1,Diatom-associated early-year state,SSH,0.2215559
2019-03-01,2019,3,1,Diatom-associated early-year state,SSH,0.2134554
2019-04-01,2019,4,1,Diatom-associated early-year state,SSH,0.2162941
2019-05-01,2019,5,3,Prokaryote-dominated late-year state,SSH,0.2469919
2019-06-01,2019,6,2,Mixed-prokaryote mid-year state,SSH,0.260858
2019-07-01,2019,7,2,Mixed-prokaryote mid-year state,SSH,0.3005702
2019-08-01,2019,8,3,Prokaryote-dominated late-year state,SSH,0.3237593
2019-09-01,2019,9,3,Prokaryote-dominated late-year state,SSH,0.353572
2019-10-01,2019,10,3,Prokaryote-dominated late-year state,SSH,0.3907209
2019-11-01,2019,11,3,Prokaryote-dominated late-year state,SSH,0.3208446
2019-12-01,2019,12,1,Diatom-associated early-year state,SSH,0.2678824
2020-01-01,2020,1,1,Diatom-associated early-year state,SSH,0.2971561
2020-02-01,2020,2,1,Diatom-associated early-year state,SSH,0.2609283
2020-03-01,2020,3,1,Diatom-associated early-year state,SSH,0.2047682
2020-04-01,2020,4,3,Prokaryote-dominated late-year state,SSH,0.2263666
2020-05-01,2020,5,2,Mixed-prokaryote mid-year state,SSH,0.2517852
2020-06-01,2020,6,3,Prokaryote-dominated late-year state,SSH,0.3262833
2020-07-01,2020,7,2,Mixed-prokaryote mid-year state,SSH,0.3112281
2020-08-01,2020,8,2,Mixed-prokaryote mid-year state,SSH,0.3501738
2020-09-01,2020,9,3,Prokaryote-dominated late-year state,SSH,0.3843365
2020-10-01,2020,10,3,Prokaryote-dominated late-year state,SSH,0.4132317
2020-11-01,2020,11,2,Mixed-prokaryote mid-year state,SSH,0.3076442
2020-12-01,2020,12,1,Diatom-associated early-year state,SSH,0.285929
2021-01-01,2021,1,1,Diatom-associated early-year state,SSH,0.2332231
2021-02-01,2021,2,1,Diatom-associated early-year state,SSH,0.2342308
2021-03-01,2021,3,1,Diatom-associated early-year state,SSH,0.2088337
2021-04-01,2021,4,3,Prokaryote-dominated late-year state,SSH,0.2477978
2021-05-01,2021,5,3,Prokaryote-dominated late-year state,SSH,0.2245314
2021-06-01,2021,6,2,Mixed-prokaryote mid-year state,SSH,0.3273057
2021-07-01,2021,7,2,Mixed-prokaryote mid-year state,SSH,0.3930641
2021-08-01,2021,8,3,Prokaryote-dominated late-year state,SSH,0.3871253
2021-09-01,2021,9,3,Prokaryote-dominated late-year state,SSH,0.4416628
2021-10-01,2021,10,3,Prokaryote-dominated late-year state,SSH,0.4186193
2021-11-01,2021,11,2,Mixed-prokaryote mid-year state,SSH,0.2736525
2021-12-01,2021,12,1,Diatom-associated early-year state,SSH,0.2664266
2022-01-01,2022,1,1,Diatom-associated early-year state,SSH,0.3028846
2022-02-01,2022,2,1,Diatom-associated early-year state,SSH,0.3081189
2022-03-01,2022,3,3,Prokaryote-dominated late-year state,SSH,0.2468455
2022-04-01,2022,4,3,Prokaryote-dominated late-year state,SSH,0.2064492
2022-05-01,2022,5,3,Prokaryote-dominated late-year state,SSH,0.2722823
2022-06-01,2022,6,2,Mixed-prokaryote mid-year state,SSH,0.3088113
2022-07-01,2022,7,2,Mixed-prokaryote mid-year state,SSH,0.3445247
2022-08-01,2022,8,3,Prokaryote-dominated late-year state,SSH,0.3371069
2022-09-01,2022,9,3,Prokaryote-dominated late-year state,SSH,0.4279191
2022-10-01,2022,10,3,Prokaryote-dominated late-year state,SSH,0.3735748
2022-11-01,2022,11,2,Mixed-prokaryote mid-year state,SSH,0.3581005
2022-12-01,2022,12,1,Diatom-associated early-year state,SSH,0.2193665
2003-01-01,2003,1,1,Diatom-associated early-year state,PAR,18.2643
2003-02-01,2003,2,1,Diatom-associated early-year state,PAR,23.45697
2003-03-01,2003,3,1,Diatom-associated early-year state,PAR,31.66549
2003-04-01,2003,4,1,Diatom-associated early-year state,PAR,38.72302
2003-05-01,2003,5,2,Mixed-prokaryote mid-year state,PAR,44.47189
2003-06-01,2003,6,2,Mixed-prokaryote mid-year state,PAR,43.89837
2003-07-01,2003,7,2,Mixed-prokaryote mid-year state,PAR,43.4742
2003-08-01,2003,8,3,Prokaryote-dominated late-year state,PAR,42.03368
2003-09-01,2003,9,3,Prokaryote-dominated late-year state,PAR,37.95425
2003-10-01,2003,10,3,Prokaryote-dominated late-year state,PAR,30.67915
2003-11-01,2003,11,3,Prokaryote-dominated late-year state,PAR,19.52595
2003-12-01,2003,12,3,Prokaryote-dominated late-year state,PAR,17.37022
2004-01-01,2004,1,1,Diatom-associated early-year state,PAR,18.0528
2004-02-01,2004,2,1,Diatom-associated early-year state,PAR,27.39863
2004-03-01,2004,3,1,Diatom-associated early-year state,PAR,33.84466
2004-04-01,2004,4,1,Diatom-associated early-year state,PAR,42.58654
2004-05-01,2004,5,1,Diatom-associated early-year state,PAR,43.02498
2004-06-01,2004,6,2,Mixed-prokaryote mid-year state,PAR,44.87814
2004-07-01,2004,7,2,Mixed-prokaryote mid-year state,PAR,47.94345
2004-08-01,2004,8,3,Prokaryote-dominated late-year state,PAR,44.73951
2004-09-01,2004,9,3,Prokaryote-dominated late-year state,PAR,35.61415
2004-10-01,2004,10,3,Prokaryote-dominated late-year state,PAR,31.95409
2004-11-01,2004,11,3,Prokaryote-dominated late-year state,PAR,22.29022
2004-12-01,2004,12,3,Prokaryote-dominated late-year state,PAR,16.03355
2005-01-01,2005,1,1,Diatom-associated early-year state,PAR,17.39421
2005-02-01,2005,2,1,Diatom-associated early-year state,PAR,21.11561
2005-03-01,2005,3,1,Diatom-associated early-year state,PAR,34.69415
2005-04-01,2005,4,1,Diatom-associated early-year state,PAR,43.46757
2005-05-01,2005,5,2,Mixed-prokaryote mid-year state,PAR,46.94984
2005-06-01,2005,6,2,Mixed-prokaryote mid-year state,PAR,48.35837
2005-07-01,2005,7,2,Mixed-prokaryote mid-year state,PAR,46.90637
2005-08-01,2005,8,3,Prokaryote-dominated late-year state,PAR,41.5795
2005-09-01,2005,9,3,Prokaryote-dominated late-year state,PAR,38.15133
2005-10-01,2005,10,3,Prokaryote-dominated late-year state,PAR,30.274
2005-11-01,2005,11,3,Prokaryote-dominated late-year state,PAR,21.60209
2005-12-01,2005,12,1,Diatom-associated early-year state,PAR,16.51735
2006-01-01,2006,1,1,Diatom-associated early-year state,PAR,16.91236
2006-02-01,2006,2,1,Diatom-associated early-year state,PAR,22.65199
2006-03-01,2006,3,1,Diatom-associated early-year state,PAR,35.18167
2006-04-01,2006,4,1,Diatom-associated early-year state,PAR,40.84451
2006-05-01,2006,5,1,Diatom-associated early-year state,PAR,42.48072
2006-06-01,2006,6,2,Mixed-prokaryote mid-year state,PAR,43.12234
2006-07-01,2006,7,2,Mixed-prokaryote mid-year state,PAR,42.87661
2006-08-01,2006,8,2,Mixed-prokaryote mid-year state,PAR,47.18871
2006-09-01,2006,9,3,Prokaryote-dominated late-year state,PAR,37.06337
2006-10-01,2006,10,3,Prokaryote-dominated late-year state,PAR,31.82335
2006-11-01,2006,11,3,Prokaryote-dominated late-year state,PAR,20.33555
2006-12-01,2006,12,3,Prokaryote-dominated late-year state,PAR,16.29278
2007-01-01,2007,1,1,Diatom-associated early-year state,PAR,17.82913
2007-02-01,2007,2,1,Diatom-associated early-year state,PAR,26.39737
2007-03-01,2007,3,1,Diatom-associated early-year state,PAR,31.47466
2007-04-01,2007,4,1,Diatom-associated early-year state,PAR,40.34549
2007-05-01,2007,5,2,Mixed-prokaryote mid-year state,PAR,46.6361
2007-06-01,2007,6,2,Mixed-prokaryote mid-year state,PAR,46.0014
2007-07-01,2007,7,2,Mixed-prokaryote mid-year state,PAR,45.90391
2007-08-01,2007,8,2,Mixed-prokaryote mid-year state,PAR,43.70644
2007-09-01,2007,9,3,Prokaryote-dominated late-year state,PAR,35.02799
2007-10-01,2007,10,3,Prokaryote-dominated late-year state,PAR,29.19779
2007-11-01,2007,11,3,Prokaryote-dominated late-year state,PAR,22.13538
2007-12-01,2007,12,1,Diatom-associated early-year state,PAR,15.85815
2008-01-01,2008,1,3,Prokaryote-dominated late-year state,PAR,15.46411
2008-02-01,2008,2,1,Diatom-associated early-year state,PAR,26.48835
2008-03-01,2008,3,1,Diatom-associated early-year state,PAR,35.61345
2008-04-01,2008,4,1,Diatom-associated early-year state,PAR,39.37224
2008-05-01,2008,5,2,Mixed-prokaryote mid-year state,PAR,46.6053
2008-06-01,2008,6,2,Mixed-prokaryote mid-year state,PAR,40.54742
2008-07-01,2008,7,2,Mixed-prokaryote mid-year state,PAR,47.43447
2008-08-01,2008,8,3,Prokaryote-dominated late-year state,PAR,45.29633
2008-09-01,2008,9,3,Prokaryote-dominated late-year state,PAR,37.42095
2008-10-01,2008,10,3,Prokaryote-dominated late-year state,PAR,29.08485
2008-11-01,2008,11,3,Prokaryote-dominated late-year state,PAR,20.27732
2008-12-01,2008,12,1,Diatom-associated early-year state,PAR,17.47706
2009-01-01,2009,1,1,Diatom-associated early-year state,PAR,18.4399
2009-02-01,2009,2,1,Diatom-associated early-year state,PAR,21.59292
2009-03-01,2009,3,1,Diatom-associated early-year state,PAR,32.23164
2009-04-01,2009,4,1,Diatom-associated early-year state,PAR,42.95202
2009-05-01,2009,5,2,Mixed-prokaryote mid-year state,PAR,49.61242
2009-06-01,2009,6,2,Mixed-prokaryote mid-year state,PAR,47.69398
2009-07-01,2009,7,2,Mixed-prokaryote mid-year state,PAR,44.97459
2009-08-01,2009,8,2,Mixed-prokaryote mid-year state,PAR,44.64119
2009-09-01,2009,9,3,Prokaryote-dominated late-year state,PAR,36.99078
2009-10-01,2009,10,3,Prokaryote-dominated late-year state,PAR,31.64962
2009-11-01,2009,11,3,Prokaryote-dominated late-year state,PAR,17.66857
2009-12-01,2009,12,1,Diatom-associated early-year state,PAR,15.67848
2010-01-01,2010,1,1,Diatom-associated early-year state,PAR,17.88068
2010-02-01,2010,2,1,Diatom-associated early-year state,PAR,20.94246
2010-03-01,2010,3,1,Diatom-associated early-year state,PAR,29.98847
2010-04-01,2010,4,1,Diatom-associated early-year state,PAR,37.86516
2010-05-01,2010,5,1,Diatom-associated early-year state,PAR,44.90027
2010-06-01,2010,6,2,Mixed-prokaryote mid-year state,PAR,44.20998
2010-07-01,2010,7,2,Mixed-prokaryote mid-year state,PAR,44.13834
2010-08-01,2010,8,2,Mixed-prokaryote mid-year state,PAR,44.308
2010-09-01,2010,9,3,Prokaryote-dominated late-year state,PAR,36.26759
2010-10-01,2010,10,3,Prokaryote-dominated late-year state,PAR,28.24248
2010-11-01,2010,11,3,Prokaryote-dominated late-year state,PAR,22.66409
2010-12-01,2010,12,3,Prokaryote-dominated late-year state,PAR,18.18857
2011-01-01,2011,1,1,Diatom-associated early-year state,PAR,17.25359
2011-02-01,2011,2,1,Diatom-associated early-year state,PAR,24.62485
2011-03-01,2011,3,1,Diatom-associated early-year state,PAR,36.56836
2011-04-01,2011,4,1,Diatom-associated early-year state,PAR,42.43427
2011-05-01,2011,5,2,Mixed-prokaryote mid-year state,PAR,43.64163
2011-06-01,2011,6,2,Mixed-prokaryote mid-year state,PAR,40.61892
2011-07-01,2011,7,2,Mixed-prokaryote mid-year state,PAR,44.55813
2011-08-01,2011,8,2,Mixed-prokaryote mid-year state,PAR,40.71592
2011-09-01,2011,9,3,Prokaryote-dominated late-year state,PAR,37.97459
2011-10-01,2011,10,3,Prokaryote-dominated late-year state,PAR,29.13334
2011-11-01,2011,11,3,Prokaryote-dominated late-year state,PAR,18.80546
2011-12-01,2011,12,1,Diatom-associated early-year state,PAR,15.54731
2012-01-01,2012,1,1,Diatom-associated early-year state,PAR,16.48059
2012-02-01,2012,2,3,Prokaryote-dominated late-year state,PAR,22.2201
2012-03-01,2012,3,3,Prokaryote-dominated late-year state,PAR,31.5692
2012-04-01,2012,4,1,Diatom-associated early-year state,PAR,40.89522
2012-05-01,2012,5,1,Diatom-associated early-year state,PAR,47.59941
2012-06-01,2012,6,2,Mixed-prokaryote mid-year state,PAR,44.52618
2012-07-01,2012,7,2,Mixed-prokaryote mid-year state,PAR,45.82146
2012-08-01,2012,8,2,Mixed-prokaryote mid-year state,PAR,44.08653
2012-09-01,2012,9,3,Prokaryote-dominated late-year state,PAR,37.58197
2012-10-01,2012,10,3,Prokaryote-dominated late-year state,PAR,31.97255
2012-11-01,2012,11,3,Prokaryote-dominated late-year state,PAR,19.48916
2012-12-01,2012,12,3,Prokaryote-dominated late-year state,PAR,14.44504
2013-01-01,2013,1,1,Diatom-associated early-year state,PAR,17.56065
2013-02-01,2013,2,3,Prokaryote-dominated late-year state,PAR,21.53218
2013-03-01,2013,3,3,Prokaryote-dominated late-year state,PAR,35.09188
2013-04-01,2013,4,1,Diatom-associated early-year state,PAR,42.8396
2013-05-01,2013,5,1,Diatom-associated early-year state,PAR,45.23904
2013-06-01,2013,6,2,Mixed-prokaryote mid-year state,PAR,43.22112
2013-07-01,2013,7,2,Mixed-prokaryote mid-year state,PAR,47.80894
2013-08-01,2013,8,2,Mixed-prokaryote mid-year state,PAR,48.66373
2013-09-01,2013,9,3,Prokaryote-dominated late-year state,PAR,38.70431
2013-10-01,2013,10,3,Prokaryote-dominated late-year state,PAR,30.95163
2013-11-01,2013,11,3,Prokaryote-dominated late-year state,PAR,21.19913
2013-12-01,2013,12,3,Prokaryote-dominated late-year state,PAR,17.84313
2014-01-01,2014,1,3,Prokaryote-dominated late-year state,PAR,20.64507
2014-02-01,2014,2,3,Prokaryote-dominated late-year state,PAR,21.40236
2014-03-01,2014,3,3,Prokaryote-dominated late-year state,PAR,34.24438
2014-04-01,2014,4,1,Diatom-associated early-year state,PAR,39.32692
2014-05-01,2014,5,1,Diatom-associated early-year state,PAR,47.78525
2014-06-01,2014,6,2,Mixed-prokaryote mid-year state,PAR,44.05859
2014-07-01,2014,7,2,Mixed-prokaryote mid-year state,PAR,45.27071
2014-08-01,2014,8,2,Mixed-prokaryote mid-year state,PAR,40.7916
2014-09-01,2014,9,2,Mixed-prokaryote mid-year state,PAR,35.84796
2014-10-01,2014,10,3,Prokaryote-dominated late-year state,PAR,31.03512
2014-11-01,2014,11,3,Prokaryote-dominated late-year state,PAR,21.08372
2014-12-01,2014,12,3,Prokaryote-dominated late-year state,PAR,17.05835
2015-01-01,2015,1,3,Prokaryote-dominated late-year state,PAR,18.11417
2015-02-01,2015,2,3,Prokaryote-dominated late-year state,PAR,23.7515
2015-03-01,2015,3,3,Prokaryote-dominated late-year state,PAR,33.73332
2015-04-01,2015,4,1,Diatom-associated early-year state,PAR,39.32323
2015-05-01,2015,5,2,Mixed-prokaryote mid-year state,PAR,44.90139
2015-06-01,2015,6,2,Mixed-prokaryote mid-year state,PAR,42.98227
2015-07-01,2015,7,2,Mixed-prokaryote mid-year state,PAR,44.54284
2015-08-01,2015,8,2,Mixed-prokaryote mid-year state,PAR,44.28012
2015-09-01,2015,9,3,Prokaryote-dominated late-year state,PAR,38.37225
2015-10-01,2015,10,3,Prokaryote-dominated late-year state,PAR,30.93319
2015-11-01,2015,11,3,Prokaryote-dominated late-year state,PAR,14.94278
2015-12-01,2015,12,3,Prokaryote-dominated late-year state,PAR,14.92061
2016-01-01,2016,1,3,Prokaryote-dominated late-year state,PAR,15.91815
2016-02-01,2016,2,3,Prokaryote-dominated late-year state,PAR,26.0823
2016-03-01,2016,3,3,Prokaryote-dominated late-year state,PAR,35.31681
2016-04-01,2016,4,3,Prokaryote-dominated late-year state,PAR,38.373
2016-05-01,2016,5,1,Diatom-associated early-year state,PAR,43.26632
2016-06-01,2016,6,2,Mixed-prokaryote mid-year state,PAR,44.62937
2016-07-01,2016,7,2,Mixed-prokaryote mid-year state,PAR,47.64807
2016-08-01,2016,8,2,Mixed-prokaryote mid-year state,PAR,48.67304
2016-09-01,2016,9,2,Mixed-prokaryote mid-year state,PAR,36.19117
2016-10-01,2016,10,3,Prokaryote-dominated late-year state,PAR,23.73625
2016-11-01,2016,11,2,Mixed-prokaryote mid-year state,PAR,19.29554
2016-12-01,2016,12,1,Diatom-associated early-year state,PAR,16.37441
2017-01-01,2017,1,1,Diatom-associated early-year state,PAR,17.56524
2017-02-01,2017,2,1,Diatom-associated early-year state,PAR,26.1026
2017-03-01,2017,3,1,Diatom-associated early-year state,PAR,33.16465
2017-04-01,2017,4,1,Diatom-associated early-year state,PAR,42.43895
2017-05-01,2017,5,3,Prokaryote-dominated late-year state,PAR,49.04665
2017-06-01,2017,6,2,Mixed-prokaryote mid-year state,PAR,45.51573
2017-07-01,2017,7,2,Mixed-prokaryote mid-year state,PAR,48.64865
2017-08-01,2017,8,2,Mixed-prokaryote mid-year state,PAR,45.83972
2017-09-01,2017,9,3,Prokaryote-dominated late-year state,PAR,36.53032
2017-10-01,2017,10,2,Mixed-prokaryote mid-year state,PAR,27.36834
2017-11-01,2017,11,2,Mixed-prokaryote mid-year state,PAR,20.56907
2017-12-01,2017,12,1,Diatom-associated early-year state,PAR,17.50418
2018-01-01,2018,1,1,Diatom-associated early-year state,PAR,16.11736
2018-02-01,2018,2,1,Diatom-associated early-year state,PAR,24.76389
2018-03-01,2018,3,1,Diatom-associated early-year state,PAR,33.1553
2018-04-01,2018,4,3,Prokaryote-dominated late-year state,PAR,42.16234
2018-05-01,2018,5,3,Prokaryote-dominated late-year state,PAR,42.79467
2018-06-01,2018,6,2,Mixed-prokaryote mid-year state,PAR,46.54306
2018-07-01,2018,7,2,Mixed-prokaryote mid-year state,PAR,50.18477
2018-08-01,2018,8,2,Mixed-prokaryote mid-year state,PAR,47.35277
2018-09-01,2018,9,3,Prokaryote-dominated late-year state,PAR,37.1953
2018-10-01,2018,10,3,Prokaryote-dominated late-year state,PAR,30.94508
2018-11-01,2018,11,2,Mixed-prokaryote mid-year state,PAR,20.46143
2018-12-01,2018,12,1,Diatom-associated early-year state,PAR,13.96999
2019-01-01,2019,1,1,Diatom-associated early-year state,PAR,17.91958
2019-02-01,2019,2,1,Diatom-associated early-year state,PAR,20.46027
2019-03-01,2019,3,1,Diatom-associated early-year state,PAR,33.44122
2019-04-01,2019,4,1,Diatom-associated early-year state,PAR,39.76662
2019-05-01,2019,5,3,Prokaryote-dominated late-year state,PAR,48.49501
2019-06-01,2019,6,2,Mixed-prokaryote mid-year state,PAR,47.15538
2019-07-01,2019,7,2,Mixed-prokaryote mid-year state,PAR,46.24289
2019-08-01,2019,8,3,Prokaryote-dominated late-year state,PAR,45.9396
2019-09-01,2019,9,3,Prokaryote-dominated late-year state,PAR,37.695
2019-10-01,2019,10,3,Prokaryote-dominated late-year state,PAR,30.07841
2019-11-01,2019,11,3,Prokaryote-dominated late-year state,PAR,21.44509
2019-12-01,2019,12,1,Diatom-associated early-year state,PAR,16.12826
2020-01-01,2020,1,1,Diatom-associated early-year state,PAR,15.33744
2020-02-01,2020,2,1,Diatom-associated early-year state,PAR,23.66989
2020-03-01,2020,3,1,Diatom-associated early-year state,PAR,34.19953
2020-04-01,2020,4,3,Prokaryote-dominated late-year state,PAR,45.16571
2020-05-01,2020,5,2,Mixed-prokaryote mid-year state,PAR,44.75827
2020-06-01,2020,6,3,Prokaryote-dominated late-year state,PAR,42.65132
2020-07-01,2020,7,2,Mixed-prokaryote mid-year state,PAR,42.27643
2020-08-01,2020,8,2,Mixed-prokaryote mid-year state,PAR,43.81718
2020-09-01,2020,9,3,Prokaryote-dominated late-year state,PAR,36.2772
2020-10-01,2020,10,3,Prokaryote-dominated late-year state,PAR,30.26387
2020-11-01,2020,11,2,Mixed-prokaryote mid-year state,PAR,20.50158
2020-12-01,2020,12,1,Diatom-associated early-year state,PAR,16.35313
2021-01-01,2021,1,1,Diatom-associated early-year state,PAR,19.22805
2021-02-01,2021,2,1,Diatom-associated early-year state,PAR,25.95026
2021-03-01,2021,3,1,Diatom-associated early-year state,PAR,32.28797
2021-04-01,2021,4,3,Prokaryote-dominated late-year state,PAR,40.59227
2021-05-01,2021,5,3,Prokaryote-dominated late-year state,PAR,43.67931
2021-06-01,2021,6,2,Mixed-prokaryote mid-year state,PAR,44.9095
2021-07-01,2021,7,2,Mixed-prokaryote mid-year state,PAR,46.81764
2021-08-01,2021,8,3,Prokaryote-dominated late-year state,PAR,43.45911
2021-09-01,2021,9,3,Prokaryote-dominated late-year state,PAR,37.09822
2021-10-01,2021,10,3,Prokaryote-dominated late-year state,PAR,28.61113
2021-11-01,2021,11,2,Mixed-prokaryote mid-year state,PAR,21.58293
2021-12-01,2021,12,1,Diatom-associated early-year state,PAR,18.31401
2022-01-01,2022,1,1,Diatom-associated early-year state,PAR,17.41686
2022-02-01,2022,2,1,Diatom-associated early-year state,PAR,23.98489
2022-03-01,2022,3,3,Prokaryote-dominated late-year state,PAR,32.93742
2022-04-01,2022,4,3,Prokaryote-dominated late-year state,PAR,42.96676
2022-05-01,2022,5,3,Prokaryote-dominated late-year state,PAR,48.03013
2022-06-01,2022,6,2,Mixed-prokaryote mid-year state,PAR,46.10513
2022-07-01,2022,7,2,Mixed-prokaryote mid-year state,PAR,49.57646
2022-08-01,2022,8,3,Prokaryote-dominated late-year state,PAR,45.85601
2022-09-01,2022,9,3,Prokaryote-dominated late-year state,PAR,38.39801
2022-10-01,2022,10,3,Prokaryote-dominated late-year state,PAR,29.67984
2022-11-01,2022,11,2,Mixed-prokaryote mid-year state,PAR,19.828
2022-12-01,2022,12,1,Diatom-associated early-year state,PAR,15.89925
2003-01-01,2003,1,1,Diatom-associated early-year state,PDO,1.45
2003-02-01,2003,2,1,Diatom-associated early-year state,PDO,1.23
2003-03-01,2003,3,1,Diatom-associated early-year state,PDO,1.01
2003-04-01,2003,4,1,Diatom-associated early-year state,PDO,0.36
2003-05-01,2003,5,2,Mixed-prokaryote mid-year state,PDO,0.21
2003-06-01,2003,6,2,Mixed-prokaryote mid-year state,PDO,-0.42
2003-07-01,2003,7,2,Mixed-prokaryote mid-year state,PDO,0.37
2003-08-01,2003,8,3,Prokaryote-dominated late-year state,PDO,0.63
2003-09-01,2003,9,3,Prokaryote-dominated late-year state,PDO,-0.17
2003-10-01,2003,10,3,Prokaryote-dominated late-year state,PDO,0.74
2003-11-01,2003,11,3,Prokaryote-dominated late-year state,PDO,-0.23
2003-12-01,2003,12,3,Prokaryote-dominated late-year state,PDO,-0.6
2004-01-01,2004,1,1,Diatom-associated early-year state,PDO,-0.55
2004-02-01,2004,2,1,Diatom-associated early-year state,PDO,-0.21
2004-03-01,2004,3,1,Diatom-associated early-year state,PDO,-0.15
2004-04-01,2004,4,1,Diatom-associated early-year state,PDO,0.0
2004-05-01,2004,5,1,Diatom-associated early-year state,PDO,0.61
2004-06-01,2004,6,2,Mixed-prokaryote mid-year state,PDO,-0.11
2004-07-01,2004,7,2,Mixed-prokaryote mid-year state,PDO,0.04
2004-08-01,2004,8,3,Prokaryote-dominated late-year state,PDO,0.24
2004-09-01,2004,9,3,Prokaryote-dominated late-year state,PDO,0.02
2004-10-01,2004,10,3,Prokaryote-dominated late-year state,PDO,-0.72
2004-11-01,2004,11,3,Prokaryote-dominated late-year state,PDO,-1.22
2004-12-01,2004,12,3,Prokaryote-dominated late-year state,PDO,-0.64
2005-01-01,2005,1,1,Diatom-associated early-year state,PDO,-0.15
2005-02-01,2005,2,1,Diatom-associated early-year state,PDO,-0.01
2005-03-01,2005,3,1,Diatom-associated early-year state,PDO,0.7
2005-04-01,2005,4,1,Diatom-associated early-year state,PDO,0.28
2005-05-01,2005,5,2,Mixed-prokaryote mid-year state,PDO,1.36
2005-06-01,2005,6,2,Mixed-prokaryote mid-year state,PDO,0.85
2005-07-01,2005,7,2,Mixed-prokaryote mid-year state,PDO,0.11
2005-08-01,2005,8,3,Prokaryote-dominated late-year state,PDO,-0.42
2005-09-01,2005,9,3,Prokaryote-dominated late-year state,PDO,-0.99
2005-10-01,2005,10,3,Prokaryote-dominated late-year state,PDO,-2.0
2005-11-01,2005,11,3,Prokaryote-dominated late-year state,PDO,-1.89
2005-12-01,2005,12,1,Diatom-associated early-year state,PDO,-0.1
2006-01-01,2006,1,1,Diatom-associated early-year state,PDO,0.54
2006-02-01,2006,2,1,Diatom-associated early-year state,PDO,0.38
2006-03-01,2006,3,1,Diatom-associated early-year state,PDO,-0.74
2006-04-01,2006,4,1,Diatom-associated early-year state,PDO,-0.54
2006-05-01,2006,5,1,Diatom-associated early-year state,PDO,-0.37
2006-06-01,2006,6,2,Mixed-prokaryote mid-year state,PDO,0.21
2006-07-01,2006,7,2,Mixed-prokaryote mid-year state,PDO,0.39
2006-08-01,2006,8,2,Mixed-prokaryote mid-year state,PDO,-0.85
2006-09-01,2006,9,3,Prokaryote-dominated late-year state,PDO,-1.54
2006-10-01,2006,10,3,Prokaryote-dominated late-year state,PDO,-0.46
2006-11-01,2006,11,3,Prokaryote-dominated late-year state,PDO,-0.81
2006-12-01,2006,12,3,Prokaryote-dominated late-year state,PDO,-0.42
2007-01-01,2007,1,1,Diatom-associated early-year state,PDO,-0.69
2007-02-01,2007,2,1,Diatom-associated early-year state,PDO,-0.71
2007-03-01,2007,3,1,Diatom-associated early-year state,PDO,-1.1
2007-04-01,2007,4,1,Diatom-associated early-year state,PDO,-0.46
2007-05-01,2007,5,2,Mixed-prokaryote mid-year state,PDO,-0.29
2007-06-01,2007,6,2,Mixed-prokaryote mid-year state,PDO,-0.07
2007-07-01,2007,7,2,Mixed-prokaryote mid-year state,PDO,0.43
2007-08-01,2007,8,2,Mixed-prokaryote mid-year state,PDO,0.09
2007-09-01,2007,9,3,Prokaryote-dominated late-year state,PDO,-0.97
2007-10-01,2007,10,3,Prokaryote-dominated late-year state,PDO,-2.33
2007-11-01,2007,11,3,Prokaryote-dominated late-year state,PDO,-1.46
2007-12-01,2007,12,1,Diatom-associated early-year state,PDO,-0.87
2008-01-01,2008,1,3,Prokaryote-dominated late-year state,PDO,-1.5
2008-02-01,2008,2,1,Diatom-associated early-year state,PDO,-1.46
2008-03-01,2008,3,1,Diatom-associated early-year state,PDO,-1.26
2008-04-01,2008,4,1,Diatom-associated early-year state,PDO,-1.79
2008-05-01,2008,5,2,Mixed-prokaryote mid-year state,PDO,-1.62
2008-06-01,2008,6,2,Mixed-prokaryote mid-year state,PDO,-1.85
2008-07-01,2008,7,2,Mixed-prokaryote mid-year state,PDO,-1.96
2008-08-01,2008,8,3,Prokaryote-dominated late-year state,PDO,-1.85
2008-09-01,2008,9,3,Prokaryote-dominated late-year state,PDO,-1.87
2008-10-01,2008,10,3,Prokaryote-dominated late-year state,PDO,-1.9
2008-11-01,2008,11,3,Prokaryote-dominated late-year state,PDO,-1.59
2008-12-01,2008,12,1,Diatom-associated early-year state,PDO,-1.31
2009-01-01,2009,1,1,Diatom-associated early-year state,PDO,-1.81
2009-02-01,2009,2,1,Diatom-associated early-year state,PDO,-1.78
2009-03-01,2009,3,1,Diatom-associated early-year state,PDO,-2.06
2009-04-01,2009,4,1,Diatom-associated early-year state,PDO,-2.23
2009-05-01,2009,5,2,Mixed-prokaryote mid-year state,PDO,-1.32
2009-06-01,2009,6,2,Mixed-prokaryote mid-year state,PDO,-0.73
2009-07-01,2009,7,2,Mixed-prokaryote mid-year state,PDO,-0.71
2009-08-01,2009,8,2,Mixed-prokaryote mid-year state,PDO,-0.49
2009-09-01,2009,9,3,Prokaryote-dominated late-year state,PDO,0.33
2009-10-01,2009,10,3,Prokaryote-dominated late-year state,PDO,-0.13
2009-11-01,2009,11,3,Prokaryote-dominated late-year state,PDO,-0.94
2009-12-01,2009,12,1,Diatom-associated early-year state,PDO,-0.51
2010-01-01,2010,1,1,Diatom-associated early-year state,PDO,0.05
2010-02-01,2010,2,1,Diatom-associated early-year state,PDO,0.25
2010-03-01,2010,3,1,Diatom-associated early-year state,PDO,-0.16
2010-04-01,2010,4,1,Diatom-associated early-year state,PDO,-0.04
2010-05-01,2010,5,1,Diatom-associated early-year state,PDO,-0.18
2010-06-01,2010,6,2,Mixed-prokaryote mid-year state,PDO,-0.79
2010-07-01,2010,7,2,Mixed-prokaryote mid-year state,PDO,-1.99
2010-08-01,2010,8,2,Mixed-prokaryote mid-year state,PDO,-2.21
2010-09-01,2010,9,3,Prokaryote-dominated late-year state,PDO,-2.45
2010-10-01,2010,10,3,Prokaryote-dominated late-year state,PDO,-1.6
2010-11-01,2010,11,3,Prokaryote-dominated late-year state,PDO,-1.57
2010-12-01,2010,12,3,Prokaryote-dominated late-year state,PDO,-2.04
2011-01-01,2011,1,1,Diatom-associated early-year state,PDO,-1.8
2011-02-01,2011,2,1,Diatom-associated early-year state,PDO,-1.46
2011-03-01,2011,3,1,Diatom-associated early-year state,PDO,-1.28
2011-04-01,2011,4,1,Diatom-associated early-year state,PDO,-1.02
2011-05-01,2011,5,2,Mixed-prokaryote mid-year state,PDO,-0.66
2011-06-01,2011,6,2,Mixed-prokaryote mid-year state,PDO,-1.08
2011-07-01,2011,7,2,Mixed-prokaryote mid-year state,PDO,-2.3
2011-08-01,2011,8,2,Mixed-prokaryote mid-year state,PDO,-2.37
2011-09-01,2011,9,3,Prokaryote-dominated late-year state,PDO,-2.5
2011-10-01,2011,10,3,Prokaryote-dominated late-year state,PDO,-1.92
2011-11-01,2011,11,3,Prokaryote-dominated late-year state,PDO,-2.95
2011-12-01,2011,12,1,Diatom-associated early-year state,PDO,-2.4
2012-01-01,2012,1,1,Diatom-associated early-year state,PDO,-1.85
2012-02-01,2012,2,3,Prokaryote-dominated late-year state,PDO,-1.35
2012-03-01,2012,3,3,Prokaryote-dominated late-year state,PDO,-1.66
2012-04-01,2012,4,1,Diatom-associated early-year state,PDO,-1.01
2012-05-01,2012,5,1,Diatom-associated early-year state,PDO,-2.12
2012-06-01,2012,6,2,Mixed-prokaryote mid-year state,PDO,-1.63
2012-07-01,2012,7,2,Mixed-prokaryote mid-year state,PDO,-2.4
2012-08-01,2012,8,2,Mixed-prokaryote mid-year state,PDO,-2.6
2012-09-01,2012,9,3,Prokaryote-dominated late-year state,PDO,-2.99
2012-10-01,2012,10,3,Prokaryote-dominated late-year state,PDO,-1.22
2012-11-01,2012,11,3,Prokaryote-dominated late-year state,PDO,-0.66
2012-12-01,2012,12,3,Prokaryote-dominated late-year state,PDO,-1.31
2013-01-01,2013,1,1,Diatom-associated early-year state,PDO,-1.1
2013-02-01,2013,2,3,Prokaryote-dominated late-year state,PDO,-1.42
2013-03-01,2013,3,3,Prokaryote-dominated late-year state,PDO,-1.48
2013-04-01,2013,4,1,Diatom-associated early-year state,PDO,-0.72
2013-05-01,2013,5,1,Diatom-associated early-year state,PDO,-0.4
2013-06-01,2013,6,2,Mixed-prokaryote mid-year state,PDO,-1.19
2013-07-01,2013,7,2,Mixed-prokaryote mid-year state,PDO,-1.34
2013-08-01,2013,8,2,Mixed-prokaryote mid-year state,PDO,-1.56
2013-09-01,2013,9,3,Prokaryote-dominated late-year state,PDO,-1.0
2013-10-01,2013,10,3,Prokaryote-dominated late-year state,PDO,-1.65
2013-11-01,2013,11,3,Prokaryote-dominated late-year state,PDO,-1.09
2013-12-01,2013,12,3,Prokaryote-dominated late-year state,PDO,-1.04
2014-01-01,2014,1,3,Prokaryote-dominated late-year state,PDO,-0.57
2014-02-01,2014,2,3,Prokaryote-dominated late-year state,PDO,-0.42
2014-03-01,2014,3,3,Prokaryote-dominated late-year state,PDO,0.3
2014-04-01,2014,4,1,Diatom-associated early-year state,PDO,0.36
2014-05-01,2014,5,1,Diatom-associated early-year state,PDO,1.27
2014-06-01,2014,6,2,Mixed-prokaryote mid-year state,PDO,-0.28
2014-07-01,2014,7,2,Mixed-prokaryote mid-year state,PDO,0.25
2014-08-01,2014,8,2,Mixed-prokaryote mid-year state,PDO,0.34
2014-09-01,2014,9,2,Mixed-prokaryote mid-year state,PDO,0.76
2014-10-01,2014,10,3,Prokaryote-dominated late-year state,PDO,1.43
2014-11-01,2014,11,3,Prokaryote-dominated late-year state,PDO,1.35
2014-12-01,2014,12,3,Prokaryote-dominated late-year state,PDO,1.86
2015-01-01,2015,1,3,Prokaryote-dominated late-year state,PDO,1.51
2015-02-01,2015,2,3,Prokaryote-dominated late-year state,PDO,1.52
2015-03-01,2015,3,3,Prokaryote-dominated late-year state,PDO,1.33
2015-04-01,2015,4,1,Diatom-associated early-year state,PDO,0.9
2015-05-01,2015,5,2,Mixed-prokaryote mid-year state,PDO,0.32
2015-06-01,2015,6,2,Mixed-prokaryote mid-year state,PDO,0.82
2015-07-01,2015,7,2,Mixed-prokaryote mid-year state,PDO,1.41
2015-08-01,2015,8,2,Mixed-prokaryote mid-year state,PDO,0.98
2015-09-01,2015,9,3,Prokaryote-dominated late-year state,PDO,0.97
2015-10-01,2015,10,3,Prokaryote-dominated late-year state,PDO,0.84
2015-11-01,2015,11,3,Prokaryote-dominated late-year state,PDO,0.17
2015-12-01,2015,12,3,Prokaryote-dominated late-year state,PDO,0.28
2016-01-01,2016,1,3,Prokaryote-dominated late-year state,PDO,0.75
2016-02-01,2016,2,3,Prokaryote-dominated late-year state,PDO,1.29
2016-03-01,2016,3,3,Prokaryote-dominated late-year state,PDO,1.56
2016-04-01,2016,4,3,Prokaryote-dominated late-year state,PDO,1.74
2016-05-01,2016,5,1,Diatom-associated early-year state,PDO,1.6
2016-06-01,2016,6,2,Mixed-prokaryote mid-year state,PDO,0.86
2016-07-01,2016,7,2,Mixed-prokaryote mid-year state,PDO,0.57
2016-08-01,2016,8,2,Mixed-prokaryote mid-year state,PDO,-0.63
2016-09-01,2016,9,2,Mixed-prokaryote mid-year state,PDO,-0.8
2016-10-01,2016,10,3,Prokaryote-dominated late-year state,PDO,-0.43
2016-11-01,2016,11,2,Mixed-prokaryote mid-year state,PDO,0.96
2016-12-01,2016,12,1,Diatom-associated early-year state,PDO,0.61
2017-01-01,2017,1,1,Diatom-associated early-year state,PDO,-0.05
2017-02-01,2017,2,1,Diatom-associated early-year state,PDO,-0.01
2017-03-01,2017,3,1,Diatom-associated early-year state,PDO,0.1
2017-04-01,2017,4,1,Diatom-associated early-year state,PDO,0.56
2017-05-01,2017,5,3,Prokaryote-dominated late-year state,PDO,0.45
2017-06-01,2017,6,2,Mixed-prokaryote mid-year state,PDO,0.35
2017-07-01,2017,7,2,Mixed-prokaryote mid-year state,PDO,-0.43
2017-08-01,2017,8,2,Mixed-prokaryote mid-year state,PDO,-0.62
2017-09-01,2017,9,3,Prokaryote-dominated late-year state,PDO,-0.18
2017-10-01,2017,10,2,Mixed-prokaryote mid-year state,PDO,-0.68
2017-11-01,2017,11,2,Mixed-prokaryote mid-year state,PDO,-0.59
2017-12-01,2017,12,1,Diatom-associated early-year state,PDO,-0.02
2018-01-01,2018,1,1,Diatom-associated early-year state,PDO,0.39
2018-02-01,2018,2,1,Diatom-associated early-year state,PDO,-0.08
2018-03-01,2018,3,1,Diatom-associated early-year state,PDO,-0.71
2018-04-01,2018,4,3,Prokaryote-dominated late-year state,PDO,-0.81
2018-05-01,2018,5,3,Prokaryote-dominated late-year state,PDO,-0.45
2018-06-01,2018,6,2,Mixed-prokaryote mid-year state,PDO,-0.65
2018-07-01,2018,7,2,Mixed-prokaryote mid-year state,PDO,-0.01
2018-08-01,2018,8,2,Mixed-prokaryote mid-year state,PDO,-0.24
2018-09-01,2018,9,3,Prokaryote-dominated late-year state,PDO,-0.35
2018-10-01,2018,10,3,Prokaryote-dominated late-year state,PDO,-0.57
2018-11-01,2018,11,2,Mixed-prokaryote mid-year state,PDO,-0.69
2018-12-01,2018,12,1,Diatom-associated early-year state,PDO,-0.21
2019-01-01,2019,1,1,Diatom-associated early-year state,PDO,-0.34
2019-02-01,2019,2,1,Diatom-associated early-year state,PDO,-0.72
2019-03-01,2019,3,1,Diatom-associated early-year state,PDO,-0.39
2019-04-01,2019,4,1,Diatom-associated early-year state,PDO,0.1
2019-05-01,2019,5,3,Prokaryote-dominated late-year state,PDO,0.26
2019-06-01,2019,6,2,Mixed-prokaryote mid-year state,PDO,-0.05
2019-07-01,2019,7,2,Mixed-prokaryote mid-year state,PDO,0.54
2019-08-01,2019,8,3,Prokaryote-dominated late-year state,PDO,0.01
2019-09-01,2019,9,3,Prokaryote-dominated late-year state,PDO,0.13
2019-10-01,2019,10,3,Prokaryote-dominated late-year state,PDO,-0.9
2019-11-01,2019,11,3,Prokaryote-dominated late-year state,PDO,-0.49
2019-12-01,2019,12,1,Diatom-associated early-year state,PDO,0.0
2020-01-01,2020,1,1,Diatom-associated early-year state,PDO,-1.41
2020-02-01,2020,2,1,Diatom-associated early-year state,PDO,-1.48
2020-03-01,2020,3,1,Diatom-associated early-year state,PDO,-1.75
2020-04-01,2020,4,3,Prokaryote-dominated late-year state,PDO,-1.32
2020-05-01,2020,5,2,Mixed-prokaryote mid-year state,PDO,-0.53
2020-06-01,2020,6,3,Prokaryote-dominated late-year state,PDO,-0.76
2020-07-01,2020,7,2,Mixed-prokaryote mid-year state,PDO,-0.92
2020-08-01,2020,8,2,Mixed-prokaryote mid-year state,PDO,-1.33
2020-09-01,2020,9,3,Prokaryote-dominated late-year state,PDO,-1.04
2020-10-01,2020,10,3,Prokaryote-dominated late-year state,PDO,-0.62
2020-11-01,2020,11,2,Mixed-prokaryote mid-year state,PDO,-1.59
2020-12-01,2020,12,1,Diatom-associated early-year state,PDO,-0.99
2021-01-01,2021,1,1,Diatom-associated early-year state,PDO,-0.61
2021-02-01,2021,2,1,Diatom-associated early-year state,PDO,-1.1
2021-03-01,2021,3,1,Diatom-associated early-year state,PDO,-1.68
2021-04-01,2021,4,3,Prokaryote-dominated late-year state,PDO,-1.85
2021-05-01,2021,5,3,Prokaryote-dominated late-year state,PDO,-2.01
2021-06-01,2021,6,2,Mixed-prokaryote mid-year state,PDO,-1.81
2021-07-01,2021,7,2,Mixed-prokaryote mid-year state,PDO,-1.96
2021-08-01,2021,8,3,Prokaryote-dominated late-year state,PDO,-0.94
2021-09-01,2021,9,3,Prokaryote-dominated late-year state,PDO,-1.96
2021-10-01,2021,10,3,Prokaryote-dominated late-year state,PDO,-3.11
2021-11-01,2021,11,2,Mixed-prokaryote mid-year state,PDO,-2.75
2021-12-01,2021,12,1,Diatom-associated early-year state,PDO,-2.71
2022-01-01,2022,1,1,Diatom-associated early-year state,PDO,-2.4
2022-02-01,2022,2,1,Diatom-associated early-year state,PDO,-1.91
2022-03-01,2022,3,3,Prokaryote-dominated late-year state,PDO,-1.67
2022-04-01,2022,4,3,Prokaryote-dominated late-year state,PDO,-2.1
2022-05-01,2022,5,3,Prokaryote-dominated late-year state,PDO,-2.25
2022-06-01,2022,6,2,Mixed-prokaryote mid-year state,PDO,-1.34
2022-07-01,2022,7,2,Mixed-prokaryote mid-year state,PDO,-2.62
2022-08-01,2022,8,3,Prokaryote-dominated late-year state,PDO,-2.38
2022-09-01,2022,9,3,Prokaryote-dominated late-year state,PDO,-2.29
2022-10-01,2022,10,3,Prokaryote-dominated late-year state,PDO,-1.8
2022-11-01,2022,11,2,Mixed-prokaryote mid-year state,PDO,-2.41
2022-12-01,2022,12,1,Diatom-associated early-year state,PDO,-2.21
2003-01-01,2003,1,1,Diatom-associated early-year state,NINO_3.4,0.98
2003-02-01,2003,2,1,Diatom-associated early-year state,NINO_3.4,0.64
2003-03-01,2003,3,1,Diatom-associated early-year state,NINO_3.4,0.48
2003-04-01,2003,4,1,Diatom-associated early-year state,NINO_3.4,-0.03
2003-05-01,2003,5,2,Mixed-prokaryote mid-year state,NINO_3.4,-0.52
2003-06-01,2003,6,2,Mixed-prokaryote mid-year state,NINO_3.4,-0.19
2003-07-01,2003,7,2,Mixed-prokaryote mid-year state,NINO_3.4,0.14
2003-08-01,2003,8,3,Prokaryote-dominated late-year state,NINO_3.4,0.05
2003-09-01,2003,9,3,Prokaryote-dominated late-year state,NINO_3.4,0.15
2003-10-01,2003,10,3,Prokaryote-dominated late-year state,NINO_3.4,0.46
2003-11-01,2003,11,3,Prokaryote-dominated late-year state,NINO_3.4,0.39
2003-12-01,2003,12,3,Prokaryote-dominated late-year state,NINO_3.4,0.32
2004-01-01,2004,1,1,Diatom-associated early-year state,NINO_3.4,0.26
2004-02-01,2004,2,1,Diatom-associated early-year state,NINO_3.4,0.17
2004-03-01,2004,3,1,Diatom-associated early-year state,NINO_3.4,-0.1
2004-04-01,2004,4,1,Diatom-associated early-year state,NINO_3.4,0.06
2004-05-01,2004,5,1,Diatom-associated early-year state,NINO_3.4,0.1
2004-06-01,2004,6,2,Mixed-prokaryote mid-year state,NINO_3.4,0.14
2004-07-01,2004,7,2,Mixed-prokaryote mid-year state,NINO_3.4,0.41
2004-08-01,2004,8,3,Prokaryote-dominated late-year state,NINO_3.4,0.66
2004-09-01,2004,9,3,Prokaryote-dominated late-year state,NINO_3.4,0.67
2004-10-01,2004,10,3,Prokaryote-dominated late-year state,NINO_3.4,0.73
2004-11-01,2004,11,3,Prokaryote-dominated late-year state,NINO_3.4,0.62
2004-12-01,2004,12,3,Prokaryote-dominated late-year state,NINO_3.4,0.71
2005-01-01,2005,1,1,Diatom-associated early-year state,NINO_3.4,0.56
2005-02-01,2005,2,1,Diatom-associated early-year state,NINO_3.4,0.26
2005-03-01,2005,3,1,Diatom-associated early-year state,NINO_3.4,0.28
2005-04-01,2005,4,1,Diatom-associated early-year state,NINO_3.4,0.28
2005-05-01,2005,5,2,Mixed-prokaryote mid-year state,NINO_3.4,0.3
2005-06-01,2005,6,2,Mixed-prokaryote mid-year state,NINO_3.4,0.22
2005-07-01,2005,7,2,Mixed-prokaryote mid-year state,NINO_3.4,-0.01
2005-08-01,2005,8,3,Prokaryote-dominated late-year state,NINO_3.4,-0.04
2005-09-01,2005,9,3,Prokaryote-dominated late-year state,NINO_3.4,-0.08
2005-10-01,2005,10,3,Prokaryote-dominated late-year state,NINO_3.4,-0.15
2005-11-01,2005,11,3,Prokaryote-dominated late-year state,NINO_3.4,-0.44
2005-12-01,2005,12,1,Diatom-associated early-year state,NINO_3.4,-0.75
2006-01-01,2006,1,1,Diatom-associated early-year state,NINO_3.4,-0.98
2006-02-01,2006,2,1,Diatom-associated early-year state,NINO_3.4,-0.71
2006-03-01,2006,3,1,Diatom-associated early-year state,NINO_3.4,-0.73
2006-04-01,2006,4,1,Diatom-associated early-year state,NINO_3.4,-0.3
2006-05-01,2006,5,1,Diatom-associated early-year state,NINO_3.4,-0.11
2006-06-01,2006,6,2,Mixed-prokaryote mid-year state,NINO_3.4,0.09
2006-07-01,2006,7,2,Mixed-prokaryote mid-year state,NINO_3.4,0.03
2006-08-01,2006,8,2,Mixed-prokaryote mid-year state,NINO_3.4,0.37
2006-09-01,2006,9,3,Prokaryote-dominated late-year state,NINO_3.4,0.63
2006-10-01,2006,10,3,Prokaryote-dominated late-year state,NINO_3.4,0.76
2006-11-01,2006,11,3,Prokaryote-dominated late-year state,NINO_3.4,0.98
2006-12-01,2006,12,3,Prokaryote-dominated late-year state,NINO_3.4,1.1
2007-01-01,2007,1,1,Diatom-associated early-year state,NINO_3.4,0.59
2007-02-01,2007,2,1,Diatom-associated early-year state,NINO_3.4,0.12
2007-03-01,2007,3,1,Diatom-associated early-year state,NINO_3.4,-0.15
2007-04-01,2007,4,1,Diatom-associated early-year state,NINO_3.4,-0.16
2007-05-01,2007,5,2,Mixed-prokaryote mid-year state,NINO_3.4,-0.39
2007-06-01,2007,6,2,Mixed-prokaryote mid-year state,NINO_3.4,-0.16
2007-07-01,2007,7,2,Mixed-prokaryote mid-year state,NINO_3.4,-0.37
2007-08-01,2007,8,2,Mixed-prokaryote mid-year state,NINO_3.4,-0.57
2007-09-01,2007,9,3,Prokaryote-dominated late-year state,NINO_3.4,-1.04
2007-10-01,2007,10,3,Prokaryote-dominated late-year state,NINO_3.4,-1.4
2007-11-01,2007,11,3,Prokaryote-dominated late-year state,NINO_3.4,-1.58
2007-12-01,2007,12,1,Diatom-associated early-year state,NINO_3.4,-1.61
2008-01-01,2008,1,3,Prokaryote-dominated late-year state,NINO_3.4,-1.79
2008-02-01,2008,2,1,Diatom-associated early-year state,NINO_3.4,-1.7
2008-03-01,2008,3,1,Diatom-associated early-year state,NINO_3.4,-1.17
2008-04-01,2008,4,1,Diatom-associated early-year state,NINO_3.4,-0.89
2008-05-01,2008,5,2,Mixed-prokaryote mid-year state,NINO_3.4,-0.64
2008-06-01,2008,6,2,Mixed-prokaryote mid-year state,NINO_3.4,-0.44
2008-07-01,2008,7,2,Mixed-prokaryote mid-year state,NINO_3.4,-0.04
2008-08-01,2008,8,3,Prokaryote-dominated late-year state,NINO_3.4,-0.04
2008-09-01,2008,9,3,Prokaryote-dominated late-year state,NINO_3.4,-0.28
2008-10-01,2008,10,3,Prokaryote-dominated late-year state,NINO_3.4,-0.3
2008-11-01,2008,11,3,Prokaryote-dominated late-year state,NINO_3.4,-0.37
2008-12-01,2008,12,1,Diatom-associated early-year state,NINO_3.4,-0.9
2009-01-01,2009,1,1,Diatom-associated early-year state,NINO_3.4,-1.0
2009-02-01,2009,2,1,Diatom-associated early-year state,NINO_3.4,-0.71
2009-03-01,2009,3,1,Diatom-associated early-year state,NINO_3.4,-0.72
2009-04-01,2009,4,1,Diatom-associated early-year state,NINO_3.4,-0.25
2009-05-01,2009,5,2,Mixed-prokaryote mid-year state,NINO_3.4,0.17
2009-06-01,2009,6,2,Mixed-prokaryote mid-year state,NINO_3.4,0.49
2009-07-01,2009,7,2,Mixed-prokaryote mid-year state,NINO_3.4,0.69
2009-08-01,2009,8,2,Mixed-prokaryote mid-year state,NINO_3.4,0.62
2009-09-01,2009,9,3,Prokaryote-dominated late-year state,NINO_3.4,0.68
2009-10-01,2009,10,3,Prokaryote-dominated late-year state,NINO_3.4,0.96
2009-11-01,2009,11,3,Prokaryote-dominated late-year state,NINO_3.4,1.49
2009-12-01,2009,12,1,Diatom-associated early-year state,NINO_3.4,1.81
2010-01-01,2010,1,1,Diatom-associated early-year state,NINO_3.4,1.43
2010-02-01,2010,2,1,Diatom-associated early-year state,NINO_3.4,1.18
2010-03-01,2010,3,1,Diatom-associated early-year state,NINO_3.4,1.07
2010-04-01,2010,4,1,Diatom-associated early-year state,NINO_3.4,0.56
2010-05-01,2010,5,1,Diatom-associated early-year state,NINO_3.4,-0.15
2010-06-01,2010,6,2,Mixed-prokaryote mid-year state,NINO_3.4,-0.62
2010-07-01,2010,7,2,Mixed-prokaryote mid-year state,NINO_3.4,-0.89
2010-08-01,2010,8,2,Mixed-prokaryote mid-year state,NINO_3.4,-1.33
2010-09-01,2010,9,3,Prokaryote-dominated late-year state,NINO_3.4,-1.56
2010-10-01,2010,10,3,Prokaryote-dominated late-year state,NINO_3.4,-1.65
2010-11-01,2010,11,3,Prokaryote-dominated late-year state,NINO_3.4,-1.57
2010-12-01,2010,12,3,Prokaryote-dominated late-year state,NINO_3.4,-1.63
2011-01-01,2011,1,1,Diatom-associated early-year state,NINO_3.4,-1.7
2011-02-01,2011,2,1,Diatom-associated early-year state,NINO_3.4,-1.26
2011-03-01,2011,3,1,Diatom-associated early-year state,NINO_3.4,-0.98
2011-04-01,2011,4,1,Diatom-associated early-year state,NINO_3.4,-0.74
2011-05-01,2011,5,2,Mixed-prokaryote mid-year state,NINO_3.4,-0.53
2011-06-01,2011,6,2,Mixed-prokaryote mid-year state,NINO_3.4,-0.25
2011-07-01,2011,7,2,Mixed-prokaryote mid-year state,NINO_3.4,-0.23
2011-08-01,2011,8,2,Mixed-prokaryote mid-year state,NINO_3.4,-0.66
2011-09-01,2011,9,3,Prokaryote-dominated late-year state,NINO_3.4,-0.76
2011-10-01,2011,10,3,Prokaryote-dominated late-year state,NINO_3.4,-0.93
2011-11-01,2011,11,3,Prokaryote-dominated late-year state,NINO_3.4,-1.09
2011-12-01,2011,12,1,Diatom-associated early-year state,NINO_3.4,-1.05
2012-01-01,2012,1,1,Diatom-associated early-year state,NINO_3.4,-0.93
2012-02-01,2012,2,3,Prokaryote-dominated late-year state,NINO_3.4,-0.61
2012-03-01,2012,3,3,Prokaryote-dominated late-year state,NINO_3.4,-0.48
2012-04-01,2012,4,1,Diatom-associated early-year state,NINO_3.4,-0.29
2012-05-01,2012,5,1,Diatom-associated early-year state,NINO_3.4,-0.18
2012-06-01,2012,6,2,Mixed-prokaryote mid-year state,NINO_3.4,0.14
2012-07-01,2012,7,2,Mixed-prokaryote mid-year state,NINO_3.4,0.44
2012-08-01,2012,8,2,Mixed-prokaryote mid-year state,NINO_3.4,0.66
2012-09-01,2012,9,3,Prokaryote-dominated late-year state,NINO_3.4,0.44
2012-10-01,2012,10,3,Prokaryote-dominated late-year state,NINO_3.4,0.23
2012-11-01,2012,11,3,Prokaryote-dominated late-year state,NINO_3.4,0.33
2012-12-01,2012,12,3,Prokaryote-dominated late-year state,NINO_3.4,-0.13
2013-01-01,2013,1,1,Diatom-associated early-year state,NINO_3.4,-0.42
2013-02-01,2013,2,3,Prokaryote-dominated late-year state,NINO_3.4,-0.4
2013-03-01,2013,3,3,Prokaryote-dominated late-year state,NINO_3.4,-0.14
2013-04-01,2013,4,1,Diatom-associated early-year state,NINO_3.4,-0.08
2013-05-01,2013,5,1,Diatom-associated early-year state,NINO_3.4,-0.28
2013-06-01,2013,6,2,Mixed-prokaryote mid-year state,NINO_3.4,-0.33
2013-07-01,2013,7,2,Mixed-prokaryote mid-year state,NINO_3.4,-0.28
2013-08-01,2013,8,2,Mixed-prokaryote mid-year state,NINO_3.4,-0.29
2013-09-01,2013,9,3,Prokaryote-dominated late-year state,NINO_3.4,-0.09
2013-10-01,2013,10,3,Prokaryote-dominated late-year state,NINO_3.4,-0.24
2013-11-01,2013,11,3,Prokaryote-dominated late-year state,NINO_3.4,-0.02
2013-12-01,2013,12,3,Prokaryote-dominated late-year state,NINO_3.4,-0.09
2014-01-01,2014,1,3,Prokaryote-dominated late-year state,NINO_3.4,-0.42
2014-02-01,2014,2,3,Prokaryote-dominated late-year state,NINO_3.4,-0.45
2014-03-01,2014,3,3,Prokaryote-dominated late-year state,NINO_3.4,-0.07
2014-04-01,2014,4,1,Diatom-associated early-year state,NINO_3.4,0.28
2014-05-01,2014,5,1,Diatom-associated early-year state,NINO_3.4,0.45
2014-06-01,2014,6,2,Mixed-prokaryote mid-year state,NINO_3.4,0.48
2014-07-01,2014,7,2,Mixed-prokaryote mid-year state,NINO_3.4,0.13
2014-08-01,2014,8,2,Mixed-prokaryote mid-year state,NINO_3.4,0.14
2014-09-01,2014,9,2,Mixed-prokaryote mid-year state,NINO_3.4,0.37
2014-10-01,2014,10,3,Prokaryote-dominated late-year state,NINO_3.4,0.48
2014-11-01,2014,11,3,Prokaryote-dominated late-year state,NINO_3.4,0.89
2014-12-01,2014,12,3,Prokaryote-dominated late-year state,NINO_3.4,0.77
2015-01-01,2015,1,3,Prokaryote-dominated late-year state,NINO_3.4,0.59
2015-02-01,2015,2,3,Prokaryote-dominated late-year state,NINO_3.4,0.57
2015-03-01,2015,3,3,Prokaryote-dominated late-year state,NINO_3.4,0.48
2015-04-01,2015,4,1,Diatom-associated early-year state,NINO_3.4,0.9
2015-05-01,2015,5,2,Mixed-prokaryote mid-year state,NINO_3.4,1.04
2015-06-01,2015,6,2,Mixed-prokaryote mid-year state,NINO_3.4,1.28
2015-07-01,2015,7,2,Mixed-prokaryote mid-year state,NINO_3.4,1.56
2015-08-01,2015,8,2,Mixed-prokaryote mid-year state,NINO_3.4,1.87
2015-09-01,2015,9,3,Prokaryote-dominated late-year state,NINO_3.4,2.01
2015-10-01,2015,10,3,Prokaryote-dominated late-year state,NINO_3.4,2.21
2015-11-01,2015,11,3,Prokaryote-dominated late-year state,NINO_3.4,2.57
2015-12-01,2015,12,3,Prokaryote-dominated late-year state,NINO_3.4,2.56
2016-01-01,2016,1,3,Prokaryote-dominated late-year state,NINO_3.4,2.56
2016-02-01,2016,2,3,Prokaryote-dominated late-year state,NINO_3.4,2.11
2016-03-01,2016,3,3,Prokaryote-dominated late-year state,NINO_3.4,1.6
2016-04-01,2016,4,3,Prokaryote-dominated late-year state,NINO_3.4,1.05
2016-05-01,2016,5,1,Diatom-associated early-year state,NINO_3.4,0.45
2016-06-01,2016,6,2,Mixed-prokaryote mid-year state,NINO_3.4,0.06
2016-07-01,2016,7,2,Mixed-prokaryote mid-year state,NINO_3.4,-0.25
2016-08-01,2016,8,2,Mixed-prokaryote mid-year state,NINO_3.4,-0.48
2016-09-01,2016,9,2,Mixed-prokaryote mid-year state,NINO_3.4,-0.46
2016-10-01,2016,10,3,Prokaryote-dominated late-year state,NINO_3.4,-0.75
2016-11-01,2016,11,2,Mixed-prokaryote mid-year state,NINO_3.4,-0.63
2016-12-01,2016,12,1,Diatom-associated early-year state,NINO_3.4,-0.51
2017-01-01,2017,1,1,Diatom-associated early-year state,NINO_3.4,-0.34
2017-02-01,2017,2,1,Diatom-associated early-year state,NINO_3.4,-0.01
2017-03-01,2017,3,1,Diatom-associated early-year state,NINO_3.4,-0.09
2017-04-01,2017,4,1,Diatom-associated early-year state,NINO_3.4,0.22
2017-05-01,2017,5,3,Prokaryote-dominated late-year state,NINO_3.4,0.3
2017-06-01,2017,6,2,Mixed-prokaryote mid-year state,NINO_3.4,0.22
2017-07-01,2017,7,2,Mixed-prokaryote mid-year state,NINO_3.4,0.22
2017-08-01,2017,8,2,Mixed-prokaryote mid-year state,NINO_3.4,-0.18
2017-09-01,2017,9,3,Prokaryote-dominated late-year state,NINO_3.4,-0.56
2017-10-01,2017,10,2,Mixed-prokaryote mid-year state,NINO_3.4,-0.52
2017-11-01,2017,11,2,Mixed-prokaryote mid-year state,NINO_3.4,-0.84
2017-12-01,2017,12,1,Diatom-associated early-year state,NINO_3.4,-0.85
2018-01-01,2018,1,1,Diatom-associated early-year state,NINO_3.4,-0.86
2018-02-01,2018,2,1,Diatom-associated early-year state,NINO_3.4,-0.73
2018-03-01,2018,3,1,Diatom-associated early-year state,NINO_3.4,-0.73
2018-04-01,2018,4,3,Prokaryote-dominated late-year state,NINO_3.4,-0.36
2018-05-01,2018,5,3,Prokaryote-dominated late-year state,NINO_3.4,-0.12
2018-06-01,2018,6,2,Mixed-prokaryote mid-year state,NINO_3.4,0.12
2018-07-01,2018,7,2,Mixed-prokaryote mid-year state,NINO_3.4,0.27
2018-08-01,2018,8,2,Mixed-prokaryote mid-year state,NINO_3.4,0.05
2018-09-01,2018,9,3,Prokaryote-dominated late-year state,NINO_3.4,0.3
2018-10-01,2018,10,3,Prokaryote-dominated late-year state,NINO_3.4,0.84
2018-11-01,2018,11,2,Mixed-prokaryote mid-year state,NINO_3.4,1.0
2018-12-01,2018,12,1,Diatom-associated early-year state,NINO_3.4,0.97
2019-01-01,2019,1,1,Diatom-associated early-year state,NINO_3.4,0.51
2019-02-01,2019,2,1,Diatom-associated early-year state,NINO_3.4,0.62
2019-03-01,2019,3,1,Diatom-associated early-year state,NINO_3.4,0.81
2019-04-01,2019,4,1,Diatom-associated early-year state,NINO_3.4,0.67
2019-05-01,2019,5,3,Prokaryote-dominated late-year state,NINO_3.4,0.61
2019-06-01,2019,6,2,Mixed-prokaryote mid-year state,NINO_3.4,0.66
2019-07-01,2019,7,2,Mixed-prokaryote mid-year state,NINO_3.4,0.41
2019-08-01,2019,8,3,Prokaryote-dominated late-year state,NINO_3.4,0.19
2019-09-01,2019,9,3,Prokaryote-dominated late-year state,NINO_3.4,0.11
2019-10-01,2019,10,3,Prokaryote-dominated late-year state,NINO_3.4,0.55
2019-11-01,2019,11,3,Prokaryote-dominated late-year state,NINO_3.4,0.74
2019-12-01,2019,12,1,Diatom-associated early-year state,NINO_3.4,0.51
2020-01-01,2020,1,1,Diatom-associated early-year state,NINO_3.4,0.64
2020-02-01,2020,2,1,Diatom-associated early-year state,NINO_3.4,0.48
2020-03-01,2020,3,1,Diatom-associated early-year state,NINO_3.4,0.36
2020-04-01,2020,4,3,Prokaryote-dominated late-year state,NINO_3.4,0.49
2020-05-01,2020,5,2,Mixed-prokaryote mid-year state,NINO_3.4,-0.12
2020-06-01,2020,6,3,Prokaryote-dominated late-year state,NINO_3.4,-0.21
2020-07-01,2020,7,2,Mixed-prokaryote mid-year state,NINO_3.4,-0.04
2020-08-01,2020,8,2,Mixed-prokaryote mid-year state,NINO_3.4,-0.42
2020-09-01,2020,9,3,Prokaryote-dominated late-year state,NINO_3.4,-0.66
2020-10-01,2020,10,3,Prokaryote-dominated late-year state,NINO_3.4,-1.19
2020-11-01,2020,11,2,Mixed-prokaryote mid-year state,NINO_3.4,-1.01
2020-12-01,2020,12,1,Diatom-associated early-year state,NINO_3.4,-0.98
2021-01-01,2021,1,1,Diatom-associated early-year state,NINO_3.4,-1.04
2021-02-01,2021,2,1,Diatom-associated early-year state,NINO_3.4,-0.94
2021-03-01,2021,3,1,Diatom-associated early-year state,NINO_3.4,-0.72
2021-04-01,2021,4,3,Prokaryote-dominated late-year state,NINO_3.4,-0.55
2021-05-01,2021,5,3,Prokaryote-dominated late-year state,NINO_3.4,-0.41
2021-06-01,2021,6,2,Mixed-prokaryote mid-year state,NINO_3.4,-0.06
2021-07-01,2021,7,2,Mixed-prokaryote mid-year state,NINO_3.4,-0.2
2021-08-01,2021,8,3,Prokaryote-dominated late-year state,NINO_3.4,-0.38
2021-09-01,2021,9,3,Prokaryote-dominated late-year state,NINO_3.4,-0.5
2021-10-01,2021,10,3,Prokaryote-dominated late-year state,NINO_3.4,-0.78
2021-11-01,2021,11,2,Mixed-prokaryote mid-year state,NINO_3.4,-0.88
2021-12-01,2021,12,1,Diatom-associated early-year state,NINO_3.4,-1.07
2022-01-01,2022,1,1,Diatom-associated early-year state,NINO_3.4,-0.77
2022-02-01,2022,2,1,Diatom-associated early-year state,NINO_3.4,-0.68
2022-03-01,2022,3,3,Prokaryote-dominated late-year state,NINO_3.4,-0.84
2022-04-01,2022,4,3,Prokaryote-dominated late-year state,NINO_3.4,-0.9
2022-05-01,2022,5,3,Prokaryote-dominated late-year state,NINO_3.4,-1.02
2022-06-01,2022,6,2,Mixed-prokaryote mid-year state,NINO_3.4,-0.77
2022-07-01,2022,7,2,Mixed-prokaryote mid-year state,NINO_3.4,-0.56
2022-08-01,2022,8,3,Prokaryote-dominated late-year state,NINO_3.4,-0.96
2022-09-01,2022,9,3,Prokaryote-dominated late-year state,NINO_3.4,-1.06
2022-10-01,2022,10,3,Prokaryote-dominated late-year state,NINO_3.4,-0.99
2022-11-01,2022,11,2,Mixed-prokaryote mid-year state,NINO_3.4,-0.76
2022-12-01,2022,12,1,Diatom-associated early-year state,NINO_3.4,-0.86
2003-01-01,2003,1,1,Diatom-associated early-year state,WPI,-0.14
2003-02-01,2003,2,1,Diatom-associated early-year state,WPI,0.17
2003-03-01,2003,3,1,Diatom-associated early-year state,WPI,-1.01
2003-04-01,2003,4,1,Diatom-associated early-year state,WPI,1.58
2003-05-01,2003,5,2,Mixed-prokaryote mid-year state,WPI,0.03
2003-06-01,2003,6,2,Mixed-prokaryote mid-year state,WPI,0.76
2003-07-01,2003,7,2,Mixed-prokaryote mid-year state,WPI,-1.94
2003-08-01,2003,8,3,Prokaryote-dominated late-year state,WPI,-0.9
2003-09-01,2003,9,3,Prokaryote-dominated late-year state,WPI,-2.17
2003-10-01,2003,10,3,Prokaryote-dominated late-year state,WPI,-0.42
2003-11-01,2003,11,3,Prokaryote-dominated late-year state,WPI,0.69
2003-12-01,2003,12,3,Prokaryote-dominated late-year state,WPI,0.8
2004-01-01,2004,1,1,Diatom-associated early-year state,WPI,-1.58
2004-02-01,2004,2,1,Diatom-associated early-year state,WPI,0.6
2004-03-01,2004,3,1,Diatom-associated early-year state,WPI,0.13
2004-04-01,2004,4,1,Diatom-associated early-year state,WPI,0.49
2004-05-01,2004,5,1,Diatom-associated early-year state,WPI,0.4
2004-06-01,2004,6,2,Mixed-prokaryote mid-year state,WPI,2.08
2004-07-01,2004,7,2,Mixed-prokaryote mid-year state,WPI,0.34
2004-08-01,2004,8,3,Prokaryote-dominated late-year state,WPI,-0.03
2004-09-01,2004,9,3,Prokaryote-dominated late-year state,WPI,0.26
2004-10-01,2004,10,3,Prokaryote-dominated late-year state,WPI,0.89
2004-11-01,2004,11,3,Prokaryote-dominated late-year state,WPI,0.65
2004-12-01,2004,12,3,Prokaryote-dominated late-year state,WPI,0.2
2005-01-01,2005,1,1,Diatom-associated early-year state,WPI,-0.93
2005-02-01,2005,2,1,Diatom-associated early-year state,WPI,0.34
2005-03-01,2005,3,1,Diatom-associated early-year state,WPI,-0.22
2005-04-01,2005,4,1,Diatom-associated early-year state,WPI,-0.18
2005-05-01,2005,5,2,Mixed-prokaryote mid-year state,WPI,-0.08
2005-06-01,2005,6,2,Mixed-prokaryote mid-year state,WPI,0.79
2005-07-01,2005,7,2,Mixed-prokaryote mid-year state,WPI,-1.2
2005-08-01,2005,8,3,Prokaryote-dominated late-year state,WPI,0.35
2005-09-01,2005,9,3,Prokaryote-dominated late-year state,WPI,0.57
2005-10-01,2005,10,3,Prokaryote-dominated late-year state,WPI,1.0
2005-11-01,2005,11,3,Prokaryote-dominated late-year state,WPI,-1.84
2005-12-01,2005,12,1,Diatom-associated early-year state,WPI,-2.04
2006-01-01,2006,1,1,Diatom-associated early-year state,WPI,0.71
2006-02-01,2006,2,1,Diatom-associated early-year state,WPI,2.06
2006-03-01,2006,3,1,Diatom-associated early-year state,WPI,0.49
2006-04-01,2006,4,1,Diatom-associated early-year state,WPI,0.56
2006-05-01,2006,5,1,Diatom-associated early-year state,WPI,0.19
2006-06-01,2006,6,2,Mixed-prokaryote mid-year state,WPI,-1.15
2006-07-01,2006,7,2,Mixed-prokaryote mid-year state,WPI,-1.0
2006-08-01,2006,8,2,Mixed-prokaryote mid-year state,WPI,-0.16
2006-09-01,2006,9,3,Prokaryote-dominated late-year state,WPI,0.05
2006-10-01,2006,10,3,Prokaryote-dominated late-year state,WPI,0.67
2006-11-01,2006,11,3,Prokaryote-dominated late-year state,WPI,-1.84
2006-12-01,2006,12,3,Prokaryote-dominated late-year state,WPI,1.18
2007-01-01,2007,1,1,Diatom-associated early-year state,WPI,1.81
2007-02-01,2007,2,1,Diatom-associated early-year state,WPI,0.15
2007-03-01,2007,3,1,Diatom-associated early-year state,WPI,-1.06
2007-04-01,2007,4,1,Diatom-associated early-year state,WPI,-1.61
2007-05-01,2007,5,2,Mixed-prokaryote mid-year state,WPI,-0.66
2007-06-01,2007,6,2,Mixed-prokaryote mid-year state,WPI,-0.17
2007-07-01,2007,7,2,Mixed-prokaryote mid-year state,WPI,-0.09
2007-08-01,2007,8,2,Mixed-prokaryote mid-year state,WPI,0.02
2007-09-01,2007,9,3,Prokaryote-dominated late-year state,WPI,1.2
2007-10-01,2007,10,3,Prokaryote-dominated late-year state,WPI,0.4
2007-11-01,2007,11,3,Prokaryote-dominated late-year state,WPI,-0.04
2007-12-01,2007,12,1,Diatom-associated early-year state,WPI,0.37
2008-01-01,2008,1,3,Prokaryote-dominated late-year state,WPI,0.92
2008-02-01,2008,2,1,Diatom-associated early-year state,WPI,0.01
2008-03-01,2008,3,1,Diatom-associated early-year state,WPI,-1.35
2008-04-01,2008,4,1,Diatom-associated early-year state,WPI,0.28
2008-05-01,2008,5,2,Mixed-prokaryote mid-year state,WPI,-0.66
2008-06-01,2008,6,2,Mixed-prokaryote mid-year state,WPI,-0.36
2008-07-01,2008,7,2,Mixed-prokaryote mid-year state,WPI,0.02
2008-08-01,2008,8,3,Prokaryote-dominated late-year state,WPI,-1.32
2008-09-01,2008,9,3,Prokaryote-dominated late-year state,WPI,-0.83
2008-10-01,2008,10,3,Prokaryote-dominated late-year state,WPI,0.19
2008-11-01,2008,11,3,Prokaryote-dominated late-year state,WPI,0.33
2008-12-01,2008,12,1,Diatom-associated early-year state,WPI,1.01
2009-01-01,2009,1,1,Diatom-associated early-year state,WPI,0.01
2009-02-01,2009,2,1,Diatom-associated early-year state,WPI,1.71
2009-03-01,2009,3,1,Diatom-associated early-year state,WPI,0.22
2009-04-01,2009,4,1,Diatom-associated early-year state,WPI,0.02
2009-05-01,2009,5,2,Mixed-prokaryote mid-year state,WPI,-0.67
2009-06-01,2009,6,2,Mixed-prokaryote mid-year state,WPI,-1.74
2009-07-01,2009,7,2,Mixed-prokaryote mid-year state,WPI,1.2
2009-08-01,2009,8,2,Mixed-prokaryote mid-year state,WPI,0.66
2009-09-01,2009,9,3,Prokaryote-dominated late-year state,WPI,-1.02
2009-10-01,2009,10,3,Prokaryote-dominated late-year state,WPI,-2.05
2009-11-01,2009,11,3,Prokaryote-dominated late-year state,WPI,1.27
2009-12-01,2009,12,1,Diatom-associated early-year state,WPI,-1.07
2010-01-01,2010,1,1,Diatom-associated early-year state,WPI,0.47
2010-02-01,2010,2,1,Diatom-associated early-year state,WPI,0.23
2010-03-01,2010,3,1,Diatom-associated early-year state,WPI,1.83
2010-04-01,2010,4,1,Diatom-associated early-year state,WPI,0.88
2010-05-01,2010,5,1,Diatom-associated early-year state,WPI,-2.5
2010-06-01,2010,6,2,Mixed-prokaryote mid-year state,WPI,-0.08
2010-07-01,2010,7,2,Mixed-prokaryote mid-year state,WPI,-2.38
2010-08-01,2010,8,2,Mixed-prokaryote mid-year state,WPI,0.41
2010-09-01,2010,9,3,Prokaryote-dominated late-year state,WPI,0.05
2010-10-01,2010,10,3,Prokaryote-dominated late-year state,WPI,0.67
2010-11-01,2010,11,3,Prokaryote-dominated late-year state,WPI,-0.33
2010-12-01,2010,12,3,Prokaryote-dominated late-year state,WPI,-1.26
2011-01-01,2011,1,1,Diatom-associated early-year state,WPI,-1.37
2011-02-01,2011,2,1,Diatom-associated early-year state,WPI,-0.13
2011-03-01,2011,3,1,Diatom-associated early-year state,WPI,-0.1
2011-04-01,2011,4,1,Diatom-associated early-year state,WPI,-1.93
2011-05-01,2011,5,2,Mixed-prokaryote mid-year state,WPI,0.38
2011-06-01,2011,6,2,Mixed-prokaryote mid-year state,WPI,0.81
2011-07-01,2011,7,2,Mixed-prokaryote mid-year state,WPI,-0.27
2011-08-01,2011,8,2,Mixed-prokaryote mid-year state,WPI,-0.51
2011-09-01,2011,9,3,Prokaryote-dominated late-year state,WPI,0.51
2011-10-01,2011,10,3,Prokaryote-dominated late-year state,WPI,1.06
2011-11-01,2011,11,3,Prokaryote-dominated late-year state,WPI,0.39
2011-12-01,2011,12,1,Diatom-associated early-year state,WPI,-0.39
2012-01-01,2012,1,1,Diatom-associated early-year state,WPI,-1.58
2012-02-01,2012,2,3,Prokaryote-dominated late-year state,WPI,1.01
2012-03-01,2012,3,3,Prokaryote-dominated late-year state,WPI,0.82
2012-04-01,2012,4,1,Diatom-associated early-year state,WPI,-0.29
2012-05-01,2012,5,1,Diatom-associated early-year state,WPI,-1.66
2012-06-01,2012,6,2,Mixed-prokaryote mid-year state,WPI,-1.39
2012-07-01,2012,7,2,Mixed-prokaryote mid-year state,WPI,0.58
2012-08-01,2012,8,2,Mixed-prokaryote mid-year state,WPI,-0.07
2012-09-01,2012,9,3,Prokaryote-dominated late-year state,WPI,0.69
2012-10-01,2012,10,3,Prokaryote-dominated late-year state,WPI,-2.53
2012-11-01,2012,11,3,Prokaryote-dominated late-year state,WPI,-2.02
2012-12-01,2012,12,3,Prokaryote-dominated late-year state,WPI,-0.58
2013-01-01,2013,1,1,Diatom-associated early-year state,WPI,0.07
2013-02-01,2013,2,3,Prokaryote-dominated late-year state,WPI,1.49
2013-03-01,2013,3,3,Prokaryote-dominated late-year state,WPI,0.59
2013-04-01,2013,4,1,Diatom-associated early-year state,WPI,-1.86
2013-05-01,2013,5,1,Diatom-associated early-year state,WPI,-1.13
2013-06-01,2013,6,2,Mixed-prokaryote mid-year state,WPI,-0.47
2013-07-01,2013,7,2,Mixed-prokaryote mid-year state,WPI,-0.88
2013-08-01,2013,8,2,Mixed-prokaryote mid-year state,WPI,-0.17
2013-09-01,2013,9,3,Prokaryote-dominated late-year state,WPI,1.93
2013-10-01,2013,10,3,Prokaryote-dominated late-year state,WPI,-0.09
2013-11-01,2013,11,3,Prokaryote-dominated late-year state,WPI,-0.04
2013-12-01,2013,12,3,Prokaryote-dominated late-year state,WPI,-2.01
2014-01-01,2014,1,3,Prokaryote-dominated late-year state,WPI,0.54
2014-02-01,2014,2,3,Prokaryote-dominated late-year state,WPI,-1.37
2014-03-01,2014,3,3,Prokaryote-dominated late-year state,WPI,-0.43
2014-04-01,2014,4,1,Diatom-associated early-year state,WPI,-1.36
2014-05-01,2014,5,1,Diatom-associated early-year state,WPI,-0.85
2014-06-01,2014,6,2,Mixed-prokaryote mid-year state,WPI,-0.3
2014-07-01,2014,7,2,Mixed-prokaryote mid-year state,WPI,-1.63
2014-08-01,2014,8,2,Mixed-prokaryote mid-year state,WPI,-0.77
2014-09-01,2014,9,2,Mixed-prokaryote mid-year state,WPI,-1.23
2014-10-01,2014,10,3,Prokaryote-dominated late-year state,WPI,-0.32
2014-11-01,2014,11,3,Prokaryote-dominated late-year state,WPI,0.13
2014-12-01,2014,12,3,Prokaryote-dominated late-year state,WPI,-0.13
2015-01-01,2015,1,3,Prokaryote-dominated late-year state,WPI,-0.22
2015-02-01,2015,2,3,Prokaryote-dominated late-year state,WPI,-1.37
2015-03-01,2015,3,3,Prokaryote-dominated late-year state,WPI,0.41
2015-04-01,2015,4,1,Diatom-associated early-year state,WPI,1.23
2015-05-01,2015,5,2,Mixed-prokaryote mid-year state,WPI,2.14
2015-06-01,2015,6,2,Mixed-prokaryote mid-year state,WPI,-0.03
2015-07-01,2015,7,2,Mixed-prokaryote mid-year state,WPI,0.77
2015-08-01,2015,8,2,Mixed-prokaryote mid-year state,WPI,-1.5
2015-09-01,2015,9,3,Prokaryote-dominated late-year state,WPI,-1.38
2015-10-01,2015,10,3,Prokaryote-dominated late-year state,WPI,-0.75
2015-11-01,2015,11,3,Prokaryote-dominated late-year state,WPI,0.77
2015-12-01,2015,12,3,Prokaryote-dominated late-year state,WPI,0.56
2016-01-01,2016,1,3,Prokaryote-dominated late-year state,WPI,0.96
2016-02-01,2016,2,3,Prokaryote-dominated late-year state,WPI,1.61
2016-03-01,2016,3,3,Prokaryote-dominated late-year state,WPI,-0.2
2016-04-01,2016,4,3,Prokaryote-dominated late-year state,WPI,-0.26
2016-05-01,2016,5,1,Diatom-associated early-year state,WPI,0.62
2016-06-01,2016,6,2,Mixed-prokaryote mid-year state,WPI,-0.62
2016-07-01,2016,7,2,Mixed-prokaryote mid-year state,WPI,-1.42
2016-08-01,2016,8,2,Mixed-prokaryote mid-year state,WPI,-0.37
2016-09-01,2016,9,2,Mixed-prokaryote mid-year state,WPI,-1.75
2016-10-01,2016,10,3,Prokaryote-dominated late-year state,WPI,0.54
2016-11-01,2016,11,2,Mixed-prokaryote mid-year state,WPI,1.01
2016-12-01,2016,12,1,Diatom-associated early-year state,WPI,0.97
2017-01-01,2017,1,1,Diatom-associated early-year state,WPI,0.55
2017-02-01,2017,2,1,Diatom-associated early-year state,WPI,-0.15
2017-03-01,2017,3,1,Diatom-associated early-year state,WPI,-2.13
2017-04-01,2017,4,1,Diatom-associated early-year state,WPI,-0.36
2017-05-01,2017,5,3,Prokaryote-dominated late-year state,WPI,0.68
2017-06-01,2017,6,2,Mixed-prokaryote mid-year state,WPI,-0.75
2017-07-01,2017,7,2,Mixed-prokaryote mid-year state,WPI,0.46
2017-08-01,2017,8,2,Mixed-prokaryote mid-year state,WPI,-1.38
2017-09-01,2017,9,3,Prokaryote-dominated late-year state,WPI,-1.23
2017-10-01,2017,10,2,Mixed-prokaryote mid-year state,WPI,0.7
2017-11-01,2017,11,2,Mixed-prokaryote mid-year state,WPI,0.7
2017-12-01,2017,12,1,Diatom-associated early-year state,WPI,0.33
2018-01-01,2018,1,1,Diatom-associated early-year state,WPI,0.43
2018-02-01,2018,2,1,Diatom-associated early-year state,WPI,0.4
2018-03-01,2018,3,1,Diatom-associated early-year state,WPI,0.84
2018-04-01,2018,4,3,Prokaryote-dominated late-year state,WPI,-0.67
2018-05-01,2018,5,3,Prokaryote-dominated late-year state,WPI,-0.19
2018-06-01,2018,6,2,Mixed-prokaryote mid-year state,WPI,-0.44
2018-07-01,2018,7,2,Mixed-prokaryote mid-year state,WPI,-0.81
2018-08-01,2018,8,2,Mixed-prokaryote mid-year state,WPI,-1.38
2018-09-01,2018,9,3,Prokaryote-dominated late-year state,WPI,-1.78
2018-10-01,2018,10,3,Prokaryote-dominated late-year state,WPI,-1.14
2018-11-01,2018,11,2,Mixed-prokaryote mid-year state,WPI,-0.61
2018-12-01,2018,12,1,Diatom-associated early-year state,WPI,0.11
2019-01-01,2019,1,1,Diatom-associated early-year state,WPI,1.05
2019-02-01,2019,2,1,Diatom-associated early-year state,WPI,2.09
2019-03-01,2019,3,1,Diatom-associated early-year state,WPI,0.88
2019-04-01,2019,4,1,Diatom-associated early-year state,WPI,-1.3
2019-05-01,2019,5,3,Prokaryote-dominated late-year state,WPI,-0.63
2019-06-01,2019,6,2,Mixed-prokaryote mid-year state,WPI,-1.92
2019-07-01,2019,7,2,Mixed-prokaryote mid-year state,WPI,-0.27
2019-08-01,2019,8,3,Prokaryote-dominated late-year state,WPI,-2.19
2019-09-01,2019,9,3,Prokaryote-dominated late-year state,WPI,0.86
2019-10-01,2019,10,3,Prokaryote-dominated late-year state,WPI,-0.81
2019-11-01,2019,11,3,Prokaryote-dominated late-year state,WPI,-0.12
2019-12-01,2019,12,1,Diatom-associated early-year state,WPI,0.74
2020-01-01,2020,1,1,Diatom-associated early-year state,WPI,0.69
2020-02-01,2020,2,1,Diatom-associated early-year state,WPI,1.46
2020-03-01,2020,3,1,Diatom-associated early-year state,WPI,1.29
2020-04-01,2020,4,3,Prokaryote-dominated late-year state,WPI,-1.34
2020-05-01,2020,5,2,Mixed-prokaryote mid-year state,WPI,0.12
2020-06-01,2020,6,3,Prokaryote-dominated late-year state,WPI,-1.25
2020-07-01,2020,7,2,Mixed-prokaryote mid-year state,WPI,-0.54
2020-08-01,2020,8,2,Mixed-prokaryote mid-year state,WPI,-0.21
2020-09-01,2020,9,3,Prokaryote-dominated late-year state,WPI,-2.44
2020-10-01,2020,10,3,Prokaryote-dominated late-year state,WPI,-1.18
2020-11-01,2020,11,2,Mixed-prokaryote mid-year state,WPI,0.72
2020-12-01,2020,12,1,Diatom-associated early-year state,WPI,0.99
2021-01-01,2021,1,1,Diatom-associated early-year state,WPI,2.45
2021-02-01,2021,2,1,Diatom-associated early-year state,WPI,0.76
2021-03-01,2021,3,1,Diatom-associated early-year state,WPI,2.05
2021-04-01,2021,4,3,Prokaryote-dominated late-year state,WPI,-0.12
2021-05-01,2021,5,3,Prokaryote-dominated late-year state,WPI,0.18
2021-06-01,2021,6,2,Mixed-prokaryote mid-year state,WPI,-0.82
2021-07-01,2021,7,2,Mixed-prokaryote mid-year state,WPI,-0.44
2021-08-01,2021,8,3,Prokaryote-dominated late-year state,WPI,-1.94
2021-09-01,2021,9,3,Prokaryote-dominated late-year state,WPI,-0.65
2021-10-01,2021,10,3,Prokaryote-dominated late-year state,WPI,1.74
2021-11-01,2021,11,2,Mixed-prokaryote mid-year state,WPI,-0.15
2021-12-01,2021,12,1,Diatom-associated early-year state,WPI,0.48
2022-01-01,2022,1,1,Diatom-associated early-year state,WPI,-1.44
2022-02-01,2022,2,1,Diatom-associated early-year state,WPI,-0.39
2022-03-01,2022,3,3,Prokaryote-dominated late-year state,WPI,0.58
2022-04-01,2022,4,3,Prokaryote-dominated late-year state,WPI,0.31
2022-05-01,2022,5,3,Prokaryote-dominated late-year state,WPI,-1.38
2022-06-01,2022,6,2,Mixed-prokaryote mid-year state,WPI,-1.66
2022-07-01,2022,7,2,Mixed-prokaryote mid-year state,WPI,-0.52
2022-08-01,2022,8,3,Prokaryote-dominated late-year state,WPI,-0.41
2022-09-01,2022,9,3,Prokaryote-dominated late-year state,WPI,1.82
2022-10-01,2022,10,3,Prokaryote-dominated late-year state,WPI,1.04
2022-11-01,2022,11,2,Mixed-prokaryote mid-year state,WPI,0.34
2022-12-01,2022,12,1,Diatom-associated early-year state,WPI,-0.02
2003-01-01,2003,1,1,Diatom-associated early-year state,MHW_MeanInt,0.013140471151352239
2003-02-01,2003,2,1,Diatom-associated early-year state,MHW_MeanInt,0.01710453529361577
2003-03-01,2003,3,1,Diatom-associated early-year state,MHW_MeanInt,0.0046435915267579965
2003-04-01,2003,4,1,Diatom-associated early-year state,MHW_MeanInt,0.2725131959791815
2003-05-01,2003,5,2,Mixed-prokaryote mid-year state,MHW_MeanInt,0.021570561434116356
2003-06-01,2003,6,2,Mixed-prokaryote mid-year state,MHW_MeanInt,0.086527782011138
2003-07-01,2003,7,2,Mixed-prokaryote mid-year state,MHW_MeanInt,0.12007397961957246
2003-08-01,2003,8,3,Prokaryote-dominated late-year state,MHW_MeanInt,0.3628347578339257
2003-09-01,2003,9,3,Prokaryote-dominated late-year state,MHW_MeanInt,0.03178605792228812
2003-10-01,2003,10,3,Prokaryote-dominated late-year state,MHW_MeanInt,0.029164483387133816
2003-11-01,2003,11,3,Prokaryote-dominated late-year state,MHW_MeanInt,0.034712763680964764
2003-12-01,2003,12,3,Prokaryote-dominated late-year state,MHW_MeanInt,0.030583689578529166
2004-01-01,2004,1,1,Diatom-associated early-year state,MHW_MeanInt,0.08966509276577664
2004-02-01,2004,2,1,Diatom-associated early-year state,MHW_MeanInt,0.014482953039494715
2004-03-01,2004,3,1,Diatom-associated early-year state,MHW_MeanInt,0.0889921173083223
2004-04-01,2004,4,1,Diatom-associated early-year state,MHW_MeanInt,0.15211718837765417
2004-05-01,2004,5,1,Diatom-associated early-year state,MHW_MeanInt,0.4103467719988746
2004-06-01,2004,6,2,Mixed-prokaryote mid-year state,MHW_MeanInt,0.7052243039103672
2004-07-01,2004,7,2,Mixed-prokaryote mid-year state,MHW_MeanInt,0.44031899346490105
2004-08-01,2004,8,3,Prokaryote-dominated late-year state,MHW_MeanInt,0.02576802901532941
2004-09-01,2004,9,3,Prokaryote-dominated late-year state,MHW_MeanInt,0.0
2004-10-01,2004,10,3,Prokaryote-dominated late-year state,MHW_MeanInt,0.23164622882615155
2004-11-01,2004,11,3,Prokaryote-dominated late-year state,MHW_MeanInt,0.6080709565738308
2004-12-01,2004,12,3,Prokaryote-dominated late-year state,MHW_MeanInt,0.08844638518705335
2005-01-01,2005,1,1,Diatom-associated early-year state,MHW_MeanInt,0.007076736204592626
2005-02-01,2005,2,1,Diatom-associated early-year state,MHW_MeanInt,0.0
2005-03-01,2005,3,1,Diatom-associated early-year state,MHW_MeanInt,0.09035922709328223
2005-04-01,2005,4,1,Diatom-associated early-year state,MHW_MeanInt,0.13769892325993233
2005-05-01,2005,5,2,Mixed-prokaryote mid-year state,MHW_MeanInt,0.8050716181956712
2005-06-01,2005,6,2,Mixed-prokaryote mid-year state,MHW_MeanInt,0.6196661990232305
2005-07-01,2005,7,2,Mixed-prokaryote mid-year state,MHW_MeanInt,0.04892051535329562
2005-08-01,2005,8,3,Prokaryote-dominated late-year state,MHW_MeanInt,0.3158427165287703
2005-09-01,2005,9,3,Prokaryote-dominated late-year state,MHW_MeanInt,0.3025560220964315
2005-10-01,2005,10,3,Prokaryote-dominated late-year state,MHW_MeanInt,0.2271543126202431
2005-11-01,2005,11,3,Prokaryote-dominated late-year state,MHW_MeanInt,0.01965417617520922
2005-12-01,2005,12,1,Diatom-associated early-year state,MHW_MeanInt,0.021852826200783583
2006-01-01,2006,1,1,Diatom-associated early-year state,MHW_MeanInt,0.0018255295493478014
2006-02-01,2006,2,1,Diatom-associated early-year state,MHW_MeanInt,0.08502309625016793
2006-03-01,2006,3,1,Diatom-associated early-year state,MHW_MeanInt,0.12639133281186912
2006-04-01,2006,4,1,Diatom-associated early-year state,MHW_MeanInt,0.0
2006-05-01,2006,5,1,Diatom-associated early-year state,MHW_MeanInt,0.2992232777977992
2006-06-01,2006,6,2,Mixed-prokaryote mid-year state,MHW_MeanInt,0.07418293628132717
2006-07-01,2006,7,2,Mixed-prokaryote mid-year state,MHW_MeanInt,1.3131253509323573
2006-08-01,2006,8,2,Mixed-prokaryote mid-year state,MHW_MeanInt,0.09516826391329251
2006-09-01,2006,9,3,Prokaryote-dominated late-year state,MHW_MeanInt,0.9662453764735217
2006-10-01,2006,10,3,Prokaryote-dominated late-year state,MHW_MeanInt,0.3619758807190497
2006-11-01,2006,11,3,Prokaryote-dominated late-year state,MHW_MeanInt,0.39145602733295887
2006-12-01,2006,12,3,Prokaryote-dominated late-year state,MHW_MeanInt,0.21706395115479366
2007-01-01,2007,1,1,Diatom-associated early-year state,MHW_MeanInt,1.3421859943540975
2007-02-01,2007,2,1,Diatom-associated early-year state,MHW_MeanInt,0.3669761293527712
2007-03-01,2007,3,1,Diatom-associated early-year state,MHW_MeanInt,0.052364733175743944
2007-04-01,2007,4,1,Diatom-associated early-year state,MHW_MeanInt,0.28472247547529583
2007-05-01,2007,5,2,Mixed-prokaryote mid-year state,MHW_MeanInt,0.2826331560622055
2007-06-01,2007,6,2,Mixed-prokaryote mid-year state,MHW_MeanInt,0.48292121571862157
2007-07-01,2007,7,2,Mixed-prokaryote mid-year state,MHW_MeanInt,0.8909216292651344
2007-08-01,2007,8,2,Mixed-prokaryote mid-year state,MHW_MeanInt,0.1967207167944852
2007-09-01,2007,9,3,Prokaryote-dominated late-year state,MHW_MeanInt,0.2831064159481005
2007-10-01,2007,10,3,Prokaryote-dominated late-year state,MHW_MeanInt,0.021258089193277867
2007-11-01,2007,11,3,Prokaryote-dominated late-year state,MHW_MeanInt,0.19100891711769594
2007-12-01,2007,12,1,Diatom-associated early-year state,MHW_MeanInt,0.5885230310911163
2008-01-01,2008,1,3,Prokaryote-dominated late-year state,MHW_MeanInt,0.13469602603395883
2008-02-01,2008,2,1,Diatom-associated early-year state,MHW_MeanInt,0.17728621323728794
2008-03-01,2008,3,1,Diatom-associated early-year state,MHW_MeanInt,0.5457949446306228
2008-04-01,2008,4,1,Diatom-associated early-year state,MHW_MeanInt,0.058890162627267366
2008-05-01,2008,5,2,Mixed-prokaryote mid-year state,MHW_MeanInt,0.005370353648618181
2008-06-01,2008,6,2,Mixed-prokaryote mid-year state,MHW_MeanInt,0.7524007812057909
2008-07-01,2008,7,2,Mixed-prokaryote mid-year state,MHW_MeanInt,0.4652034048384031
2008-08-01,2008,8,3,Prokaryote-dominated late-year state,MHW_MeanInt,0.39707399190178116
2008-09-01,2008,9,3,Prokaryote-dominated late-year state,MHW_MeanInt,0.17330832839560328
2008-10-01,2008,10,3,Prokaryote-dominated late-year state,MHW_MeanInt,0.31413605906102293
2008-11-01,2008,11,3,Prokaryote-dominated late-year state,MHW_MeanInt,0.11543506258238717
2008-12-01,2008,12,1,Diatom-associated early-year state,MHW_MeanInt,0.08113307599729565
2009-01-01,2009,1,1,Diatom-associated early-year state,MHW_MeanInt,0.2378509949681276
2009-02-01,2009,2,1,Diatom-associated early-year state,MHW_MeanInt,0.3039776502718948
2009-03-01,2009,3,1,Diatom-associated early-year state,MHW_MeanInt,0.38891189335853105
2009-04-01,2009,4,1,Diatom-associated early-year state,MHW_MeanInt,0.4161540588369243
2009-05-01,2009,5,2,Mixed-prokaryote mid-year state,MHW_MeanInt,0.0770455003131202
2009-06-01,2009,6,2,Mixed-prokaryote mid-year state,MHW_MeanInt,0.19160364180839387
2009-07-01,2009,7,2,Mixed-prokaryote mid-year state,MHW_MeanInt,0.430807568008436
2009-08-01,2009,8,2,Mixed-prokaryote mid-year state,MHW_MeanInt,0.10100786526567662
2009-09-01,2009,9,3,Prokaryote-dominated late-year state,MHW_MeanInt,0.2649707912542517
2009-10-01,2009,10,3,Prokaryote-dominated late-year state,MHW_MeanInt,0.20570892978403676
2009-11-01,2009,11,3,Prokaryote-dominated late-year state,MHW_MeanInt,0.024343622704862757
2009-12-01,2009,12,1,Diatom-associated early-year state,MHW_MeanInt,0.005259331137109065
2010-01-01,2010,1,1,Diatom-associated early-year state,MHW_MeanInt,0.029592330838236237
2010-02-01,2010,2,1,Diatom-associated early-year state,MHW_MeanInt,0.012579392143081933
2010-03-01,2010,3,1,Diatom-associated early-year state,MHW_MeanInt,0.0014163949825914423
2010-04-01,2010,4,1,Diatom-associated early-year state,MHW_MeanInt,0.007717474010524935
2010-05-01,2010,5,1,Diatom-associated early-year state,MHW_MeanInt,0.24141590926236453
2010-06-01,2010,6,2,Mixed-prokaryote mid-year state,MHW_MeanInt,0.408291326348769
2010-07-01,2010,7,2,Mixed-prokaryote mid-year state,MHW_MeanInt,0.7677384342870498
2010-08-01,2010,8,2,Mixed-prokaryote mid-year state,MHW_MeanInt,0.9297469501863304
2010-09-01,2010,9,3,Prokaryote-dominated late-year state,MHW_MeanInt,0.052911620311301005
2010-10-01,2010,10,3,Prokaryote-dominated late-year state,MHW_MeanInt,0.0016797454942900794
2010-11-01,2010,11,3,Prokaryote-dominated late-year state,MHW_MeanInt,0.003371475155176172
2010-12-01,2010,12,3,Prokaryote-dominated late-year state,MHW_MeanInt,0.06481211954556955
2011-01-01,2011,1,1,Diatom-associated early-year state,MHW_MeanInt,0.12576948736422733
2011-02-01,2011,2,1,Diatom-associated early-year state,MHW_MeanInt,0.0014548866600609018
2011-03-01,2011,3,1,Diatom-associated early-year state,MHW_MeanInt,0.0
2011-04-01,2011,4,1,Diatom-associated early-year state,MHW_MeanInt,0.003026011622980992
2011-05-01,2011,5,2,Mixed-prokaryote mid-year state,MHW_MeanInt,0.006308964110779477
2011-06-01,2011,6,2,Mixed-prokaryote mid-year state,MHW_MeanInt,0.16172109108938895
2011-07-01,2011,7,2,Mixed-prokaryote mid-year state,MHW_MeanInt,0.016882775503242367
2011-08-01,2011,8,2,Mixed-prokaryote mid-year state,MHW_MeanInt,0.02660495881047256
2011-09-01,2011,9,3,Prokaryote-dominated late-year state,MHW_MeanInt,0.0
2011-10-01,2011,10,3,Prokaryote-dominated late-year state,MHW_MeanInt,0.11631513604855188
2011-11-01,2011,11,3,Prokaryote-dominated late-year state,MHW_MeanInt,0.005665552375683756
2011-12-01,2011,12,1,Diatom-associated early-year state,MHW_MeanInt,0.017618406595836487
2012-01-01,2012,1,1,Diatom-associated early-year state,MHW_MeanInt,0.05883559224142693
2012-02-01,2012,2,3,Prokaryote-dominated late-year state,MHW_MeanInt,0.10836966692391588
2012-03-01,2012,3,3,Prokaryote-dominated late-year state,MHW_MeanInt,0.3246209408723235
2012-04-01,2012,4,1,Diatom-associated early-year state,MHW_MeanInt,0.6409088915391538
2012-05-01,2012,5,1,Diatom-associated early-year state,MHW_MeanInt,0.3458750167729783
2012-06-01,2012,6,2,Mixed-prokaryote mid-year state,MHW_MeanInt,0.7153671725005032
2012-07-01,2012,7,2,Mixed-prokaryote mid-year state,MHW_MeanInt,0.21754681171700196
2012-08-01,2012,8,2,Mixed-prokaryote mid-year state,MHW_MeanInt,0.06275158343939662
2012-09-01,2012,9,3,Prokaryote-dominated late-year state,MHW_MeanInt,0.0
2012-10-01,2012,10,3,Prokaryote-dominated late-year state,MHW_MeanInt,0.001714066193874443
2012-11-01,2012,11,3,Prokaryote-dominated late-year state,MHW_MeanInt,0.012941894496216836
2012-12-01,2012,12,3,Prokaryote-dominated late-year state,MHW_MeanInt,0.03223939177424032
2013-01-01,2013,1,1,Diatom-associated early-year state,MHW_MeanInt,0.0026825745760852195
2013-02-01,2013,2,3,Prokaryote-dominated late-year state,MHW_MeanInt,0.011757915775135783
2013-03-01,2013,3,3,Prokaryote-dominated late-year state,MHW_MeanInt,0.014782465408350636
2013-04-01,2013,4,1,Diatom-associated early-year state,MHW_MeanInt,0.11434190821152855
2013-05-01,2013,5,1,Diatom-associated early-year state,MHW_MeanInt,0.20248559845006603
2013-06-01,2013,6,2,Mixed-prokaryote mid-year state,MHW_MeanInt,0.6436380006577703
2013-07-01,2013,7,2,Mixed-prokaryote mid-year state,MHW_MeanInt,0.9847968639385749
2013-08-01,2013,8,2,Mixed-prokaryote mid-year state,MHW_MeanInt,0.07043597654133944
2013-09-01,2013,9,3,Prokaryote-dominated late-year state,MHW_MeanInt,0.007688365162860832
2013-10-01,2013,10,3,Prokaryote-dominated late-year state,MHW_MeanInt,0.0
2013-11-01,2013,11,3,Prokaryote-dominated late-year state,MHW_MeanInt,0.0
2013-12-01,2013,12,3,Prokaryote-dominated late-year state,MHW_MeanInt,0.07224680174530304
2014-01-01,2014,1,3,Prokaryote-dominated late-year state,MHW_MeanInt,0.013890188553803638
2014-02-01,2014,2,3,Prokaryote-dominated late-year state,MHW_MeanInt,0.18283585021848037
2014-03-01,2014,3,3,Prokaryote-dominated late-year state,MHW_MeanInt,0.5530395696152379
2014-04-01,2014,4,1,Diatom-associated early-year state,MHW_MeanInt,0.14645757988950667
2014-05-01,2014,5,1,Diatom-associated early-year state,MHW_MeanInt,0.515771541225262
2014-06-01,2014,6,2,Mixed-prokaryote mid-year state,MHW_MeanInt,0.4363236742072758
2014-07-01,2014,7,2,Mixed-prokaryote mid-year state,MHW_MeanInt,0.25540902701157236
2014-08-01,2014,8,2,Mixed-prokaryote mid-year state,MHW_MeanInt,0.06666901494958137
2014-09-01,2014,9,2,Mixed-prokaryote mid-year state,MHW_MeanInt,0.006285558232193708
2014-10-01,2014,10,3,Prokaryote-dominated late-year state,MHW_MeanInt,0.03222936019573852
2014-11-01,2014,11,3,Prokaryote-dominated late-year state,MHW_MeanInt,0.0
2014-12-01,2014,12,3,Prokaryote-dominated late-year state,MHW_MeanInt,0.002732981502817104
2015-01-01,2015,1,3,Prokaryote-dominated late-year state,MHW_MeanInt,0.0010490449770578112
2015-02-01,2015,2,3,Prokaryote-dominated late-year state,MHW_MeanInt,0.17606512157744178
2015-03-01,2015,3,3,Prokaryote-dominated late-year state,MHW_MeanInt,0.2663513975679584
2015-04-01,2015,4,1,Diatom-associated early-year state,MHW_MeanInt,0.38244532996439967
2015-05-01,2015,5,2,Mixed-prokaryote mid-year state,MHW_MeanInt,0.35431594313584075
2015-06-01,2015,6,2,Mixed-prokaryote mid-year state,MHW_MeanInt,0.2050191788655488
2015-07-01,2015,7,2,Mixed-prokaryote mid-year state,MHW_MeanInt,0.30798967196514004
2015-08-01,2015,8,2,Mixed-prokaryote mid-year state,MHW_MeanInt,0.05397938333255302
2015-09-01,2015,9,3,Prokaryote-dominated late-year state,MHW_MeanInt,0.020954726502325754
2015-10-01,2015,10,3,Prokaryote-dominated late-year state,MHW_MeanInt,0.1735341875579815
2015-11-01,2015,11,3,Prokaryote-dominated late-year state,MHW_MeanInt,0.051407225968367706
2015-12-01,2015,12,3,Prokaryote-dominated late-year state,MHW_MeanInt,0.09175022771777297
2016-01-01,2016,1,3,Prokaryote-dominated late-year state,MHW_MeanInt,0.0019937398653711354
2016-02-01,2016,2,3,Prokaryote-dominated late-year state,MHW_MeanInt,0.09428705059083659
2016-03-01,2016,3,3,Prokaryote-dominated late-year state,MHW_MeanInt,0.10995602719568691
2016-04-01,2016,4,3,Prokaryote-dominated late-year state,MHW_MeanInt,0.35035056076366405
2016-05-01,2016,5,1,Diatom-associated early-year state,MHW_MeanInt,0.3656402965686462
2016-06-01,2016,6,2,Mixed-prokaryote mid-year state,MHW_MeanInt,1.7267168665638983
2016-07-01,2016,7,2,Mixed-prokaryote mid-year state,MHW_MeanInt,0.8284038761468283
2016-08-01,2016,8,2,Mixed-prokaryote mid-year state,MHW_MeanInt,0.2525048904004534
2016-09-01,2016,9,2,Mixed-prokaryote mid-year state,MHW_MeanInt,0.38501763354060015
2016-10-01,2016,10,3,Prokaryote-dominated late-year state,MHW_MeanInt,0.2724505865638043
2016-11-01,2016,11,2,Mixed-prokaryote mid-year state,MHW_MeanInt,0.18316047990646772
2016-12-01,2016,12,1,Diatom-associated early-year state,MHW_MeanInt,0.5111681146547876
2017-01-01,2017,1,1,Diatom-associated early-year state,MHW_MeanInt,0.05240534998618643
2017-02-01,2017,2,1,Diatom-associated early-year state,MHW_MeanInt,0.1827993719882051
2017-03-01,2017,3,1,Diatom-associated early-year state,MHW_MeanInt,0.34805424489975767
2017-04-01,2017,4,1,Diatom-associated early-year state,MHW_MeanInt,0.9805278346758728
2017-05-01,2017,5,3,Prokaryote-dominated late-year state,MHW_MeanInt,0.6999618937982074
2017-06-01,2017,6,2,Mixed-prokaryote mid-year state,MHW_MeanInt,1.411816293634742
2017-07-01,2017,7,2,Mixed-prokaryote mid-year state,MHW_MeanInt,0.6529383231148376
2017-08-01,2017,8,2,Mixed-prokaryote mid-year state,MHW_MeanInt,0.33369109723879176
2017-09-01,2017,9,3,Prokaryote-dominated late-year state,MHW_MeanInt,0.1697974478111997
2017-10-01,2017,10,2,Mixed-prokaryote mid-year state,MHW_MeanInt,0.011911010343028923
2017-11-01,2017,11,2,Mixed-prokaryote mid-year state,MHW_MeanInt,0.028280907397285122
2017-12-01,2017,12,1,Diatom-associated early-year state,MHW_MeanInt,0.02042785731226258
2018-01-01,2018,1,1,Diatom-associated early-year state,MHW_MeanInt,0.03935541851570229
2018-02-01,2018,2,1,Diatom-associated early-year state,MHW_MeanInt,0.4016424355167917
2018-03-01,2018,3,1,Diatom-associated early-year state,MHW_MeanInt,0.37436416743308465
2018-04-01,2018,4,3,Prokaryote-dominated late-year state,MHW_MeanInt,0.6275908929493288
2018-05-01,2018,5,3,Prokaryote-dominated late-year state,MHW_MeanInt,0.341441925904261
2018-06-01,2018,6,2,Mixed-prokaryote mid-year state,MHW_MeanInt,1.6840052510158994
2018-07-01,2018,7,2,Mixed-prokaryote mid-year state,MHW_MeanInt,0.5061317696246569
2018-08-01,2018,8,2,Mixed-prokaryote mid-year state,MHW_MeanInt,0.5839794343840706
2018-09-01,2018,9,3,Prokaryote-dominated late-year state,MHW_MeanInt,0.004815969240644468
2018-10-01,2018,10,3,Prokaryote-dominated late-year state,MHW_MeanInt,0.31295353965480394
2018-11-01,2018,11,2,Mixed-prokaryote mid-year state,MHW_MeanInt,0.5183466505796488
2018-12-01,2018,12,1,Diatom-associated early-year state,MHW_MeanInt,0.39561359526962686
2019-01-01,2019,1,1,Diatom-associated early-year state,MHW_MeanInt,0.24250907104826158
2019-02-01,2019,2,1,Diatom-associated early-year state,MHW_MeanInt,0.39019759093699335
2019-03-01,2019,3,1,Diatom-associated early-year state,MHW_MeanInt,0.46922145847868996
2019-04-01,2019,4,1,Diatom-associated early-year state,MHW_MeanInt,0.19996771019989454
2019-05-01,2019,5,3,Prokaryote-dominated late-year state,MHW_MeanInt,0.3218434778198453
2019-06-01,2019,6,2,Mixed-prokaryote mid-year state,MHW_MeanInt,0.6486416429352297
2019-07-01,2019,7,2,Mixed-prokaryote mid-year state,MHW_MeanInt,0.6392787016379742
2019-08-01,2019,8,3,Prokaryote-dominated late-year state,MHW_MeanInt,0.26429021773939176
2019-09-01,2019,9,3,Prokaryote-dominated late-year state,MHW_MeanInt,0.1862462831087638
2019-10-01,2019,10,3,Prokaryote-dominated late-year state,MHW_MeanInt,0.2278746195403251
2019-11-01,2019,11,3,Prokaryote-dominated late-year state,MHW_MeanInt,0.34717600408991744
2019-12-01,2019,12,1,Diatom-associated early-year state,MHW_MeanInt,0.7422714398990806
2020-01-01,2020,1,1,Diatom-associated early-year state,MHW_MeanInt,0.5256908951925741
2020-02-01,2020,2,1,Diatom-associated early-year state,MHW_MeanInt,0.8321928858360463
2020-03-01,2020,3,1,Diatom-associated early-year state,MHW_MeanInt,0.2797756691786224
2020-04-01,2020,4,3,Prokaryote-dominated late-year state,MHW_MeanInt,0.33749589129440727
2020-05-01,2020,5,2,Mixed-prokaryote mid-year state,MHW_MeanInt,0.7940898807190295
2020-06-01,2020,6,3,Prokaryote-dominated late-year state,MHW_MeanInt,0.07240091692587927
2020-07-01,2020,7,2,Mixed-prokaryote mid-year state,MHW_MeanInt,0.94816368616153
2020-08-01,2020,8,2,Mixed-prokaryote mid-year state,MHW_MeanInt,0.18022060937887763
2020-09-01,2020,9,3,Prokaryote-dominated late-year state,MHW_MeanInt,0.04349919434957841
2020-10-01,2020,10,3,Prokaryote-dominated late-year state,MHW_MeanInt,0.7744028094968854
2020-11-01,2020,11,2,Mixed-prokaryote mid-year state,MHW_MeanInt,0.19089414143662617
2020-12-01,2020,12,1,Diatom-associated early-year state,MHW_MeanInt,0.16589069441227336
2021-01-01,2021,1,1,Diatom-associated early-year state,MHW_MeanInt,0.3507812874328232
2021-02-01,2021,2,1,Diatom-associated early-year state,MHW_MeanInt,0.5379185642697876
2021-03-01,2021,3,1,Diatom-associated early-year state,MHW_MeanInt,0.5441863452316908
2021-04-01,2021,4,3,Prokaryote-dominated late-year state,MHW_MeanInt,0.4786379679358469
2021-05-01,2021,5,3,Prokaryote-dominated late-year state,MHW_MeanInt,1.0572061697617838
2021-06-01,2021,6,2,Mixed-prokaryote mid-year state,MHW_MeanInt,1.2633069721386343
2021-07-01,2021,7,2,Mixed-prokaryote mid-year state,MHW_MeanInt,0.5092630884446672
2021-08-01,2021,8,3,Prokaryote-dominated late-year state,MHW_MeanInt,1.2680363063931213
2021-09-01,2021,9,3,Prokaryote-dominated late-year state,MHW_MeanInt,0.4750017453219455
2021-10-01,2021,10,3,Prokaryote-dominated late-year state,MHW_MeanInt,0.24352980858339682
2021-11-01,2021,11,2,Mixed-prokaryote mid-year state,MHW_MeanInt,0.3201348810702897
2021-12-01,2021,12,1,Diatom-associated early-year state,MHW_MeanInt,0.2796598752164767
2022-01-01,2022,1,1,Diatom-associated early-year state,MHW_MeanInt,0.20575883573024945
2022-02-01,2022,2,1,Diatom-associated early-year state,MHW_MeanInt,0.5674379165705397
2022-03-01,2022,3,3,Prokaryote-dominated late-year state,MHW_MeanInt,0.8993756772121343
2022-04-01,2022,4,3,Prokaryote-dominated late-year state,MHW_MeanInt,0.5354560562256253
2022-05-01,2022,5,3,Prokaryote-dominated late-year state,MHW_MeanInt,0.9799731723637053
2022-06-01,2022,6,2,Mixed-prokaryote mid-year state,MHW_MeanInt,1.3602922069336003
2022-07-01,2022,7,2,Mixed-prokaryote mid-year state,MHW_MeanInt,0.9008160553608004
2022-08-01,2022,8,3,Prokaryote-dominated late-year state,MHW_MeanInt,0.11541643847214986
2022-09-01,2022,9,3,Prokaryote-dominated late-year state,MHW_MeanInt,0.07158131900928709
2022-10-01,2022,10,3,Prokaryote-dominated late-year state,MHW_MeanInt,0.8958207386438475
2022-11-01,2022,11,2,Mixed-prokaryote mid-year state,MHW_MeanInt,0.14859356834234305
2022-12-01,2022,12,1,Diatom-associated early-year state,MHW_MeanInt,0.255370443826112
2003-01-01,2003,1,1,Diatom-associated early-year state,MHW_MaxInt,0.014361890529134563
2003-02-01,2003,2,1,Diatom-associated early-year state,MHW_MaxInt,0.02035221118201299
2003-03-01,2003,3,1,Diatom-associated early-year state,MHW_MaxInt,0.005497739170462615
2003-04-01,2003,4,1,Diatom-associated early-year state,MHW_MaxInt,0.306854244801655
2003-05-01,2003,5,2,Mixed-prokaryote mid-year state,MHW_MaxInt,0.02382429665650381
2003-06-01,2003,6,2,Mixed-prokaryote mid-year state,MHW_MaxInt,0.09535842573534901
2003-07-01,2003,7,2,Mixed-prokaryote mid-year state,MHW_MaxInt,0.13509503918184776
2003-08-01,2003,8,3,Prokaryote-dominated late-year state,MHW_MaxInt,0.411082859812034
2003-09-01,2003,9,3,Prokaryote-dominated late-year state,MHW_MaxInt,0.034695474408569224
2003-10-01,2003,10,3,Prokaryote-dominated late-year state,MHW_MaxInt,0.03173983885616041
2003-11-01,2003,11,3,Prokaryote-dominated late-year state,MHW_MaxInt,0.04102628672073637
2003-12-01,2003,12,3,Prokaryote-dominated late-year state,MHW_MaxInt,0.035763653217332506
2004-01-01,2004,1,1,Diatom-associated early-year state,MHW_MaxInt,0.10659442462690229
2004-02-01,2004,2,1,Diatom-associated early-year state,MHW_MaxInt,0.01612404202518436
2004-03-01,2004,3,1,Diatom-associated early-year state,MHW_MaxInt,0.09872770790312835
2004-04-01,2004,4,1,Diatom-associated early-year state,MHW_MaxInt,0.17486542349785839
2004-05-01,2004,5,1,Diatom-associated early-year state,MHW_MaxInt,0.46726883967569655
2004-06-01,2004,6,2,Mixed-prokaryote mid-year state,MHW_MaxInt,0.825713052696114
2004-07-01,2004,7,2,Mixed-prokaryote mid-year state,MHW_MaxInt,0.511544179146927
2004-08-01,2004,8,3,Prokaryote-dominated late-year state,MHW_MaxInt,0.028967489748725116
2004-09-01,2004,9,3,Prokaryote-dominated late-year state,MHW_MaxInt,0.0
2004-10-01,2004,10,3,Prokaryote-dominated late-year state,MHW_MaxInt,0.2561818053616116
2004-11-01,2004,11,3,Prokaryote-dominated late-year state,MHW_MaxInt,0.6839806635153076
2004-12-01,2004,12,3,Prokaryote-dominated late-year state,MHW_MaxInt,0.10239350575477418
2005-01-01,2005,1,1,Diatom-associated early-year state,MHW_MaxInt,0.007680303371841201
2005-02-01,2005,2,1,Diatom-associated early-year state,MHW_MaxInt,0.0
2005-03-01,2005,3,1,Diatom-associated early-year state,MHW_MaxInt,0.1020311938332123
2005-04-01,2005,4,1,Diatom-associated early-year state,MHW_MaxInt,0.16183798424642976
2005-05-01,2005,5,2,Mixed-prokaryote mid-year state,MHW_MaxInt,0.9618602975959667
2005-06-01,2005,6,2,Mixed-prokaryote mid-year state,MHW_MaxInt,0.7315935663225134
2005-07-01,2005,7,2,Mixed-prokaryote mid-year state,MHW_MaxInt,0.05551003651915509
2005-08-01,2005,8,3,Prokaryote-dominated late-year state,MHW_MaxInt,0.3568982554055841
2005-09-01,2005,9,3,Prokaryote-dominated late-year state,MHW_MaxInt,0.3431352510503049
2005-10-01,2005,10,3,Prokaryote-dominated late-year state,MHW_MaxInt,0.25487824009468174
2005-11-01,2005,11,3,Prokaryote-dominated late-year state,MHW_MaxInt,0.023172945427948607
2005-12-01,2005,12,1,Diatom-associated early-year state,MHW_MaxInt,0.026074900175041573
2006-01-01,2006,1,1,Diatom-associated early-year state,MHW_MaxInt,0.0019627768693183875
2006-02-01,2006,2,1,Diatom-associated early-year state,MHW_MaxInt,0.09601164847967977
2006-03-01,2006,3,1,Diatom-associated early-year state,MHW_MaxInt,0.14171986092501027
2006-04-01,2006,4,1,Diatom-associated early-year state,MHW_MaxInt,0.0
2006-05-01,2006,5,1,Diatom-associated early-year state,MHW_MaxInt,0.3382232530201923
2006-06-01,2006,6,2,Mixed-prokaryote mid-year state,MHW_MaxInt,0.08263707033886256
2006-07-01,2006,7,2,Mixed-prokaryote mid-year state,MHW_MaxInt,1.6349535179945713
2006-08-01,2006,8,2,Mixed-prokaryote mid-year state,MHW_MaxInt,0.10805255184199433
2006-09-01,2006,9,3,Prokaryote-dominated late-year state,MHW_MaxInt,1.1726177192525575
2006-10-01,2006,10,3,Prokaryote-dominated late-year state,MHW_MaxInt,0.41049760605478436
2006-11-01,2006,11,3,Prokaryote-dominated late-year state,MHW_MaxInt,0.43820409967933305
2006-12-01,2006,12,3,Prokaryote-dominated late-year state,MHW_MaxInt,0.24054644594521749
2007-01-01,2007,1,1,Diatom-associated early-year state,MHW_MaxInt,1.5553207691570878
2007-02-01,2007,2,1,Diatom-associated early-year state,MHW_MaxInt,0.4068758818507528
2007-03-01,2007,3,1,Diatom-associated early-year state,MHW_MaxInt,0.05581906124249217
2007-04-01,2007,4,1,Diatom-associated early-year state,MHW_MaxInt,0.3283234635785101
2007-05-01,2007,5,2,Mixed-prokaryote mid-year state,MHW_MaxInt,0.32043380912486624
2007-06-01,2007,6,2,Mixed-prokaryote mid-year state,MHW_MaxInt,0.5761822606414964
2007-07-01,2007,7,2,Mixed-prokaryote mid-year state,MHW_MaxInt,1.0275554480902926
2007-08-01,2007,8,2,Mixed-prokaryote mid-year state,MHW_MaxInt,0.25289571147817896
2007-09-01,2007,9,3,Prokaryote-dominated late-year state,MHW_MaxInt,0.3559957984874523
2007-10-01,2007,10,3,Prokaryote-dominated late-year state,MHW_MaxInt,0.02999889367566992
2007-11-01,2007,11,3,Prokaryote-dominated late-year state,MHW_MaxInt,0.2336674104487641
2007-12-01,2007,12,1,Diatom-associated early-year state,MHW_MaxInt,0.8011031688397368
2008-01-01,2008,1,3,Prokaryote-dominated late-year state,MHW_MaxInt,0.17871597089840163
2008-02-01,2008,2,1,Diatom-associated early-year state,MHW_MaxInt,0.23042626510343064
2008-03-01,2008,3,1,Diatom-associated early-year state,MHW_MaxInt,0.6934475594782531
2008-04-01,2008,4,1,Diatom-associated early-year state,MHW_MaxInt,0.07513605607092427
2008-05-01,2008,5,2,Mixed-prokaryote mid-year state,MHW_MaxInt,0.007341578322515051
2008-06-01,2008,6,2,Mixed-prokaryote mid-year state,MHW_MaxInt,0.9558590780922515
2008-07-01,2008,7,2,Mixed-prokaryote mid-year state,MHW_MaxInt,0.565028368318662
2008-08-01,2008,8,3,Prokaryote-dominated late-year state,MHW_MaxInt,0.48401840207692864
2008-09-01,2008,9,3,Prokaryote-dominated late-year state,MHW_MaxInt,0.2221931062652008
2008-10-01,2008,10,3,Prokaryote-dominated late-year state,MHW_MaxInt,0.3926747339348722
2008-11-01,2008,11,3,Prokaryote-dominated late-year state,MHW_MaxInt,0.13267461765672725
2008-12-01,2008,12,1,Diatom-associated early-year state,MHW_MaxInt,0.0919385090725022
2009-01-01,2009,1,1,Diatom-associated early-year state,MHW_MaxInt,0.29779355082193415
2009-02-01,2009,2,1,Diatom-associated early-year state,MHW_MaxInt,0.3947245758017037
2009-03-01,2009,3,1,Diatom-associated early-year state,MHW_MaxInt,0.49518029517455187
2009-04-01,2009,4,1,Diatom-associated early-year state,MHW_MaxInt,0.5322080234808598
2009-05-01,2009,5,2,Mixed-prokaryote mid-year state,MHW_MaxInt,0.0961152486375653
2009-06-01,2009,6,2,Mixed-prokaryote mid-year state,MHW_MaxInt,0.2405601903249845
2009-07-01,2009,7,2,Mixed-prokaryote mid-year state,MHW_MaxInt,0.5527462718742084
2009-08-01,2009,8,2,Mixed-prokaryote mid-year state,MHW_MaxInt,0.11689258160312811
2009-09-01,2009,9,3,Prokaryote-dominated late-year state,MHW_MaxInt,0.3317771566537492
2009-10-01,2009,10,3,Prokaryote-dominated late-year state,MHW_MaxInt,0.2603131150493665
2009-11-01,2009,11,3,Prokaryote-dominated late-year state,MHW_MaxInt,0.03151473521766976
2009-12-01,2009,12,1,Diatom-associated early-year state,MHW_MaxInt,0.005710966587803671
2010-01-01,2010,1,1,Diatom-associated early-year state,MHW_MaxInt,0.035943572866356924
2010-02-01,2010,2,1,Diatom-associated early-year state,MHW_MaxInt,0.01458172384270075
2010-03-01,2010,3,1,Diatom-associated early-year state,MHW_MaxInt,0.0016187736612182538
2010-04-01,2010,4,1,Diatom-associated early-year state,MHW_MaxInt,0.009093565401917416
2010-05-01,2010,5,1,Diatom-associated early-year state,MHW_MaxInt,0.3161260411675853
2010-06-01,2010,6,2,Mixed-prokaryote mid-year state,MHW_MaxInt,0.4959725800354509
2010-07-01,2010,7,2,Mixed-prokaryote mid-year state,MHW_MaxInt,0.9096309731545452
2010-08-01,2010,8,2,Mixed-prokaryote mid-year state,MHW_MaxInt,1.1805450954309702
2010-09-01,2010,9,3,Prokaryote-dominated late-year state,MHW_MaxInt,0.06529817142255752
2010-10-01,2010,10,3,Prokaryote-dominated late-year state,MHW_MaxInt,0.002149484930079123
2010-11-01,2010,11,3,Prokaryote-dominated late-year state,MHW_MaxInt,0.003917850451430345
2010-12-01,2010,12,3,Prokaryote-dominated late-year state,MHW_MaxInt,0.07932354281712357
2011-01-01,2011,1,1,Diatom-associated early-year state,MHW_MaxInt,0.15631990558565545
2011-02-01,2011,2,1,Diatom-associated early-year state,MHW_MaxInt,0.0015483184531666723
2011-03-01,2011,3,1,Diatom-associated early-year state,MHW_MaxInt,0.0
2011-04-01,2011,4,1,Diatom-associated early-year state,MHW_MaxInt,0.004192794550478436
2011-05-01,2011,5,2,Mixed-prokaryote mid-year state,MHW_MaxInt,0.00810580704495547
2011-06-01,2011,6,2,Mixed-prokaryote mid-year state,MHW_MaxInt,0.19606276451876978
2011-07-01,2011,7,2,Mixed-prokaryote mid-year state,MHW_MaxInt,0.019881134342354834
2011-08-01,2011,8,2,Mixed-prokaryote mid-year state,MHW_MaxInt,0.030304819871492278
2011-09-01,2011,9,3,Prokaryote-dominated late-year state,MHW_MaxInt,0.0
2011-10-01,2011,10,3,Prokaryote-dominated late-year state,MHW_MaxInt,0.14237329899873222
2011-11-01,2011,11,3,Prokaryote-dominated late-year state,MHW_MaxInt,0.006131710286629152
2011-12-01,2011,12,1,Diatom-associated early-year state,MHW_MaxInt,0.021626535881874902
2012-01-01,2012,1,1,Diatom-associated early-year state,MHW_MaxInt,0.07246262552173954
2012-02-01,2012,2,3,Prokaryote-dominated late-year state,MHW_MaxInt,0.13997967391018035
2012-03-01,2012,3,3,Prokaryote-dominated late-year state,MHW_MaxInt,0.43904995760078097
2012-04-01,2012,4,1,Diatom-associated early-year state,MHW_MaxInt,0.8430544102548653
2012-05-01,2012,5,1,Diatom-associated early-year state,MHW_MaxInt,0.4222519765500476
2012-06-01,2012,6,2,Mixed-prokaryote mid-year state,MHW_MaxInt,0.9009572039702325
2012-07-01,2012,7,2,Mixed-prokaryote mid-year state,MHW_MaxInt,0.27826717570033277
2012-08-01,2012,8,2,Mixed-prokaryote mid-year state,MHW_MaxInt,0.0821314960104519
2012-09-01,2012,9,3,Prokaryote-dominated late-year state,MHW_MaxInt,0.0
2012-10-01,2012,10,3,Prokaryote-dominated late-year state,MHW_MaxInt,0.0026075041100159188
2012-11-01,2012,11,3,Prokaryote-dominated late-year state,MHW_MaxInt,0.01744910846341491
2012-12-01,2012,12,3,Prokaryote-dominated late-year state,MHW_MaxInt,0.04279675979736313
2013-01-01,2013,1,1,Diatom-associated early-year state,MHW_MaxInt,0.0032023613176269533
2013-02-01,2013,2,3,Prokaryote-dominated late-year state,MHW_MaxInt,0.014389082200601174
2013-03-01,2013,3,3,Prokaryote-dominated late-year state,MHW_MaxInt,0.018450564415395086
2013-04-01,2013,4,1,Diatom-associated early-year state,MHW_MaxInt,0.13451920167349335
2013-05-01,2013,5,1,Diatom-associated early-year state,MHW_MaxInt,0.25538668462788167
2013-06-01,2013,6,2,Mixed-prokaryote mid-year state,MHW_MaxInt,0.8377370909705248
2013-07-01,2013,7,2,Mixed-prokaryote mid-year state,MHW_MaxInt,1.2374811556392447
2013-08-01,2013,8,2,Mixed-prokaryote mid-year state,MHW_MaxInt,0.08211016537671281
2013-09-01,2013,9,3,Prokaryote-dominated late-year state,MHW_MaxInt,0.008549225004568192
2013-10-01,2013,10,3,Prokaryote-dominated late-year state,MHW_MaxInt,0.0
2013-11-01,2013,11,3,Prokaryote-dominated late-year state,MHW_MaxInt,0.0
2013-12-01,2013,12,3,Prokaryote-dominated late-year state,MHW_MaxInt,0.09195500587527755
2014-01-01,2014,1,3,Prokaryote-dominated late-year state,MHW_MaxInt,0.016339573192693295
2014-02-01,2014,2,3,Prokaryote-dominated late-year state,MHW_MaxInt,0.2498212159153643
2014-03-01,2014,3,3,Prokaryote-dominated late-year state,MHW_MaxInt,0.6797794443120697
2014-04-01,2014,4,1,Diatom-associated early-year state,MHW_MaxInt,0.1808587758677439
2014-05-01,2014,5,1,Diatom-associated early-year state,MHW_MaxInt,0.6675087353539205
2014-06-01,2014,6,2,Mixed-prokaryote mid-year state,MHW_MaxInt,0.56513623005126
2014-07-01,2014,7,2,Mixed-prokaryote mid-year state,MHW_MaxInt,0.34203413412790995
2014-08-01,2014,8,2,Mixed-prokaryote mid-year state,MHW_MaxInt,0.08174395543515565
2014-09-01,2014,9,2,Mixed-prokaryote mid-year state,MHW_MaxInt,0.007001314704726704
2014-10-01,2014,10,3,Prokaryote-dominated late-year state,MHW_MaxInt,0.03670782363698904
2014-11-01,2014,11,3,Prokaryote-dominated late-year state,MHW_MaxInt,0.0
2014-12-01,2014,12,3,Prokaryote-dominated late-year state,MHW_MaxInt,0.0035584981840003117
2015-01-01,2015,1,3,Prokaryote-dominated late-year state,MHW_MaxInt,0.0012520400268499622
2015-02-01,2015,2,3,Prokaryote-dominated late-year state,MHW_MaxInt,0.23679750529303756
2015-03-01,2015,3,3,Prokaryote-dominated late-year state,MHW_MaxInt,0.3618852606432277
2015-04-01,2015,4,1,Diatom-associated early-year state,MHW_MaxInt,0.4750848636760531
2015-05-01,2015,5,2,Mixed-prokaryote mid-year state,MHW_MaxInt,0.438805639200904
2015-06-01,2015,6,2,Mixed-prokaryote mid-year state,MHW_MaxInt,0.25704212505899315
2015-07-01,2015,7,2,Mixed-prokaryote mid-year state,MHW_MaxInt,0.40094509146511875
2015-08-01,2015,8,2,Mixed-prokaryote mid-year state,MHW_MaxInt,0.060168310804180884
2015-09-01,2015,9,3,Prokaryote-dominated late-year state,MHW_MaxInt,0.022541539952381413
2015-10-01,2015,10,3,Prokaryote-dominated late-year state,MHW_MaxInt,0.20438289201262336
2015-11-01,2015,11,3,Prokaryote-dominated late-year state,MHW_MaxInt,0.0603108396155922
2015-12-01,2015,12,3,Prokaryote-dominated late-year state,MHW_MaxInt,0.11043975272813668
2016-01-01,2016,1,3,Prokaryote-dominated late-year state,MHW_MaxInt,0.002203681218765404
2016-02-01,2016,2,3,Prokaryote-dominated late-year state,MHW_MaxInt,0.12338884820305687
2016-03-01,2016,3,3,Prokaryote-dominated late-year state,MHW_MaxInt,0.1399121429539458
2016-04-01,2016,4,3,Prokaryote-dominated late-year state,MHW_MaxInt,0.4470663180108907
2016-05-01,2016,5,1,Diatom-associated early-year state,MHW_MaxInt,0.467429863593023
2016-06-01,2016,6,2,Mixed-prokaryote mid-year state,MHW_MaxInt,2.344567800383053
2016-07-01,2016,7,2,Mixed-prokaryote mid-year state,MHW_MaxInt,1.145883849220778
2016-08-01,2016,8,2,Mixed-prokaryote mid-year state,MHW_MaxInt,0.3094788396661888
2016-09-01,2016,9,2,Mixed-prokaryote mid-year state,MHW_MaxInt,0.552627588841635
2016-10-01,2016,10,3,Prokaryote-dominated late-year state,MHW_MaxInt,0.3434535500205877
2016-11-01,2016,11,2,Mixed-prokaryote mid-year state,MHW_MaxInt,0.23387579018536386
2016-12-01,2016,12,1,Diatom-associated early-year state,MHW_MaxInt,0.6078663840815081
2017-01-01,2017,1,1,Diatom-associated early-year state,MHW_MaxInt,0.06340233001379636
2017-02-01,2017,2,1,Diatom-associated early-year state,MHW_MaxInt,0.23696033547900913
2017-03-01,2017,3,1,Diatom-associated early-year state,MHW_MaxInt,0.4322390918852876
2017-04-01,2017,4,1,Diatom-associated early-year state,MHW_MaxInt,1.1977620370368731
2017-05-01,2017,5,3,Prokaryote-dominated late-year state,MHW_MaxInt,0.9910794833683821
2017-06-01,2017,6,2,Mixed-prokaryote mid-year state,MHW_MaxInt,1.950262775232028
2017-07-01,2017,7,2,Mixed-prokaryote mid-year state,MHW_MaxInt,0.8507997215940255
2017-08-01,2017,8,2,Mixed-prokaryote mid-year state,MHW_MaxInt,0.42434646812552573
2017-09-01,2017,9,3,Prokaryote-dominated late-year state,MHW_MaxInt,0.20997853421488438
2017-10-01,2017,10,2,Mixed-prokaryote mid-year state,MHW_MaxInt,0.015201109080580541
2017-11-01,2017,11,2,Mixed-prokaryote mid-year state,MHW_MaxInt,0.03390357100839762
2017-12-01,2017,12,1,Diatom-associated early-year state,MHW_MaxInt,0.026672073141425855
2018-01-01,2018,1,1,Diatom-associated early-year state,MHW_MaxInt,0.05138891296937703
2018-02-01,2018,2,1,Diatom-associated early-year state,MHW_MaxInt,0.5467363565236376
2018-03-01,2018,3,1,Diatom-associated early-year state,MHW_MaxInt,0.47125458299723555
2018-04-01,2018,4,3,Prokaryote-dominated late-year state,MHW_MaxInt,0.8459992666537223
2018-05-01,2018,5,3,Prokaryote-dominated late-year state,MHW_MaxInt,0.42441122546138704
2018-06-01,2018,6,2,Mixed-prokaryote mid-year state,MHW_MaxInt,2.3617158860606247
2018-07-01,2018,7,2,Mixed-prokaryote mid-year state,MHW_MaxInt,0.6202320222793107
2018-08-01,2018,8,2,Mixed-prokaryote mid-year state,MHW_MaxInt,0.7039982859907801
2018-09-01,2018,9,3,Prokaryote-dominated late-year state,MHW_MaxInt,0.005469319867654717
2018-10-01,2018,10,3,Prokaryote-dominated late-year state,MHW_MaxInt,0.4604752735238746
2018-11-01,2018,11,2,Mixed-prokaryote mid-year state,MHW_MaxInt,0.6822626697252815
2018-12-01,2018,12,1,Diatom-associated early-year state,MHW_MaxInt,0.5405428998476298
2019-01-01,2019,1,1,Diatom-associated early-year state,MHW_MaxInt,0.3225022720363683
2019-02-01,2019,2,1,Diatom-associated early-year state,MHW_MaxInt,0.5252935925098052
2019-03-01,2019,3,1,Diatom-associated early-year state,MHW_MaxInt,0.5933591118586262
2019-04-01,2019,4,1,Diatom-associated early-year state,MHW_MaxInt,0.2616295715508786
2019-05-01,2019,5,3,Prokaryote-dominated late-year state,MHW_MaxInt,0.4192784715341252
2019-06-01,2019,6,2,Mixed-prokaryote mid-year state,MHW_MaxInt,0.8428768731317627
2019-07-01,2019,7,2,Mixed-prokaryote mid-year state,MHW_MaxInt,0.7872942896240662
2019-08-01,2019,8,3,Prokaryote-dominated late-year state,MHW_MaxInt,0.31547584031270953
2019-09-01,2019,9,3,Prokaryote-dominated late-year state,MHW_MaxInt,0.27346869926249945
2019-10-01,2019,10,3,Prokaryote-dominated late-year state,MHW_MaxInt,0.3020362520408734
2019-11-01,2019,11,3,Prokaryote-dominated late-year state,MHW_MaxInt,0.4855328773474073
2019-12-01,2019,12,1,Diatom-associated early-year state,MHW_MaxInt,0.968915388830481
2020-01-01,2020,1,1,Diatom-associated early-year state,MHW_MaxInt,0.6961652960013773
2020-02-01,2020,2,1,Diatom-associated early-year state,MHW_MaxInt,1.104176748435502
2020-03-01,2020,3,1,Diatom-associated early-year state,MHW_MaxInt,0.35778707959170125
2020-04-01,2020,4,3,Prokaryote-dominated late-year state,MHW_MaxInt,0.43584510948572813
2020-05-01,2020,5,2,Mixed-prokaryote mid-year state,MHW_MaxInt,1.00006088405389
2020-06-01,2020,6,3,Prokaryote-dominated late-year state,MHW_MaxInt,0.08939265861016531
2020-07-01,2020,7,2,Mixed-prokaryote mid-year state,MHW_MaxInt,1.1874932060463397
2020-08-01,2020,8,2,Mixed-prokaryote mid-year state,MHW_MaxInt,0.2191604736852247
2020-09-01,2020,9,3,Prokaryote-dominated late-year state,MHW_MaxInt,0.05287291397194112
2020-10-01,2020,10,3,Prokaryote-dominated late-year state,MHW_MaxInt,1.0209420343227336
2020-11-01,2020,11,2,Mixed-prokaryote mid-year state,MHW_MaxInt,0.24154782202847283
2020-12-01,2020,12,1,Diatom-associated early-year state,MHW_MaxInt,0.24147117805230542
2021-01-01,2021,1,1,Diatom-associated early-year state,MHW_MaxInt,0.4853081415556199
2021-02-01,2021,2,1,Diatom-associated early-year state,MHW_MaxInt,0.7337442323637492
2021-03-01,2021,3,1,Diatom-associated early-year state,MHW_MaxInt,0.6683248730109358
2021-04-01,2021,4,3,Prokaryote-dominated late-year state,MHW_MaxInt,0.6216029002586254
2021-05-01,2021,5,3,Prokaryote-dominated late-year state,MHW_MaxInt,1.380299232330639
2021-06-01,2021,6,2,Mixed-prokaryote mid-year state,MHW_MaxInt,1.6815580639196221
2021-07-01,2021,7,2,Mixed-prokaryote mid-year state,MHW_MaxInt,0.6498531456544163
2021-08-01,2021,8,3,Prokaryote-dominated late-year state,MHW_MaxInt,1.7881470334423337
2021-09-01,2021,9,3,Prokaryote-dominated late-year state,MHW_MaxInt,0.6443926458282395
2021-10-01,2021,10,3,Prokaryote-dominated late-year state,MHW_MaxInt,0.3068498764343668
2021-11-01,2021,11,2,Mixed-prokaryote mid-year state,MHW_MaxInt,0.4046143721695898
2021-12-01,2021,12,1,Diatom-associated early-year state,MHW_MaxInt,0.3520927700338486
2022-01-01,2022,1,1,Diatom-associated early-year state,MHW_MaxInt,0.279697959797919
2022-02-01,2022,2,1,Diatom-associated early-year state,MHW_MaxInt,0.7836762887238001
2022-03-01,2022,3,3,Prokaryote-dominated late-year state,MHW_MaxInt,1.265618830159137
2022-04-01,2022,4,3,Prokaryote-dominated late-year state,MHW_MaxInt,0.6991688832901323
2022-05-01,2022,5,3,Prokaryote-dominated late-year state,MHW_MaxInt,1.3687648168383566
2022-06-01,2022,6,2,Mixed-prokaryote mid-year state,MHW_MaxInt,1.8764004903779765
2022-07-01,2022,7,2,Mixed-prokaryote mid-year state,MHW_MaxInt,1.1718738221284546
2022-08-01,2022,8,3,Prokaryote-dominated late-year state,MHW_MaxInt,0.14111718801228584
2022-09-01,2022,9,3,Prokaryote-dominated late-year state,MHW_MaxInt,0.08790262458929875
2022-10-01,2022,10,3,Prokaryote-dominated late-year state,MHW_MaxInt,1.156329160959606
2022-11-01,2022,11,2,Mixed-prokaryote mid-year state,MHW_MaxInt,0.1830841712396291
2022-12-01,2022,12,1,Diatom-associated early-year state,MHW_MaxInt,0.3191525244122382
2003-01-01,2003,1,1,Diatom-associated early-year state,MHW_CumInt,0.08815629685399325
2003-02-01,2003,2,1,Diatom-associated early-year state,MHW_CumInt,0.08552267646807886
2003-03-01,2003,3,1,Diatom-associated early-year state,MHW_CumInt,0.023217957633789983
2003-04-01,2003,4,1,Diatom-associated early-year state,MHW_CumInt,1.8472360378628687
2003-05-01,2003,5,2,Mixed-prokaryote mid-year state,MHW_CumInt,0.14393736958606448
2003-06-01,2003,6,2,Mixed-prokaryote mid-year state,MHW_CumInt,0.6060330550069817
2003-07-01,2003,7,2,Mixed-prokaryote mid-year state,MHW_CumInt,0.7938286167281388
2003-08-01,2003,8,3,Prokaryote-dominated late-year state,MHW_CumInt,2.2605519257653826
2003-09-01,2003,9,3,Prokaryote-dominated late-year state,MHW_CumInt,0.25940113727433
2003-10-01,2003,10,3,Prokaryote-dominated late-year state,MHW_CumInt,0.17651393674871707
2003-11-01,2003,11,3,Prokaryote-dominated late-year state,MHW_CumInt,0.2889259208268783
2003-12-01,2003,12,3,Prokaryote-dominated late-year state,MHW_CumInt,0.16714716426570153
2004-01-01,2004,1,1,Diatom-associated early-year state,MHW_CumInt,0.7076375976351985
2004-02-01,2004,2,1,Diatom-associated early-year state,MHW_CumInt,0.07982896644294556
2004-03-01,2004,3,1,Diatom-associated early-year state,MHW_CumInt,0.5079852691607409
2004-04-01,2004,4,1,Diatom-associated early-year state,MHW_CumInt,0.904777400033762
2004-05-01,2004,5,1,Diatom-associated early-year state,MHW_CumInt,2.5824005545023456
2004-06-01,2004,6,2,Mixed-prokaryote mid-year state,MHW_CumInt,8.225532063302692
2004-07-01,2004,7,2,Mixed-prokaryote mid-year state,MHW_CumInt,3.044725152229759
2004-08-01,2004,8,3,Prokaryote-dominated late-year state,MHW_CumInt,0.20044305285056777
2004-09-01,2004,9,3,Prokaryote-dominated late-year state,MHW_CumInt,0.0
2004-10-01,2004,10,3,Prokaryote-dominated late-year state,MHW_CumInt,1.973895998423072
2004-11-01,2004,11,3,Prokaryote-dominated late-year state,MHW_CumInt,5.134639752536748
2004-12-01,2004,12,3,Prokaryote-dominated late-year state,MHW_CumInt,0.5038920422085512
2005-01-01,2005,1,1,Diatom-associated early-year state,MHW_CumInt,0.035383681022963125
2005-02-01,2005,2,1,Diatom-associated early-year state,MHW_CumInt,0.0
2005-03-01,2005,3,1,Diatom-associated early-year state,MHW_CumInt,0.4906887207195745
2005-04-01,2005,4,1,Diatom-associated early-year state,MHW_CumInt,1.0606384452723097
2005-05-01,2005,5,2,Mixed-prokaryote mid-year state,MHW_CumInt,7.614702264606939
2005-06-01,2005,6,2,Mixed-prokaryote mid-year state,MHW_CumInt,5.66507086379786
2005-07-01,2005,7,2,Mixed-prokaryote mid-year state,MHW_CumInt,0.2636814498907717
2005-08-01,2005,8,3,Prokaryote-dominated late-year state,MHW_CumInt,2.0611215351223557
2005-09-01,2005,9,3,Prokaryote-dominated late-year state,MHW_CumInt,2.420406598871706
2005-10-01,2005,10,3,Prokaryote-dominated late-year state,MHW_CumInt,1.7601509761135428
2005-11-01,2005,11,3,Prokaryote-dominated late-year state,MHW_CumInt,0.1273743918630271
2005-12-01,2005,12,1,Diatom-associated early-year state,MHW_CumInt,0.11080199635139425
2006-01-01,2006,1,1,Diatom-associated early-year state,MHW_CumInt,0.009127647746739007
2006-02-01,2006,2,1,Diatom-associated early-year state,MHW_CumInt,0.557077579402452
2006-03-01,2006,3,1,Diatom-associated early-year state,MHW_CumInt,0.7610797789928063
2006-04-01,2006,4,1,Diatom-associated early-year state,MHW_CumInt,0.0
2006-05-01,2006,5,1,Diatom-associated early-year state,MHW_CumInt,2.1731700777149885
2006-06-01,2006,6,2,Mixed-prokaryote mid-year state,MHW_CumInt,0.38793159799902077
2006-07-01,2006,7,2,Mixed-prokaryote mid-year state,MHW_CumInt,22.20132767465229
2006-08-01,2006,8,2,Mixed-prokaryote mid-year state,MHW_CumInt,1.1947421776604308
2006-09-01,2006,9,3,Prokaryote-dominated late-year state,MHW_CumInt,18.34873104503788
2006-10-01,2006,10,3,Prokaryote-dominated late-year state,MHW_CumInt,3.4950414196868906
2006-11-01,2006,11,3,Prokaryote-dominated late-year state,MHW_CumInt,3.481877945233093
2006-12-01,2006,12,3,Prokaryote-dominated late-year state,MHW_CumInt,2.8162799473405906
2007-01-01,2007,1,1,Diatom-associated early-year state,MHW_CumInt,24.332453481803256
2007-02-01,2007,2,1,Diatom-associated early-year state,MHW_CumInt,2.502832286987369
2007-03-01,2007,3,1,Diatom-associated early-year state,MHW_CumInt,0.40237562339565525
2007-04-01,2007,4,1,Diatom-associated early-year state,MHW_CumInt,1.7674988684262105
2007-05-01,2007,5,2,Mixed-prokaryote mid-year state,MHW_CumInt,1.856260552831901
2007-06-01,2007,6,2,Mixed-prokaryote mid-year state,MHW_CumInt,5.920009128962959
2007-07-01,2007,7,2,Mixed-prokaryote mid-year state,MHW_CumInt,7.457765134134007
2007-08-01,2007,8,2,Mixed-prokaryote mid-year state,MHW_CumInt,2.447323865458765
2007-09-01,2007,9,3,Prokaryote-dominated late-year state,MHW_CumInt,2.130864800574984
2007-10-01,2007,10,3,Prokaryote-dominated late-year state,MHW_CumInt,0.40520374027652245
2007-11-01,2007,11,3,Prokaryote-dominated late-year state,MHW_CumInt,2.7725360468428457
2007-12-01,2007,12,1,Diatom-associated early-year state,MHW_CumInt,5.012849322427098
2008-01-01,2008,1,3,Prokaryote-dominated late-year state,MHW_CumInt,0.9675061937668779
2008-02-01,2008,2,1,Diatom-associated early-year state,MHW_CumInt,1.403552029459009
2008-03-01,2008,3,1,Diatom-associated early-year state,MHW_CumInt,3.8473286345124196
2008-04-01,2008,4,1,Diatom-associated early-year state,MHW_CumInt,0.4258024220362237
2008-05-01,2008,5,2,Mixed-prokaryote mid-year state,MHW_CumInt,0.04459692751324292
2008-06-01,2008,6,2,Mixed-prokaryote mid-year state,MHW_CumInt,6.3843911531777335
2008-07-01,2008,7,2,Mixed-prokaryote mid-year state,MHW_CumInt,3.0494316709953746
2008-08-01,2008,8,3,Prokaryote-dominated late-year state,MHW_CumInt,2.670017716827173
2008-09-01,2008,9,3,Prokaryote-dominated late-year state,MHW_CumInt,1.732077477682666
2008-10-01,2008,10,3,Prokaryote-dominated late-year state,MHW_CumInt,2.43991784234964
2008-11-01,2008,11,3,Prokaryote-dominated late-year state,MHW_CumInt,1.0707257943810706
2008-12-01,2008,12,1,Diatom-associated early-year state,MHW_CumInt,0.6997261727687922
2009-01-01,2009,1,1,Diatom-associated early-year state,MHW_CumInt,2.1213992159988297
2009-02-01,2009,2,1,Diatom-associated early-year state,MHW_CumInt,2.5439850395452788
2009-03-01,2009,3,1,Diatom-associated early-year state,MHW_CumInt,2.8046752894523843
2009-04-01,2009,4,1,Diatom-associated early-year state,MHW_CumInt,2.5272331491769022
2009-05-01,2009,5,2,Mixed-prokaryote mid-year state,MHW_CumInt,0.6210073715327548
2009-06-01,2009,6,2,Mixed-prokaryote mid-year state,MHW_CumInt,1.9913682831712796
2009-07-01,2009,7,2,Mixed-prokaryote mid-year state,MHW_CumInt,4.608710661552521
2009-08-01,2009,8,2,Mixed-prokaryote mid-year state,MHW_CumInt,0.8015783967045559
2009-09-01,2009,9,3,Prokaryote-dominated late-year state,MHW_CumInt,1.5782998525086236
2009-10-01,2009,10,3,Prokaryote-dominated late-year state,MHW_CumInt,1.632396927764749
2009-11-01,2009,11,3,Prokaryote-dominated late-year state,MHW_CumInt,0.136375637470358
2009-12-01,2009,12,1,Diatom-associated early-year state,MHW_CumInt,0.026296655685545327
2010-01-01,2010,1,1,Diatom-associated early-year state,MHW_CumInt,0.21411824198507728
2010-02-01,2010,2,1,Diatom-associated early-year state,MHW_CumInt,0.08254880642072443
2010-03-01,2010,3,1,Diatom-associated early-year state,MHW_CumInt,0.007081974912957211
2010-04-01,2010,4,1,Diatom-associated early-year state,MHW_CumInt,0.0437621241618737
2010-05-01,2010,5,1,Diatom-associated early-year state,MHW_CumInt,2.139027991741322
2010-06-01,2010,6,2,Mixed-prokaryote mid-year state,MHW_CumInt,2.5933985597182043
2010-07-01,2010,7,2,Mixed-prokaryote mid-year state,MHW_CumInt,7.142416152212906
2010-08-01,2010,8,2,Mixed-prokaryote mid-year state,MHW_CumInt,7.259293997928109
2010-09-01,2010,9,3,Prokaryote-dominated late-year state,MHW_CumInt,0.3756953200657379
2010-10-01,2010,10,3,Prokaryote-dominated late-year state,MHW_CumInt,0.008398727471450398
2010-11-01,2010,11,3,Prokaryote-dominated late-year state,MHW_CumInt,0.018552485756716853
2010-12-01,2010,12,3,Prokaryote-dominated late-year state,MHW_CumInt,0.7056346336740866
2011-01-01,2011,1,1,Diatom-associated early-year state,MHW_CumInt,0.9801504427489196
2011-02-01,2011,2,1,Diatom-associated early-year state,MHW_CumInt,0.00727443330030451
2011-03-01,2011,3,1,Diatom-associated early-year state,MHW_CumInt,0.0
2011-04-01,2011,4,1,Diatom-associated early-year state,MHW_CumInt,0.0258863802476312
2011-05-01,2011,5,2,Mixed-prokaryote mid-year state,MHW_CumInt,0.04088506390496292
2011-06-01,2011,6,2,Mixed-prokaryote mid-year state,MHW_CumInt,1.0317175651415944
2011-07-01,2011,7,2,Mixed-prokaryote mid-year state,MHW_CumInt,0.09764846337024582
2011-08-01,2011,8,2,Mixed-prokaryote mid-year state,MHW_CumInt,0.15659344033865685
2011-09-01,2011,9,3,Prokaryote-dominated late-year state,MHW_CumInt,0.0
2011-10-01,2011,10,3,Prokaryote-dominated late-year state,MHW_CumInt,0.8286382906806566
2011-11-01,2011,11,3,Prokaryote-dominated late-year state,MHW_CumInt,0.028327761878418775
2011-12-01,2011,12,1,Diatom-associated early-year state,MHW_CumInt,0.11955922659608854
2012-01-01,2012,1,1,Diatom-associated early-year state,MHW_CumInt,0.4519926892491573
2012-02-01,2012,2,3,Prokaryote-dominated late-year state,MHW_CumInt,0.8982441314169186
2012-03-01,2012,3,3,Prokaryote-dominated late-year state,MHW_CumInt,3.8529362546857593
2012-04-01,2012,4,1,Diatom-associated early-year state,MHW_CumInt,10.655406032645969
2012-05-01,2012,5,1,Diatom-associated early-year state,MHW_CumInt,2.8240870021859763
2012-06-01,2012,6,2,Mixed-prokaryote mid-year state,MHW_CumInt,8.66995470679293
2012-07-01,2012,7,2,Mixed-prokaryote mid-year state,MHW_CumInt,1.7429175128219774
2012-08-01,2012,8,2,Mixed-prokaryote mid-year state,MHW_CumInt,0.44494219086879694
2012-09-01,2012,9,3,Prokaryote-dominated late-year state,MHW_CumInt,0.0
2012-10-01,2012,10,3,Prokaryote-dominated late-year state,MHW_CumInt,0.03607543929526013
2012-11-01,2012,11,3,Prokaryote-dominated late-year state,MHW_CumInt,0.17825337812126504
2012-12-01,2012,12,3,Prokaryote-dominated late-year state,MHW_CumInt,0.2752810920795177
2013-01-01,2013,1,1,Diatom-associated early-year state,MHW_CumInt,0.017034936164367617
2013-02-01,2013,2,3,Prokaryote-dominated late-year state,MHW_CumInt,0.1278281047038635
2013-03-01,2013,3,3,Prokaryote-dominated late-year state,MHW_CumInt,0.2017940432436514
2013-04-01,2013,4,1,Diatom-associated early-year state,MHW_CumInt,0.7401577160222823
2013-05-01,2013,5,1,Diatom-associated early-year state,MHW_CumInt,1.9763250987361303
2013-06-01,2013,6,2,Mixed-prokaryote mid-year state,MHW_CumInt,13.348391495137458
2013-07-01,2013,7,2,Mixed-prokaryote mid-year state,MHW_CumInt,14.165808207182343
2013-08-01,2013,8,2,Mixed-prokaryote mid-year state,MHW_CumInt,0.4711684224830428
2013-09-01,2013,9,3,Prokaryote-dominated late-year state,MHW_CumInt,0.042104069167118265
2013-10-01,2013,10,3,Prokaryote-dominated late-year state,MHW_CumInt,0.0
2013-11-01,2013,11,3,Prokaryote-dominated late-year state,MHW_CumInt,0.0
2013-12-01,2013,12,3,Prokaryote-dominated late-year state,MHW_CumInt,0.4342501002015349
2014-01-01,2014,1,3,Prokaryote-dominated late-year state,MHW_CumInt,0.0841979795656474
2014-02-01,2014,2,3,Prokaryote-dominated late-year state,MHW_CumInt,3.3140950864727254
2014-03-01,2014,3,3,Prokaryote-dominated late-year state,MHW_CumInt,5.462266864953252
2014-04-01,2014,4,1,Diatom-associated early-year state,MHW_CumInt,1.4481984446075669
2014-05-01,2014,5,1,Diatom-associated early-year state,MHW_CumInt,7.37567996233819
2014-06-01,2014,6,2,Mixed-prokaryote mid-year state,MHW_CumInt,3.915426197541744
2014-07-01,2014,7,2,Mixed-prokaryote mid-year state,MHW_CumInt,4.698975158104316
2014-08-01,2014,8,2,Mixed-prokaryote mid-year state,MHW_CumInt,0.6824496352949047
2014-09-01,2014,9,2,Mixed-prokaryote mid-year state,MHW_CumInt,0.07141461811152577
2014-10-01,2014,10,3,Prokaryote-dominated late-year state,MHW_CumInt,0.21076374503823553
2014-11-01,2014,11,3,Prokaryote-dominated late-year state,MHW_CumInt,0.0
2014-12-01,2014,12,3,Prokaryote-dominated late-year state,MHW_CumInt,0.01913087051971973
2015-01-01,2015,1,3,Prokaryote-dominated late-year state,MHW_CumInt,0.006294269862346867
2015-02-01,2015,2,3,Prokaryote-dominated late-year state,MHW_CumInt,1.339697902277791
2015-03-01,2015,3,3,Prokaryote-dominated late-year state,MHW_CumInt,2.3693981208446355
2015-04-01,2015,4,1,Diatom-associated early-year state,MHW_CumInt,3.2324576257286664
2015-05-01,2015,5,2,Mixed-prokaryote mid-year state,MHW_CumInt,3.394762468438238
2015-06-01,2015,6,2,Mixed-prokaryote mid-year state,MHW_CumInt,1.8967644777580377
2015-07-01,2015,7,2,Mixed-prokaryote mid-year state,MHW_CumInt,3.2285423898913965
2015-08-01,2015,8,2,Mixed-prokaryote mid-year state,MHW_CumInt,0.3329463680760228
2015-09-01,2015,9,3,Prokaryote-dominated late-year state,MHW_CumInt,0.12912454962975264
2015-10-01,2015,10,3,Prokaryote-dominated late-year state,MHW_CumInt,1.588536510651164
2015-11-01,2015,11,3,Prokaryote-dominated late-year state,MHW_CumInt,0.7039425117037246
2015-12-01,2015,12,3,Prokaryote-dominated late-year state,MHW_CumInt,0.7299285857804427
2016-01-01,2016,1,3,Prokaryote-dominated late-year state,MHW_CumInt,0.010624704776177546
2016-02-01,2016,2,3,Prokaryote-dominated late-year state,MHW_CumInt,2.412925928812003
2016-03-01,2016,3,3,Prokaryote-dominated late-year state,MHW_CumInt,1.906740845726984
2016-04-01,2016,4,3,Prokaryote-dominated late-year state,MHW_CumInt,4.521550036478437
2016-05-01,2016,5,1,Diatom-associated early-year state,MHW_CumInt,5.300516750890629
2016-06-01,2016,6,2,Mixed-prokaryote mid-year state,MHW_CumInt,40.91532853683242
2016-07-01,2016,7,2,Mixed-prokaryote mid-year state,MHW_CumInt,14.989883770495211
2016-08-01,2016,8,2,Mixed-prokaryote mid-year state,MHW_CumInt,1.5771498111728246
2016-09-01,2016,9,2,Mixed-prokaryote mid-year state,MHW_CumInt,4.05286957798229
2016-10-01,2016,10,3,Prokaryote-dominated late-year state,MHW_CumInt,3.4438051344349856
2016-11-01,2016,11,2,Mixed-prokaryote mid-year state,MHW_CumInt,3.6372597565552827
2016-12-01,2016,12,1,Diatom-associated early-year state,MHW_CumInt,6.985478276693023
2017-01-01,2017,1,1,Diatom-associated early-year state,MHW_CumInt,0.8024572242938768
2017-02-01,2017,2,1,Diatom-associated early-year state,MHW_CumInt,5.9719224680253555
2017-03-01,2017,3,1,Diatom-associated early-year state,MHW_CumInt,6.135152711224029
2017-04-01,2017,4,1,Diatom-associated early-year state,MHW_CumInt,12.071345548106404
2017-05-01,2017,5,3,Prokaryote-dominated late-year state,MHW_CumInt,30.03848071187255
2017-06-01,2017,6,2,Mixed-prokaryote mid-year state,MHW_CumInt,43.82760152248355
2017-07-01,2017,7,2,Mixed-prokaryote mid-year state,MHW_CumInt,10.694391107176273
2017-08-01,2017,8,2,Mixed-prokaryote mid-year state,MHW_CumInt,6.015821603182653
2017-09-01,2017,9,3,Prokaryote-dominated late-year state,MHW_CumInt,2.0697161000639346
2017-10-01,2017,10,2,Mixed-prokaryote mid-year state,MHW_CumInt,0.21509159121482593
2017-11-01,2017,11,2,Mixed-prokaryote mid-year state,MHW_CumInt,0.3222228550950566
2017-12-01,2017,12,1,Diatom-associated early-year state,MHW_CumInt,0.140517088096915
2018-01-01,2018,1,1,Diatom-associated early-year state,MHW_CumInt,0.4516758310992334
2018-02-01,2018,2,1,Diatom-associated early-year state,MHW_CumInt,5.184884457068304
2018-03-01,2018,3,1,Diatom-associated early-year state,MHW_CumInt,5.296141265090313
2018-04-01,2018,4,3,Prokaryote-dominated late-year state,MHW_CumInt,9.431018529825229
2018-05-01,2018,5,3,Prokaryote-dominated late-year state,MHW_CumInt,3.48707519779004
2018-06-01,2018,6,2,Mixed-prokaryote mid-year state,MHW_CumInt,44.954996240525816
2018-07-01,2018,7,2,Mixed-prokaryote mid-year state,MHW_CumInt,7.2395171131881195
2018-08-01,2018,8,2,Mixed-prokaryote mid-year state,MHW_CumInt,5.780090876397553
2018-09-01,2018,9,3,Prokaryote-dominated late-year state,MHW_CumInt,0.024750461050510545
2018-10-01,2018,10,3,Prokaryote-dominated late-year state,MHW_CumInt,5.852421085546238
2018-11-01,2018,11,2,Mixed-prokaryote mid-year state,MHW_CumInt,4.280779773466974
2018-12-01,2018,12,1,Diatom-associated early-year state,MHW_CumInt,8.909207062072685
2019-01-01,2019,1,1,Diatom-associated early-year state,MHW_CumInt,4.026356406810829
2019-02-01,2019,2,1,Diatom-associated early-year state,MHW_CumInt,10.562843797313612
2019-03-01,2019,3,1,Diatom-associated early-year state,MHW_CumInt,5.701033773857812
2019-04-01,2019,4,1,Diatom-associated early-year state,MHW_CumInt,2.648240010165926
2019-05-01,2019,5,3,Prokaryote-dominated late-year state,MHW_CumInt,5.522769423970183
2019-06-01,2019,6,2,Mixed-prokaryote mid-year state,MHW_CumInt,12.662483799703448
2019-07-01,2019,7,2,Mixed-prokaryote mid-year state,MHW_CumInt,6.020508436329557
2019-08-01,2019,8,3,Prokaryote-dominated late-year state,MHW_CumInt,2.3415950849364227
2019-09-01,2019,9,3,Prokaryote-dominated late-year state,MHW_CumInt,5.45128390701948
2019-10-01,2019,10,3,Prokaryote-dominated late-year state,MHW_CumInt,2.744408533308567
2019-11-01,2019,11,3,Prokaryote-dominated late-year state,MHW_CumInt,13.207259284038031
2019-12-01,2019,12,1,Diatom-associated early-year state,MHW_CumInt,15.661640601662528
2020-01-01,2020,1,1,Diatom-associated early-year state,MHW_CumInt,11.440019946965375
2020-02-01,2020,2,1,Diatom-associated early-year state,MHW_CumInt,18.596931551635308
2020-03-01,2020,3,1,Diatom-associated early-year state,MHW_CumInt,2.4477332717122926
2020-04-01,2020,4,3,Prokaryote-dominated late-year state,MHW_CumInt,4.843034359004142
2020-05-01,2020,5,2,Mixed-prokaryote mid-year state,MHW_CumInt,9.335799560218435
2020-06-01,2020,6,3,Prokaryote-dominated late-year state,MHW_CumInt,1.047404766631966
2020-07-01,2020,7,2,Mixed-prokaryote mid-year state,MHW_CumInt,9.427780671321928
2020-08-01,2020,8,2,Mixed-prokaryote mid-year state,MHW_CumInt,1.7898143292120519
2020-09-01,2020,9,3,Prokaryote-dominated late-year state,MHW_CumInt,0.39233641898030036
2020-10-01,2020,10,3,Prokaryote-dominated late-year state,MHW_CumInt,12.603020979793198
2020-11-01,2020,11,2,Mixed-prokaryote mid-year state,MHW_CumInt,2.107421790467584
2020-12-01,2020,12,1,Diatom-associated early-year state,MHW_CumInt,6.1518022532866015
2021-01-01,2021,1,1,Diatom-associated early-year state,MHW_CumInt,10.82682901881152
2021-02-01,2021,2,1,Diatom-associated early-year state,MHW_CumInt,14.603808588498655
2021-03-01,2021,3,1,Diatom-associated early-year state,MHW_CumInt,5.593746996306826
2021-04-01,2021,4,3,Prokaryote-dominated late-year state,MHW_CumInt,5.99516368209282
2021-05-01,2021,5,3,Prokaryote-dominated late-year state,MHW_CumInt,14.173381931958993
2021-06-01,2021,6,2,Mixed-prokaryote mid-year state,MHW_CumInt,22.23367694327686
2021-07-01,2021,7,2,Mixed-prokaryote mid-year state,MHW_CumInt,7.261755424712592
2021-08-01,2021,8,3,Prokaryote-dominated late-year state,MHW_CumInt,33.22460029946446
2021-09-01,2021,9,3,Prokaryote-dominated late-year state,MHW_CumInt,7.959948290164006
2021-10-01,2021,10,3,Prokaryote-dominated late-year state,MHW_CumInt,4.6895767698707305
2021-11-01,2021,11,2,Mixed-prokaryote mid-year state,MHW_CumInt,4.668512036651848
2021-12-01,2021,12,1,Diatom-associated early-year state,MHW_CumInt,4.5712353776444425
2022-01-01,2022,1,1,Diatom-associated early-year state,MHW_CumInt,3.975506011790062
2022-02-01,2022,2,1,Diatom-associated early-year state,MHW_CumInt,12.09230363763467
2022-03-01,2022,3,3,Prokaryote-dominated late-year state,MHW_CumInt,14.256373507497656
2022-04-01,2022,4,3,Prokaryote-dominated late-year state,MHW_CumInt,5.492713928437884
2022-05-01,2022,5,3,Prokaryote-dominated late-year state,MHW_CumInt,25.019764987457254
2022-06-01,2022,6,2,Mixed-prokaryote mid-year state,MHW_CumInt,28.23146366904732
2022-07-01,2022,7,2,Mixed-prokaryote mid-year state,MHW_CumInt,11.665287942474146
2022-08-01,2022,8,3,Prokaryote-dominated late-year state,MHW_CumInt,0.9476107784301985
2022-09-01,2022,9,3,Prokaryote-dominated late-year state,MHW_CumInt,0.46592600942417944
2022-10-01,2022,10,3,Prokaryote-dominated late-year state,MHW_CumInt,12.302733969992266
2022-11-01,2022,11,2,Mixed-prokaryote mid-year state,MHW_CumInt,1.3876069869755399
2022-12-01,2022,12,1,Diatom-associated early-year state,MHW_CumInt,2.5821476807133754
