Months,Observed_State,Explained_State,State_Name,Feature,Feature_Value,SHAP_Value
2003-01-01,1,1,Diatom-associated early-year state,SST,10.6536,0.9835877998512855
2003-01-01,1,1,Diatom-associated early-year state,NO3,2.066182,0.42142944791070636
2003-01-01,1,1,Diatom-associated early-year state,PO4,0.05948071,0.12674432270989056
2003-01-01,1,1,Diatom-associated early-year state,SPCo2,23.79095,1.394701801191618
2003-01-01,1,1,Diatom-associated early-year state,MLD,43.70361,0.02136954071963692
2003-01-01,1,1,Diatom-associated early-year state,SSS,32.569,0.5562708170914267
2003-01-01,1,1,Diatom-associated early-year state,SSH,0.1942705,0.592812135020126
2003-01-01,1,1,Diatom-associated early-year state,PAR,18.2643,0.05935966187599616
2003-01-01,1,1,Diatom-associated early-year state,PDO,1.45,-0.6765337922355916
2003-01-01,1,1,Diatom-associated early-year state,NINO_3.4,0.98,-0.1642373870833239
2003-01-01,1,1,Diatom-associated early-year state,WPI,-0.14,0.10949025524390144
2003-01-01,1,1,Diatom-associated early-year state,MHW_MeanInt,0.0131404711513522,-0.011472598129344154
2003-01-01,1,1,Diatom-associated early-year state,MHW_MaxInt,0.0143618905291345,0.09688583833858103
2003-01-01,1,1,Diatom-associated early-year state,MHW_CumInt,0.0881562968539932,-0.04424085529531631
2003-02-01,1,1,Diatom-associated early-year state,SST,9.226859,1.2404379446927274
2003-02-01,1,1,Diatom-associated early-year state,NO3,1.872806,0.47436750056596333
2003-02-01,1,1,Diatom-associated early-year state,PO4,0.04826096,0.09994976013731048
2003-02-01,1,1,Diatom-associated early-year state,SPCo2,23.73429,1.3919824778165921
2003-02-01,1,1,Diatom-associated early-year state,MLD,36.24125,-0.101177349357008
2003-02-01,1,1,Diatom-associated early-year state,SSS,32.64018,0.9315980627553202
2003-02-01,1,1,Diatom-associated early-year state,SSH,0.234562,-0.08597007567438487
2003-02-01,1,1,Diatom-associated early-year state,PAR,23.45697,-0.10059395123764836
2003-02-01,1,1,Diatom-associated early-year state,PDO,1.23,0.23292111702425622
2003-02-01,1,1,Diatom-associated early-year state,NINO_3.4,0.64,-0.14643340858861334
2003-02-01,1,1,Diatom-associated early-year state,WPI,0.17,0.0908546676115708
2003-02-01,1,1,Diatom-associated early-year state,MHW_MeanInt,0.0171045352936157,0.0033219200633741747
2003-02-01,1,1,Diatom-associated early-year state,MHW_MaxInt,0.0203522111820129,-0.03866458914161587
2003-02-01,1,1,Diatom-associated early-year state,MHW_CumInt,0.0855226764680788,-0.027384935600023544
2003-03-01,1,1,Diatom-associated early-year state,SST,9.888013,1.249353536907765
2003-03-01,1,1,Diatom-associated early-year state,NO3,1.789827,0.4873554951107616
2003-03-01,1,1,Diatom-associated early-year state,PO4,0.03192817,0.044412157939358904
2003-03-01,1,1,Diatom-associated early-year state,SPCo2,25.29116,0.1820615452680649
2003-03-01,1,1,Diatom-associated early-year state,MLD,26.85569,-0.12034666278324894
2003-03-01,1,1,Diatom-associated early-year state,SSS,32.66323,1.053518938782571
2003-03-01,1,1,Diatom-associated early-year state,SSH,0.1915937,0.7410920780540645
2003-03-01,1,1,Diatom-associated early-year state,PAR,31.66549,-0.04089801072735449
2003-03-01,1,1,Diatom-associated early-year state,PDO,1.01,0.20403860373003324
2003-03-01,1,1,Diatom-associated early-year state,NINO_3.4,0.48,-0.1974280668472719
2003-03-01,1,1,Diatom-associated early-year state,WPI,-1.01,0.1606385489843763
2003-03-01,1,1,Diatom-associated early-year state,MHW_MeanInt,0.0046435915267579,0.049355044154502724
2003-03-01,1,1,Diatom-associated early-year state,MHW_MaxInt,0.0054977391704626,0.12298772705637262
2003-03-01,1,1,Diatom-associated early-year state,MHW_CumInt,0.0232179576337899,0.02215076255467352
2003-04-01,1,1,Diatom-associated early-year state,SST,11.75001,1.4918466494634033
2003-04-01,1,1,Diatom-associated early-year state,NO3,2.553677,0.19065817411359492
2003-04-01,1,1,Diatom-associated early-year state,PO4,0.01375037,0.1685370485330751
2003-04-01,1,1,Diatom-associated early-year state,SPCo2,29.56994,0.2877133379561293
2003-04-01,1,1,Diatom-associated early-year state,MLD,12.03047,-0.04235185992950813
2003-04-01,1,1,Diatom-associated early-year state,SSS,32.55077,0.8244349686411184
2003-04-01,1,1,Diatom-associated early-year state,SSH,0.1350424,0.9770172587009286
2003-04-01,1,1,Diatom-associated early-year state,PAR,38.72302,0.2792840047949332
2003-04-01,1,1,Diatom-associated early-year state,PDO,0.36,0.49252337159819765
2003-04-01,1,1,Diatom-associated early-year state,NINO_3.4,-0.03,0.10484712345166675
2003-04-01,1,1,Diatom-associated early-year state,WPI,1.58,-0.03737729391454925
2003-04-01,1,1,Diatom-associated early-year state,MHW_MeanInt,0.2725131959791815,0.021119841334655477
2003-04-01,1,1,Diatom-associated early-year state,MHW_MaxInt,0.306854244801655,0.032650741227808665
2003-04-01,1,1,Diatom-associated early-year state,MHW_CumInt,1.8472360378628687,0.08585572083776499
2003-05-01,2,1,Diatom-associated early-year state,SST,16.08669,0.43622667347379507
2003-05-01,2,1,Diatom-associated early-year state,NO3,3.514215,-0.05465256228852598
2003-05-01,2,1,Diatom-associated early-year state,PO4,0.01084706,-0.07741192513797562
2003-05-01,2,1,Diatom-associated early-year state,SPCo2,34.8829,-6.131458327411984e-05
2003-05-01,2,1,Diatom-associated early-year state,MLD,10.88174,0.2554981818310912
2003-05-01,2,1,Diatom-associated early-year state,SSS,32.30488,0.39198950932437954
2003-05-01,2,1,Diatom-associated early-year state,SSH,0.2281191,0.019425612094194345
2003-05-01,2,1,Diatom-associated early-year state,PAR,44.47189,0.17718069259518268
2003-05-01,2,1,Diatom-associated early-year state,PDO,0.21,0.20844236702492752
2003-05-01,2,1,Diatom-associated early-year state,NINO_3.4,-0.52,-0.13080266075140046
2003-05-01,2,1,Diatom-associated early-year state,WPI,0.03,-0.025518724408538
2003-05-01,2,1,Diatom-associated early-year state,MHW_MeanInt,0.0215705614341163,-0.01990305720564122
2003-05-01,2,1,Diatom-associated early-year state,MHW_MaxInt,0.0238242966565038,-0.01656638936979743
2003-05-01,2,1,Diatom-associated early-year state,MHW_CumInt,0.1439373695860644,0.079603020868428
2003-06-01,2,1,Diatom-associated early-year state,SST,19.74573,-0.6873906442580962
2003-06-01,2,1,Diatom-associated early-year state,NO3,4.782942,-0.18845537503308327
2003-06-01,2,1,Diatom-associated early-year state,PO4,0.01973093,0.021543327453183735
2003-06-01,2,1,Diatom-associated early-year state,SPCo2,39.29079,-0.2118930909171788
2003-06-01,2,1,Diatom-associated early-year state,MLD,10.70942,0.9429029785496744
2003-06-01,2,1,Diatom-associated early-year state,SSS,31.93707,-0.46596924277730106
2003-06-01,2,1,Diatom-associated early-year state,SSH,0.2159175,0.39152333190738475
2003-06-01,2,1,Diatom-associated early-year state,PAR,43.89837,0.21682148597402037
2003-06-01,2,1,Diatom-associated early-year state,PDO,-0.42,0.022198438734637078
2003-06-01,2,1,Diatom-associated early-year state,NINO_3.4,-0.19,-0.01812525818486452
2003-06-01,2,1,Diatom-associated early-year state,WPI,0.76,0.03371959943332121
2003-06-01,2,1,Diatom-associated early-year state,MHW_MeanInt,0.086527782011138,-0.043310073754943675
2003-06-01,2,1,Diatom-associated early-year state,MHW_MaxInt,0.095358425735349,-0.016033801095928397
2003-06-01,2,1,Diatom-associated early-year state,MHW_CumInt,0.6060330550069817,-0.044417609104793504
2003-07-01,2,1,Diatom-associated early-year state,SST,23.4168,-0.7251772198211469
2003-07-01,2,1,Diatom-associated early-year state,NO3,6.44504,-0.20160709011924474
2003-07-01,2,1,Diatom-associated early-year state,PO4,0.0197171,0.004180328731934716
2003-07-01,2,1,Diatom-associated early-year state,SPCo2,41.09243,-0.2475372957797178
2003-07-01,2,1,Diatom-associated early-year state,MLD,10.28391,0.9910069798804181
2003-07-01,2,1,Diatom-associated early-year state,SSS,31.59149,-0.4821951347546422
2003-07-01,2,1,Diatom-associated early-year state,SSH,0.2527651,-0.09482776230841262
2003-07-01,2,1,Diatom-associated early-year state,PAR,43.4742,0.10050529684985311
2003-07-01,2,1,Diatom-associated early-year state,PDO,0.37,0.20584731498318118
2003-07-01,2,1,Diatom-associated early-year state,NINO_3.4,0.14,-0.063637591969517
2003-07-01,2,1,Diatom-associated early-year state,WPI,-1.94,0.027579728666228764
2003-07-01,2,1,Diatom-associated early-year state,MHW_MeanInt,0.1200739796195724,-0.04288772668622925
2003-07-01,2,1,Diatom-associated early-year state,MHW_MaxInt,0.1350950391818477,-0.027729013150456887
2003-07-01,2,1,Diatom-associated early-year state,MHW_CumInt,0.7938286167281388,-0.08346428283210985
2003-08-01,3,1,Diatom-associated early-year state,SST,26.00336,-0.9934887306082956
2003-08-01,3,1,Diatom-associated early-year state,NO3,6.747303,-0.47976497082949054
2003-08-01,3,1,Diatom-associated early-year state,PO4,0.01895659,-0.0767220839266227
2003-08-01,3,1,Diatom-associated early-year state,SPCo2,41.42951,-0.35048789726159496
2003-08-01,3,1,Diatom-associated early-year state,MLD,10.77536,0.3895853278128205
2003-08-01,3,1,Diatom-associated early-year state,SSS,31.44741,-0.6484053147832848
2003-08-01,3,1,Diatom-associated early-year state,SSH,0.3014184,-0.45066930898010493
2003-08-01,3,1,Diatom-associated early-year state,PAR,42.03368,-0.44186993169636013
2003-08-01,3,1,Diatom-associated early-year state,PDO,0.63,0.12310254694717185
2003-08-01,3,1,Diatom-associated early-year state,NINO_3.4,0.05,-0.1532855581323809
2003-08-01,3,1,Diatom-associated early-year state,WPI,-0.9,-0.11279728121415221
2003-08-01,3,1,Diatom-associated early-year state,MHW_MeanInt,0.3628347578339257,-0.045676966863332724
2003-08-01,3,1,Diatom-associated early-year state,MHW_MaxInt,0.411082859812034,-0.06912838559882109
2003-08-01,3,1,Diatom-associated early-year state,MHW_CumInt,2.2605519257653826,-0.18937686355752004
2003-09-01,3,1,Diatom-associated early-year state,SST,24.95572,-1.3612632715131636
2003-09-01,3,1,Diatom-associated early-year state,NO3,5.868157,-0.4108496282011346
2003-09-01,3,1,Diatom-associated early-year state,PO4,0.01896781,-0.07093688237852491
2003-09-01,3,1,Diatom-associated early-year state,SPCo2,38.03652,-0.29579592455974546
2003-09-01,3,1,Diatom-associated early-year state,MLD,13.07886,-0.7952570284041576
2003-09-01,3,1,Diatom-associated early-year state,SSS,31.56733,-0.8002893176202113
2003-09-01,3,1,Diatom-associated early-year state,SSH,0.3381976,-0.5534903432668827
2003-09-01,3,1,Diatom-associated early-year state,PAR,37.95425,-0.36709006856895987
2003-09-01,3,1,Diatom-associated early-year state,PDO,-0.17,0.10670792951424705
2003-09-01,3,1,Diatom-associated early-year state,NINO_3.4,0.15,-0.17285414015220169
2003-09-01,3,1,Diatom-associated early-year state,WPI,-2.17,0.024052034085742958
2003-09-01,3,1,Diatom-associated early-year state,MHW_MeanInt,0.0317860579222881,-0.06451595800982068
2003-09-01,3,1,Diatom-associated early-year state,MHW_MaxInt,0.0346954744085692,-0.05482664545443807
2003-09-01,3,1,Diatom-associated early-year state,MHW_CumInt,0.25940113727433,-0.1301437759364178
2003-10-01,3,1,Diatom-associated early-year state,SST,21.49835,-1.378404429171272
2003-10-01,3,1,Diatom-associated early-year state,NO3,4.553604,-0.4391013851673956
2003-10-01,3,1,Diatom-associated early-year state,PO4,0.01595329,-0.06955628320734034
2003-10-01,3,1,Diatom-associated early-year state,SPCo2,32.8923,-0.20809250876001248
2003-10-01,3,1,Diatom-associated early-year state,MLD,22.12526,-0.8499296112933621
2003-10-01,3,1,Diatom-associated early-year state,SSS,31.88859,-0.792038311904187
2003-10-01,3,1,Diatom-associated early-year state,SSH,0.3535486,-0.5226440327717132
2003-10-01,3,1,Diatom-associated early-year state,PAR,30.67915,-0.47709790283306014
2003-10-01,3,1,Diatom-associated early-year state,PDO,0.74,0.287886917497509
2003-10-01,3,1,Diatom-associated early-year state,NINO_3.4,0.46,-0.30893021723333314
2003-10-01,3,1,Diatom-associated early-year state,WPI,-0.42,-0.04267671497490184
2003-10-01,3,1,Diatom-associated early-year state,MHW_MeanInt,0.0291644833871338,-0.07487059498043049
2003-10-01,3,1,Diatom-associated early-year state,MHW_MaxInt,0.0317398388561604,-0.07469842361113263
2003-10-01,3,1,Diatom-associated early-year state,MHW_CumInt,0.176513936748717,-0.16589743483924407
2003-11-01,3,1,Diatom-associated early-year state,SST,18.29269,-1.4564025459445349
2003-11-01,3,1,Diatom-associated early-year state,NO3,3.699384,-0.412963085468206
2003-11-01,3,1,Diatom-associated early-year state,PO4,0.02276026,-0.043622704536203497
2003-11-01,3,1,Diatom-associated early-year state,SPCo2,29.37968,0.01391673579446288
2003-11-01,3,1,Diatom-associated early-year state,MLD,25.82172,-0.5978209655486559
2003-11-01,3,1,Diatom-associated early-year state,SSS,32.146,-0.6506735125475437
2003-11-01,3,1,Diatom-associated early-year state,SSH,0.3094546,-0.41046223801472853
2003-11-01,3,1,Diatom-associated early-year state,PAR,19.52595,-0.14393369630114825
2003-11-01,3,1,Diatom-associated early-year state,PDO,-0.23,0.14744339415262891
2003-11-01,3,1,Diatom-associated early-year state,NINO_3.4,0.39,-0.4620694322430171
2003-11-01,3,1,Diatom-associated early-year state,WPI,0.69,0.004601815818773889
2003-11-01,3,1,Diatom-associated early-year state,MHW_MeanInt,0.0347127636809647,-0.09405947703362924
2003-11-01,3,1,Diatom-associated early-year state,MHW_MaxInt,0.0410262867207363,-0.11807159975853222
2003-11-01,3,1,Diatom-associated early-year state,MHW_CumInt,0.2889259208268783,-0.2790935101725592
2003-12-01,3,1,Diatom-associated early-year state,SST,14.18948,0.9926408292302403
2003-12-01,3,1,Diatom-associated early-year state,NO3,2.481625,-0.01792342618351814
2003-12-01,3,1,Diatom-associated early-year state,PO4,0.03871807,-0.14352669315581765
2003-12-01,3,1,Diatom-associated early-year state,SPCo2,26.20514,-0.1388884059821568
2003-12-01,3,1,Diatom-associated early-year state,MLD,37.02884,-0.3776051209266555
2003-12-01,3,1,Diatom-associated early-year state,SSS,32.3822,-0.07173937993749968
2003-12-01,3,1,Diatom-associated early-year state,SSH,0.1997933,0.21667533823326326
2003-12-01,3,1,Diatom-associated early-year state,PAR,17.37022,-0.431934768689404
2003-12-01,3,1,Diatom-associated early-year state,PDO,-0.6,-0.028543956171856656
2003-12-01,3,1,Diatom-associated early-year state,NINO_3.4,0.32,-0.5277497919635439
2003-12-01,3,1,Diatom-associated early-year state,WPI,0.8,-0.24485489505846658
2003-12-01,3,1,Diatom-associated early-year state,MHW_MeanInt,0.0305836895785291,-0.11653859559014898
2003-12-01,3,1,Diatom-associated early-year state,MHW_MaxInt,0.0357636532173325,-0.1719478425295908
2003-12-01,3,1,Diatom-associated early-year state,MHW_CumInt,0.1671471642657015,-0.41894072321112125
2004-01-01,1,1,Diatom-associated early-year state,SST,10.96138,1.2034227380982054
2004-01-01,1,1,Diatom-associated early-year state,NO3,2.073107,0.47383034595335644
2004-01-01,1,1,Diatom-associated early-year state,PO4,0.05104483,0.09411487460769791
2004-01-01,1,1,Diatom-associated early-year state,SPCo2,24.43506,1.3766778067458916
2004-01-01,1,1,Diatom-associated early-year state,MLD,41.40466,-0.02095448306406602
2004-01-01,1,1,Diatom-associated early-year state,SSS,32.54317,0.7409285089385552
2004-01-01,1,1,Diatom-associated early-year state,SSH,0.2006977,0.34769348037822156
2004-01-01,1,1,Diatom-associated early-year state,PAR,18.0528,-0.0524170497203911
2004-01-01,1,1,Diatom-associated early-year state,PDO,-0.55,0.23731422555512674
2004-01-01,1,1,Diatom-associated early-year state,NINO_3.4,0.26,-0.1316741747124928
2004-01-01,1,1,Diatom-associated early-year state,WPI,-1.58,0.19674774433227038
2004-01-01,1,1,Diatom-associated early-year state,MHW_MeanInt,0.0896650927657766,-0.06463975212801537
2004-01-01,1,1,Diatom-associated early-year state,MHW_MaxInt,0.1065944246269022,-0.04568380746343868
2004-01-01,1,1,Diatom-associated early-year state,MHW_CumInt,0.7076375976351985,-0.09498910582787946
2004-02-01,1,1,Diatom-associated early-year state,SST,9.451482,1.2018475144399725
2004-02-01,1,1,Diatom-associated early-year state,NO3,1.997658,0.47305362997901207
2004-02-01,1,1,Diatom-associated early-year state,PO4,0.04368897,0.0921962204568396
2004-02-01,1,1,Diatom-associated early-year state,SPCo2,24.0791,1.2653255565818395
2004-02-01,1,1,Diatom-associated early-year state,MLD,32.8154,-0.09576128092938777
2004-02-01,1,1,Diatom-associated early-year state,SSS,32.65039,0.9436039688155109
2004-02-01,1,1,Diatom-associated early-year state,SSH,0.1383744,0.6689059237034772
2004-02-01,1,1,Diatom-associated early-year state,PAR,27.39863,-0.05617161324189895
2004-02-01,1,1,Diatom-associated early-year state,PDO,-0.21,0.4989840849696552
2004-02-01,1,1,Diatom-associated early-year state,NINO_3.4,0.17,-0.09124708812059736
2004-02-01,1,1,Diatom-associated early-year state,WPI,0.6,-0.17203538950625433
2004-02-01,1,1,Diatom-associated early-year state,MHW_MeanInt,0.0144829530394947,-0.05518898583054448
2004-02-01,1,1,Diatom-associated early-year state,MHW_MaxInt,0.0161240420251843,0.054055352720317945
2004-02-01,1,1,Diatom-associated early-year state,MHW_CumInt,0.0798289664429455,-0.04484310458970927
2004-03-01,1,1,Diatom-associated early-year state,SST,9.93364,1.2951891372622795
2004-03-01,1,1,Diatom-associated early-year state,NO3,1.945145,0.5074561710840897
2004-03-01,1,1,Diatom-associated early-year state,PO4,0.02656696,0.07633927312513841
2004-03-01,1,1,Diatom-associated early-year state,SPCo2,25.9697,0.25264870427049774
2004-03-01,1,1,Diatom-associated early-year state,MLD,22.75871,-0.21925124343991778
2004-03-01,1,1,Diatom-associated early-year state,SSS,32.66227,1.138818577824692
2004-03-01,1,1,Diatom-associated early-year state,SSH,0.1673723,0.7898555954884773
2004-03-01,1,1,Diatom-associated early-year state,PAR,33.84466,-0.07630295732776625
2004-03-01,1,1,Diatom-associated early-year state,PDO,-0.15,0.4813395779039713
2004-03-01,1,1,Diatom-associated early-year state,NINO_3.4,-0.1,-0.17438453949641086
2004-03-01,1,1,Diatom-associated early-year state,WPI,0.13,0.07590578483681865
2004-03-01,1,1,Diatom-associated early-year state,MHW_MeanInt,0.0889921173083223,-0.02291462201900812
2004-03-01,1,1,Diatom-associated early-year state,MHW_MaxInt,0.0987277079031283,-0.01618429934737057
2004-03-01,1,1,Diatom-associated early-year state,MHW_CumInt,0.5079852691607409,0.004598544925848462
2004-04-01,1,1,Diatom-associated early-year state,SST,12.11376,1.4878316017331639
2004-04-01,1,1,Diatom-associated early-year state,NO3,2.413163,0.2840175207018849
2004-04-01,1,1,Diatom-associated early-year state,PO4,0.01413774,0.17490176656369938
2004-04-01,1,1,Diatom-associated early-year state,SPCo2,29.96865,0.3200771295235465
2004-04-01,1,1,Diatom-associated early-year state,MLD,13.00257,-0.03300902755231184
2004-04-01,1,1,Diatom-associated early-year state,SSS,32.58536,0.8700762725948987
2004-04-01,1,1,Diatom-associated early-year state,SSH,0.1543983,0.9822421803390075
2004-04-01,1,1,Diatom-associated early-year state,PAR,42.58654,0.3235472171062884
2004-04-01,1,1,Diatom-associated early-year state,PDO,0.0,0.47316330415957947
2004-04-01,1,1,Diatom-associated early-year state,NINO_3.4,0.06,0.08172978704992195
2004-04-01,1,1,Diatom-associated early-year state,WPI,0.49,-0.023677348038955447
2004-04-01,1,1,Diatom-associated early-year state,MHW_MeanInt,0.1521171883776541,0.01532052589765582
2004-04-01,1,1,Diatom-associated early-year state,MHW_MaxInt,0.1748654234978583,0.01726272939506993
2004-04-01,1,1,Diatom-associated early-year state,MHW_CumInt,0.904777400033762,0.14020878356315258
2004-05-01,1,1,Diatom-associated early-year state,SST,16.42801,0.125422994434194
2004-05-01,1,1,Diatom-associated early-year state,NO3,3.841927,-0.05139885600692617
2004-05-01,1,1,Diatom-associated early-year state,PO4,0.01084378,0.43948523004023976
2004-05-01,1,1,Diatom-associated early-year state,SPCo2,34.93535,0.13067459570536674
2004-05-01,1,1,Diatom-associated early-year state,MLD,10.60486,0.7102403589437966
2004-05-01,1,1,Diatom-associated early-year state,SSS,32.29169,0.45179526449694657
2004-05-01,1,1,Diatom-associated early-year state,SSH,0.2026526,0.6633790457318014
2004-05-01,1,1,Diatom-associated early-year state,PAR,43.02498,0.3248082366435701
2004-05-01,1,1,Diatom-associated early-year state,PDO,0.61,0.4021066661076968
2004-05-01,1,1,Diatom-associated early-year state,NINO_3.4,0.1,0.16426866115155928
2004-05-01,1,1,Diatom-associated early-year state,WPI,0.4,0.09909410432461706
2004-05-01,1,1,Diatom-associated early-year state,MHW_MeanInt,0.4103467719988746,0.10222167693620675
2004-05-01,1,1,Diatom-associated early-year state,MHW_MaxInt,0.4672688396756965,0.09485410092230229
2004-05-01,1,1,Diatom-associated early-year state,MHW_CumInt,2.5824005545023456,0.1695674927919656
2004-06-01,2,1,Diatom-associated early-year state,SST,20.89214,-0.6980183151335698
2004-06-01,2,1,Diatom-associated early-year state,NO3,4.724819,-0.16676970626062154
2004-06-01,2,1,Diatom-associated early-year state,PO4,0.01717499,0.028098255839130164
2004-06-01,2,1,Diatom-associated early-year state,SPCo2,40.20191,-0.2313146892636374
2004-06-01,2,1,Diatom-associated early-year state,MLD,10.81542,0.40803629440665967
2004-06-01,2,1,Diatom-associated early-year state,SSS,31.92266,-0.508517334791406
2004-06-01,2,1,Diatom-associated early-year state,SSH,0.2117204,0.3471626634731072
2004-06-01,2,1,Diatom-associated early-year state,PAR,44.87814,0.12593461198198758
2004-06-01,2,1,Diatom-associated early-year state,PDO,-0.11,0.12767935009061757
2004-06-01,2,1,Diatom-associated early-year state,NINO_3.4,0.14,-0.011752081807843982
2004-06-01,2,1,Diatom-associated early-year state,WPI,2.08,0.05700625162285529
2004-06-01,2,1,Diatom-associated early-year state,MHW_MeanInt,0.7052243039103672,0.07095226230677554
2004-06-01,2,1,Diatom-associated early-year state,MHW_MaxInt,0.825713052696114,0.01783636049416081
2004-06-01,2,1,Diatom-associated early-year state,MHW_CumInt,8.225532063302692,0.1632854580651024
2004-07-01,2,1,Diatom-associated early-year state,SST,24.48953,-0.7030950192220023
2004-07-01,2,1,Diatom-associated early-year state,NO3,6.028406,-0.16527810555663952
2004-07-01,2,1,Diatom-associated early-year state,PO4,0.01383416,0.001090336032506744
2004-07-01,2,1,Diatom-associated early-year state,SPCo2,42.20972,-0.24698279927212094
2004-07-01,2,1,Diatom-associated early-year state,MLD,10.43177,0.9017832747743808
2004-07-01,2,1,Diatom-associated early-year state,SSS,31.63861,-0.48177211113005614
2004-07-01,2,1,Diatom-associated early-year state,SSH,0.3046883,-0.3532142238591765
2004-07-01,2,1,Diatom-associated early-year state,PAR,47.94345,0.23560589294246898
2004-07-01,2,1,Diatom-associated early-year state,PDO,0.04,0.11606037532512134
2004-07-01,2,1,Diatom-associated early-year state,NINO_3.4,0.41,-0.05407857690784169
2004-07-01,2,1,Diatom-associated early-year state,WPI,0.34,0.0010659168697350475
2004-07-01,2,1,Diatom-associated early-year state,MHW_MeanInt,0.440318993464901,0.05095715135912508
2004-07-01,2,1,Diatom-associated early-year state,MHW_MaxInt,0.511544179146927,0.027018395081282988
2004-07-01,2,1,Diatom-associated early-year state,MHW_CumInt,3.044725152229759,-0.09810324919851736
2004-08-01,3,1,Diatom-associated early-year state,SST,27.28089,-1.2902424485405113
2004-08-01,3,1,Diatom-associated early-year state,NO3,6.00083,-0.284980018038665
2004-08-01,3,1,Diatom-associated early-year state,PO4,0.02014996,-0.0714388348689112
2004-08-01,3,1,Diatom-associated early-year state,SPCo2,42.2198,-0.3660384053320736
2004-08-01,3,1,Diatom-associated early-year state,MLD,11.41334,-0.80620435250036
2004-08-01,3,1,Diatom-associated early-year state,SSS,31.47626,-0.6985378843753242
2004-08-01,3,1,Diatom-associated early-year state,SSH,0.3600362,-0.4910564120930812
2004-08-01,3,1,Diatom-associated early-year state,PAR,44.73951,0.146713872653675
2004-08-01,3,1,Diatom-associated early-year state,PDO,0.24,0.05402839759008987
2004-08-01,3,1,Diatom-associated early-year state,NINO_3.4,0.66,-0.18795967346006784
2004-08-01,3,1,Diatom-associated early-year state,WPI,-0.03,-0.05572854244080747
2004-08-01,3,1,Diatom-associated early-year state,MHW_MeanInt,0.0257680290153294,-0.05369876610760062
2004-08-01,3,1,Diatom-associated early-year state,MHW_MaxInt,0.0289674897487251,-0.06636563220391588
2004-08-01,3,1,Diatom-associated early-year state,MHW_CumInt,0.2004430528505677,-0.15564632995002445
2004-09-01,3,1,Diatom-associated early-year state,SST,24.63984,-1.353329323075521
2004-09-01,3,1,Diatom-associated early-year state,NO3,4.70664,-0.4519536202715219
2004-09-01,3,1,Diatom-associated early-year state,PO4,0.01426346,-0.0825360309558482
2004-09-01,3,1,Diatom-associated early-year state,SPCo2,37.38408,-0.2733748016965164
2004-09-01,3,1,Diatom-associated early-year state,MLD,15.42297,-0.8955237676257818
2004-09-01,3,1,Diatom-associated early-year state,SSS,31.62282,-0.8021952614610307
2004-09-01,3,1,Diatom-associated early-year state,SSH,0.345729,-0.5748328242099237
2004-09-01,3,1,Diatom-associated early-year state,PAR,35.61415,-0.41941800304181204
2004-09-01,3,1,Diatom-associated early-year state,PDO,0.02,0.12458588668079579
2004-09-01,3,1,Diatom-associated early-year state,NINO_3.4,0.67,-0.24539614117922992
2004-09-01,3,1,Diatom-associated early-year state,WPI,0.26,-0.052859772388915476
2004-09-01,3,1,Diatom-associated early-year state,MHW_MeanInt,0.0,-0.04225692824806287
2004-09-01,3,1,Diatom-associated early-year state,MHW_MaxInt,0.0,-0.011447158906879622
2004-09-01,3,1,Diatom-associated early-year state,MHW_CumInt,0.0,-0.1530959762026557
2004-10-01,3,1,Diatom-associated early-year state,SST,21.5269,-1.3625650936752962
2004-10-01,3,1,Diatom-associated early-year state,NO3,3.753388,-0.3667516501440594
2004-10-01,3,1,Diatom-associated early-year state,PO4,0.01845098,-0.07109126490106407
2004-10-01,3,1,Diatom-associated early-year state,SPCo2,32.82095,-0.19378200410996016
2004-10-01,3,1,Diatom-associated early-year state,MLD,23.89636,-0.8720966449640436
2004-10-01,3,1,Diatom-associated early-year state,SSS,31.94041,-0.7897544593690102
2004-10-01,3,1,Diatom-associated early-year state,SSH,0.3262095,-0.4938093014794553
2004-10-01,3,1,Diatom-associated early-year state,PAR,31.95409,-0.5001473580641237
2004-10-01,3,1,Diatom-associated early-year state,PDO,-0.72,-0.11666753118728043
2004-10-01,3,1,Diatom-associated early-year state,NINO_3.4,0.73,-0.3226090116196523
2004-10-01,3,1,Diatom-associated early-year state,WPI,0.89,0.0672084904355854
2004-10-01,3,1,Diatom-associated early-year state,MHW_MeanInt,0.2316462288261515,-0.08404907824754775
2004-10-01,3,1,Diatom-associated early-year state,MHW_MaxInt,0.2561818053616116,-0.05823580189736385
2004-10-01,3,1,Diatom-associated early-year state,MHW_CumInt,1.973895998423072,-0.19659048272367252
2004-11-01,3,1,Diatom-associated early-year state,SST,18.65132,-1.5235220607998083
2004-11-01,3,1,Diatom-associated early-year state,NO3,3.491994,-0.37062263973752735
2004-11-01,3,1,Diatom-associated early-year state,PO4,0.02362705,-0.016072928923185098
2004-11-01,3,1,Diatom-associated early-year state,SPCo2,29.38143,0.06015898394487154
2004-11-01,3,1,Diatom-associated early-year state,MLD,28.74349,-0.5702848982969173
2004-11-01,3,1,Diatom-associated early-year state,SSS,32.20064,-0.2888136663371165
2004-11-01,3,1,Diatom-associated early-year state,SSH,0.2840581,-0.37656956114576084
2004-11-01,3,1,Diatom-associated early-year state,PAR,22.29022,-0.24802380658109432
2004-11-01,3,1,Diatom-associated early-year state,PDO,-1.22,-0.2156345908197939
2004-11-01,3,1,Diatom-associated early-year state,NINO_3.4,0.62,-0.3403447371390238
2004-11-01,3,1,Diatom-associated early-year state,WPI,0.65,0.042473179131895966
2004-11-01,3,1,Diatom-associated early-year state,MHW_MeanInt,0.6080709565738308,0.1256054318532568
2004-11-01,3,1,Diatom-associated early-year state,MHW_MaxInt,0.6839806635153076,0.13912567843878987
2004-11-01,3,1,Diatom-associated early-year state,MHW_CumInt,5.134639752536748,0.2607476559612532
2004-12-01,3,1,Diatom-associated early-year state,SST,15.45889,0.9564678909533476
2004-12-01,3,1,Diatom-associated early-year state,NO3,2.70595,-0.08691796223689235
2004-12-01,3,1,Diatom-associated early-year state,PO4,0.0378954,-0.07003248253028135
2004-12-01,3,1,Diatom-associated early-year state,SPCo2,26.61039,-0.17183507583556487
2004-12-01,3,1,Diatom-associated early-year state,MLD,35.698,-0.3576870144673973
2004-12-01,3,1,Diatom-associated early-year state,SSS,32.41623,0.19615627229830773
2004-12-01,3,1,Diatom-associated early-year state,SSH,0.2969101,-0.29079193190489055
2004-12-01,3,1,Diatom-associated early-year state,PAR,16.03355,-0.2893546598513278
2004-12-01,3,1,Diatom-associated early-year state,PDO,-0.64,-0.026908479198259214
2004-12-01,3,1,Diatom-associated early-year state,NINO_3.4,0.71,-0.6304083215989048
2004-12-01,3,1,Diatom-associated early-year state,WPI,0.2,-0.03392934422733717
2004-12-01,3,1,Diatom-associated early-year state,MHW_MeanInt,0.0884463851870533,-0.12327028994142425
2004-12-01,3,1,Diatom-associated early-year state,MHW_MaxInt,0.1023935057547741,-0.16710960327749091
2004-12-01,3,1,Diatom-associated early-year state,MHW_CumInt,0.5038920422085512,-0.37049197220620966
2005-01-01,1,1,Diatom-associated early-year state,SST,11.36995,1.2064829148017098
2005-01-01,1,1,Diatom-associated early-year state,NO3,1.795859,0.5458527348770684
2005-01-01,1,1,Diatom-associated early-year state,PO4,0.05949871,0.16015335031311123
2005-01-01,1,1,Diatom-associated early-year state,SPCo2,24.11662,1.4592751114711917
2005-01-01,1,1,Diatom-associated early-year state,MLD,44.78685,0.10149100678959487
2005-01-01,1,1,Diatom-associated early-year state,SSS,32.56802,0.755464484965339
2005-01-01,1,1,Diatom-associated early-year state,SSH,0.2318924,-0.044661753351893894
2005-01-01,1,1,Diatom-associated early-year state,PAR,17.39421,0.08432662392740554
2005-01-01,1,1,Diatom-associated early-year state,PDO,-0.15,0.4841951659690917
2005-01-01,1,1,Diatom-associated early-year state,NINO_3.4,0.56,-0.17636763905069555
2005-01-01,1,1,Diatom-associated early-year state,WPI,-0.93,0.19846598884468056
2005-01-01,1,1,Diatom-associated early-year state,MHW_MeanInt,0.0070767362045926,0.015171835770431403
2005-01-01,1,1,Diatom-associated early-year state,MHW_MaxInt,0.0076803033718412,0.09895180143412394
2005-01-01,1,1,Diatom-associated early-year state,MHW_CumInt,0.0353836810229631,-0.07577952535017626
2005-02-01,1,1,Diatom-associated early-year state,SST,9.251629,1.2184171495211336
2005-02-01,1,1,Diatom-associated early-year state,NO3,1.451779,0.3379959553313003
2005-02-01,1,1,Diatom-associated early-year state,PO4,0.06191359,0.0667392364291971
2005-02-01,1,1,Diatom-associated early-year state,SPCo2,23.73619,1.3672459198994158
2005-02-01,1,1,Diatom-associated early-year state,MLD,41.38416,0.040384315054131745
2005-02-01,1,1,Diatom-associated early-year state,SSS,32.66693,0.9144161179698996
2005-02-01,1,1,Diatom-associated early-year state,SSH,0.2228227,-0.011689376531664105
2005-02-01,1,1,Diatom-associated early-year state,PAR,21.11561,-0.10135201522230942
2005-02-01,1,1,Diatom-associated early-year state,PDO,-0.01,0.4846242095476578
2005-02-01,1,1,Diatom-associated early-year state,NINO_3.4,0.26,-0.06833357043497965
2005-02-01,1,1,Diatom-associated early-year state,WPI,0.34,0.048670672763874885
2005-02-01,1,1,Diatom-associated early-year state,MHW_MeanInt,0.0,0.028935421475719845
2005-02-01,1,1,Diatom-associated early-year state,MHW_MaxInt,0.0,0.09750120264538731
2005-02-01,1,1,Diatom-associated early-year state,MHW_CumInt,0.0,-0.010262644793645716
2005-03-01,1,1,Diatom-associated early-year state,SST,9.172435,1.2131400005464368
2005-03-01,1,1,Diatom-associated early-year state,NO3,1.41001,0.26897323114859095
2005-03-01,1,1,Diatom-associated early-year state,PO4,0.04224682,0.09271902489073439
2005-03-01,1,1,Diatom-associated early-year state,SPCo2,24.74672,1.2694496831248756
2005-03-01,1,1,Diatom-associated early-year state,MLD,28.92896,-0.08127131905315536
2005-03-01,1,1,Diatom-associated early-year state,SSS,32.67717,0.9119144403719324
2005-03-01,1,1,Diatom-associated early-year state,SSH,0.1302211,0.7388385192813751
2005-03-01,1,1,Diatom-associated early-year state,PAR,34.69415,-0.08559185859981648
2005-03-01,1,1,Diatom-associated early-year state,PDO,0.7,0.3686912898088144
2005-03-01,1,1,Diatom-associated early-year state,NINO_3.4,0.28,-0.05691018281336707
2005-03-01,1,1,Diatom-associated early-year state,WPI,-0.22,0.08784309744276352
2005-03-01,1,1,Diatom-associated early-year state,MHW_MeanInt,0.0903592270932822,-0.02681899500054279
2005-03-01,1,1,Diatom-associated early-year state,MHW_MaxInt,0.1020311938332123,-0.009732007572692056
2005-03-01,1,1,Diatom-associated early-year state,MHW_CumInt,0.4906887207195745,0.04413050390450263
2005-04-01,1,1,Diatom-associated early-year state,SST,12.12134,1.4545812363727586
2005-04-01,1,1,Diatom-associated early-year state,NO3,2.284747,0.3141882969424473
2005-04-01,1,1,Diatom-associated early-year state,PO4,0.01654009,0.11389204479133351
2005-04-01,1,1,Diatom-associated early-year state,SPCo2,29.38609,0.2794275305094931
2005-04-01,1,1,Diatom-associated early-year state,MLD,12.126,-0.038584550855609204
2005-04-01,1,1,Diatom-associated early-year state,SSS,32.58884,0.8406997125654228
2005-04-01,1,1,Diatom-associated early-year state,SSH,0.1494421,1.0043935192756346
2005-04-01,1,1,Diatom-associated early-year state,PAR,43.46757,0.23377722023078612
2005-04-01,1,1,Diatom-associated early-year state,PDO,0.28,0.4176718340568356
2005-04-01,1,1,Diatom-associated early-year state,NINO_3.4,0.28,0.020529188739306058
2005-04-01,1,1,Diatom-associated early-year state,WPI,-0.18,0.024313913939878973
2005-04-01,1,1,Diatom-associated early-year state,MHW_MeanInt,0.1376989232599323,0.005987479678958708
2005-04-01,1,1,Diatom-associated early-year state,MHW_MaxInt,0.1618379842464297,0.012237919854407805
2005-04-01,1,1,Diatom-associated early-year state,MHW_CumInt,1.0606384452723097,0.13222136605191565
2005-05-01,2,1,Diatom-associated early-year state,SST,16.07727,0.39534435671583174
2005-05-01,2,1,Diatom-associated early-year state,NO3,3.266682,0.0011180782551327437
2005-05-01,2,1,Diatom-associated early-year state,PO4,0.007891181,-0.16246193899349334
2005-05-01,2,1,Diatom-associated early-year state,SPCo2,35.09027,-0.04926315549400685
2005-05-01,2,1,Diatom-associated early-year state,MLD,11.24856,-0.11374067236681289
2005-05-01,2,1,Diatom-associated early-year state,SSS,32.33849,0.314244896550005
2005-05-01,2,1,Diatom-associated early-year state,SSH,0.1730454,0.5055664538062025
2005-05-01,2,1,Diatom-associated early-year state,PAR,46.94984,0.07181827384084685
2005-05-01,2,1,Diatom-associated early-year state,PDO,1.36,0.2152264630647369
2005-05-01,2,1,Diatom-associated early-year state,NINO_3.4,0.3,0.056315825357393635
2005-05-01,2,1,Diatom-associated early-year state,WPI,-0.08,-0.047236664953159334
2005-05-01,2,1,Diatom-associated early-year state,MHW_MeanInt,0.8050716181956712,0.0001070008089147981
2005-05-01,2,1,Diatom-associated early-year state,MHW_MaxInt,0.9618602975959668,0.012679484131004073
2005-05-01,2,1,Diatom-associated early-year state,MHW_CumInt,7.614702264606939,-0.12408505110643452
2005-06-01,2,1,Diatom-associated early-year state,SST,21.15738,-0.6612913522080696
2005-06-01,2,1,Diatom-associated early-year state,NO3,4.886552,-0.1132675451649214
2005-06-01,2,1,Diatom-associated early-year state,PO4,0.01192773,0.04135235074715433
2005-06-01,2,1,Diatom-associated early-year state,SPCo2,40.80405,-0.20526859370650016
2005-06-01,2,1,Diatom-associated early-year state,MLD,10.50786,0.6411547910167406
2005-06-01,2,1,Diatom-associated early-year state,SSS,31.97551,-0.4287723920456054
2005-06-01,2,1,Diatom-associated early-year state,SSH,0.1820762,0.5660872304689195
2005-06-01,2,1,Diatom-associated early-year state,PAR,48.35837,0.09805106972267923
2005-06-01,2,1,Diatom-associated early-year state,PDO,0.85,0.29750384822706544
2005-06-01,2,1,Diatom-associated early-year state,NINO_3.4,0.22,0.0017137818054368476
2005-06-01,2,1,Diatom-associated early-year state,WPI,0.79,0.024991881133298418
2005-06-01,2,1,Diatom-associated early-year state,MHW_MeanInt,0.6196661990232305,0.04549405709982241
2005-06-01,2,1,Diatom-associated early-year state,MHW_MaxInt,0.7315935663225134,0.0008559429447178756
2005-06-01,2,1,Diatom-associated early-year state,MHW_CumInt,5.66507086379786,0.09102161764339799
2005-07-01,2,1,Diatom-associated early-year state,SST,25.00492,-0.7251546014331777
2005-07-01,2,1,Diatom-associated early-year state,NO3,5.622714,-0.1841658007003895
2005-07-01,2,1,Diatom-associated early-year state,PO4,0.01803099,0.021350817916507923
2005-07-01,2,1,Diatom-associated early-year state,SPCo2,43.18962,-0.18692982380391562
2005-07-01,2,1,Diatom-associated early-year state,MLD,10.65074,0.8992070129517225
2005-07-01,2,1,Diatom-associated early-year state,SSS,31.66777,-0.45542802759852347
2005-07-01,2,1,Diatom-associated early-year state,SSH,0.2218496,0.18522363662873464
2005-07-01,2,1,Diatom-associated early-year state,PAR,46.90637,0.25851982729569956
2005-07-01,2,1,Diatom-associated early-year state,PDO,0.11,0.12592478865104786
2005-07-01,2,1,Diatom-associated early-year state,NINO_3.4,-0.01,-0.04858971835112119
2005-07-01,2,1,Diatom-associated early-year state,WPI,-1.2,-0.011092579992824295
2005-07-01,2,1,Diatom-associated early-year state,MHW_MeanInt,0.0489205153532956,-0.037021141672500944
2005-07-01,2,1,Diatom-associated early-year state,MHW_MaxInt,0.055510036519155,-0.025138081071919498
2005-07-01,2,1,Diatom-associated early-year state,MHW_CumInt,0.2636814498907717,-0.0641319090071895
2005-08-01,3,1,Diatom-associated early-year state,SST,25.84355,-1.2345702309127475
2005-08-01,3,1,Diatom-associated early-year state,NO3,4.697174,-0.3819371282809885
2005-08-01,3,1,Diatom-associated early-year state,PO4,0.01695296,-0.09064150383420998
2005-08-01,3,1,Diatom-associated early-year state,SPCo2,41.25824,-0.3542281674318304
2005-08-01,3,1,Diatom-associated early-year state,MLD,11.25694,-0.5446861598705626
2005-08-01,3,1,Diatom-associated early-year state,SSS,31.50635,-0.7771122378641727
2005-08-01,3,1,Diatom-associated early-year state,SSH,0.3075328,-0.4955086624769195
2005-08-01,3,1,Diatom-associated early-year state,PAR,41.5795,-0.3850663156317273
2005-08-01,3,1,Diatom-associated early-year state,PDO,-0.42,-0.03639795113102549
2005-08-01,3,1,Diatom-associated early-year state,NINO_3.4,-0.04,-0.16386713444477688
2005-08-01,3,1,Diatom-associated early-year state,WPI,0.35,-0.015219012908782354
2005-08-01,3,1,Diatom-associated early-year state,MHW_MeanInt,0.3158427165287703,-0.06244843344882027
2005-08-01,3,1,Diatom-associated early-year state,MHW_MaxInt,0.3568982554055841,-0.06537999829579107
2005-08-01,3,1,Diatom-associated early-year state,MHW_CumInt,2.061121535122356,-0.1895907112119187
2005-09-01,3,1,Diatom-associated early-year state,SST,24.64657,-1.3078742292001884
2005-09-01,3,1,Diatom-associated early-year state,NO3,4.071968,-0.38730404120827633
2005-09-01,3,1,Diatom-associated early-year state,PO4,0.01441261,-0.09666807903060155
2005-09-01,3,1,Diatom-associated early-year state,SPCo2,37.69049,-0.22071812367573146
2005-09-01,3,1,Diatom-associated early-year state,MLD,14.34584,-0.9595835093758809
2005-09-01,3,1,Diatom-associated early-year state,SSS,31.60373,-0.806065873345652
2005-09-01,3,1,Diatom-associated early-year state,SSH,0.3370972,-0.5414164040241325
2005-09-01,3,1,Diatom-associated early-year state,PAR,38.15133,-0.3423728679348072
2005-09-01,3,1,Diatom-associated early-year state,PDO,-0.99,-0.23384616136707198
2005-09-01,3,1,Diatom-associated early-year state,NINO_3.4,-0.08,-0.11241699341171156
2005-09-01,3,1,Diatom-associated early-year state,WPI,0.57,0.01917034789478489
2005-09-01,3,1,Diatom-associated early-year state,MHW_MeanInt,0.3025560220964315,-0.06577109295897604
2005-09-01,3,1,Diatom-associated early-year state,MHW_MaxInt,0.3431352510503049,-0.03963683938937307
2005-09-01,3,1,Diatom-associated early-year state,MHW_CumInt,2.420406598871706,-0.14340263711376747
2005-10-01,3,1,Diatom-associated early-year state,SST,21.94504,-1.2953141922453597
2005-10-01,3,1,Diatom-associated early-year state,NO3,3.572884,-0.3156474213346077
2005-10-01,3,1,Diatom-associated early-year state,PO4,0.01382904,-0.10653237916979985
2005-10-01,3,1,Diatom-associated early-year state,SPCo2,33.54042,-0.18537828308016358
2005-10-01,3,1,Diatom-associated early-year state,MLD,21.9892,-0.9009525070087103
2005-10-01,3,1,Diatom-associated early-year state,SSS,31.90244,-0.7799164867447312
2005-10-01,3,1,Diatom-associated early-year state,SSH,0.2754064,-0.3977188065066423
2005-10-01,3,1,Diatom-associated early-year state,PAR,30.274,-0.5011407827021921
2005-10-01,3,1,Diatom-associated early-year state,PDO,-2.0,-0.22661157385937666
2005-10-01,3,1,Diatom-associated early-year state,NINO_3.4,-0.15,-0.14719926085576399
2005-10-01,3,1,Diatom-associated early-year state,WPI,1.0,0.04394235752442781
2005-10-01,3,1,Diatom-associated early-year state,MHW_MeanInt,0.2271543126202431,-0.062293113417867245
2005-10-01,3,1,Diatom-associated early-year state,MHW_MaxInt,0.2548782400946817,-0.04106295299658426
2005-10-01,3,1,Diatom-associated early-year state,MHW_CumInt,1.7601509761135428,-0.17716722790187417
2005-11-01,3,1,Diatom-associated early-year state,SST,18.40416,-1.3127322296508315
2005-11-01,3,1,Diatom-associated early-year state,NO3,3.471994,-0.36756535612230934
2005-11-01,3,1,Diatom-associated early-year state,PO4,0.02193196,-0.033447977304191474
2005-11-01,3,1,Diatom-associated early-year state,SPCo2,29.79199,0.04408903628079899
2005-11-01,3,1,Diatom-associated early-year state,MLD,27.85691,-0.5916157218407488
2005-11-01,3,1,Diatom-associated early-year state,SSS,32.18135,-0.4636602570284009
2005-11-01,3,1,Diatom-associated early-year state,SSH,0.305071,-0.4340032660877366
2005-11-01,3,1,Diatom-associated early-year state,PAR,21.60209,-0.4292321615612773
2005-11-01,3,1,Diatom-associated early-year state,PDO,-1.89,-0.2723239995659667
2005-11-01,3,1,Diatom-associated early-year state,NINO_3.4,-0.44,-0.19175166222359316
2005-11-01,3,1,Diatom-associated early-year state,WPI,-1.84,0.009327055178768737
2005-11-01,3,1,Diatom-associated early-year state,MHW_MeanInt,0.0196541761752092,-0.08573697442586152
2005-11-01,3,1,Diatom-associated early-year state,MHW_MaxInt,0.0231729454279486,-0.09215148462908346
2005-11-01,3,1,Diatom-associated early-year state,MHW_CumInt,0.1273743918630271,-0.2076819869129804
2005-12-01,1,1,Diatom-associated early-year state,SST,13.54506,1.240009980753631
2005-12-01,1,1,Diatom-associated early-year state,NO3,2.295146,0.3152800291015713
2005-12-01,1,1,Diatom-associated early-year state,PO4,0.04205306,0.145893840897739
2005-12-01,1,1,Diatom-associated early-year state,SPCo2,25.61899,0.26847578369630565
2005-12-01,1,1,Diatom-associated early-year state,MLD,40.11207,0.1389081072559896
2005-12-01,1,1,Diatom-associated early-year state,SSS,32.38639,0.17564707731764656
2005-12-01,1,1,Diatom-associated early-year state,SSH,0.2334034,0.01057560567892741
2005-12-01,1,1,Diatom-associated early-year state,PAR,16.51735,0.2598268147999581
2005-12-01,1,1,Diatom-associated early-year state,PDO,-0.1,0.44510114107012544
2005-12-01,1,1,Diatom-associated early-year state,NINO_3.4,-0.75,1.1230722862652451
2005-12-01,1,1,Diatom-associated early-year state,WPI,-2.04,0.146749718447278
2005-12-01,1,1,Diatom-associated early-year state,MHW_MeanInt,0.0218528262007835,-0.0005945203160916224
2005-12-01,1,1,Diatom-associated early-year state,MHW_MaxInt,0.0260749001750415,-0.023988902715262612
2005-12-01,1,1,Diatom-associated early-year state,MHW_CumInt,0.1108019963513942,-0.07275578461342408
2006-01-01,1,1,Diatom-associated early-year state,SST,10.25276,1.1265768609352091
2006-01-01,1,1,Diatom-associated early-year state,NO3,1.824656,0.4075363070803345
2006-01-01,1,1,Diatom-associated early-year state,PO4,0.05710575,0.19279392915832708
2006-01-01,1,1,Diatom-associated early-year state,SPCo2,24.22316,1.051351801444952
2006-01-01,1,1,Diatom-associated early-year state,MLD,39.22375,0.13440569592168905
2006-01-01,1,1,Diatom-associated early-year state,SSS,32.56746,0.6428157527744678
2006-01-01,1,1,Diatom-associated early-year state,SSH,0.2773191,-0.09506139240093187
2006-01-01,1,1,Diatom-associated early-year state,PAR,16.91236,0.2710275681406944
2006-01-01,1,1,Diatom-associated early-year state,PDO,0.54,0.47082664002078656
2006-01-01,1,1,Diatom-associated early-year state,NINO_3.4,-0.98,0.7146180294777787
2006-01-01,1,1,Diatom-associated early-year state,WPI,0.71,-0.1873609212990199
2006-01-01,1,1,Diatom-associated early-year state,MHW_MeanInt,0.0018255295493478,0.034438952503775974
2006-01-01,1,1,Diatom-associated early-year state,MHW_MaxInt,0.0019627768693183,0.0337918713535367
2006-01-01,1,1,Diatom-associated early-year state,MHW_CumInt,0.009127647746739,-0.13234030708396663
2006-02-01,1,1,Diatom-associated early-year state,SST,9.190073,1.0662153040676488
2006-02-01,1,1,Diatom-associated early-year state,NO3,1.470138,0.2022804761986532
2006-02-01,1,1,Diatom-associated early-year state,PO4,0.04870109,0.15221376747373352
2006-02-01,1,1,Diatom-associated early-year state,SPCo2,24.33807,1.0533001377091702
2006-02-01,1,1,Diatom-associated early-year state,MLD,36.88166,-0.02665095403610743
2006-02-01,1,1,Diatom-associated early-year state,SSS,32.67122,0.8031986566263138
2006-02-01,1,1,Diatom-associated early-year state,SSH,0.1571238,0.7636494801459105
2006-02-01,1,1,Diatom-associated early-year state,PAR,22.65199,-0.007385053426640027
2006-02-01,1,1,Diatom-associated early-year state,PDO,0.38,0.5093678932927397
2006-02-01,1,1,Diatom-associated early-year state,NINO_3.4,-0.71,0.5302754560824264
2006-02-01,1,1,Diatom-associated early-year state,WPI,2.06,-0.16174261492946448
2006-02-01,1,1,Diatom-associated early-year state,MHW_MeanInt,0.0850230962501679,-0.017427824430133406
2006-02-01,1,1,Diatom-associated early-year state,MHW_MaxInt,0.0960116484796797,-0.039423575245028646
2006-02-01,1,1,Diatom-associated early-year state,MHW_CumInt,0.557077579402452,-0.0075072917376587675
2006-03-01,1,1,Diatom-associated early-year state,SST,9.62146,1.2098781057786274
2006-03-01,1,1,Diatom-associated early-year state,NO3,1.563969,0.1617372908067572
2006-03-01,1,1,Diatom-associated early-year state,PO4,0.02608196,0.16135633754007903
2006-03-01,1,1,Diatom-associated early-year state,SPCo2,26.02783,0.3611610894263255
2006-03-01,1,1,Diatom-associated early-year state,MLD,22.58713,-0.18426110554651062
2006-03-01,1,1,Diatom-associated early-year state,SSS,32.67604,0.8763291669528399
2006-03-01,1,1,Diatom-associated early-year state,SSH,0.1175928,0.8941905449161363
2006-03-01,1,1,Diatom-associated early-year state,PAR,35.18167,-0.0771181101583998
2006-03-01,1,1,Diatom-associated early-year state,PDO,-0.74,0.1295406611708103
2006-03-01,1,1,Diatom-associated early-year state,NINO_3.4,-0.73,0.6953365728187937
2006-03-01,1,1,Diatom-associated early-year state,WPI,0.49,-0.02691678975839582
2006-03-01,1,1,Diatom-associated early-year state,MHW_MeanInt,0.1263913328118691,0.006306200519195072
2006-03-01,1,1,Diatom-associated early-year state,MHW_MaxInt,0.1417198609250102,-0.024505791090844282
2006-03-01,1,1,Diatom-associated early-year state,MHW_CumInt,0.7610797789928063,0.03640093797763756
2006-04-01,1,1,Diatom-associated early-year state,SST,11.45833,1.4236183937023599
2006-04-01,1,1,Diatom-associated early-year state,NO3,2.05737,0.4074273214869426
2006-04-01,1,1,Diatom-associated early-year state,PO4,0.01179004,0.19012251256866272
2006-04-01,1,1,Diatom-associated early-year state,SPCo2,29.7351,0.29097464439816323
2006-04-01,1,1,Diatom-associated early-year state,MLD,13.59295,-0.08659201148705657
2006-04-01,1,1,Diatom-associated early-year state,SSS,32.58027,0.8105839436055219
2006-04-01,1,1,Diatom-associated early-year state,SSH,0.164509,0.9124564175745361
2006-04-01,1,1,Diatom-associated early-year state,PAR,40.84451,0.29026582545670854
2006-04-01,1,1,Diatom-associated early-year state,PDO,-0.54,0.2840056483308165
2006-04-01,1,1,Diatom-associated early-year state,NINO_3.4,-0.3,0.045761052464426966
2006-04-01,1,1,Diatom-associated early-year state,WPI,0.56,-0.137062323148393
2006-04-01,1,1,Diatom-associated early-year state,MHW_MeanInt,0.0,-0.0026390574141998994
2006-04-01,1,1,Diatom-associated early-year state,MHW_MaxInt,0.0,0.11328106748753398
2006-04-01,1,1,Diatom-associated early-year state,MHW_CumInt,0.0,0.10349967555003166
2006-05-01,1,1,Diatom-associated early-year state,SST,15.90524,1.4962839510528105
2006-05-01,1,1,Diatom-associated early-year state,NO3,3.074099,0.08405707678993952
2006-05-01,1,1,Diatom-associated early-year state,PO4,0.007898293,0.06868450148906469
2006-05-01,1,1,Diatom-associated early-year state,SPCo2,35.00154,0.028985012188530772
2006-05-01,1,1,Diatom-associated early-year state,MLD,11.19547,0.2254556096000514
2006-05-01,1,1,Diatom-associated early-year state,SSS,32.31292,0.46128633558909043
2006-05-01,1,1,Diatom-associated early-year state,SSH,0.1871949,0.9573141913532691
2006-05-01,1,1,Diatom-associated early-year state,PAR,42.48072,0.15757550163772535
2006-05-01,1,1,Diatom-associated early-year state,PDO,-0.37,0.28017689445917926
2006-05-01,1,1,Diatom-associated early-year state,NINO_3.4,-0.11,0.14175884148209553
2006-05-01,1,1,Diatom-associated early-year state,WPI,0.19,0.06128754883712514
2006-05-01,1,1,Diatom-associated early-year state,MHW_MeanInt,0.2992232777977992,0.023545974284730428
2006-05-01,1,1,Diatom-associated early-year state,MHW_MaxInt,0.3382232530201923,0.07098011137950086
2006-05-01,1,1,Diatom-associated early-year state,MHW_CumInt,2.1731700777149885,0.20450812407858568
2006-06-01,2,1,Diatom-associated early-year state,SST,20.01962,-0.7440275036084032
2006-06-01,2,1,Diatom-associated early-year state,NO3,4.761292,-0.255413396440405
2006-06-01,2,1,Diatom-associated early-year state,PO4,0.0117632,0.05119923186580711
2006-06-01,2,1,Diatom-associated early-year state,SPCo2,40.0344,-0.26123211730370904
2006-06-01,2,1,Diatom-associated early-year state,MLD,10.57313,0.9044657757138149
2006-06-01,2,1,Diatom-associated early-year state,SSS,31.98178,-0.5394969091523725
2006-06-01,2,1,Diatom-associated early-year state,SSH,0.1970306,0.8277544734402308
2006-06-01,2,1,Diatom-associated early-year state,PAR,43.12234,-0.054384770113925694
2006-06-01,2,1,Diatom-associated early-year state,PDO,0.21,0.13653870509083504
2006-06-01,2,1,Diatom-associated early-year state,NINO_3.4,0.09,0.0008295804797880291
2006-06-01,2,1,Diatom-associated early-year state,WPI,-1.15,-0.024317554511035237
2006-06-01,2,1,Diatom-associated early-year state,MHW_MeanInt,0.0741829362813271,-0.04930269826179783
2006-06-01,2,1,Diatom-associated early-year state,MHW_MaxInt,0.0826370703388625,-0.010138784652281121
2006-06-01,2,1,Diatom-associated early-year state,MHW_CumInt,0.3879315979990207,-0.014947146478205746
2006-07-01,2,1,Diatom-associated early-year state,SST,24.27946,-0.6488414985194058
2006-07-01,2,1,Diatom-associated early-year state,NO3,5.575527,-0.2033298218604014
2006-07-01,2,1,Diatom-associated early-year state,PO4,0.01805096,0.008084928497441243
2006-07-01,2,1,Diatom-associated early-year state,SPCo2,42.31735,-0.1557089321634524
2006-07-01,2,1,Diatom-associated early-year state,MLD,10.65521,0.7501374558492729
2006-07-01,2,1,Diatom-associated early-year state,SSS,31.62271,-0.4647327088415179
2006-07-01,2,1,Diatom-associated early-year state,SSH,0.2448569,-0.030650991478208628
2006-07-01,2,1,Diatom-associated early-year state,PAR,42.87661,-0.1832001076161694
2006-07-01,2,1,Diatom-associated early-year state,PDO,0.39,0.19745972561135455
2006-07-01,2,1,Diatom-associated early-year state,NINO_3.4,0.03,-0.011625468784604256
2006-07-01,2,1,Diatom-associated early-year state,WPI,-1.0,-0.04681463070273919
2006-07-01,2,1,Diatom-associated early-year state,MHW_MeanInt,1.3131253509323573,0.05959331319204902
2006-07-01,2,1,Diatom-associated early-year state,MHW_MaxInt,1.6349535179945711,0.05137204431521388
2006-07-01,2,1,Diatom-associated early-year state,MHW_CumInt,22.20132767465229,0.1714142769587576
2006-08-01,2,1,Diatom-associated early-year state,SST,27.3431,-0.7432103427403679
2006-08-01,2,1,Diatom-associated early-year state,NO3,5.629235,-0.17785285062822667
2006-08-01,2,1,Diatom-associated early-year state,PO4,0.02118731,0.025414739450890286
2006-08-01,2,1,Diatom-associated early-year state,SPCo2,43.13448,-0.14574623413077312
2006-08-01,2,1,Diatom-associated early-year state,MLD,10.66718,0.9259416430067162
2006-08-01,2,1,Diatom-associated early-year state,SSS,31.51476,-0.4265773039801557
2006-08-01,2,1,Diatom-associated early-year state,SSH,0.3451092,-0.36681107095865995
2006-08-01,2,1,Diatom-associated early-year state,PAR,47.18871,0.23947605586387471
2006-08-01,2,1,Diatom-associated early-year state,PDO,-0.85,-0.11949516042175445
2006-08-01,2,1,Diatom-associated early-year state,NINO_3.4,0.37,-0.059360220150622756
2006-08-01,2,1,Diatom-associated early-year state,WPI,-0.16,-0.04074032419730642
2006-08-01,2,1,Diatom-associated early-year state,MHW_MeanInt,0.0951682639132925,-0.036118144790866835
2006-08-01,2,1,Diatom-associated early-year state,MHW_MaxInt,0.1080525518419943,-0.0495579436501863
2006-08-01,2,1,Diatom-associated early-year state,MHW_CumInt,1.1947421776604308,-0.11727527907208342
2006-09-01,3,1,Diatom-associated early-year state,SST,24.75643,-1.2040411398831574
2006-09-01,3,1,Diatom-associated early-year state,NO3,4.426077,-0.3769430110753204
2006-09-01,3,1,Diatom-associated early-year state,PO4,0.01726973,-0.0637829752018901
2006-09-01,3,1,Diatom-associated early-year state,SPCo2,38.38696,-0.3623518366527377
2006-09-01,3,1,Diatom-associated early-year state,MLD,15.40674,-0.9605486550045985
2006-09-01,3,1,Diatom-associated early-year state,SSS,31.6093,-0.7303844578630919
2006-09-01,3,1,Diatom-associated early-year state,SSH,0.3204224,-0.3852450544701415
2006-09-01,3,1,Diatom-associated early-year state,PAR,37.06337,-0.4067454327536888
2006-09-01,3,1,Diatom-associated early-year state,PDO,-1.54,-0.24484038355954366
2006-09-01,3,1,Diatom-associated early-year state,NINO_3.4,0.63,-0.09405298158327398
2006-09-01,3,1,Diatom-associated early-year state,WPI,0.05,-0.03723779580707707
2006-09-01,3,1,Diatom-associated early-year state,MHW_MeanInt,0.9662453764735216,0.08430651984427007
2006-09-01,3,1,Diatom-associated early-year state,MHW_MaxInt,1.1726177192525575,0.06524695893711113
2006-09-01,3,1,Diatom-associated early-year state,MHW_CumInt,18.34873104503788,0.2565458304553499
2006-10-01,3,1,Diatom-associated early-year state,SST,22.84066,-1.3642813792286281
2006-10-01,3,1,Diatom-associated early-year state,NO3,4.298798,-0.4034336278439521
2006-10-01,3,1,Diatom-associated early-year state,PO4,0.01385227,-0.10477041345018485
2006-10-01,3,1,Diatom-associated early-year state,SPCo2,34.90073,-0.20015057946813258
2006-10-01,3,1,Diatom-associated early-year state,MLD,19.95092,-0.9200604680025622
2006-10-01,3,1,Diatom-associated early-year state,SSS,31.91567,-0.7915227904427399
2006-10-01,3,1,Diatom-associated early-year state,SSH,0.3278981,-0.4949801996794762
2006-10-01,3,1,Diatom-associated early-year state,PAR,31.82335,-0.4661867422275739
2006-10-01,3,1,Diatom-associated early-year state,PDO,-0.46,-0.03971204491812016
2006-10-01,3,1,Diatom-associated early-year state,NINO_3.4,0.76,-0.2578102168834178
2006-10-01,3,1,Diatom-associated early-year state,WPI,0.67,0.020581481603715025
2006-10-01,3,1,Diatom-associated early-year state,MHW_MeanInt,0.3619758807190497,-0.013411715355560705
2006-10-01,3,1,Diatom-associated early-year state,MHW_MaxInt,0.4104976060547843,-0.041995481033059966
2006-10-01,3,1,Diatom-associated early-year state,MHW_CumInt,3.49504141968689,-0.025816133934494962
2006-11-01,3,1,Diatom-associated early-year state,SST,18.73112,-1.491621201749573
2006-11-01,3,1,Diatom-associated early-year state,NO3,3.525753,-0.35788691154924934
2006-11-01,3,1,Diatom-associated early-year state,PO4,0.02569495,-0.02952470232304659
2006-11-01,3,1,Diatom-associated early-year state,SPCo2,30.54263,-0.021282502972559677
2006-11-01,3,1,Diatom-associated early-year state,MLD,28.28891,-0.5567851608264829
2006-11-01,3,1,Diatom-associated early-year state,SSS,32.19823,-0.32636730211443943
2006-11-01,3,1,Diatom-associated early-year state,SSH,0.2564802,-0.22334956633912093
2006-11-01,3,1,Diatom-associated early-year state,PAR,20.33555,-0.12098124664361387
2006-11-01,3,1,Diatom-associated early-year state,PDO,-0.81,-0.20742599264962988
2006-11-01,3,1,Diatom-associated early-year state,NINO_3.4,0.98,-0.45495311245285663
2006-11-01,3,1,Diatom-associated early-year state,WPI,-1.84,-0.03841163483081348
2006-11-01,3,1,Diatom-associated early-year state,MHW_MeanInt,0.3914560273329588,0.0912625719127801
2006-11-01,3,1,Diatom-associated early-year state,MHW_MaxInt,0.438204099679333,0.023581296692153652
2006-11-01,3,1,Diatom-associated early-year state,MHW_CumInt,3.481877945233093,-0.0880010635409477
2006-12-01,3,1,Diatom-associated early-year state,SST,14.60835,1.0840466004625702
2006-12-01,3,1,Diatom-associated early-year state,NO3,2.623521,-0.1200854328957533
2006-12-01,3,1,Diatom-associated early-year state,PO4,0.04135088,-0.10965457084057002
2006-12-01,3,1,Diatom-associated early-year state,SPCo2,26.7291,-0.16674400187592053
2006-12-01,3,1,Diatom-associated early-year state,MLD,35.36552,-0.3945941469868322
2006-12-01,3,1,Diatom-associated early-year state,SSS,32.39705,-0.027506957002582273
2006-12-01,3,1,Diatom-associated early-year state,SSH,0.2438219,-0.23857207103662867
2006-12-01,3,1,Diatom-associated early-year state,PAR,16.29278,-0.2937223545655755
2006-12-01,3,1,Diatom-associated early-year state,PDO,-0.42,0.09569764722885339
2006-12-01,3,1,Diatom-associated early-year state,NINO_3.4,1.1,-0.8027959179603957
2006-12-01,3,1,Diatom-associated early-year state,WPI,1.18,-0.1374820016737221
2006-12-01,3,1,Diatom-associated early-year state,MHW_MeanInt,0.2170639511547936,-0.07082774156421444
2006-12-01,3,1,Diatom-associated early-year state,MHW_MaxInt,0.2405464459452174,-0.16550743354647654
2006-12-01,3,1,Diatom-associated early-year state,MHW_CumInt,2.8162799473405906,-0.2577320433418764
2007-01-01,1,1,Diatom-associated early-year state,SST,11.20717,1.081214388375899
2007-01-01,1,1,Diatom-associated early-year state,NO3,1.865525,0.4041797184855142
2007-01-01,1,1,Diatom-associated early-year state,PO4,0.05535916,0.19342777650668322
2007-01-01,1,1,Diatom-associated early-year state,SPCo2,24.66743,1.013963011195165
2007-01-01,1,1,Diatom-associated early-year state,MLD,41.01209,0.1045417734171343
2007-01-01,1,1,Diatom-associated early-year state,SSS,32.58288,0.693352352583133
2007-01-01,1,1,Diatom-associated early-year state,SSH,0.2147105,0.11779922726703863
2007-01-01,1,1,Diatom-associated early-year state,PAR,17.82913,0.3935993280137213
2007-01-01,1,1,Diatom-associated early-year state,PDO,-0.69,0.11410682885288058
2007-01-01,1,1,Diatom-associated early-year state,NINO_3.4,0.59,0.0075873834277041564
2007-01-01,1,1,Diatom-associated early-year state,WPI,1.81,0.02863759180966831
2007-01-01,1,1,Diatom-associated early-year state,MHW_MeanInt,1.3421859943540977,0.16674916901167355
2007-01-01,1,1,Diatom-associated early-year state,MHW_MaxInt,1.5553207691570878,-0.03695833855364129
2007-01-01,1,1,Diatom-associated early-year state,MHW_CumInt,24.332453481803256,0.37787705403596494
2007-02-01,1,1,Diatom-associated early-year state,SST,10.52907,1.283223099863708
2007-02-01,1,1,Diatom-associated early-year state,NO3,1.774265,0.4650040794983394
2007-02-01,1,1,Diatom-associated early-year state,PO4,0.04452466,0.12617211367181208
2007-02-01,1,1,Diatom-associated early-year state,SPCo2,24.44026,1.1939757392432584
2007-02-01,1,1,Diatom-associated early-year state,MLD,33.12623,-0.10575342486769432
2007-02-01,1,1,Diatom-associated early-year state,SSS,32.67064,0.9796812490022295
2007-02-01,1,1,Diatom-associated early-year state,SSH,0.146254,0.7408912849278362
2007-02-01,1,1,Diatom-associated early-year state,PAR,26.39737,0.002029724749343034
2007-02-01,1,1,Diatom-associated early-year state,PDO,-0.71,0.13115331623240173
2007-02-01,1,1,Diatom-associated early-year state,NINO_3.4,0.12,-0.09032425936446643
2007-02-01,1,1,Diatom-associated early-year state,WPI,0.15,0.0940026975865476
2007-02-01,1,1,Diatom-associated early-year state,MHW_MeanInt,0.3669761293527712,0.09583540156848921
2007-02-01,1,1,Diatom-associated early-year state,MHW_MaxInt,0.4068758818507528,0.031189993391429183
2007-02-01,1,1,Diatom-associated early-year state,MHW_CumInt,2.502832286987369,-0.020171184495966377
2007-03-01,1,1,Diatom-associated early-year state,SST,10.88319,1.4294112289704504
2007-03-01,1,1,Diatom-associated early-year state,NO3,1.827618,0.5270728879645006
2007-03-01,1,1,Diatom-associated early-year state,PO4,0.0335563,0.054459034849650936
2007-03-01,1,1,Diatom-associated early-year state,SPCo2,25.95523,0.22370791842091678
2007-03-01,1,1,Diatom-associated early-year state,MLD,23.61643,-0.22780814712767045
2007-03-01,1,1,Diatom-associated early-year state,SSS,32.67501,1.1671522230777023
2007-03-01,1,1,Diatom-associated early-year state,SSH,0.2065463,0.41345571133509784
2007-03-01,1,1,Diatom-associated early-year state,PAR,31.47466,-0.06254984695567577
2007-03-01,1,1,Diatom-associated early-year state,PDO,-1.1,-0.10705483510284447
2007-03-01,1,1,Diatom-associated early-year state,NINO_3.4,-0.15,-0.16099182550118105
2007-03-01,1,1,Diatom-associated early-year state,WPI,-1.06,0.13613646256631873
2007-03-01,1,1,Diatom-associated early-year state,MHW_MeanInt,0.0523647331757439,-0.040627415927980234
2007-03-01,1,1,Diatom-associated early-year state,MHW_MaxInt,0.0558190612424921,-0.03260927118631522
2007-03-01,1,1,Diatom-associated early-year state,MHW_CumInt,0.4023756233956552,-0.024427843889877343
2007-04-01,1,1,Diatom-associated early-year state,SST,12.42657,1.4261162191048022
2007-04-01,1,1,Diatom-associated early-year state,NO3,2.309976,0.3363096454972968
2007-04-01,1,1,Diatom-associated early-year state,PO4,0.0186423,0.12428761641629874
2007-04-01,1,1,Diatom-associated early-year state,SPCo2,29.08679,0.32358118635473315
2007-04-01,1,1,Diatom-associated early-year state,MLD,14.71737,-0.18814781776097092
2007-04-01,1,1,Diatom-associated early-year state,SSS,32.61337,0.9070075398151717
2007-04-01,1,1,Diatom-associated early-year state,SSH,0.165553,0.9752191964451223
2007-04-01,1,1,Diatom-associated early-year state,PAR,40.34549,0.25406915174298345
2007-04-01,1,1,Diatom-associated early-year state,PDO,-0.46,0.2771971722604427
2007-04-01,1,1,Diatom-associated early-year state,NINO_3.4,-0.16,-0.0016197732486164826
2007-04-01,1,1,Diatom-associated early-year state,WPI,-1.61,0.09876190241063147
2007-04-01,1,1,Diatom-associated early-year state,MHW_MeanInt,0.2847224754752958,-0.011281995573448578
2007-04-01,1,1,Diatom-associated early-year state,MHW_MaxInt,0.3283234635785101,0.016433271785487508
2007-04-01,1,1,Diatom-associated early-year state,MHW_CumInt,1.7674988684262103,0.09881586917752724
2007-05-01,2,1,Diatom-associated early-year state,SST,16.44182,-0.5833849233184227
2007-05-01,2,1,Diatom-associated early-year state,NO3,3.470253,-0.07470530117435949
2007-05-01,2,1,Diatom-associated early-year state,PO4,0.009857457,-0.12436593108731535
2007-05-01,2,1,Diatom-associated early-year state,SPCo2,33.95785,0.04754711685003047
2007-05-01,2,1,Diatom-associated early-year state,MLD,10.82759,0.34122634616095615
2007-05-01,2,1,Diatom-associated early-year state,SSS,32.31501,0.4213794725143874
2007-05-01,2,1,Diatom-associated early-year state,SSH,0.1768028,0.710526524918843
2007-05-01,2,1,Diatom-associated early-year state,PAR,46.6361,0.24765830920910503
2007-05-01,2,1,Diatom-associated early-year state,PDO,-0.29,0.15195930402503766
2007-05-01,2,1,Diatom-associated early-year state,NINO_3.4,-0.39,-0.08820969943495628
2007-05-01,2,1,Diatom-associated early-year state,WPI,-0.66,-0.0561578455444007
2007-05-01,2,1,Diatom-associated early-year state,MHW_MeanInt,0.2826331560622055,-0.008023458769898793
2007-05-01,2,1,Diatom-associated early-year state,MHW_MaxInt,0.3204338091248662,0.033623184555537214
2007-05-01,2,1,Diatom-associated early-year state,MHW_CumInt,1.856260552831901,0.12702415271385284
2007-06-01,2,1,Diatom-associated early-year state,SST,20.45933,-0.6615290685758062
2007-06-01,2,1,Diatom-associated early-year state,NO3,4.642597,-0.153119343092431
2007-06-01,2,1,Diatom-associated early-year state,PO4,0.01534503,0.009825086991595173
2007-06-01,2,1,Diatom-associated early-year state,SPCo2,39.61281,-0.2128403655934323
2007-06-01,2,1,Diatom-associated early-year state,MLD,10.4016,0.6998317873505691
2007-06-01,2,1,Diatom-associated early-year state,SSS,32.0024,-0.46058274258011667
2007-06-01,2,1,Diatom-associated early-year state,SSH,0.1996933,0.4773623149778041
2007-06-01,2,1,Diatom-associated early-year state,PAR,46.0014,0.12695566655048404
2007-06-01,2,1,Diatom-associated early-year state,PDO,-0.07,0.15297356933292144
2007-06-01,2,1,Diatom-associated early-year state,NINO_3.4,-0.16,0.01072538023262126
2007-06-01,2,1,Diatom-associated early-year state,WPI,-0.17,-0.044153731184438154
2007-06-01,2,1,Diatom-associated early-year state,MHW_MeanInt,0.4829212157186215,0.06171013944139269
2007-06-01,2,1,Diatom-associated early-year state,MHW_MaxInt,0.5761822606414964,0.011208332940018328
2007-06-01,2,1,Diatom-associated early-year state,MHW_CumInt,5.920009128962959,0.08990834014392825
2007-07-01,2,1,Diatom-associated early-year state,SST,24.51655,-0.6208009702379343
2007-07-01,2,1,Diatom-associated early-year state,NO3,5.822251,-0.11763037774783598
2007-07-01,2,1,Diatom-associated early-year state,PO4,0.02469809,0.06360563151770103
2007-07-01,2,1,Diatom-associated early-year state,SPCo2,42.66946,-0.15342442068522183
2007-07-01,2,1,Diatom-associated early-year state,MLD,10.33064,0.6654268786746311
2007-07-01,2,1,Diatom-associated early-year state,SSS,31.68085,-0.4143028989103841
2007-07-01,2,1,Diatom-associated early-year state,SSH,0.2373758,0.007726217231013446
2007-07-01,2,1,Diatom-associated early-year state,PAR,45.90391,0.11856599180804203
2007-07-01,2,1,Diatom-associated early-year state,PDO,0.43,0.2173948965793334
2007-07-01,2,1,Diatom-associated early-year state,NINO_3.4,-0.37,-0.05483971836805748
2007-07-01,2,1,Diatom-associated early-year state,WPI,-0.09,-0.04488714816058898
2007-07-01,2,1,Diatom-associated early-year state,MHW_MeanInt,0.8909216292651344,0.04937930946870224
2007-07-01,2,1,Diatom-associated early-year state,MHW_MaxInt,1.0275554480902926,0.02418233424674414
2007-07-01,2,1,Diatom-associated early-year state,MHW_CumInt,7.457765134134007,0.15581350658826296
2007-08-01,2,1,Diatom-associated early-year state,SST,26.72836,-0.7851794455490878
2007-08-01,2,1,Diatom-associated early-year state,NO3,6.719602,-0.15952988845185442
2007-08-01,2,1,Diatom-associated early-year state,PO4,0.01599815,-0.0020223622218464546
2007-08-01,2,1,Diatom-associated early-year state,SPCo2,42.34357,-0.18819407794762025
2007-08-01,2,1,Diatom-associated early-year state,MLD,10.96235,0.44288472452859623
2007-08-01,2,1,Diatom-associated early-year state,SSS,31.53442,-0.5089313939828954
2007-08-01,2,1,Diatom-associated early-year state,SSH,0.2866586,-0.3415075799598146
2007-08-01,2,1,Diatom-associated early-year state,PAR,43.70644,0.033051611519089426
2007-08-01,2,1,Diatom-associated early-year state,PDO,0.09,0.14444530395716948
2007-08-01,2,1,Diatom-associated early-year state,NINO_3.4,-0.57,0.22498111164792467
2007-08-01,2,1,Diatom-associated early-year state,WPI,0.02,-0.015597707361523983
2007-08-01,2,1,Diatom-associated early-year state,MHW_MeanInt,0.1967207167944852,-0.03934264615981371
2007-08-01,2,1,Diatom-associated early-year state,MHW_MaxInt,0.2528957114781789,-0.026193080086896987
2007-08-01,2,1,Diatom-associated early-year state,MHW_CumInt,2.447323865458765,-0.08658384493069526
2007-09-01,3,1,Diatom-associated early-year state,SST,25.10263,-1.3009849949000194
2007-09-01,3,1,Diatom-associated early-year state,NO3,5.285509,-0.37809481359203206
2007-09-01,3,1,Diatom-associated early-year state,PO4,0.01295209,-0.21079652947896071
2007-09-01,3,1,Diatom-associated early-year state,SPCo2,38.14229,-0.356733820323512
2007-09-01,3,1,Diatom-associated early-year state,MLD,13.17772,-0.8239100921174728
2007-09-01,3,1,Diatom-associated early-year state,SSS,31.61355,-0.7481501573954391
2007-09-01,3,1,Diatom-associated early-year state,SSH,0.3211495,-0.46982308675379464
2007-09-01,3,1,Diatom-associated early-year state,PAR,35.02799,-0.4585471986812078
2007-09-01,3,1,Diatom-associated early-year state,PDO,-0.97,-0.17316438722697503
2007-09-01,3,1,Diatom-associated early-year state,NINO_3.4,-1.04,0.16893557011663882
2007-09-01,3,1,Diatom-associated early-year state,WPI,1.2,0.06029046959404653
2007-09-01,3,1,Diatom-associated early-year state,MHW_MeanInt,0.2831064159481005,-0.054263629735659034
2007-09-01,3,1,Diatom-associated early-year state,MHW_MaxInt,0.3559957984874523,-0.0150597183588652
2007-09-01,3,1,Diatom-associated early-year state,MHW_CumInt,2.130864800574984,-0.1507316489905624
2007-10-01,3,1,Diatom-associated early-year state,SST,21.9488,-1.3590597306429908
2007-10-01,3,1,Diatom-associated early-year state,NO3,4.417446,-0.40846552396573216
2007-10-01,3,1,Diatom-associated early-year state,PO4,0.01404054,-0.20389730201416703
2007-10-01,3,1,Diatom-associated early-year state,SPCo2,33.59973,-0.19096155285747182
2007-10-01,3,1,Diatom-associated early-year state,MLD,21.02272,-0.8031311919404986
2007-10-01,3,1,Diatom-associated early-year state,SSS,31.93431,-0.7485432668000515
2007-10-01,3,1,Diatom-associated early-year state,SSH,0.2882391,-0.39216584504278584
2007-10-01,3,1,Diatom-associated early-year state,PAR,29.19779,-0.45015246530878406
2007-10-01,3,1,Diatom-associated early-year state,PDO,-2.33,-0.2755873630128231
2007-10-01,3,1,Diatom-associated early-year state,NINO_3.4,-1.4,0.21389697000292526
2007-10-01,3,1,Diatom-associated early-year state,WPI,0.4,-0.03200219683157063
2007-10-01,3,1,Diatom-associated early-year state,MHW_MeanInt,0.0212580891932778,-0.051557619211441474
2007-10-01,3,1,Diatom-associated early-year state,MHW_MaxInt,0.0299988936756699,-0.05716910295071091
2007-10-01,3,1,Diatom-associated early-year state,MHW_CumInt,0.4052037402765224,-0.15602456261734643
2007-11-01,3,1,Diatom-associated early-year state,SST,17.88752,-1.5326437746083028
2007-11-01,3,1,Diatom-associated early-year state,NO3,3.552208,-0.3752029916643823
2007-11-01,3,1,Diatom-associated early-year state,PO4,0.02604395,0.03583123279467107
2007-11-01,3,1,Diatom-associated early-year state,SPCo2,29.31777,0.08776512166577038
2007-11-01,3,1,Diatom-associated early-year state,MLD,30.22313,-0.4252783045991714
2007-11-01,3,1,Diatom-associated early-year state,SSS,32.18146,-0.48315597626545453
2007-11-01,3,1,Diatom-associated early-year state,SSH,0.2989783,-0.40628179407291515
2007-11-01,3,1,Diatom-associated early-year state,PAR,22.13538,-0.3773883932751064
2007-11-01,3,1,Diatom-associated early-year state,PDO,-1.46,-0.2529888605982317
2007-11-01,3,1,Diatom-associated early-year state,NINO_3.4,-1.58,0.5325290104779671
2007-11-01,3,1,Diatom-associated early-year state,WPI,-0.04,-0.03605921139040789
2007-11-01,3,1,Diatom-associated early-year state,MHW_MeanInt,0.1910089171176959,-0.04656276726215713
2007-11-01,3,1,Diatom-associated early-year state,MHW_MaxInt,0.2336674104487641,-0.07873393158371005
2007-11-01,3,1,Diatom-associated early-year state,MHW_CumInt,2.7725360468428457,-0.11621359945560476
2007-12-01,1,1,Diatom-associated early-year state,SST,14.30564,1.3849501696061555
2007-12-01,1,1,Diatom-associated early-year state,NO3,2.875592,0.07629850042074966
2007-12-01,1,1,Diatom-associated early-year state,PO4,0.03602836,0.1901889134457647
2007-12-01,1,1,Diatom-associated early-year state,SPCo2,26.40459,0.27190627352518526
2007-12-01,1,1,Diatom-associated early-year state,MLD,36.1739,0.03907087106767428
2007-12-01,1,1,Diatom-associated early-year state,SSS,32.38774,0.2611557428955121
2007-12-01,1,1,Diatom-associated early-year state,SSH,0.2380445,0.037328024059211026
2007-12-01,1,1,Diatom-associated early-year state,PAR,15.85815,0.6342052650015595
2007-12-01,1,1,Diatom-associated early-year state,PDO,-0.87,0.008244863228411775
2007-12-01,1,1,Diatom-associated early-year state,NINO_3.4,-1.61,0.9469300137127356
2007-12-01,1,1,Diatom-associated early-year state,WPI,0.37,0.07540791877774472
2007-12-01,1,1,Diatom-associated early-year state,MHW_MeanInt,0.5885230310911163,0.11073227558626189
2007-12-01,1,1,Diatom-associated early-year state,MHW_MaxInt,0.8011031688397368,0.08831084157691868
2007-12-01,1,1,Diatom-associated early-year state,MHW_CumInt,5.012849322427098,0.3027037780980055
2008-01-01,3,1,Diatom-associated early-year state,SST,10.85685,0.9364258179991481
2008-01-01,3,1,Diatom-associated early-year state,NO3,2.037807,0.12424877327994746
2008-01-01,3,1,Diatom-associated early-year state,PO4,0.05615972,-0.024745115725818334
2008-01-01,3,1,Diatom-associated early-year state,SPCo2,24.87666,-0.25942362421411647
2008-01-01,3,1,Diatom-associated early-year state,MLD,40.77784,-0.19256053998570477
2008-01-01,3,1,Diatom-associated early-year state,SSS,32.57262,0.3929489698583991
2008-01-01,3,1,Diatom-associated early-year state,SSH,0.2036234,-0.19768780475770514
2008-01-01,3,1,Diatom-associated early-year state,PAR,15.46411,-0.2703391540055664
2008-01-01,3,1,Diatom-associated early-year state,PDO,-1.5,-0.3854910191792918
2008-01-01,3,1,Diatom-associated early-year state,NINO_3.4,-1.79,-0.3600620791022301
2008-01-01,3,1,Diatom-associated early-year state,WPI,0.92,-0.3034077319243575
2008-01-01,3,1,Diatom-associated early-year state,MHW_MeanInt,0.1346960260339588,-0.05511023222829346
2008-01-01,3,1,Diatom-associated early-year state,MHW_MaxInt,0.1787159708984016,-0.13136364186520585
2008-01-01,3,1,Diatom-associated early-year state,MHW_CumInt,0.967506193766878,-0.2926836172942179
2008-02-01,1,1,Diatom-associated early-year state,SST,9.153059,1.1394494472331147
2008-02-01,1,1,Diatom-associated early-year state,NO3,1.455023,0.28547937886970487
2008-02-01,1,1,Diatom-associated early-year state,PO4,0.05570071,0.16104752131224942
2008-02-01,1,1,Diatom-associated early-year state,SPCo2,23.96267,1.1736004668518378
2008-02-01,1,1,Diatom-associated early-year state,MLD,42.73908,0.043508489724055376
2008-02-01,1,1,Diatom-associated early-year state,SSS,32.6525,0.7764481163300163
2008-02-01,1,1,Diatom-associated early-year state,SSH,0.1556007,0.6827626296331756
2008-02-01,1,1,Diatom-associated early-year state,PAR,26.48835,0.028506558219558702
2008-02-01,1,1,Diatom-associated early-year state,PDO,-1.46,-0.13722082693125967
2008-02-01,1,1,Diatom-associated early-year state,NINO_3.4,-1.7,0.1274933338357924
2008-02-01,1,1,Diatom-associated early-year state,WPI,0.01,0.13984193012136906
2008-02-01,1,1,Diatom-associated early-year state,MHW_MeanInt,0.1772862132372879,-0.02037395879556246
2008-02-01,1,1,Diatom-associated early-year state,MHW_MaxInt,0.2304262651034306,-0.018641848387813298
2008-02-01,1,1,Diatom-associated early-year state,MHW_CumInt,1.403552029459009,0.002143422444165764
2008-03-01,1,1,Diatom-associated early-year state,SST,9.525187,1.2019158128881722
2008-03-01,1,1,Diatom-associated early-year state,NO3,1.758864,0.44147565964385593
2008-03-01,1,1,Diatom-associated early-year state,PO4,0.02884287,0.1713582617338551
2008-03-01,1,1,Diatom-associated early-year state,SPCo2,26.02903,0.39175082730093574
2008-03-01,1,1,Diatom-associated early-year state,MLD,20.72254,-0.20250866205465443
2008-03-01,1,1,Diatom-associated early-year state,SSS,32.68032,0.9989615677235363
2008-03-01,1,1,Diatom-associated early-year state,SSH,0.1523019,0.801457382883994
2008-03-01,1,1,Diatom-associated early-year state,PAR,35.61345,-0.08841126624023346
2008-03-01,1,1,Diatom-associated early-year state,PDO,-1.26,0.003106991105200009
2008-03-01,1,1,Diatom-associated early-year state,NINO_3.4,-1.17,0.5002559733885031
2008-03-01,1,1,Diatom-associated early-year state,WPI,-1.35,0.022706628734685555
2008-03-01,1,1,Diatom-associated early-year state,MHW_MeanInt,0.5457949446306228,0.07156448054372339
2008-03-01,1,1,Diatom-associated early-year state,MHW_MaxInt,0.6934475594782531,-0.013666026772727614
2008-03-01,1,1,Diatom-associated early-year state,MHW_CumInt,3.84732863451242,0.00046819029675031296
2008-04-01,1,1,Diatom-associated early-year state,SST,11.90121,1.3759094553914002
2008-04-01,1,1,Diatom-associated early-year state,NO3,2.405792,0.31816691439670014
2008-04-01,1,1,Diatom-associated early-year state,PO4,0.01312351,0.024362034255490495
2008-04-01,1,1,Diatom-associated early-year state,SPCo2,30.24962,0.2684655188869484
2008-04-01,1,1,Diatom-associated early-year state,MLD,12.6103,-0.1862832371691713
2008-04-01,1,1,Diatom-associated early-year state,SSS,32.55141,0.8238929275752631
2008-04-01,1,1,Diatom-associated early-year state,SSH,0.1934475,0.9000250260721842
2008-04-01,1,1,Diatom-associated early-year state,PAR,39.37224,0.09872026637137944
2008-04-01,1,1,Diatom-associated early-year state,PDO,-1.79,-0.2761631757648496
2008-04-01,1,1,Diatom-associated early-year state,NINO_3.4,-0.89,0.18314867148281352
2008-04-01,1,1,Diatom-associated early-year state,WPI,0.28,0.021160522690578304
2008-04-01,1,1,Diatom-associated early-year state,MHW_MeanInt,0.0588901626272673,0.02695952410112387
2008-04-01,1,1,Diatom-associated early-year state,MHW_MaxInt,0.0751360560709242,0.05807013244113933
2008-04-01,1,1,Diatom-associated early-year state,MHW_CumInt,0.4258024220362237,0.146990123418187
2008-05-01,2,1,Diatom-associated early-year state,SST,16.151,0.38424713818865636
2008-05-01,2,1,Diatom-associated early-year state,NO3,3.477464,-0.0842405596644928
2008-05-01,2,1,Diatom-associated early-year state,PO4,0.008078892,-0.19138561293529338
2008-05-01,2,1,Diatom-associated early-year state,SPCo2,34.83271,-0.06731766283066784
2008-05-01,2,1,Diatom-associated early-year state,MLD,11.24879,-0.07122257347226407
2008-05-01,2,1,Diatom-associated early-year state,SSS,32.32788,0.335449414181655
2008-05-01,2,1,Diatom-associated early-year state,SSH,0.2033094,0.5108934372654472
2008-05-01,2,1,Diatom-associated early-year state,PAR,46.6053,0.23610017114848153
2008-05-01,2,1,Diatom-associated early-year state,PDO,-1.62,-0.20897707282103034
2008-05-01,2,1,Diatom-associated early-year state,NINO_3.4,-0.64,-0.13241992020287519
2008-05-01,2,1,Diatom-associated early-year state,WPI,-0.66,-5.1802659129222654e-05
2008-05-01,2,1,Diatom-associated early-year state,MHW_MeanInt,0.0053703536486181,0.024255143902219455
2008-05-01,2,1,Diatom-associated early-year state,MHW_MaxInt,0.007341578322515,0.0715876664002569
2008-05-01,2,1,Diatom-associated early-year state,MHW_CumInt,0.0445969275132429,0.13959991754608841
2008-06-01,2,1,Diatom-associated early-year state,SST,20.15845,-0.6245959300588978
2008-06-01,2,1,Diatom-associated early-year state,NO3,4.632925,-0.186605084505182
2008-06-01,2,1,Diatom-associated early-year state,PO4,0.01344156,-0.029261213104903386
2008-06-01,2,1,Diatom-associated early-year state,SPCo2,39.13628,-0.20426773796572342
2008-06-01,2,1,Diatom-associated early-year state,MLD,10.54115,0.932950476706129
2008-06-01,2,1,Diatom-associated early-year state,SSS,31.94921,-0.45842128055815246
2008-06-01,2,1,Diatom-associated early-year state,SSH,0.2309363,0.00859503824147672
2008-06-01,2,1,Diatom-associated early-year state,PAR,40.54742,-0.2884255386265892
2008-06-01,2,1,Diatom-associated early-year state,PDO,-1.85,-0.19190996109743463
2008-06-01,2,1,Diatom-associated early-year state,NINO_3.4,-0.44,-0.10501376708452252
2008-06-01,2,1,Diatom-associated early-year state,WPI,-0.36,-0.04214748389613043
2008-06-01,2,1,Diatom-associated early-year state,MHW_MeanInt,0.7524007812057909,0.03779518431045001
2008-06-01,2,1,Diatom-associated early-year state,MHW_MaxInt,0.9558590780922516,0.011748151870116996
2008-06-01,2,1,Diatom-associated early-year state,MHW_CumInt,6.3843911531777335,0.1554784579906524
2008-07-01,2,1,Diatom-associated early-year state,SST,24.67235,-0.6608727369723507
2008-07-01,2,1,Diatom-associated early-year state,NO3,6.073542,-0.1467744966579433
2008-07-01,2,1,Diatom-associated early-year state,PO4,0.01460345,-0.0030695460536290502
2008-07-01,2,1,Diatom-associated early-year state,SPCo2,42.62746,-0.16545047660377563
2008-07-01,2,1,Diatom-associated early-year state,MLD,10.45675,0.8741239043579956
2008-07-01,2,1,Diatom-associated early-year state,SSS,31.6737,-0.43990206812099814
2008-07-01,2,1,Diatom-associated early-year state,SSH,0.2394875,-0.003962216163783437
2008-07-01,2,1,Diatom-associated early-year state,PAR,47.43447,0.20076719078188884
2008-07-01,2,1,Diatom-associated early-year state,PDO,-1.96,-0.16943627180766904
2008-07-01,2,1,Diatom-associated early-year state,NINO_3.4,-0.04,-0.015069302839841425
2008-07-01,2,1,Diatom-associated early-year state,WPI,0.02,-0.0255156546477784
2008-07-01,2,1,Diatom-associated early-year state,MHW_MeanInt,0.4652034048384031,0.025657578624628124
2008-07-01,2,1,Diatom-associated early-year state,MHW_MaxInt,0.565028368318662,0.031689760862006276
2008-07-01,2,1,Diatom-associated early-year state,MHW_CumInt,3.0494316709953746,-0.05955671701773221
2008-08-01,3,1,Diatom-associated early-year state,SST,26.72248,-1.130643975884339
2008-08-01,3,1,Diatom-associated early-year state,NO3,5.606761,-0.26890501348075185
2008-08-01,3,1,Diatom-associated early-year state,PO4,0.02109727,-0.09782442014059775
2008-08-01,3,1,Diatom-associated early-year state,SPCo2,42.27939,-0.3685173396000725
2008-08-01,3,1,Diatom-associated early-year state,MLD,11.2099,-0.49988878549408006
2008-08-01,3,1,Diatom-associated early-year state,SSS,31.49276,-0.6545635378683619
2008-08-01,3,1,Diatom-associated early-year state,SSH,0.2747711,-0.42277164513710863
2008-08-01,3,1,Diatom-associated early-year state,PAR,45.29633,0.10903385232700794
2008-08-01,3,1,Diatom-associated early-year state,PDO,-1.85,-0.24453676259842055
2008-08-01,3,1,Diatom-associated early-year state,NINO_3.4,-0.04,-0.11751403344805382
2008-08-01,3,1,Diatom-associated early-year state,WPI,-1.32,-0.10793510006155124
2008-08-01,3,1,Diatom-associated early-year state,MHW_MeanInt,0.3970739919017811,-0.009138690921087744
2008-08-01,3,1,Diatom-associated early-year state,MHW_MaxInt,0.4840184020769286,-0.03200315288776945
2008-08-01,3,1,Diatom-associated early-year state,MHW_CumInt,2.670017716827173,-0.15852330672174186
2008-09-01,3,1,Diatom-associated early-year state,SST,25.17165,-1.2653719043602496
2008-09-01,3,1,Diatom-associated early-year state,NO3,4.696881,-0.40016503655694774
2008-09-01,3,1,Diatom-associated early-year state,PO4,0.01763775,-0.07176358088557046
2008-09-01,3,1,Diatom-associated early-year state,SPCo2,38.81409,-0.3031722239108271
2008-09-01,3,1,Diatom-associated early-year state,MLD,13.49127,-0.9369707246523367
2008-09-01,3,1,Diatom-associated early-year state,SSS,31.59743,-0.788474419037666
2008-09-01,3,1,Diatom-associated early-year state,SSH,0.2709088,-0.3852558169825735
2008-09-01,3,1,Diatom-associated early-year state,PAR,37.42095,-0.3658475916933518
2008-09-01,3,1,Diatom-associated early-year state,PDO,-1.87,-0.2132662128276137
2008-09-01,3,1,Diatom-associated early-year state,NINO_3.4,-0.28,-0.10405539622488535
2008-09-01,3,1,Diatom-associated early-year state,WPI,-0.83,-0.024151406385931728
2008-09-01,3,1,Diatom-associated early-year state,MHW_MeanInt,0.1733083283956032,-0.0654449614544881
2008-09-01,3,1,Diatom-associated early-year state,MHW_MaxInt,0.2221931062652008,-0.055894269942673123
2008-09-01,3,1,Diatom-associated early-year state,MHW_CumInt,1.732077477682666,-0.1450479054268265
2008-10-01,3,1,Diatom-associated early-year state,SST,22.15999,-1.3110485546329158
2008-10-01,3,1,Diatom-associated early-year state,NO3,4.197331,-0.39838480766582735
2008-10-01,3,1,Diatom-associated early-year state,PO4,0.01193336,-0.0968293529035286
2008-10-01,3,1,Diatom-associated early-year state,SPCo2,34.06417,-0.19144626524322092
2008-10-01,3,1,Diatom-associated early-year state,MLD,19.87343,-0.9395253221266785
2008-10-01,3,1,Diatom-associated early-year state,SSS,31.91862,-0.7764154660967822
2008-10-01,3,1,Diatom-associated early-year state,SSH,0.2892448,-0.45539947974362044
2008-10-01,3,1,Diatom-associated early-year state,PAR,29.08485,-0.49726133802152833
2008-10-01,3,1,Diatom-associated early-year state,PDO,-1.9,-0.2383229255949629
2008-10-01,3,1,Diatom-associated early-year state,NINO_3.4,-0.3,-0.11656249480075268
2008-10-01,3,1,Diatom-associated early-year state,WPI,0.19,-0.047218875009835515
2008-10-01,3,1,Diatom-associated early-year state,MHW_MeanInt,0.3141360590610229,-0.04265144692568386
2008-10-01,3,1,Diatom-associated early-year state,MHW_MaxInt,0.3926747339348722,-0.022112242591589105
2008-10-01,3,1,Diatom-associated early-year state,MHW_CumInt,2.43991784234964,-0.14691769519546094
2008-11-01,3,1,Diatom-associated early-year state,SST,18.23831,-1.3550272760497764
2008-11-01,3,1,Diatom-associated early-year state,NO3,3.482705,-0.314891256701656
2008-11-01,3,1,Diatom-associated early-year state,PO4,0.02302186,-0.023441967450947305
2008-11-01,3,1,Diatom-associated early-year state,SPCo2,30.04029,-0.008426839764190206
2008-11-01,3,1,Diatom-associated early-year state,MLD,26.67353,-0.5691923458376615
2008-11-01,3,1,Diatom-associated early-year state,SSS,32.15402,-0.6064604090181104
2008-11-01,3,1,Diatom-associated early-year state,SSH,0.2555335,-0.19154772728276198
2008-11-01,3,1,Diatom-associated early-year state,PAR,20.27732,-0.06248654808883447
2008-11-01,3,1,Diatom-associated early-year state,PDO,-1.59,-0.24067765296063734
2008-11-01,3,1,Diatom-associated early-year state,NINO_3.4,-0.37,-0.20640482719670886
2008-11-01,3,1,Diatom-associated early-year state,WPI,0.33,-0.0178394478310087
2008-11-01,3,1,Diatom-associated early-year state,MHW_MeanInt,0.1154350625823871,-0.06507522690334147
2008-11-01,3,1,Diatom-associated early-year state,MHW_MaxInt,0.1326746176567272,-0.09963691034609258
2008-11-01,3,1,Diatom-associated early-year state,MHW_CumInt,1.0707257943810706,-0.20079332195692934
2008-12-01,1,1,Diatom-associated early-year state,SST,13.74592,1.2270153135654047
2008-12-01,1,1,Diatom-associated early-year state,NO3,2.650269,0.044355176254222764
2008-12-01,1,1,Diatom-associated early-year state,PO4,0.03515482,0.11710474599319769
2008-12-01,1,1,Diatom-associated early-year state,SPCo2,26.41239,0.19675692378117665
2008-12-01,1,1,Diatom-associated early-year state,MLD,34.30258,-0.08568973482819324
2008-12-01,1,1,Diatom-associated early-year state,SSS,32.4073,0.25549315602799816
2008-12-01,1,1,Diatom-associated early-year state,SSH,0.2133887,0.356726368766025
2008-12-01,1,1,Diatom-associated early-year state,PAR,17.47706,0.2188311180047896
2008-12-01,1,1,Diatom-associated early-year state,PDO,-1.31,-0.14390063583435278
2008-12-01,1,1,Diatom-associated early-year state,NINO_3.4,-0.9,1.2685284791613987
2008-12-01,1,1,Diatom-associated early-year state,WPI,1.01,-0.028927875423240337
2008-12-01,1,1,Diatom-associated early-year state,MHW_MeanInt,0.0811330759972956,-0.03705378780324405
2008-12-01,1,1,Diatom-associated early-year state,MHW_MaxInt,0.0919385090725022,-0.0839874790937207
2008-12-01,1,1,Diatom-associated early-year state,MHW_CumInt,0.6997261727687922,-0.215066771603695
2009-01-01,1,1,Diatom-associated early-year state,SST,10.56733,1.1534345110238238
2009-01-01,1,1,Diatom-associated early-year state,NO3,1.829847,0.3711495381054927
2009-01-01,1,1,Diatom-associated early-year state,PO4,0.05358773,0.2014266328302444
2009-01-01,1,1,Diatom-associated early-year state,SPCo2,24.46998,1.058718451476973
2009-01-01,1,1,Diatom-associated early-year state,MLD,40.70953,0.025906105671549794
2009-01-01,1,1,Diatom-associated early-year state,SSS,32.5541,0.6533629657308194
2009-01-01,1,1,Diatom-associated early-year state,SSH,0.1727764,0.45124376824089546
2009-01-01,1,1,Diatom-associated early-year state,PAR,18.4399,0.1875126871524653
2009-01-01,1,1,Diatom-associated early-year state,PDO,-1.81,-0.16321198716030105
2009-01-01,1,1,Diatom-associated early-year state,NINO_3.4,-1.0,0.6315270749075201
2009-01-01,1,1,Diatom-associated early-year state,WPI,0.01,0.13077227484288953
2009-01-01,1,1,Diatom-associated early-year state,MHW_MeanInt,0.2378509949681276,0.025224277023916032
2009-01-01,1,1,Diatom-associated early-year state,MHW_MaxInt,0.2977935508219341,0.04686706314273777
2009-01-01,1,1,Diatom-associated early-year state,MHW_CumInt,2.1213992159988297,-0.012221311395448055
2009-02-01,1,1,Diatom-associated early-year state,SST,9.965669,1.1389379406002273
2009-02-01,1,1,Diatom-associated early-year state,NO3,1.742423,0.3808508884617629
2009-02-01,1,1,Diatom-associated early-year state,PO4,0.04397479,0.1468332108288781
2009-02-01,1,1,Diatom-associated early-year state,SPCo2,24.91635,0.22302250966849055
2009-02-01,1,1,Diatom-associated early-year state,MLD,31.99934,-0.050775244677292435
2009-02-01,1,1,Diatom-associated early-year state,SSS,32.6598,0.9049981736907384
2009-02-01,1,1,Diatom-associated early-year state,SSH,0.1858674,0.746903916943062
2009-02-01,1,1,Diatom-associated early-year state,PAR,21.59292,0.04355376124604689
2009-02-01,1,1,Diatom-associated early-year state,PDO,-1.78,-0.13941955348587307
2009-02-01,1,1,Diatom-associated early-year state,NINO_3.4,-0.71,0.7315302914400198
2009-02-01,1,1,Diatom-associated early-year state,WPI,1.71,-0.1325648369147868
2009-02-01,1,1,Diatom-associated early-year state,MHW_MeanInt,0.3039776502718948,0.04516729490103387
2009-02-01,1,1,Diatom-associated early-year state,MHW_MaxInt,0.3947245758017037,0.09641012419620919
2009-02-01,1,1,Diatom-associated early-year state,MHW_CumInt,2.5439850395452788,-0.03315945528762881
2009-03-01,1,1,Diatom-associated early-year state,SST,10.3221,1.2582235190110107
2009-03-01,1,1,Diatom-associated early-year state,NO3,1.650761,0.3835361828639782
2009-03-01,1,1,Diatom-associated early-year state,PO4,0.03261236,0.16723796397722193
2009-03-01,1,1,Diatom-associated early-year state,SPCo2,26.40809,0.2534061595718141
2009-03-01,1,1,Diatom-associated early-year state,MLD,25.45867,-0.10272385346632852
2009-03-01,1,1,Diatom-associated early-year state,SSS,32.67359,1.0079493385476916
2009-03-01,1,1,Diatom-associated early-year state,SSH,0.140122,0.8264862388604859
2009-03-01,1,1,Diatom-associated early-year state,PAR,32.23164,-0.06312636370681406
2009-03-01,1,1,Diatom-associated early-year state,PDO,-2.06,-0.1892105286735832
2009-03-01,1,1,Diatom-associated early-year state,NINO_3.4,-0.72,0.5893696221096976
2009-03-01,1,1,Diatom-associated early-year state,WPI,0.22,0.012841419889595194
2009-03-01,1,1,Diatom-associated early-year state,MHW_MeanInt,0.388911893358531,0.07139109327164671
2009-03-01,1,1,Diatom-associated early-year state,MHW_MaxInt,0.4951802951745518,0.08659498019665793
2009-03-01,1,1,Diatom-associated early-year state,MHW_CumInt,2.8046752894523843,0.08162046705566038
2009-04-01,1,1,Diatom-associated early-year state,SST,13.10787,1.328676941033266
2009-04-01,1,1,Diatom-associated early-year state,NO3,2.230048,0.305721838778298
2009-04-01,1,1,Diatom-associated early-year state,PO4,0.01952928,0.15032195729122788
2009-04-01,1,1,Diatom-associated early-year state,SPCo2,29.9361,0.3354395490866982
2009-04-01,1,1,Diatom-associated early-year state,MLD,14.13868,-0.14322302139063509
2009-04-01,1,1,Diatom-associated early-year state,SSS,32.56193,0.8488266872097034
2009-04-01,1,1,Diatom-associated early-year state,SSH,0.170954,0.9091171138839828
2009-04-01,1,1,Diatom-associated early-year state,PAR,42.95202,0.20786964940405134
2009-04-01,1,1,Diatom-associated early-year state,PDO,-2.23,-0.176617953390699
2009-04-01,1,1,Diatom-associated early-year state,NINO_3.4,-0.25,0.07625729930110736
2009-04-01,1,1,Diatom-associated early-year state,WPI,0.02,0.04916317915447604
2009-04-01,1,1,Diatom-associated early-year state,MHW_MeanInt,0.4161540588369243,0.10642832984719601
2009-04-01,1,1,Diatom-associated early-year state,MHW_MaxInt,0.5322080234808598,0.04887847698828891
2009-04-01,1,1,Diatom-associated early-year state,MHW_CumInt,2.5272331491769022,0.16260479802650582
2009-05-01,2,1,Diatom-associated early-year state,SST,16.72519,-0.6112098933128266
2009-05-01,2,1,Diatom-associated early-year state,NO3,3.289662,-0.062297687546286666
2009-05-01,2,1,Diatom-associated early-year state,PO4,0.01284137,0.11730327234557174
2009-05-01,2,1,Diatom-associated early-year state,SPCo2,34.94796,0.001913057796736306
2009-05-01,2,1,Diatom-associated early-year state,MLD,11.15864,0.4927461786417123
2009-05-01,2,1,Diatom-associated early-year state,SSS,32.31105,0.41346418418940434
2009-05-01,2,1,Diatom-associated early-year state,SSH,0.1916929,0.7745316154009325
2009-05-01,2,1,Diatom-associated early-year state,PAR,49.61242,0.3876865628938053
2009-05-01,2,1,Diatom-associated early-year state,PDO,-1.32,-0.18081956169121674
2009-05-01,2,1,Diatom-associated early-year state,NINO_3.4,0.17,0.034435365303694725
2009-05-01,2,1,Diatom-associated early-year state,WPI,-0.67,-0.038811674550091144
2009-05-01,2,1,Diatom-associated early-year state,MHW_MeanInt,0.0770455003131202,-0.027829952186652514
2009-05-01,2,1,Diatom-associated early-year state,MHW_MaxInt,0.0961152486375653,-0.00973971568692815
2009-05-01,2,1,Diatom-associated early-year state,MHW_CumInt,0.6210073715327548,0.07733351797218511
2009-06-01,2,1,Diatom-associated early-year state,SST,20.44709,-0.7038676679128261
2009-06-01,2,1,Diatom-associated early-year state,NO3,4.863413,-0.17189336188533136
2009-06-01,2,1,Diatom-associated early-year state,PO4,0.01234454,0.07101371018493197
2009-06-01,2,1,Diatom-associated early-year state,SPCo2,40.04809,-0.23403909743745274
2009-06-01,2,1,Diatom-associated early-year state,MLD,10.62812,0.9488175148753797
2009-06-01,2,1,Diatom-associated early-year state,SSS,31.99682,-0.4567327185457214
2009-06-01,2,1,Diatom-associated early-year state,SSH,0.2224203,0.17133038854864754
2009-06-01,2,1,Diatom-associated early-year state,PAR,47.69398,0.2737601186954002
2009-06-01,2,1,Diatom-associated early-year state,PDO,-0.73,-0.08184247630089325
2009-06-01,2,1,Diatom-associated early-year state,NINO_3.4,0.49,-0.06166714020006607
2009-06-01,2,1,Diatom-associated early-year state,WPI,-1.74,0.02523631870809113
2009-06-01,2,1,Diatom-associated early-year state,MHW_MeanInt,0.1916036418083938,-0.05003890030868006
2009-06-01,2,1,Diatom-associated early-year state,MHW_MaxInt,0.2405601903249845,-0.026830047494989517
2009-06-01,2,1,Diatom-associated early-year state,MHW_CumInt,1.99136828317128,-0.07399833784901177
2009-07-01,2,1,Diatom-associated early-year state,SST,24.01626,-0.629681414390564
2009-07-01,2,1,Diatom-associated early-year state,NO3,5.917418,-0.13185671401017274
2009-07-01,2,1,Diatom-associated early-year state,PO4,0.01671528,0.014581410403320482
2009-07-01,2,1,Diatom-associated early-year state,SPCo2,42.46432,-0.14900058014435197
2009-07-01,2,1,Diatom-associated early-year state,MLD,10.43759,0.791388849272621
2009-07-01,2,1,Diatom-associated early-year state,SSS,31.58459,-0.42634361699241
2009-07-01,2,1,Diatom-associated early-year state,SSH,0.2248385,0.021328073346553348
2009-07-01,2,1,Diatom-associated early-year state,PAR,44.97459,0.158690296606405
2009-07-01,2,1,Diatom-associated early-year state,PDO,-0.71,-0.06634243366696398
2009-07-01,2,1,Diatom-associated early-year state,NINO_3.4,0.69,-0.07351412966006218
2009-07-01,2,1,Diatom-associated early-year state,WPI,1.2,0.08273986535770944
2009-07-01,2,1,Diatom-associated early-year state,MHW_MeanInt,0.430807568008436,0.05235552849883972
2009-07-01,2,1,Diatom-associated early-year state,MHW_MaxInt,0.5527462718742084,0.041872379263407214
2009-07-01,2,1,Diatom-associated early-year state,MHW_CumInt,4.608710661552521,0.08439563009035267
2009-08-01,2,1,Diatom-associated early-year state,SST,25.82717,-0.7524401313444976
2009-08-01,2,1,Diatom-associated early-year state,NO3,5.723061,-0.18816600088585872
2009-08-01,2,1,Diatom-associated early-year state,PO4,0.02314663,0.025831858396279175
2009-08-01,2,1,Diatom-associated early-year state,SPCo2,42.26756,-0.27038418059415914
2009-08-01,2,1,Diatom-associated early-year state,MLD,11.02272,0.5066286732368921
2009-08-01,2,1,Diatom-associated early-year state,SSS,31.42508,-0.5367473032241835
2009-08-01,2,1,Diatom-associated early-year state,SSH,0.3127087,-0.39382452336744633
2009-08-01,2,1,Diatom-associated early-year state,PAR,44.64119,0.23833048778090507
2009-08-01,2,1,Diatom-associated early-year state,PDO,-0.49,-0.005140909316206831
2009-08-01,2,1,Diatom-associated early-year state,NINO_3.4,0.62,-0.11526310350634611
2009-08-01,2,1,Diatom-associated early-year state,WPI,0.66,0.04377489522645619
2009-08-01,2,1,Diatom-associated early-year state,MHW_MeanInt,0.1010078652656766,-0.041528748937347516
2009-08-01,2,1,Diatom-associated early-year state,MHW_MaxInt,0.1168925816031281,-0.033377152885659435
2009-08-01,2,1,Diatom-associated early-year state,MHW_CumInt,0.8015783967045559,-0.11539905104712078
2009-09-01,3,1,Diatom-associated early-year state,SST,24.78023,-1.3108252056819274
2009-09-01,3,1,Diatom-associated early-year state,NO3,5.010671,-0.3837472899267703
2009-09-01,3,1,Diatom-associated early-year state,PO4,0.01500423,-0.08235886918123389
2009-09-01,3,1,Diatom-associated early-year state,SPCo2,38.29243,-0.30827984193489644
2009-09-01,3,1,Diatom-associated early-year state,MLD,15.2265,-0.9640477248779301
2009-09-01,3,1,Diatom-associated early-year state,SSS,31.59405,-0.7929002541132657
2009-09-01,3,1,Diatom-associated early-year state,SSH,0.37324,-0.5497377675006901
2009-09-01,3,1,Diatom-associated early-year state,PAR,36.99078,-0.40011350720321487
2009-09-01,3,1,Diatom-associated early-year state,PDO,0.33,0.14853459756596463
2009-09-01,3,1,Diatom-associated early-year state,NINO_3.4,0.68,-0.21582631904582492
2009-09-01,3,1,Diatom-associated early-year state,WPI,-1.02,-0.03313219355712077
2009-09-01,3,1,Diatom-associated early-year state,MHW_MeanInt,0.2649707912542517,-0.08866109277208459
2009-09-01,3,1,Diatom-associated early-year state,MHW_MaxInt,0.3317771566537492,-0.045189944313391975
2009-09-01,3,1,Diatom-associated early-year state,MHW_CumInt,1.5782998525086236,-0.15330531954646293
2009-10-01,3,1,Diatom-associated early-year state,SST,22.0396,-1.3938872685766568
2009-10-01,3,1,Diatom-associated early-year state,NO3,4.689354,-0.4294954139790024
2009-10-01,3,1,Diatom-associated early-year state,PO4,0.01473548,-0.08237619052746331
2009-10-01,3,1,Diatom-associated early-year state,SPCo2,33.93439,-0.18109812804940092
2009-10-01,3,1,Diatom-associated early-year state,MLD,22.55996,-0.8928702118761804
2009-10-01,3,1,Diatom-associated early-year state,SSS,31.88766,-0.8201724386811595
2009-10-01,3,1,Diatom-associated early-year state,SSH,0.3258369,-0.5282556870112809
2009-10-01,3,1,Diatom-associated early-year state,PAR,31.64962,-0.5099172403138654
2009-10-01,3,1,Diatom-associated early-year state,PDO,-0.13,0.11318988538589399
2009-10-01,3,1,Diatom-associated early-year state,NINO_3.4,0.96,-0.29041847189380293
2009-10-01,3,1,Diatom-associated early-year state,WPI,-2.05,0.0560567651144096
2009-10-01,3,1,Diatom-associated early-year state,MHW_MeanInt,0.2057089297840367,-0.09132708817514482
2009-10-01,3,1,Diatom-associated early-year state,MHW_MaxInt,0.2603131150493665,-0.06253271784426719
2009-10-01,3,1,Diatom-associated early-year state,MHW_CumInt,1.632396927764749,-0.18170484252788885
2009-11-01,3,1,Diatom-associated early-year state,SST,17.8215,-1.2880368801560211
2009-11-01,3,1,Diatom-associated early-year state,NO3,3.589816,-0.40336663594380795
2009-11-01,3,1,Diatom-associated early-year state,PO4,0.03133217,-0.04704042662150719
2009-11-01,3,1,Diatom-associated early-year state,SPCo2,29.67754,-0.028688145023466914
2009-11-01,3,1,Diatom-associated early-year state,MLD,30.25666,-0.5649042845173846
2009-11-01,3,1,Diatom-associated early-year state,SSS,32.17666,-0.5702160162132758
2009-11-01,3,1,Diatom-associated early-year state,SSH,0.2893158,-0.38066508469806903
2009-11-01,3,1,Diatom-associated early-year state,PAR,17.66857,-0.1657643808575781
2009-11-01,3,1,Diatom-associated early-year state,PDO,-0.94,-0.18709114455403694
2009-11-01,3,1,Diatom-associated early-year state,NINO_3.4,1.49,-0.5214557488033281
2009-11-01,3,1,Diatom-associated early-year state,WPI,1.27,0.017826169237194503
2009-11-01,3,1,Diatom-associated early-year state,MHW_MeanInt,0.0243436227048627,-0.08752693281734054
2009-11-01,3,1,Diatom-associated early-year state,MHW_MaxInt,0.0315147352176697,-0.12624006990885164
2009-11-01,3,1,Diatom-associated early-year state,MHW_CumInt,0.136375637470358,-0.3057588256446607
2009-12-01,1,1,Diatom-associated early-year state,SST,13.39651,1.285602434623568
2009-12-01,1,1,Diatom-associated early-year state,NO3,2.563715,0.2556174420091223
2009-12-01,1,1,Diatom-associated early-year state,PO4,0.04635568,0.10544714803227008
2009-12-01,1,1,Diatom-associated early-year state,SPCo2,26.33494,0.1402020359135227
2009-12-01,1,1,Diatom-associated early-year state,MLD,38.53873,0.07373950636521719
2009-12-01,1,1,Diatom-associated early-year state,SSS,32.40301,0.2813122636366178
2009-12-01,1,1,Diatom-associated early-year state,SSH,0.2670951,-0.04696999295699278
2009-12-01,1,1,Diatom-associated early-year state,PAR,15.67848,-0.041054719716637614
2009-12-01,1,1,Diatom-associated early-year state,PDO,-0.51,0.33410177622193005
2009-12-01,1,1,Diatom-associated early-year state,NINO_3.4,1.81,-0.3227158247819856
2009-12-01,1,1,Diatom-associated early-year state,WPI,-1.07,0.2652404463257247
2009-12-01,1,1,Diatom-associated early-year state,MHW_MeanInt,0.005259331137109,0.044613736364809135
2009-12-01,1,1,Diatom-associated early-year state,MHW_MaxInt,0.0057109665878036,0.08754552846601463
2009-12-01,1,1,Diatom-associated early-year state,MHW_CumInt,0.0262966556855453,-0.1226014120510135
2010-01-01,1,1,Diatom-associated early-year state,SST,10.2186,1.1720803439946614
2010-01-01,1,1,Diatom-associated early-year state,NO3,1.900383,0.47973222059552406
2010-01-01,1,1,Diatom-associated early-year state,PO4,0.06019795,0.13747557227679694
2010-01-01,1,1,Diatom-associated early-year state,SPCo2,24.30549,1.4003219945401653
2010-01-01,1,1,Diatom-associated early-year state,MLD,42.30539,0.0036162201457170112
2010-01-01,1,1,Diatom-associated early-year state,SSS,32.56844,0.7209656785043956
2010-01-01,1,1,Diatom-associated early-year state,SSH,0.2046967,0.20699486721967503
2010-01-01,1,1,Diatom-associated early-year state,PAR,17.88068,0.058631756869956496
2010-01-01,1,1,Diatom-associated early-year state,PDO,0.05,0.4736950313332113
2010-01-01,1,1,Diatom-associated early-year state,NINO_3.4,1.43,-0.20277169593477745
2010-01-01,1,1,Diatom-associated early-year state,WPI,0.47,-0.02212610725514243
2010-01-01,1,1,Diatom-associated early-year state,MHW_MeanInt,0.0295923308382362,-0.0355789411384964
2010-01-01,1,1,Diatom-associated early-year state,MHW_MaxInt,0.0359435728663569,-0.05954647728403267
2010-01-01,1,1,Diatom-associated early-year state,MHW_CumInt,0.2141182419850772,-0.12628088928899492
2010-02-01,1,1,Diatom-associated early-year state,SST,8.796714,1.2616560146620877
2010-02-01,1,1,Diatom-associated early-year state,NO3,1.735985,0.5204132537593698
2010-02-01,1,1,Diatom-associated early-year state,PO4,0.05531385,0.11848354959768287
2010-02-01,1,1,Diatom-associated early-year state,SPCo2,24.55688,1.3593663978256927
2010-02-01,1,1,Diatom-associated early-year state,MLD,34.16289,-0.13667313189722816
2010-02-01,1,1,Diatom-associated early-year state,SSS,32.66602,1.013241481610002
2010-02-01,1,1,Diatom-associated early-year state,SSH,0.2491098,-0.17270939847208855
2010-02-01,1,1,Diatom-associated early-year state,PAR,20.94246,-0.06731258602490676
2010-02-01,1,1,Diatom-associated early-year state,PDO,0.25,0.4726966027284141
2010-02-01,1,1,Diatom-associated early-year state,NINO_3.4,1.18,-0.15987149661471747
2010-02-01,1,1,Diatom-associated early-year state,WPI,0.23,0.06337500954387955
2010-02-01,1,1,Diatom-associated early-year state,MHW_MeanInt,0.0125793921430819,0.005529687442474592
2010-02-01,1,1,Diatom-associated early-year state,MHW_MaxInt,0.0145817238427007,0.0758794135128677
2010-02-01,1,1,Diatom-associated early-year state,MHW_CumInt,0.0825488064207244,-0.0504916597483126
2010-03-01,1,1,Diatom-associated early-year state,SST,9.088304,1.24207858532879
2010-03-01,1,1,Diatom-associated early-year state,NO3,1.591832,0.2629271187801905
2010-03-01,1,1,Diatom-associated early-year state,PO4,0.03611907,0.028108494816719055
2010-03-01,1,1,Diatom-associated early-year state,SPCo2,26.09678,0.2114816795798125
2010-03-01,1,1,Diatom-associated early-year state,MLD,26.98267,-0.11595224420852378
2010-03-01,1,1,Diatom-associated early-year state,SSS,32.69419,0.9829425462982485
2010-03-01,1,1,Diatom-associated early-year state,SSH,0.191109,0.676800490851128
2010-03-01,1,1,Diatom-associated early-year state,PAR,29.98847,-0.024317567796588956
2010-03-01,1,1,Diatom-associated early-year state,PDO,-0.16,0.5038879728943603
2010-03-01,1,1,Diatom-associated early-year state,NINO_3.4,1.07,-0.18178983822374928
2010-03-01,1,1,Diatom-associated early-year state,WPI,1.83,-0.15389643837435427
2010-03-01,1,1,Diatom-associated early-year state,MHW_MeanInt,0.0014163949825914,0.03501012842660785
2010-03-01,1,1,Diatom-associated early-year state,MHW_MaxInt,0.0016187736612182,0.09249611531451986
2010-03-01,1,1,Diatom-associated early-year state,MHW_CumInt,0.0070819749129572,0.018364744816969095
2010-04-01,1,1,Diatom-associated early-year state,SST,11.15974,1.4005825874506523
2010-04-01,1,1,Diatom-associated early-year state,NO3,2.025447,0.48697618645183943
2010-04-01,1,1,Diatom-associated early-year state,PO4,0.01827536,0.1156708533026675
2010-04-01,1,1,Diatom-associated early-year state,SPCo2,29.12605,0.2565499276841871
2010-04-01,1,1,Diatom-associated early-year state,MLD,15.6813,-0.13707963725138528
2010-04-01,1,1,Diatom-associated early-year state,SSS,32.64836,1.1271273869431593
2010-04-01,1,1,Diatom-associated early-year state,SSH,0.1952679,0.7633854141727043
2010-04-01,1,1,Diatom-associated early-year state,PAR,37.86516,0.31003116331007363
2010-04-01,1,1,Diatom-associated early-year state,PDO,-0.04,0.4943661500184479
2010-04-01,1,1,Diatom-associated early-year state,NINO_3.4,0.56,-0.06654420486513625
2010-04-01,1,1,Diatom-associated early-year state,WPI,0.88,-0.14551307160443772
2010-04-01,1,1,Diatom-associated early-year state,MHW_MeanInt,0.0077174740105249,-0.0221166023212178
2010-04-01,1,1,Diatom-associated early-year state,MHW_MaxInt,0.0090935654019174,0.105685446381182
2010-04-01,1,1,Diatom-associated early-year state,MHW_CumInt,0.0437621241618737,0.03570797475525314
2010-05-01,1,1,Diatom-associated early-year state,SST,15.07052,1.84111220993199
2010-05-01,1,1,Diatom-associated early-year state,NO3,3.191687,0.034429260653308785
2010-05-01,1,1,Diatom-associated early-year state,PO4,0.01298422,0.19537929412290045
2010-05-01,1,1,Diatom-associated early-year state,SPCo2,34.46811,-0.0114781677543328
2010-05-01,1,1,Diatom-associated early-year state,MLD,11.30014,-0.10838526942686577
2010-05-01,1,1,Diatom-associated early-year state,SSS,32.36586,0.5614485465508187
2010-05-01,1,1,Diatom-associated early-year state,SSH,0.1900635,0.8985738754148345
2010-05-01,1,1,Diatom-associated early-year state,PAR,44.90027,0.3194968430237269
2010-05-01,1,1,Diatom-associated early-year state,PDO,-0.18,0.38026966589379463
2010-05-01,1,1,Diatom-associated early-year state,NINO_3.4,-0.15,0.17114005767692672
2010-05-01,1,1,Diatom-associated early-year state,WPI,-2.5,0.13766895842993904
2010-05-01,1,1,Diatom-associated early-year state,MHW_MeanInt,0.2414159092623645,0.013463668081477356
2010-05-01,1,1,Diatom-associated early-year state,MHW_MaxInt,0.3161260411675853,0.07107450576518831
2010-05-01,1,1,Diatom-associated early-year state,MHW_CumInt,2.139027991741322,0.15805888817442706
2010-06-01,2,1,Diatom-associated early-year state,SST,19.9422,-0.6565857932546699
2010-06-01,2,1,Diatom-associated early-year state,NO3,4.691751,-0.1664443264093447
2010-06-01,2,1,Diatom-associated early-year state,PO4,0.02158329,0.054497351365806364
2010-06-01,2,1,Diatom-associated early-year state,SPCo2,41.26215,-0.259838108817261
2010-06-01,2,1,Diatom-associated early-year state,MLD,10.71185,0.7331114296069811
2010-06-01,2,1,Diatom-associated early-year state,SSS,31.95698,-0.438169789163806
2010-06-01,2,1,Diatom-associated early-year state,SSH,0.2146049,0.37231204014907265
2010-06-01,2,1,Diatom-associated early-year state,PAR,44.20998,0.07803631009225921
2010-06-01,2,1,Diatom-associated early-year state,PDO,-0.79,-0.03242896753328057
2010-06-01,2,1,Diatom-associated early-year state,NINO_3.4,-0.62,0.14463982701068565
2010-06-01,2,1,Diatom-associated early-year state,WPI,-0.08,-0.04212682004048933
2010-06-01,2,1,Diatom-associated early-year state,MHW_MeanInt,0.408291326348769,0.034360152835888495
2010-06-01,2,1,Diatom-associated early-year state,MHW_MaxInt,0.4959725800354509,0.04044106064037591
2010-06-01,2,1,Diatom-associated early-year state,MHW_CumInt,2.5933985597182043,-0.016836891691383398
2010-07-01,2,1,Diatom-associated early-year state,SST,24.16658,-0.5942278955844822
2010-07-01,2,1,Diatom-associated early-year state,NO3,6.518647,-0.11879170954919115
2010-07-01,2,1,Diatom-associated early-year state,PO4,0.02190173,0.057467290942157565
2010-07-01,2,1,Diatom-associated early-year state,SPCo2,44.90723,-0.16567573759839013
2010-07-01,2,1,Diatom-associated early-year state,MLD,10.27925,0.7211345667095722
2010-07-01,2,1,Diatom-associated early-year state,SSS,31.63332,-0.3911388524032414
2010-07-01,2,1,Diatom-associated early-year state,SSH,0.2608065,-0.09309924432615363
2010-07-01,2,1,Diatom-associated early-year state,PAR,44.13834,-0.01547061388423145
2010-07-01,2,1,Diatom-associated early-year state,PDO,-1.99,-0.21478841072392485
2010-07-01,2,1,Diatom-associated early-year state,NINO_3.4,-0.89,0.07456754228168572
2010-07-01,2,1,Diatom-associated early-year state,WPI,-2.38,0.005448239895584042
2010-07-01,2,1,Diatom-associated early-year state,MHW_MeanInt,0.7677384342870498,0.026120738671151333
2010-07-01,2,1,Diatom-associated early-year state,MHW_MaxInt,0.9096309731545452,0.026520299243193057
2010-07-01,2,1,Diatom-associated early-year state,MHW_CumInt,7.142416152212906,0.1577037943141502
2010-08-01,2,1,Diatom-associated early-year state,SST,26.56218,-0.6825690166857501
2010-08-01,2,1,Diatom-associated early-year state,NO3,6.624375,-0.13244840774323663
2010-08-01,2,1,Diatom-associated early-year state,PO4,0.01751439,0.010274199515542301
2010-08-01,2,1,Diatom-associated early-year state,SPCo2,44.41868,-0.14160714897266483
2010-08-01,2,1,Diatom-associated early-year state,MLD,10.50511,0.7108864857069902
2010-08-01,2,1,Diatom-associated early-year state,SSS,31.5333,-0.3918879561668067
2010-08-01,2,1,Diatom-associated early-year state,SSH,0.2745191,-0.22853125058397897
2010-08-01,2,1,Diatom-associated early-year state,PAR,44.308,-0.007472481522019109
2010-08-01,2,1,Diatom-associated early-year state,PDO,-2.21,-0.18900863348871774
2010-08-01,2,1,Diatom-associated early-year state,NINO_3.4,-1.33,-0.06753394736520965
2010-08-01,2,1,Diatom-associated early-year state,WPI,0.41,0.03548718955582243
2010-08-01,2,1,Diatom-associated early-year state,MHW_MeanInt,0.9297469501863304,0.03368011058754891
2010-08-01,2,1,Diatom-associated early-year state,MHW_MaxInt,1.1805450954309702,0.02811956976640692
2010-08-01,2,1,Diatom-associated early-year state,MHW_CumInt,7.259293997928109,0.181251371286836
2010-09-01,3,1,Diatom-associated early-year state,SST,25.16753,-1.2959293222627546
2010-09-01,3,1,Diatom-associated early-year state,NO3,5.572701,-0.3938728902793929
2010-09-01,3,1,Diatom-associated early-year state,PO4,0.01905244,-0.053181426544896375
2010-09-01,3,1,Diatom-associated early-year state,SPCo2,40.14954,-0.39615309636118984
2010-09-01,3,1,Diatom-associated early-year state,MLD,13.27631,-0.8265716850254069
2010-09-01,3,1,Diatom-associated early-year state,SSS,31.68244,-0.7129406714645288
2010-09-01,3,1,Diatom-associated early-year state,SSH,0.3242905,-0.462104236540645
2010-09-01,3,1,Diatom-associated early-year state,PAR,36.26759,-0.48262204595733016
2010-09-01,3,1,Diatom-associated early-year state,PDO,-2.45,-0.14857856295819302
2010-09-01,3,1,Diatom-associated early-year state,NINO_3.4,-1.56,0.10017518215536167
2010-09-01,3,1,Diatom-associated early-year state,WPI,0.05,-0.018542887354952752
2010-09-01,3,1,Diatom-associated early-year state,MHW_MeanInt,0.052911620311301,-0.04959471777274995
2010-09-01,3,1,Diatom-associated early-year state,MHW_MaxInt,0.0652981714225575,-0.05140352284826575
2010-09-01,3,1,Diatom-associated early-year state,MHW_CumInt,0.3756953200657379,-0.16606188554789555
2010-10-01,3,1,Diatom-associated early-year state,SST,21.63019,-1.2427366143646872
2010-10-01,3,1,Diatom-associated early-year state,NO3,4.100891,-0.3923262465271317
2010-10-01,3,1,Diatom-associated early-year state,PO4,0.01885317,-0.05038861108407526
2010-10-01,3,1,Diatom-associated early-year state,SPCo2,34.06274,-0.19227421697156832
2010-10-01,3,1,Diatom-associated early-year state,MLD,21.30025,-0.7216783081527458
2010-10-01,3,1,Diatom-associated early-year state,SSS,31.88478,-0.641766342285487
2010-10-01,3,1,Diatom-associated early-year state,SSH,0.350316,-0.4220077701885285
2010-10-01,3,1,Diatom-associated early-year state,PAR,28.24248,-0.42650342839026806
2010-10-01,3,1,Diatom-associated early-year state,PDO,-1.6,-0.3056468764070448
2010-10-01,3,1,Diatom-associated early-year state,NINO_3.4,-1.65,0.3659314212959972
2010-10-01,3,1,Diatom-associated early-year state,WPI,0.67,-0.03107461586136181
2010-10-01,3,1,Diatom-associated early-year state,MHW_MeanInt,0.00167974549429,-0.042826948564530926
2010-10-01,3,1,Diatom-associated early-year state,MHW_MaxInt,0.0021494849300791,-0.0117912974571913
2010-10-01,3,1,Diatom-associated early-year state,MHW_CumInt,0.0083987274714503,-0.17572074108141758
2010-11-01,3,1,Diatom-associated early-year state,SST,17.44055,-1.5111256291492547
2010-11-01,3,1,Diatom-associated early-year state,NO3,3.199481,-0.35738723457785393
2010-11-01,3,1,Diatom-associated early-year state,PO4,0.02770189,0.027896917490758996
2010-11-01,3,1,Diatom-associated early-year state,SPCo2,29.45495,0.04793620995252056
2010-11-01,3,1,Diatom-associated early-year state,MLD,29.05849,-0.3901359538642943
2010-11-01,3,1,Diatom-associated early-year state,SSS,32.18362,-0.3800943944047135
2010-11-01,3,1,Diatom-associated early-year state,SSH,0.3105007,-0.4437450413955565
2010-11-01,3,1,Diatom-associated early-year state,PAR,22.66409,-0.3900343578422135
2010-11-01,3,1,Diatom-associated early-year state,PDO,-1.57,-0.29755393911684774
2010-11-01,3,1,Diatom-associated early-year state,NINO_3.4,-1.57,0.46299433507207904
2010-11-01,3,1,Diatom-associated early-year state,WPI,-0.33,-0.031091483596966358
2010-11-01,3,1,Diatom-associated early-year state,MHW_MeanInt,0.0033714751551761,-0.06978222201205588
2010-11-01,3,1,Diatom-associated early-year state,MHW_MaxInt,0.0039178504514303,-0.04540311014175123
2010-11-01,3,1,Diatom-associated early-year state,MHW_CumInt,0.0185524857567168,-0.22340716779480083
2010-12-01,3,1,Diatom-associated early-year state,SST,13.74267,0.9689008636896854
2010-12-01,3,1,Diatom-associated early-year state,NO3,2.618837,-0.10459397688443425
2010-12-01,3,1,Diatom-associated early-year state,PO4,0.04059074,-0.02094835033374768
2010-12-01,3,1,Diatom-associated early-year state,SPCo2,26.84156,-0.25039763536512094
2010-12-01,3,1,Diatom-associated early-year state,MLD,36.55366,-0.22840698087486475
2010-12-01,3,1,Diatom-associated early-year state,SSS,32.41536,0.03883905984723831
2010-12-01,3,1,Diatom-associated early-year state,SSH,0.1613614,0.1855411549398107
2010-12-01,3,1,Diatom-associated early-year state,PAR,18.18857,-0.2362798115954351
2010-12-01,3,1,Diatom-associated early-year state,PDO,-2.04,-0.39170019753858276
2010-12-01,3,1,Diatom-associated early-year state,NINO_3.4,-1.63,-0.2668780041511678
2010-12-01,3,1,Diatom-associated early-year state,WPI,-1.26,-0.09876622715995916
2010-12-01,3,1,Diatom-associated early-year state,MHW_MeanInt,0.0648121195455695,-0.07613092921480798
2010-12-01,3,1,Diatom-associated early-year state,MHW_MaxInt,0.0793235428171235,-0.1049276428647559
2010-12-01,3,1,Diatom-associated early-year state,MHW_CumInt,0.7056346336740866,-0.25941881840670145
2011-01-01,1,1,Diatom-associated early-year state,SST,9.66562,1.0557911878619555
2011-01-01,1,1,Diatom-associated early-year state,NO3,1.643209,0.43775546295645684
2011-01-01,1,1,Diatom-associated early-year state,PO4,0.06546502,0.13614407203918097
2011-01-01,1,1,Diatom-associated early-year state,SPCo2,24.63671,1.2030195939028774
2011-01-01,1,1,Diatom-associated early-year state,MLD,46.2741,0.054089563022199534
2011-01-01,1,1,Diatom-associated early-year state,SSS,32.56516,0.5793831683282976
2011-01-01,1,1,Diatom-associated early-year state,SSH,0.1869675,0.409006972622062
2011-01-01,1,1,Diatom-associated early-year state,PAR,17.25359,0.11181481706307429
2011-01-01,1,1,Diatom-associated early-year state,PDO,-1.8,-0.1754822181585288
2011-01-01,1,1,Diatom-associated early-year state,NINO_3.4,-1.7,0.13343969826014643
2011-01-01,1,1,Diatom-associated early-year state,WPI,-1.37,0.13701177172094872
2011-01-01,1,1,Diatom-associated early-year state,MHW_MeanInt,0.1257694873642273,-0.02016584246976945
2011-01-01,1,1,Diatom-associated early-year state,MHW_MaxInt,0.1563199055856554,-0.04141846352512852
2011-01-01,1,1,Diatom-associated early-year state,MHW_CumInt,0.9801504427489196,-0.029236950012931206
2011-02-01,1,1,Diatom-associated early-year state,SST,8.777107,1.1733899993180361
2011-02-01,1,1,Diatom-associated early-year state,NO3,1.39087,0.15845749736854986
2011-02-01,1,1,Diatom-associated early-year state,PO4,0.05432264,0.1698109497911368
2011-02-01,1,1,Diatom-associated early-year state,SPCo2,24.3816,1.0611783203851093
2011-02-01,1,1,Diatom-associated early-year state,MLD,36.00455,-0.025625003902061214
2011-02-01,1,1,Diatom-associated early-year state,SSS,32.66889,0.8460054563374879
2011-02-01,1,1,Diatom-associated early-year state,SSH,0.1851358,0.6847848697931026
2011-02-01,1,1,Diatom-associated early-year state,PAR,24.62485,-0.01436378824415479
2011-02-01,1,1,Diatom-associated early-year state,PDO,-1.46,-0.19559500228215665
2011-02-01,1,1,Diatom-associated early-year state,NINO_3.4,-1.26,0.5343080681174092
2011-02-01,1,1,Diatom-associated early-year state,WPI,-0.13,0.15135642645597758
2011-02-01,1,1,Diatom-associated early-year state,MHW_MeanInt,0.0014548866600609,0.02341599386819565
2011-02-01,1,1,Diatom-associated early-year state,MHW_MaxInt,0.0015483184531666,0.08361089888609827
2011-02-01,1,1,Diatom-associated early-year state,MHW_CumInt,0.0072744333003045,0.04264330773847326
2011-03-01,1,1,Diatom-associated early-year state,SST,8.888328,1.2639399462728687
2011-03-01,1,1,Diatom-associated early-year state,NO3,1.417785,0.23634787349418024
2011-03-01,1,1,Diatom-associated early-year state,PO4,0.03281865,0.15079110884813446
2011-03-01,1,1,Diatom-associated early-year state,SPCo2,26.13365,0.33605153733325505
2011-03-01,1,1,Diatom-associated early-year state,MLD,29.14421,-0.03413762354772711
2011-03-01,1,1,Diatom-associated early-year state,SSS,32.6614,0.9096314100778607
2011-03-01,1,1,Diatom-associated early-year state,SSH,0.1287647,0.8133751861631314
2011-03-01,1,1,Diatom-associated early-year state,PAR,36.56836,0.07279389313149823
2011-03-01,1,1,Diatom-associated early-year state,PDO,-1.28,-0.04889218410742023
2011-03-01,1,1,Diatom-associated early-year state,NINO_3.4,-0.98,0.6069090379401445
2011-03-01,1,1,Diatom-associated early-year state,WPI,-0.1,0.11737189300127471
2011-03-01,1,1,Diatom-associated early-year state,MHW_MeanInt,0.0,0.020280418855777926
2011-03-01,1,1,Diatom-associated early-year state,MHW_MaxInt,0.0,0.10365253472904348
2011-03-01,1,1,Diatom-associated early-year state,MHW_CumInt,0.0,0.13751515061772782
2011-04-01,1,1,Diatom-associated early-year state,SST,11.29099,1.3074261972893013
2011-04-01,1,1,Diatom-associated early-year state,NO3,1.898793,0.45912901591419686
2011-04-01,1,1,Diatom-associated early-year state,PO4,0.01777379,0.1120097639297151
2011-04-01,1,1,Diatom-associated early-year state,SPCo2,29.84111,0.2659312195765223
2011-04-01,1,1,Diatom-associated early-year state,MLD,13.49117,-0.11077466585315883
2011-04-01,1,1,Diatom-associated early-year state,SSS,32.60658,0.812943580718411
2011-04-01,1,1,Diatom-associated early-year state,SSH,0.1332981,0.9716367084918073
2011-04-01,1,1,Diatom-associated early-year state,PAR,42.43427,0.12333240260099845
2011-04-01,1,1,Diatom-associated early-year state,PDO,-1.02,-0.05137475536389707
2011-04-01,1,1,Diatom-associated early-year state,NINO_3.4,-0.74,0.3300543148602987
2011-04-01,1,1,Diatom-associated early-year state,WPI,-1.93,0.14221229424570062
2011-04-01,1,1,Diatom-associated early-year state,MHW_MeanInt,0.0030260116229809,0.03155487739915016
2011-04-01,1,1,Diatom-associated early-year state,MHW_MaxInt,0.0041927945504784,0.12047972644861657
2011-04-01,1,1,Diatom-associated early-year state,MHW_CumInt,0.0258863802476312,0.1434362016569825
2011-05-01,2,1,Diatom-associated early-year state,SST,15.11786,0.8862743217670837
2011-05-01,2,1,Diatom-associated early-year state,NO3,2.836673,-0.0267996684341944
2011-05-01,2,1,Diatom-associated early-year state,PO4,0.01109871,-0.10793414745034705
2011-05-01,2,1,Diatom-associated early-year state,SPCo2,35.35616,-0.05865288033947472
2011-05-01,2,1,Diatom-associated early-year state,MLD,10.75449,0.058014793302831956
2011-05-01,2,1,Diatom-associated early-year state,SSS,32.31359,0.30194558990739667
2011-05-01,2,1,Diatom-associated early-year state,SSH,0.2056485,0.378193433844808
2011-05-01,2,1,Diatom-associated early-year state,PAR,43.64163,0.046038718106944265
2011-05-01,2,1,Diatom-associated early-year state,PDO,-0.66,0.015612203173227007
2011-05-01,2,1,Diatom-associated early-year state,NINO_3.4,-0.53,-0.2173211021619741
2011-05-01,2,1,Diatom-associated early-year state,WPI,0.38,-0.03464948946482571
2011-05-01,2,1,Diatom-associated early-year state,MHW_MeanInt,0.0063089641107794,-0.02189524794234696
2011-05-01,2,1,Diatom-associated early-year state,MHW_MaxInt,0.0081058070449554,0.06908167131499904
2011-05-01,2,1,Diatom-associated early-year state,MHW_CumInt,0.0408850639049629,0.09025048863821131
2011-06-01,2,1,Diatom-associated early-year state,SST,19.42791,-0.7507970048140269
2011-06-01,2,1,Diatom-associated early-year state,NO3,4.287622,-0.22100721030059772
2011-06-01,2,1,Diatom-associated early-year state,PO4,0.01350287,0.047377977817837105
2011-06-01,2,1,Diatom-associated early-year state,SPCo2,40.51891,-0.22841421554243677
2011-06-01,2,1,Diatom-associated early-year state,MLD,10.29064,1.1423547398871143
2011-06-01,2,1,Diatom-associated early-year state,SSS,31.91584,-0.5332088859540269
2011-06-01,2,1,Diatom-associated early-year state,SSH,0.2093349,0.49873813472305284
2011-06-01,2,1,Diatom-associated early-year state,PAR,40.61892,-0.21235116971933685
2011-06-01,2,1,Diatom-associated early-year state,PDO,-1.08,-0.1404010684154168
2011-06-01,2,1,Diatom-associated early-year state,NINO_3.4,-0.25,0.003926168936069218
2011-06-01,2,1,Diatom-associated early-year state,WPI,0.81,0.06596885159396325
2011-06-01,2,1,Diatom-associated early-year state,MHW_MeanInt,0.1617210910893889,-0.05047227424174114
2011-06-01,2,1,Diatom-associated early-year state,MHW_MaxInt,0.1960627645187697,-0.025536961368243405
2011-06-01,2,1,Diatom-associated early-year state,MHW_CumInt,1.0317175651415944,-0.0570622520005231
2011-07-01,2,1,Diatom-associated early-year state,SST,23.82733,-0.6436532418565171
2011-07-01,2,1,Diatom-associated early-year state,NO3,5.717331,-0.13777009615689179
2011-07-01,2,1,Diatom-associated early-year state,PO4,0.01744472,0.0294116801620925
2011-07-01,2,1,Diatom-associated early-year state,SPCo2,43.18626,-0.1509963284995794
2011-07-01,2,1,Diatom-associated early-year state,MLD,10.28893,0.9593929764521367
2011-07-01,2,1,Diatom-associated early-year state,SSS,31.4318,-0.4207622167687406
2011-07-01,2,1,Diatom-associated early-year state,SSH,0.2464277,-0.09145224479341843
2011-07-01,2,1,Diatom-associated early-year state,PAR,44.55813,0.21086999123871847
2011-07-01,2,1,Diatom-associated early-year state,PDO,-2.3,-0.09348257217809079
2011-07-01,2,1,Diatom-associated early-year state,NINO_3.4,-0.23,-0.007925579519210468
2011-07-01,2,1,Diatom-associated early-year state,WPI,-0.27,-0.035248611591791365
2011-07-01,2,1,Diatom-associated early-year state,MHW_MeanInt,0.0168827755032423,-0.0005619546196762369
2011-07-01,2,1,Diatom-associated early-year state,MHW_MaxInt,0.0198811343423548,-0.019635003999446083
2011-07-01,2,1,Diatom-associated early-year state,MHW_CumInt,0.0976484633702458,-0.05703913460747202
2011-08-01,2,1,Diatom-associated early-year state,SST,24.87282,-0.7358991828981327
2011-08-01,2,1,Diatom-associated early-year state,NO3,5.299949,-0.26132692588187084
2011-08-01,2,1,Diatom-associated early-year state,PO4,0.01902178,0.02421531297792833
2011-08-01,2,1,Diatom-associated early-year state,SPCo2,42.43574,-0.1738221616840346
2011-08-01,2,1,Diatom-associated early-year state,MLD,11.05684,0.5282622508169783
2011-08-01,2,1,Diatom-associated early-year state,SSS,31.47265,-0.5389897687892579
2011-08-01,2,1,Diatom-associated early-year state,SSH,0.3100654,-0.3815692818071745
2011-08-01,2,1,Diatom-associated early-year state,PAR,40.71592,-0.312945155310932
2011-08-01,2,1,Diatom-associated early-year state,PDO,-2.37,-0.11694626771186255
2011-08-01,2,1,Diatom-associated early-year state,NINO_3.4,-0.66,0.227803421145906
2011-08-01,2,1,Diatom-associated early-year state,WPI,-0.51,-0.010152418402832038
2011-08-01,2,1,Diatom-associated early-year state,MHW_MeanInt,0.0266049588104725,-0.008854402616397554
2011-08-01,2,1,Diatom-associated early-year state,MHW_MaxInt,0.0303048198714922,-0.026341343449438066
2011-08-01,2,1,Diatom-associated early-year state,MHW_CumInt,0.1565934403386568,-0.06401854736459568
2011-09-01,3,1,Diatom-associated early-year state,SST,23.81514,-1.2194230441918088
2011-09-01,3,1,Diatom-associated early-year state,NO3,4.26396,-0.4082054829833191
2011-09-01,3,1,Diatom-associated early-year state,PO4,0.01498286,-0.21033288183377047
2011-09-01,3,1,Diatom-associated early-year state,SPCo2,38.63392,-0.34834778807619665
2011-09-01,3,1,Diatom-associated early-year state,MLD,15.3377,-0.8501702533225892
2011-09-01,3,1,Diatom-associated early-year state,SSS,31.70886,-0.7120814243704103
2011-09-01,3,1,Diatom-associated early-year state,SSH,0.3643636,-0.5509077556966363
2011-09-01,3,1,Diatom-associated early-year state,PAR,37.97459,-0.43445725970994375
2011-09-01,3,1,Diatom-associated early-year state,PDO,-2.5,-0.23115430004371038
2011-09-01,3,1,Diatom-associated early-year state,NINO_3.4,-0.76,0.19674720016083155
2011-09-01,3,1,Diatom-associated early-year state,WPI,0.51,-0.07439822946262019
2011-09-01,3,1,Diatom-associated early-year state,MHW_MeanInt,0.0,-0.03562211698003291
2011-09-01,3,1,Diatom-associated early-year state,MHW_MaxInt,0.0,-0.027377549752111884
2011-09-01,3,1,Diatom-associated early-year state,MHW_CumInt,0.0,-0.13743624959143957
2011-10-01,3,1,Diatom-associated early-year state,SST,21.14091,-1.314873837673039
2011-10-01,3,1,Diatom-associated early-year state,NO3,3.654976,-0.3284578776172433
2011-10-01,3,1,Diatom-associated early-year state,PO4,0.01353873,-0.22981820742096207
2011-10-01,3,1,Diatom-associated early-year state,SPCo2,33.66519,-0.17209771430896453
2011-10-01,3,1,Diatom-associated early-year state,MLD,21.80725,-0.794614926171215
2011-10-01,3,1,Diatom-associated early-year state,SSS,32.03296,-0.7465650876796386
2011-10-01,3,1,Diatom-associated early-year state,SSH,0.3226783,-0.45036545083157575
2011-10-01,3,1,Diatom-associated early-year state,PAR,29.13334,-0.4608985715625561
2011-10-01,3,1,Diatom-associated early-year state,PDO,-1.92,-0.3015419479566736
2011-10-01,3,1,Diatom-associated early-year state,NINO_3.4,-0.93,0.26265690449808954
2011-10-01,3,1,Diatom-associated early-year state,WPI,1.06,0.038341205285905657
2011-10-01,3,1,Diatom-associated early-year state,MHW_MeanInt,0.1163151360485518,-0.04238973165622641
2011-10-01,3,1,Diatom-associated early-year state,MHW_MaxInt,0.1423732989987322,-0.056116716197707486
2011-10-01,3,1,Diatom-associated early-year state,MHW_CumInt,0.8286382906806566,-0.16115023713229823
2011-11-01,3,1,Diatom-associated early-year state,SST,18.24443,-1.4756110123128372
2011-11-01,3,1,Diatom-associated early-year state,NO3,3.174246,-0.30933441545967144
2011-11-01,3,1,Diatom-associated early-year state,PO4,0.02317196,0.013244506227805746
2011-11-01,3,1,Diatom-associated early-year state,SPCo2,31.01872,-0.12070302144644318
2011-11-01,3,1,Diatom-associated early-year state,MLD,24.13856,-0.5536611728846558
2011-11-01,3,1,Diatom-associated early-year state,SSS,32.18117,-0.4816954590908708
2011-11-01,3,1,Diatom-associated early-year state,SSH,0.3102497,-0.3801050683010711
2011-11-01,3,1,Diatom-associated early-year state,PAR,18.80546,0.20703126376968628
2011-11-01,3,1,Diatom-associated early-year state,PDO,-2.95,-0.21456249148570614
2011-11-01,3,1,Diatom-associated early-year state,NINO_3.4,-1.09,0.5092785823166095
2011-11-01,3,1,Diatom-associated early-year state,WPI,0.39,-0.071235935672732
2011-11-01,3,1,Diatom-associated early-year state,MHW_MeanInt,0.0056655523756837,-0.09785992198987534
2011-11-01,3,1,Diatom-associated early-year state,MHW_MaxInt,0.0061317102866291,-0.08596808472918607
2011-11-01,3,1,Diatom-associated early-year state,MHW_CumInt,0.0283277618784187,-0.2611703214696781
2011-12-01,1,1,Diatom-associated early-year state,SST,14.34846,1.2445279348014584
2011-12-01,1,1,Diatom-associated early-year state,NO3,2.103608,0.48010082383078934
2011-12-01,1,1,Diatom-associated early-year state,PO4,0.04424512,0.22536174028882894
2011-12-01,1,1,Diatom-associated early-year state,SPCo2,27.46875,0.11962676956449246
2011-12-01,1,1,Diatom-associated early-year state,MLD,36.68302,0.006926098178486961
2011-12-01,1,1,Diatom-associated early-year state,SSS,32.3735,0.20053678416935036
2011-12-01,1,1,Diatom-associated early-year state,SSH,0.2745175,-0.021671008313022443
2011-12-01,1,1,Diatom-associated early-year state,PAR,15.54731,0.34653730091225615
2011-12-01,1,1,Diatom-associated early-year state,PDO,-2.4,-0.12986647534139334
2011-12-01,1,1,Diatom-associated early-year state,NINO_3.4,-1.05,1.0902976561170385
2011-12-01,1,1,Diatom-associated early-year state,WPI,-0.39,0.10674966587891571
2011-12-01,1,1,Diatom-associated early-year state,MHW_MeanInt,0.0176184065958364,-0.001213395431470723
2011-12-01,1,1,Diatom-associated early-year state,MHW_MaxInt,0.0216265358818749,-0.047301787596823734
2011-12-01,1,1,Diatom-associated early-year state,MHW_CumInt,0.1195592265960885,-0.14303447724553706
2012-01-01,1,1,Diatom-associated early-year state,SST,10.88351,1.21484606093403
2012-01-01,1,1,Diatom-associated early-year state,NO3,1.460958,0.33161196765455897
2012-01-01,1,1,Diatom-associated early-year state,PO4,0.06478158,0.17484163991404586
2012-01-01,1,1,Diatom-associated early-year state,SPCo2,25.26833,0.20353019236143335
2012-01-01,1,1,Diatom-associated early-year state,MLD,43.47984,0.15741548804483502
2012-01-01,1,1,Diatom-associated early-year state,SSS,32.56332,0.6937720483863256
2012-01-01,1,1,Diatom-associated early-year state,SSH,0.2654225,-0.014809263458970146
2012-01-01,1,1,Diatom-associated early-year state,PAR,16.48059,0.3110768559163913
2012-01-01,1,1,Diatom-associated early-year state,PDO,-1.85,-0.1384227157186574
2012-01-01,1,1,Diatom-associated early-year state,NINO_3.4,-0.93,0.9281069498753439
2012-01-01,1,1,Diatom-associated early-year state,WPI,-1.58,0.18114687099899413
2012-01-01,1,1,Diatom-associated early-year state,MHW_MeanInt,0.0588355922414269,-0.01799795418131562
2012-01-01,1,1,Diatom-associated early-year state,MHW_MaxInt,0.0724626255217395,-0.046976990381284736
2012-01-01,1,1,Diatom-associated early-year state,MHW_CumInt,0.4519926892491573,-0.11389548336394192
2012-02-01,3,1,Diatom-associated early-year state,SST,9.027214,0.9565544040898183
2012-02-01,3,1,Diatom-associated early-year state,NO3,1.177713,-0.41287396306504665
2012-02-01,3,1,Diatom-associated early-year state,PO4,0.06504237,-0.2738014263239312
2012-02-01,3,1,Diatom-associated early-year state,SPCo2,24.87035,-0.11471275397494578
2012-02-01,3,1,Diatom-associated early-year state,MLD,40.293,-0.15813590112473805
2012-02-01,3,1,Diatom-associated early-year state,SSS,32.6609,0.5250790155765147
2012-02-01,3,1,Diatom-associated early-year state,SSH,0.2270972,-0.27884774202987855
2012-02-01,3,1,Diatom-associated early-year state,PAR,22.2201,-0.33455024163878766
2012-02-01,3,1,Diatom-associated early-year state,PDO,-1.35,-0.3872614796165702
2012-02-01,3,1,Diatom-associated early-year state,NINO_3.4,-0.61,-0.17279424054739673
2012-02-01,3,1,Diatom-associated early-year state,WPI,1.01,-0.2848423403571173
2012-02-01,3,1,Diatom-associated early-year state,MHW_MeanInt,0.1083696669239158,-0.07629401391942253
2012-02-01,3,1,Diatom-associated early-year state,MHW_MaxInt,0.1399796739101803,-0.13731607178505895
2012-02-01,3,1,Diatom-associated early-year state,MHW_CumInt,0.8982441314169186,-0.27002646555323023
2012-03-01,3,1,Diatom-associated early-year state,SST,9.297169,0.9390086413121936
2012-03-01,3,1,Diatom-associated early-year state,NO3,1.145063,-0.7516051306857043
2012-03-01,3,1,Diatom-associated early-year state,PO4,0.04297915,-0.017704312972009466
2012-03-01,3,1,Diatom-associated early-year state,SPCo2,26.27322,-0.04793018807495175
2012-03-01,3,1,Diatom-associated early-year state,MLD,24.78451,-0.4123393890011658
2012-03-01,3,1,Diatom-associated early-year state,SSS,32.67755,0.5410741771498929
2012-03-01,3,1,Diatom-associated early-year state,SSH,0.2026753,0.15826383393984758
2012-03-01,3,1,Diatom-associated early-year state,PAR,31.5692,-0.2700628639346091
2012-03-01,3,1,Diatom-associated early-year state,PDO,-1.66,-0.40351226337406876
2012-03-01,3,1,Diatom-associated early-year state,NINO_3.4,-0.48,-0.6376035175304484
2012-03-01,3,1,Diatom-associated early-year state,WPI,0.82,-0.18704984868485403
2012-03-01,3,1,Diatom-associated early-year state,MHW_MeanInt,0.3246209408723235,-0.03716742916156424
2012-03-01,3,1,Diatom-associated early-year state,MHW_MaxInt,0.4390499576007809,0.014449014371078352
2012-03-01,3,1,Diatom-associated early-year state,MHW_CumInt,3.8529362546857593,-0.17211916971320618
2012-04-01,1,1,Diatom-associated early-year state,SST,11.76779,1.3167684265627326
2012-04-01,1,1,Diatom-associated early-year state,NO3,1.971534,0.40526510979629043
2012-04-01,1,1,Diatom-associated early-year state,PO4,0.0178418,0.1958295801999011
2012-04-01,1,1,Diatom-associated early-year state,SPCo2,30.72828,0.29833508541494635
2012-04-01,1,1,Diatom-associated early-year state,MLD,13.54246,-0.17759013647144523
2012-04-01,1,1,Diatom-associated early-year state,SSS,32.48924,0.6338610747995338
2012-04-01,1,1,Diatom-associated early-year state,SSH,0.1432402,0.806601454370615
2012-04-01,1,1,Diatom-associated early-year state,PAR,40.89522,0.02220477416015714
2012-04-01,1,1,Diatom-associated early-year state,PDO,-1.01,-0.06556599598007669
2012-04-01,1,1,Diatom-associated early-year state,NINO_3.4,-0.29,0.057860506230986306
2012-04-01,1,1,Diatom-associated early-year state,WPI,-0.29,-0.0029334874161956533
2012-04-01,1,1,Diatom-associated early-year state,MHW_MeanInt,0.6409088915391538,0.09677143472518687
2012-04-01,1,1,Diatom-associated early-year state,MHW_MaxInt,0.8430544102548653,-0.014384448883798558
2012-04-01,1,1,Diatom-associated early-year state,MHW_CumInt,10.655406032645969,-0.12308484361488983
2012-05-01,1,1,Diatom-associated early-year state,SST,16.14271,0.8387352030777459
2012-05-01,1,1,Diatom-associated early-year state,NO3,3.151459,0.07025854362853824
2012-05-01,1,1,Diatom-associated early-year state,PO4,0.01109423,0.3824843528841597
2012-05-01,1,1,Diatom-associated early-year state,SPCo2,37.56075,-0.021452193756831463
2012-05-01,1,1,Diatom-associated early-year state,MLD,11.19129,0.26286187867686744
2012-05-01,1,1,Diatom-associated early-year state,SSS,32.31433,0.5960631034825937
2012-05-01,1,1,Diatom-associated early-year state,SSH,0.2297182,0.07192536600519318
2012-05-01,1,1,Diatom-associated early-year state,PAR,47.59941,0.4903459701407722
2012-05-01,1,1,Diatom-associated early-year state,PDO,-2.12,-0.12653857156304313
2012-05-01,1,1,Diatom-associated early-year state,NINO_3.4,-0.18,0.20691405229673468
2012-05-01,1,1,Diatom-associated early-year state,WPI,-1.66,0.18102629612867754
2012-05-01,1,1,Diatom-associated early-year state,MHW_MeanInt,0.3458750167729783,0.04128229688044097
2012-05-01,1,1,Diatom-associated early-year state,MHW_MaxInt,0.4222519765500476,0.07907696858983866
2012-05-01,1,1,Diatom-associated early-year state,MHW_CumInt,2.8240870021859763,0.18135425126530078
2012-06-01,2,1,Diatom-associated early-year state,SST,20.95829,-0.6246407968289248
2012-06-01,2,1,Diatom-associated early-year state,NO3,4.321533,-0.17252639792236937
2012-06-01,2,1,Diatom-associated early-year state,PO4,0.01701666,-0.015257687742748145
2012-06-01,2,1,Diatom-associated early-year state,SPCo2,41.66386,-0.22898499215087362
2012-06-01,2,1,Diatom-associated early-year state,MLD,10.74303,0.599206344895676
2012-06-01,2,1,Diatom-associated early-year state,SSS,31.95987,-0.46775009687028807
2012-06-01,2,1,Diatom-associated early-year state,SSH,0.2728722,-0.24064760811614883
2012-06-01,2,1,Diatom-associated early-year state,PAR,44.52618,0.12509456579718492
2012-06-01,2,1,Diatom-associated early-year state,PDO,-1.63,-0.18451136382961558
2012-06-01,2,1,Diatom-associated early-year state,NINO_3.4,0.14,0.007016601191808721
2012-06-01,2,1,Diatom-associated early-year state,WPI,-1.39,-0.032876493605749305
2012-06-01,2,1,Diatom-associated early-year state,MHW_MeanInt,0.7153671725005032,0.050963026387285844
2012-06-01,2,1,Diatom-associated early-year state,MHW_MaxInt,0.9009572039702324,0.046600368479557584
2012-06-01,2,1,Diatom-associated early-year state,MHW_CumInt,8.66995470679293,0.22232328872491755
2012-07-01,2,1,Diatom-associated early-year state,SST,24.8509,-0.6591355847210424
2012-07-01,2,1,Diatom-associated early-year state,NO3,5.705082,-0.1596397506066068
2012-07-01,2,1,Diatom-associated early-year state,PO4,0.01974539,0.015113880891442746
2012-07-01,2,1,Diatom-associated early-year state,SPCo2,43.35188,-0.14629732057476066
2012-07-01,2,1,Diatom-associated early-year state,MLD,10.3183,0.9442528915336493
2012-07-01,2,1,Diatom-associated early-year state,SSS,31.49327,-0.43045960649879383
2012-07-01,2,1,Diatom-associated early-year state,SSH,0.2989205,-0.3425039659999701
2012-07-01,2,1,Diatom-associated early-year state,PAR,45.82146,0.19530288381627986
2012-07-01,2,1,Diatom-associated early-year state,PDO,-2.4,-0.06807172952333064
2012-07-01,2,1,Diatom-associated early-year state,NINO_3.4,0.44,-0.031193209022678355
2012-07-01,2,1,Diatom-associated early-year state,WPI,0.58,0.03386479119931135
2012-07-01,2,1,Diatom-associated early-year state,MHW_MeanInt,0.2175468117170019,-0.03230140475686164
2012-07-01,2,1,Diatom-associated early-year state,MHW_MaxInt,0.2782671757003327,-0.0023099602069513126
2012-07-01,2,1,Diatom-associated early-year state,MHW_CumInt,1.7429175128219774,-0.10755691362746692
2012-08-01,2,1,Diatom-associated early-year state,SST,25.9811,-0.9033272303434982
2012-08-01,2,1,Diatom-associated early-year state,NO3,4.986777,-0.20092547566983127
2012-08-01,2,1,Diatom-associated early-year state,PO4,0.01610047,-0.014788079950374403
2012-08-01,2,1,Diatom-associated early-year state,SPCo2,42.36792,-0.10665379007502616
2012-08-01,2,1,Diatom-associated early-year state,MLD,11.27336,-0.3710658924449856
2012-08-01,2,1,Diatom-associated early-year state,SSS,31.42534,-0.5306439923394087
2012-08-01,2,1,Diatom-associated early-year state,SSH,0.3647806,-0.3562307584381536
2012-08-01,2,1,Diatom-associated early-year state,PAR,44.08653,0.26058305811816473
2012-08-01,2,1,Diatom-associated early-year state,PDO,-2.6,0.11409790370764314
2012-08-01,2,1,Diatom-associated early-year state,NINO_3.4,0.66,-0.03577855658163876
2012-08-01,2,1,Diatom-associated early-year state,WPI,-0.07,0.009809975421788408
2012-08-01,2,1,Diatom-associated early-year state,MHW_MeanInt,0.0627515834393966,-0.026718398591615903
2012-08-01,2,1,Diatom-associated early-year state,MHW_MaxInt,0.0821314960104519,-0.03371403127450828
2012-08-01,2,1,Diatom-associated early-year state,MHW_CumInt,0.4449421908687969,-0.09918231516371054
2012-09-01,3,1,Diatom-associated early-year state,SST,24.05809,-1.1823551367868432
2012-09-01,3,1,Diatom-associated early-year state,NO3,4.376772,-0.4034045130967254
2012-09-01,3,1,Diatom-associated early-year state,PO4,0.0157522,-0.09677979569234484
2012-09-01,3,1,Diatom-associated early-year state,SPCo2,38.05367,-0.27111592408220875
2012-09-01,3,1,Diatom-associated early-year state,MLD,15.05735,-0.9060238016157709
2012-09-01,3,1,Diatom-associated early-year state,SSS,31.60948,-0.7421296946928185
2012-09-01,3,1,Diatom-associated early-year state,SSH,0.3543789,-0.5276369188872632
2012-09-01,3,1,Diatom-associated early-year state,PAR,37.58197,-0.33653763683829563
2012-09-01,3,1,Diatom-associated early-year state,PDO,-2.99,-0.10948491221145067
2012-09-01,3,1,Diatom-associated early-year state,NINO_3.4,0.44,-0.09993481579939642
2012-09-01,3,1,Diatom-associated early-year state,WPI,0.69,-0.05540777640493456
2012-09-01,3,1,Diatom-associated early-year state,MHW_MeanInt,0.0,-0.03834241128268111
2012-09-01,3,1,Diatom-associated early-year state,MHW_MaxInt,0.0,-0.045445042335192656
2012-09-01,3,1,Diatom-associated early-year state,MHW_CumInt,0.0,-0.15866856380339178
2012-10-01,3,1,Diatom-associated early-year state,SST,21.42516,-1.2955590564618806
2012-10-01,3,1,Diatom-associated early-year state,NO3,3.771073,-0.3921534744497075
2012-10-01,3,1,Diatom-associated early-year state,PO4,0.01433741,-0.07371353960616263
2012-10-01,3,1,Diatom-associated early-year state,SPCo2,33.54488,-0.1967110707098105
2012-10-01,3,1,Diatom-associated early-year state,MLD,22.92317,-0.8373214013069574
2012-10-01,3,1,Diatom-associated early-year state,SSS,31.88247,-0.7793893281779498
2012-10-01,3,1,Diatom-associated early-year state,SSH,0.3794134,-0.5617940760084461
2012-10-01,3,1,Diatom-associated early-year state,PAR,31.97255,-0.5034043055124298
2012-10-01,3,1,Diatom-associated early-year state,PDO,-1.22,-0.22594797496414457
2012-10-01,3,1,Diatom-associated early-year state,NINO_3.4,0.23,-0.20091538732139733
2012-10-01,3,1,Diatom-associated early-year state,WPI,-2.53,0.07295406747924019
2012-10-01,3,1,Diatom-associated early-year state,MHW_MeanInt,0.0017140661938744,-0.022525755753124908
2012-10-01,3,1,Diatom-associated early-year state,MHW_MaxInt,0.0026075041100159,0.0025891715045046177
2012-10-01,3,1,Diatom-associated early-year state,MHW_CumInt,0.0360754392952601,-0.16342441692764303
2012-11-01,3,1,Diatom-associated early-year state,SST,16.90897,-1.2890299350452066
2012-11-01,3,1,Diatom-associated early-year state,NO3,3.200921,-0.3601201452986238
2012-11-01,3,1,Diatom-associated early-year state,PO4,0.02155026,-0.05515969334441477
2012-11-01,3,1,Diatom-associated early-year state,SPCo2,29.50118,-0.04493155087411627
2012-11-01,3,1,Diatom-associated early-year state,MLD,30.03124,-0.5755305902588495
2012-11-01,3,1,Diatom-associated early-year state,SSS,32.15796,-0.6325223433739376
2012-11-01,3,1,Diatom-associated early-year state,SSH,0.3118863,-0.41718329773934115
2012-11-01,3,1,Diatom-associated early-year state,PAR,19.48916,-0.20360429529543322
2012-11-01,3,1,Diatom-associated early-year state,PDO,-0.66,-0.09335379345878833
2012-11-01,3,1,Diatom-associated early-year state,NINO_3.4,0.33,-0.4494922536636554
2012-11-01,3,1,Diatom-associated early-year state,WPI,-2.02,0.06298487319950434
2012-11-01,3,1,Diatom-associated early-year state,MHW_MeanInt,0.0129418944962168,-0.066204539182085
2012-11-01,3,1,Diatom-associated early-year state,MHW_MaxInt,0.0174491084634149,-0.10695920259891144
2012-11-01,3,1,Diatom-associated early-year state,MHW_CumInt,0.178253378121265,-0.2527151482599979
2012-12-01,3,1,Diatom-associated early-year state,SST,12.9698,1.18984727340689
2012-12-01,3,1,Diatom-associated early-year state,NO3,2.468201,-0.0042892244226146225
2012-12-01,3,1,Diatom-associated early-year state,PO4,0.04391852,-0.09659921010928081
2012-12-01,3,1,Diatom-associated early-year state,SPCo2,26.40781,-0.10892126626633107
2012-12-01,3,1,Diatom-associated early-year state,MLD,35.75925,-0.38508875898135125
2012-12-01,3,1,Diatom-associated early-year state,SSS,32.37355,-0.022357018772220613
2012-12-01,3,1,Diatom-associated early-year state,SSH,0.2379788,-0.2347626653873765
2012-12-01,3,1,Diatom-associated early-year state,PAR,14.44504,-0.41558034942842964
2012-12-01,3,1,Diatom-associated early-year state,PDO,-1.31,-0.29853583103021836
2012-12-01,3,1,Diatom-associated early-year state,NINO_3.4,-0.13,-0.5915685814165648
2012-12-01,3,1,Diatom-associated early-year state,WPI,-0.58,-0.0012155712598116426
2012-12-01,3,1,Diatom-associated early-year state,MHW_MeanInt,0.0322393917742403,-0.11203823568892883
2012-12-01,3,1,Diatom-associated early-year state,MHW_MaxInt,0.0427967597973631,-0.1470515042233902
2012-12-01,3,1,Diatom-associated early-year state,MHW_CumInt,0.2752810920795177,-0.32004991421158924
2013-01-01,1,1,Diatom-associated early-year state,SST,10.0581,1.1697910060999432
2013-01-01,1,1,Diatom-associated early-year state,NO3,1.85929,0.3876118168309981
2013-01-01,1,1,Diatom-associated early-year state,PO4,0.05759186,0.14002483057169748
2013-01-01,1,1,Diatom-associated early-year state,SPCo2,24.74442,1.3947446125408873
2013-01-01,1,1,Diatom-associated early-year state,MLD,38.61397,0.040759155580489516
2013-01-01,1,1,Diatom-associated early-year state,SSS,32.54625,0.6728873123427713
2013-01-01,1,1,Diatom-associated early-year state,SSH,0.2463276,-0.08385451388681513
2013-01-01,1,1,Diatom-associated early-year state,PAR,17.56065,0.1757539537868295
2013-01-01,1,1,Diatom-associated early-year state,PDO,-1.1,-0.10471060374687512
2013-01-01,1,1,Diatom-associated early-year state,NINO_3.4,-0.42,-0.3210426855068924
2013-01-01,1,1,Diatom-associated early-year state,WPI,0.07,0.12604581497820103
2013-01-01,1,1,Diatom-associated early-year state,MHW_MeanInt,0.0026825745760852,-0.007720147813792498
2013-01-01,1,1,Diatom-associated early-year state,MHW_MaxInt,0.0032023613176269,0.05886650585054303
2013-01-01,1,1,Diatom-associated early-year state,MHW_CumInt,0.0170349361643676,-0.1244635655608086
2013-02-01,3,1,Diatom-associated early-year state,SST,9.240296,0.9787866424641717
2013-02-01,3,1,Diatom-associated early-year state,NO3,1.652196,0.10802271100703642
2013-02-01,3,1,Diatom-associated early-year state,PO4,0.0537794,-0.06529040552069866
2013-02-01,3,1,Diatom-associated early-year state,SPCo2,24.92982,-0.18269380738297514
2013-02-01,3,1,Diatom-associated early-year state,MLD,35.99725,-0.31790268270218575
2013-02-01,3,1,Diatom-associated early-year state,SSS,32.51694,0.3569125130329932
2013-02-01,3,1,Diatom-associated early-year state,SSH,0.2190596,-0.2130733613013036
2013-02-01,3,1,Diatom-associated early-year state,PAR,21.53218,-0.4266562412433643
2013-02-01,3,1,Diatom-associated early-year state,PDO,-1.42,-0.4207080144368877
2013-02-01,3,1,Diatom-associated early-year state,NINO_3.4,-0.4,-0.7114796443218901
2013-02-01,3,1,Diatom-associated early-year state,WPI,1.49,-0.30691215900002594
2013-02-01,3,1,Diatom-associated early-year state,MHW_MeanInt,0.0117579157751357,-0.15044404118437527
2013-02-01,3,1,Diatom-associated early-year state,MHW_MaxInt,0.0143890822006011,-0.06191332804681828
2013-02-01,3,1,Diatom-associated early-year state,MHW_CumInt,0.1278281047038635,-0.34697044081145095
2013-03-01,3,1,Diatom-associated early-year state,SST,9.718316,1.0284043112172143
2013-03-01,3,1,Diatom-associated early-year state,NO3,1.591981,-0.34171152072673266
2013-03-01,3,1,Diatom-associated early-year state,PO4,0.03114325,-0.058014340900367195
2013-03-01,3,1,Diatom-associated early-year state,SPCo2,26.52185,-0.26088008955153175
2013-03-01,3,1,Diatom-associated early-year state,MLD,23.62805,-0.37386579886000715
2013-03-01,3,1,Diatom-associated early-year state,SSS,32.6809,0.6311894915928626
2013-03-01,3,1,Diatom-associated early-year state,SSH,0.1536501,0.4973545278486623
2013-03-01,3,1,Diatom-associated early-year state,PAR,35.09188,-0.1905638018457414
2013-03-01,3,1,Diatom-associated early-year state,PDO,-1.48,-0.5034671949647255
2013-03-01,3,1,Diatom-associated early-year state,NINO_3.4,-0.14,-0.4041219109946155
2013-03-01,3,1,Diatom-associated early-year state,WPI,0.59,-0.2775288601753649
2013-03-01,3,1,Diatom-associated early-year state,MHW_MeanInt,0.0147824654083506,-0.2087463502050654
2013-03-01,3,1,Diatom-associated early-year state,MHW_MaxInt,0.018450564415395,-0.17305458594979492
2013-03-01,3,1,Diatom-associated early-year state,MHW_CumInt,0.2017940432436514,-0.2010490525449909
2013-04-01,1,1,Diatom-associated early-year state,SST,11.21947,1.4680113987402164
2013-04-01,1,1,Diatom-associated early-year state,NO3,1.999425,0.4731293493484008
2013-04-01,1,1,Diatom-associated early-year state,PO4,0.01778871,0.10402216919999252
2013-04-01,1,1,Diatom-associated early-year state,SPCo2,29.50529,0.29874139350574935
2013-04-01,1,1,Diatom-associated early-year state,MLD,15.6091,-0.17912092444732244
2013-04-01,1,1,Diatom-associated early-year state,SSS,32.54106,0.8367386365623188
2013-04-01,1,1,Diatom-associated early-year state,SSH,0.2004749,0.67863026097061
2013-04-01,1,1,Diatom-associated early-year state,PAR,42.8396,0.33463894673492917
2013-04-01,1,1,Diatom-associated early-year state,PDO,-0.72,0.10711208617405982
2013-04-01,1,1,Diatom-associated early-year state,NINO_3.4,-0.08,-0.02815868390248656
2013-04-01,1,1,Diatom-associated early-year state,WPI,-1.86,0.16937175627871043
2013-04-01,1,1,Diatom-associated early-year state,MHW_MeanInt,0.1143419082115285,-0.003109437362342862
2013-04-01,1,1,Diatom-associated early-year state,MHW_MaxInt,0.1345192016734933,-0.0054393735176866565
2013-04-01,1,1,Diatom-associated early-year state,MHW_CumInt,0.7401577160222823,0.08510902977305257
2013-05-01,1,1,Diatom-associated early-year state,SST,15.94189,1.7099263265120723
2013-05-01,1,1,Diatom-associated early-year state,NO3,3.372037,0.028155460506088133
2013-05-01,1,1,Diatom-associated early-year state,PO4,0.01200175,0.22279295564299612
2013-05-01,1,1,Diatom-associated early-year state,SPCo2,35.85254,0.06592027562706625
2013-05-01,1,1,Diatom-associated early-year state,MLD,10.81819,0.38370566278788565
2013-05-01,1,1,Diatom-associated early-year state,SSS,32.27205,0.5468789872074806
2013-05-01,1,1,Diatom-associated early-year state,SSH,0.2787566,-0.28181777529301266
2013-05-01,1,1,Diatom-associated early-year state,PAR,45.23904,0.4624737536343154
2013-05-01,1,1,Diatom-associated early-year state,PDO,-0.4,0.2867644973859665
2013-05-01,1,1,Diatom-associated early-year state,NINO_3.4,-0.28,0.20594283557401907
2013-05-01,1,1,Diatom-associated early-year state,WPI,-1.13,0.09402308942113029
2013-05-01,1,1,Diatom-associated early-year state,MHW_MeanInt,0.202485598450066,0.011907820169015095
2013-05-01,1,1,Diatom-associated early-year state,MHW_MaxInt,0.2553866846278816,0.05758389127641952
2013-05-01,1,1,Diatom-associated early-year state,MHW_CumInt,1.9763250987361305,0.10397136044919802
2013-06-01,2,1,Diatom-associated early-year state,SST,20.33818,-0.6258933748653961
2013-06-01,2,1,Diatom-associated early-year state,NO3,4.428969,-0.1887247251411051
2013-06-01,2,1,Diatom-associated early-year state,PO4,0.0181937,0.02411944416696509
2013-06-01,2,1,Diatom-associated early-year state,SPCo2,41.53366,-0.20805833885636832
2013-06-01,2,1,Diatom-associated early-year state,MLD,10.33597,0.8983543068202549
2013-06-01,2,1,Diatom-associated early-year state,SSS,31.88635,-0.4757499473739599
2013-06-01,2,1,Diatom-associated early-year state,SSH,0.2440405,-0.028286865659994786
2013-06-01,2,1,Diatom-associated early-year state,PAR,43.22112,-0.13222048807237655
2013-06-01,2,1,Diatom-associated early-year state,PDO,-1.19,-0.14788731544941897
2013-06-01,2,1,Diatom-associated early-year state,NINO_3.4,-0.33,-0.06038321551971855
2013-06-01,2,1,Diatom-associated early-year state,WPI,-0.47,-0.0411013630646622
2013-06-01,2,1,Diatom-associated early-year state,MHW_MeanInt,0.6436380006577703,0.048283668929628674
2013-06-01,2,1,Diatom-associated early-year state,MHW_MaxInt,0.8377370909705248,0.0414730179762848
2013-06-01,2,1,Diatom-associated early-year state,MHW_CumInt,13.348391495137458,0.1451561928747314
2013-07-01,2,1,Diatom-associated early-year state,SST,24.83241,-0.5830304523476865
2013-07-01,2,1,Diatom-associated early-year state,NO3,5.683077,-0.13324282417011024
2013-07-01,2,1,Diatom-associated early-year state,PO4,0.0149803,-0.024725601454633817
2013-07-01,2,1,Diatom-associated early-year state,SPCo2,43.8593,-0.1350856693426416
2013-07-01,2,1,Diatom-associated early-year state,MLD,10.61327,0.7422981027392503
2013-07-01,2,1,Diatom-associated early-year state,SSS,31.53158,-0.38586024099099536
2013-07-01,2,1,Diatom-associated early-year state,SSH,0.2719962,-0.227297778733537
2013-07-01,2,1,Diatom-associated early-year state,PAR,47.80894,0.1637705778157692
2013-07-01,2,1,Diatom-associated early-year state,PDO,-1.34,-0.15936828289716098
2013-07-01,2,1,Diatom-associated early-year state,NINO_3.4,-0.28,0.008758801025279147
2013-07-01,2,1,Diatom-associated early-year state,WPI,-0.88,-0.024481614755453518
2013-07-01,2,1,Diatom-associated early-year state,MHW_MeanInt,0.9847968639385748,0.031938725770591314
2013-07-01,2,1,Diatom-associated early-year state,MHW_MaxInt,1.2374811556392449,0.01584227308709152
2013-07-01,2,1,Diatom-associated early-year state,MHW_CumInt,14.165808207182344,0.14815134013648168
2013-08-01,2,1,Diatom-associated early-year state,SST,27.49409,-0.743839350904162
2013-08-01,2,1,Diatom-associated early-year state,NO3,5.691285,-0.17808880212705958
2013-08-01,2,1,Diatom-associated early-year state,PO4,0.01616579,0.009012147135756786
2013-08-01,2,1,Diatom-associated early-year state,SPCo2,44.36195,-0.15452378738986858
2013-08-01,2,1,Diatom-associated early-year state,MLD,10.78457,0.6009098026415405
2013-08-01,2,1,Diatom-associated early-year state,SSS,31.29611,-0.4780117311019949
2013-08-01,2,1,Diatom-associated early-year state,SSH,0.3250987,-0.3831988912090824
2013-08-01,2,1,Diatom-associated early-year state,PAR,48.66373,0.2695121943709184
2013-08-01,2,1,Diatom-associated early-year state,PDO,-1.56,-0.13336523363077438
2013-08-01,2,1,Diatom-associated early-year state,NINO_3.4,-0.29,0.014674384406810275
2013-08-01,2,1,Diatom-associated early-year state,WPI,-0.17,-0.032890153439324825
2013-08-01,2,1,Diatom-associated early-year state,MHW_MeanInt,0.0704359765413394,-0.030672465105021897
2013-08-01,2,1,Diatom-associated early-year state,MHW_MaxInt,0.0821101653767128,-0.02976674670686216
2013-08-01,2,1,Diatom-associated early-year state,MHW_CumInt,0.4711684224830428,-0.10316450942211194
2013-09-01,3,1,Diatom-associated early-year state,SST,25.13302,-1.254865641774589
2013-09-01,3,1,Diatom-associated early-year state,NO3,4.242201,-0.4068908873435421
2013-09-01,3,1,Diatom-associated early-year state,PO4,0.01609499,-0.07502676839683704
2013-09-01,3,1,Diatom-associated early-year state,SPCo2,38.75266,-0.2823953514277617
2013-09-01,3,1,Diatom-associated early-year state,MLD,14.85085,-0.9287805853223097
2013-09-01,3,1,Diatom-associated early-year state,SSS,31.44139,-0.7906855472274397
2013-09-01,3,1,Diatom-associated early-year state,SSH,0.3413573,-0.5541196869691914
2013-09-01,3,1,Diatom-associated early-year state,PAR,38.70431,-0.35681416564183804
2013-09-01,3,1,Diatom-associated early-year state,PDO,-1.0,-0.223957903070099
2013-09-01,3,1,Diatom-associated early-year state,NINO_3.4,-0.09,-0.15629784542198374
2013-09-01,3,1,Diatom-associated early-year state,WPI,1.93,0.03440668894373252
2013-09-01,3,1,Diatom-associated early-year state,MHW_MeanInt,0.0076883651628608,-0.04520836489924306
2013-09-01,3,1,Diatom-associated early-year state,MHW_MaxInt,0.0085492250045681,0.005599772168316116
2013-09-01,3,1,Diatom-associated early-year state,MHW_CumInt,0.0421040691671182,-0.14772461786426802
2013-10-01,3,1,Diatom-associated early-year state,SST,22.07721,-1.2909763765729063
2013-10-01,3,1,Diatom-associated early-year state,NO3,3.504446,-0.3625790802270143
2013-10-01,3,1,Diatom-associated early-year state,PO4,0.01783757,-0.06547062627353534
2013-10-01,3,1,Diatom-associated early-year state,SPCo2,34.33633,-0.21034667922995337
2013-10-01,3,1,Diatom-associated early-year state,MLD,23.37055,-0.8274595208302316
2013-10-01,3,1,Diatom-associated early-year state,SSS,31.97758,-0.7584321361857426
2013-10-01,3,1,Diatom-associated early-year state,SSH,0.3745617,-0.5364832983452283
2013-10-01,3,1,Diatom-associated early-year state,PAR,30.95163,-0.49348415161322584
2013-10-01,3,1,Diatom-associated early-year state,PDO,-1.65,-0.25628247403660676
2013-10-01,3,1,Diatom-associated early-year state,NINO_3.4,-0.24,-0.17889939107620245
2013-10-01,3,1,Diatom-associated early-year state,WPI,-0.09,-0.04623057609103247
2013-10-01,3,1,Diatom-associated early-year state,MHW_MeanInt,0.0,-0.048677954535204196
2013-10-01,3,1,Diatom-associated early-year state,MHW_MaxInt,0.0,-0.013093648296724502
2013-10-01,3,1,Diatom-associated early-year state,MHW_CumInt,0.0,-0.1769593605602025
2013-11-01,3,1,Diatom-associated early-year state,SST,17.8986,-1.4406660262813002
2013-11-01,3,1,Diatom-associated early-year state,NO3,3.135605,-0.24894183533110034
2013-11-01,3,1,Diatom-associated early-year state,PO4,0.02977752,-0.029550164708787918
2013-11-01,3,1,Diatom-associated early-year state,SPCo2,30.18839,-0.020507765720967075
2013-11-01,3,1,Diatom-associated early-year state,MLD,30.7696,-0.5698983689794485
2013-11-01,3,1,Diatom-associated early-year state,SSS,32.17886,-0.5860991014542005
2013-11-01,3,1,Diatom-associated early-year state,SSH,0.2315284,-0.09415354962699926
2013-11-01,3,1,Diatom-associated early-year state,PAR,21.19913,-0.3551233251562671
2013-11-01,3,1,Diatom-associated early-year state,PDO,-1.09,-0.23541889180044612
2013-11-01,3,1,Diatom-associated early-year state,NINO_3.4,-0.02,-0.37545923498442246
2013-11-01,3,1,Diatom-associated early-year state,WPI,-0.04,-0.02883288198436641
2013-11-01,3,1,Diatom-associated early-year state,MHW_MeanInt,0.0,-0.09272278980277587
2013-11-01,3,1,Diatom-associated early-year state,MHW_MaxInt,0.0,-0.022722927727096064
2013-11-01,3,1,Diatom-associated early-year state,MHW_CumInt,0.0,-0.23467458559423407
2013-12-01,3,1,Diatom-associated early-year state,SST,13.98345,1.0844931549824581
2013-12-01,3,1,Diatom-associated early-year state,NO3,2.505222,0.013103975298902532
2013-12-01,3,1,Diatom-associated early-year state,PO4,0.04622364,-0.09805013147064234
2013-12-01,3,1,Diatom-associated early-year state,SPCo2,26.77407,-0.20772556091024608
2013-12-01,3,1,Diatom-associated early-year state,MLD,36.92234,-0.39485920287588694
2013-12-01,3,1,Diatom-associated early-year state,SSS,32.39284,-0.03394343195377971
2013-12-01,3,1,Diatom-associated early-year state,SSH,0.2197811,-0.08895096609463574
2013-12-01,3,1,Diatom-associated early-year state,PAR,17.84313,-0.3728020720887408
2013-12-01,3,1,Diatom-associated early-year state,PDO,-1.04,-0.2429052035913699
2013-12-01,3,1,Diatom-associated early-year state,NINO_3.4,-0.09,-0.5947727654030824
2013-12-01,3,1,Diatom-associated early-year state,WPI,-2.01,0.03976407790681502
2013-12-01,3,1,Diatom-associated early-year state,MHW_MeanInt,0.072246801745303,-0.11684975176293894
2013-12-01,3,1,Diatom-associated early-year state,MHW_MaxInt,0.0919550058752775,-0.14141128329078964
2013-12-01,3,1,Diatom-associated early-year state,MHW_CumInt,0.4342501002015349,-0.31075247888362945
2014-01-01,3,1,Diatom-associated early-year state,SST,11.27123,1.0027636575445686
2014-01-01,3,1,Diatom-associated early-year state,NO3,1.889344,0.21336639308018387
2014-01-01,3,1,Diatom-associated early-year state,PO4,0.05868909,-0.13112143776265053
2014-01-01,3,1,Diatom-associated early-year state,SPCo2,25.19709,-0.2488014965534519
2014-01-01,3,1,Diatom-associated early-year state,MLD,40.72722,-0.2586923610670955
2014-01-01,3,1,Diatom-associated early-year state,SSS,32.58432,0.4808710647066149
2014-01-01,3,1,Diatom-associated early-year state,SSH,0.2047565,-0.05660973443786825
2014-01-01,3,1,Diatom-associated early-year state,PAR,20.64507,-0.45149153032288525
2014-01-01,3,1,Diatom-associated early-year state,PDO,-0.57,-0.0032044779820781114
2014-01-01,3,1,Diatom-associated early-year state,NINO_3.4,-0.42,-0.651308256622987
2014-01-01,3,1,Diatom-associated early-year state,WPI,0.54,-0.21666002419075242
2014-01-01,3,1,Diatom-associated early-year state,MHW_MeanInt,0.0138901885538036,-0.19389976751793692
2014-01-01,3,1,Diatom-associated early-year state,MHW_MaxInt,0.0163395731926932,-0.19711056107714703
2014-01-01,3,1,Diatom-associated early-year state,MHW_CumInt,0.0841979795656474,-0.3003971112751494
2014-02-01,3,1,Diatom-associated early-year state,SST,10.13121,1.0449704532787518
2014-02-01,3,1,Diatom-associated early-year state,NO3,1.489239,-0.26288005580292056
2014-02-01,3,1,Diatom-associated early-year state,PO4,0.05794939,-0.06449801835826405
2014-02-01,3,1,Diatom-associated early-year state,SPCo2,25.3521,-0.057972262207578784
2014-02-01,3,1,Diatom-associated early-year state,MLD,35.96181,-0.3094766992345645
2014-02-01,3,1,Diatom-associated early-year state,SSS,32.65193,0.6611312167042714
2014-02-01,3,1,Diatom-associated early-year state,SSH,0.2864045,-0.45365314165265774
2014-02-01,3,1,Diatom-associated early-year state,PAR,21.40236,-0.464836856226412
2014-02-01,3,1,Diatom-associated early-year state,PDO,-0.42,0.0891716314849764
2014-02-01,3,1,Diatom-associated early-year state,NINO_3.4,-0.45,-0.6735841400635144
2014-02-01,3,1,Diatom-associated early-year state,WPI,-1.37,-0.09245826608299208
2014-02-01,3,1,Diatom-associated early-year state,MHW_MeanInt,0.1828358502184803,-0.07550800837513928
2014-02-01,3,1,Diatom-associated early-year state,MHW_MaxInt,0.2498212159153643,-0.10375865975517382
2014-02-01,3,1,Diatom-associated early-year state,MHW_CumInt,3.314095086472725,-0.28854556412976495
2014-03-01,3,1,Diatom-associated early-year state,SST,10.25016,1.1002398744288509
2014-03-01,3,1,Diatom-associated early-year state,NO3,1.505233,-0.49496192704244574
2014-03-01,3,1,Diatom-associated early-year state,PO4,0.03619288,-0.007622565540492423
2014-03-01,3,1,Diatom-associated early-year state,SPCo2,26.96835,-0.16571079991720256
2014-03-01,3,1,Diatom-associated early-year state,MLD,24.13649,-0.48451802541630146
2014-03-01,3,1,Diatom-associated early-year state,SSS,32.69115,0.6575996253689468
2014-03-01,3,1,Diatom-associated early-year state,SSH,0.258782,-0.3685104038734254
2014-03-01,3,1,Diatom-associated early-year state,PAR,34.24438,-0.2725629363948785
2014-03-01,3,1,Diatom-associated early-year state,PDO,0.3,0.17816795384628786
2014-03-01,3,1,Diatom-associated early-year state,NINO_3.4,-0.07,-0.2973117441301181
2014-03-01,3,1,Diatom-associated early-year state,WPI,-0.43,-0.17315700767746078
2014-03-01,3,1,Diatom-associated early-year state,MHW_MeanInt,0.5530395696152379,-0.02609646652181496
2014-03-01,3,1,Diatom-associated early-year state,MHW_MaxInt,0.6797794443120697,-0.0781871296918812
2014-03-01,3,1,Diatom-associated early-year state,MHW_CumInt,5.462266864953252,-0.22999803351603137
2014-04-01,1,1,Diatom-associated early-year state,SST,13.00473,1.7220628177849102
2014-04-01,1,1,Diatom-associated early-year state,NO3,2.275622,0.31707524213152516
2014-04-01,1,1,Diatom-associated early-year state,PO4,0.01495199,0.12668025363480914
2014-04-01,1,1,Diatom-associated early-year state,SPCo2,31.70635,-0.02160638185132175
2014-04-01,1,1,Diatom-associated early-year state,MLD,12.09413,-0.14813145227908361
2014-04-01,1,1,Diatom-associated early-year state,SSS,32.48189,0.8015836906518471
2014-04-01,1,1,Diatom-associated early-year state,SSH,0.2396917,-0.10113597098300059
2014-04-01,1,1,Diatom-associated early-year state,PAR,39.32692,0.2430969320038238
2014-04-01,1,1,Diatom-associated early-year state,PDO,0.36,0.5541982904356704
2014-04-01,1,1,Diatom-associated early-year state,NINO_3.4,0.28,0.04897791470455065
2014-04-01,1,1,Diatom-associated early-year state,WPI,-1.36,0.06293075190677765
2014-04-01,1,1,Diatom-associated early-year state,MHW_MeanInt,0.1464575798895066,0.007415496168649539
2014-04-01,1,1,Diatom-associated early-year state,MHW_MaxInt,0.1808587758677439,0.013816574973285223
2014-04-01,1,1,Diatom-associated early-year state,MHW_CumInt,1.4481984446075669,0.0924777394554014
2014-05-01,1,1,Diatom-associated early-year state,SST,16.0446,1.3861974382745181
2014-05-01,1,1,Diatom-associated early-year state,NO3,3.260475,0.07032168044856266
2014-05-01,1,1,Diatom-associated early-year state,PO4,0.01168032,0.23797083810315237
2014-05-01,1,1,Diatom-associated early-year state,SPCo2,36.22061,0.06360188398802209
2014-05-01,1,1,Diatom-associated early-year state,MLD,10.9176,0.34642032602697337
2014-05-01,1,1,Diatom-associated early-year state,SSS,32.26253,0.3723727761291971
2014-05-01,1,1,Diatom-associated early-year state,SSH,0.2223855,0.17011692222234392
2014-05-01,1,1,Diatom-associated early-year state,PAR,47.78525,0.32221034600890863
2014-05-01,1,1,Diatom-associated early-year state,PDO,1.27,0.49764209006559024
2014-05-01,1,1,Diatom-associated early-year state,NINO_3.4,0.45,0.14642938875517383
2014-05-01,1,1,Diatom-associated early-year state,WPI,-0.85,0.031248609775999518
2014-05-01,1,1,Diatom-associated early-year state,MHW_MeanInt,0.515771541225262,0.07074973765588229
2014-05-01,1,1,Diatom-associated early-year state,MHW_MaxInt,0.6675087353539205,0.04479305331667995
2014-05-01,1,1,Diatom-associated early-year state,MHW_CumInt,7.37567996233819,0.06212108138050598
2014-06-01,2,1,Diatom-associated early-year state,SST,20.6141,-0.6621051070739616
2014-06-01,2,1,Diatom-associated early-year state,NO3,4.427966,-0.16538138588614426
2014-06-01,2,1,Diatom-associated early-year state,PO4,0.02344926,0.032343132674882265
2014-06-01,2,1,Diatom-associated early-year state,SPCo2,41.75652,-0.23632462711626565
2014-06-01,2,1,Diatom-associated early-year state,MLD,10.36191,0.8345879205869629
2014-06-01,2,1,Diatom-associated early-year state,SSS,31.8717,-0.4600976936013615
2014-06-01,2,1,Diatom-associated early-year state,SSH,0.2398993,-0.017119505288351426
2014-06-01,2,1,Diatom-associated early-year state,PAR,44.05859,0.12834924297185446
2014-06-01,2,1,Diatom-associated early-year state,PDO,-0.28,0.10397775980773308
2014-06-01,2,1,Diatom-associated early-year state,NINO_3.4,0.48,-0.08768341404541531
2014-06-01,2,1,Diatom-associated early-year state,WPI,-0.3,-0.0508791501583902
2014-06-01,2,1,Diatom-associated early-year state,MHW_MeanInt,0.4363236742072758,0.044270157504097615
2014-06-01,2,1,Diatom-associated early-year state,MHW_MaxInt,0.56513623005126,0.04814006012732925
2014-06-01,2,1,Diatom-associated early-year state,MHW_CumInt,3.915426197541744,0.042887156712639506
2014-07-01,2,1,Diatom-associated early-year state,SST,23.55093,-0.6642546929271241
2014-07-01,2,1,Diatom-associated early-year state,NO3,5.575015,-0.14122202842044826
2014-07-01,2,1,Diatom-associated early-year state,PO4,0.01890092,0.010749286408990448
2014-07-01,2,1,Diatom-associated early-year state,SPCo2,43.77967,-0.16857494265109357
2014-07-01,2,1,Diatom-associated early-year state,MLD,10.28548,0.8395033290291465
2014-07-01,2,1,Diatom-associated early-year state,SSS,31.4401,-0.4485159808247965
2014-07-01,2,1,Diatom-associated early-year state,SSH,0.2456003,-0.05423743425577447
2014-07-01,2,1,Diatom-associated early-year state,PAR,45.27071,0.15920503238477604
2014-07-01,2,1,Diatom-associated early-year state,PDO,0.25,0.10711875254530334
2014-07-01,2,1,Diatom-associated early-year state,NINO_3.4,0.13,-0.06650342555150891
2014-07-01,2,1,Diatom-associated early-year state,WPI,-1.63,0.0025151962498415545
2014-07-01,2,1,Diatom-associated early-year state,MHW_MeanInt,0.2554090270115723,-0.047468507824927154
2014-07-01,2,1,Diatom-associated early-year state,MHW_MaxInt,0.3420341341279099,-0.015128404327684931
2014-07-01,2,1,Diatom-associated early-year state,MHW_CumInt,4.698975158104316,0.09328017455191633
2014-08-01,2,1,Diatom-associated early-year state,SST,25.62738,-0.7886439767538891
2014-08-01,2,1,Diatom-associated early-year state,NO3,5.411727,-0.28156493221330386
2014-08-01,2,1,Diatom-associated early-year state,PO4,0.02077968,0.015909841858656185
2014-08-01,2,1,Diatom-associated early-year state,SPCo2,42.95845,-0.1712385453441047
2014-08-01,2,1,Diatom-associated early-year state,MLD,10.65967,1.069193631264149
2014-08-01,2,1,Diatom-associated early-year state,SSS,31.44185,-0.5171669528067132
2014-08-01,2,1,Diatom-associated early-year state,SSH,0.3311163,-0.4385934949445717
2014-08-01,2,1,Diatom-associated early-year state,PAR,40.7916,-0.3050362791931621
2014-08-01,2,1,Diatom-associated early-year state,PDO,0.34,0.14776813849216996
2014-08-01,2,1,Diatom-associated early-year state,NINO_3.4,0.14,-0.08200265433216908
2014-08-01,2,1,Diatom-associated early-year state,WPI,-0.77,-0.03993820141367822
2014-08-01,2,1,Diatom-associated early-year state,MHW_MeanInt,0.0666690149495813,-0.043243969093477365
2014-08-01,2,1,Diatom-associated early-year state,MHW_MaxInt,0.0817439554351556,-0.04124316409605845
2014-08-01,2,1,Diatom-associated early-year state,MHW_CumInt,0.6824496352949047,-0.11022607587910872
2014-09-01,2,1,Diatom-associated early-year state,SST,25.12296,-1.1000544924558866
2014-09-01,2,1,Diatom-associated early-year state,NO3,5.536932,-0.21014830412574603
2014-09-01,2,1,Diatom-associated early-year state,PO4,0.01496245,-0.004767526328720048
2014-09-01,2,1,Diatom-associated early-year state,SPCo2,39.77181,-0.05532593564741239
2014-09-01,2,1,Diatom-associated early-year state,MLD,13.20464,-0.570255493312812
2014-09-01,2,1,Diatom-associated early-year state,SSS,31.49209,-0.604051107902763
2014-09-01,2,1,Diatom-associated early-year state,SSH,0.3881725,-0.20599082382516248
2014-09-01,2,1,Diatom-associated early-year state,PAR,35.84796,-0.1518492598521196
2014-09-01,2,1,Diatom-associated early-year state,PDO,0.76,0.5190841938625924
2014-09-01,2,1,Diatom-associated early-year state,NINO_3.4,0.37,-0.06439634505657917
2014-09-01,2,1,Diatom-associated early-year state,WPI,-1.23,0.06522167530991001
2014-09-01,2,1,Diatom-associated early-year state,MHW_MeanInt,0.0062855582321937,0.12193067391697741
2014-09-01,2,1,Diatom-associated early-year state,MHW_MaxInt,0.0070013147047267,0.10302833080319904
2014-09-01,2,1,Diatom-associated early-year state,MHW_CumInt,0.0714146181115257,-0.052858741577284436
2014-10-01,3,1,Diatom-associated early-year state,SST,21.40834,-1.0464851052533126
2014-10-01,3,1,Diatom-associated early-year state,NO3,4.39926,-0.359313982885142
2014-10-01,3,1,Diatom-associated early-year state,PO4,0.01405345,-0.07685444063923161
2014-10-01,3,1,Diatom-associated early-year state,SPCo2,34.74911,-0.200347687686662
2014-10-01,3,1,Diatom-associated early-year state,MLD,22.19799,-0.7848693907742729
2014-10-01,3,1,Diatom-associated early-year state,SSS,31.92996,-0.5629509410721021
2014-10-01,3,1,Diatom-associated early-year state,SSH,0.4306352,-0.46002016726311495
2014-10-01,3,1,Diatom-associated early-year state,PAR,31.03512,-0.4753538336990532
2014-10-01,3,1,Diatom-associated early-year state,PDO,1.43,0.4315431810062662
2014-10-01,3,1,Diatom-associated early-year state,NINO_3.4,0.48,-0.28113742137450093
2014-10-01,3,1,Diatom-associated early-year state,WPI,-0.32,-0.09305813223747962
2014-10-01,3,1,Diatom-associated early-year state,MHW_MeanInt,0.0322293601957385,-0.10643502437593205
2014-10-01,3,1,Diatom-associated early-year state,MHW_MaxInt,0.036707823636989,-0.09318081904307197
2014-10-01,3,1,Diatom-associated early-year state,MHW_CumInt,0.2107637450382355,-0.18061427364719349
2014-11-01,3,1,Diatom-associated early-year state,SST,18.01021,-1.0647643349677196
2014-11-01,3,1,Diatom-associated early-year state,NO3,3.847916,-0.3642859008240158
2014-11-01,3,1,Diatom-associated early-year state,PO4,0.02458723,-0.06811809715086818
2014-11-01,3,1,Diatom-associated early-year state,SPCo2,30.96502,-0.17583129676777676
2014-11-01,3,1,Diatom-associated early-year state,MLD,27.93111,-0.5227437754222296
2014-11-01,3,1,Diatom-associated early-year state,SSS,32.16928,-0.4512286232706018
2014-11-01,3,1,Diatom-associated early-year state,SSH,0.3129542,-0.4461717521076565
2014-11-01,3,1,Diatom-associated early-year state,PAR,21.08372,-0.33261814385583444
2014-11-01,3,1,Diatom-associated early-year state,PDO,1.35,0.21996919211825844
2014-11-01,3,1,Diatom-associated early-year state,NINO_3.4,0.89,-0.4598427988239178
2014-11-01,3,1,Diatom-associated early-year state,WPI,0.13,-0.052517741199138476
2014-11-01,3,1,Diatom-associated early-year state,MHW_MeanInt,0.0,-0.08009926380377184
2014-11-01,3,1,Diatom-associated early-year state,MHW_MaxInt,0.0,-0.050504850309981995
2014-11-01,3,1,Diatom-associated early-year state,MHW_CumInt,0.0,-0.24781007094783528
2014-12-01,3,1,Diatom-associated early-year state,SST,13.88696,0.7676298641369793
2014-12-01,3,1,Diatom-associated early-year state,NO3,2.733043,-0.09390398953204267
2014-12-01,3,1,Diatom-associated early-year state,PO4,0.04303123,-0.1245854567587791
2014-12-01,3,1,Diatom-associated early-year state,SPCo2,27.38779,-0.2069681593220191
2014-12-01,3,1,Diatom-associated early-year state,MLD,37.38982,-0.31542284928169434
2014-12-01,3,1,Diatom-associated early-year state,SSS,32.40302,0.050259752650731626
2014-12-01,3,1,Diatom-associated early-year state,SSH,0.2264712,-0.15445634159103233
2014-12-01,3,1,Diatom-associated early-year state,PAR,17.05835,-0.3301302946409982
2014-12-01,3,1,Diatom-associated early-year state,PDO,1.86,-1.2247647552422132
2014-12-01,3,1,Diatom-associated early-year state,NINO_3.4,0.77,-0.6035703811322308
2014-12-01,3,1,Diatom-associated early-year state,WPI,-0.13,-0.023965094304957673
2014-12-01,3,1,Diatom-associated early-year state,MHW_MeanInt,0.0027329815028171,-0.08533456242904013
2014-12-01,3,1,Diatom-associated early-year state,MHW_MaxInt,0.0035584981840003,-0.0183716691842425
2014-12-01,3,1,Diatom-associated early-year state,MHW_CumInt,0.0191308705197197,-0.27943629100541056
2015-01-01,3,1,Diatom-associated early-year state,SST,10.9473,0.8729484385510564
2015-01-01,3,1,Diatom-associated early-year state,NO3,2.160026,0.16196011007235867
2015-01-01,3,1,Diatom-associated early-year state,PO4,0.05534801,-0.051264809434868365
2015-01-01,3,1,Diatom-associated early-year state,SPCo2,25.7909,-0.03433379673752178
2015-01-01,3,1,Diatom-associated early-year state,MLD,40.57145,-0.09640609692975469
2015-01-01,3,1,Diatom-associated early-year state,SSS,32.53914,0.2582009086509559
2015-01-01,3,1,Diatom-associated early-year state,SSH,0.2603506,-0.21789578356559736
2015-01-01,3,1,Diatom-associated early-year state,PAR,18.11417,-0.2015770822483918
2015-01-01,3,1,Diatom-associated early-year state,PDO,1.51,-1.4756344242972008
2015-01-01,3,1,Diatom-associated early-year state,NINO_3.4,0.59,-0.5003194141189148
2015-01-01,3,1,Diatom-associated early-year state,WPI,-0.22,-0.0006069861932601268
2015-01-01,3,1,Diatom-associated early-year state,MHW_MeanInt,0.0010490449770578,-0.08472589700978776
2015-01-01,3,1,Diatom-associated early-year state,MHW_MaxInt,0.0012520400268499,0.018188392880641974
2015-01-01,3,1,Diatom-associated early-year state,MHW_CumInt,0.0062942698623468,-0.24123236730573458
2015-02-01,3,1,Diatom-associated early-year state,SST,9.598001,0.8423928946924012
2015-02-01,3,1,Diatom-associated early-year state,NO3,1.893458,0.31278364625909283
2015-02-01,3,1,Diatom-associated early-year state,PO4,0.05033891,-0.09146623890001267
2015-02-01,3,1,Diatom-associated early-year state,SPCo2,25.53375,-0.0841198110675989
2015-02-01,3,1,Diatom-associated early-year state,MLD,37.6069,-0.3413833802304457
2015-02-01,3,1,Diatom-associated early-year state,SSS,32.57518,0.3602600737030323
2015-02-01,3,1,Diatom-associated early-year state,SSH,0.2328704,-0.18324479677320277
2015-02-01,3,1,Diatom-associated early-year state,PAR,23.7515,-0.333861621760246
2015-02-01,3,1,Diatom-associated early-year state,PDO,1.52,-1.5887971262831062
2015-02-01,3,1,Diatom-associated early-year state,NINO_3.4,0.57,-0.38583014359195167
2015-02-01,3,1,Diatom-associated early-year state,WPI,-1.37,-0.038081123148987546
2015-02-01,3,1,Diatom-associated early-year state,MHW_MeanInt,0.1760651215774417,-0.08560846908748743
2015-02-01,3,1,Diatom-associated early-year state,MHW_MaxInt,0.2367975052930375,-0.09818683032712411
2015-02-01,3,1,Diatom-associated early-year state,MHW_CumInt,1.339697902277791,-0.24378447579356227
2015-03-01,3,1,Diatom-associated early-year state,SST,9.94882,0.9223405876127471
2015-03-01,3,1,Diatom-associated early-year state,NO3,2.130797,0.16269720170723884
2015-03-01,3,1,Diatom-associated early-year state,PO4,0.03462297,-0.1321189087785269
2015-03-01,3,1,Diatom-associated early-year state,SPCo2,27.03447,-0.25987503184803146
2015-03-01,3,1,Diatom-associated early-year state,MLD,22.68333,-0.4128621470979818
2015-03-01,3,1,Diatom-associated early-year state,SSS,32.61991,0.44982836969609763
2015-03-01,3,1,Diatom-associated early-year state,SSH,0.1904375,0.6039102837486227
2015-03-01,3,1,Diatom-associated early-year state,PAR,33.73332,-0.27588504285401627
2015-03-01,3,1,Diatom-associated early-year state,PDO,1.33,-1.2054886177806041
2015-03-01,3,1,Diatom-associated early-year state,NINO_3.4,0.48,-0.35166527833378036
2015-03-01,3,1,Diatom-associated early-year state,WPI,0.41,-0.11103421605339847
2015-03-01,3,1,Diatom-associated early-year state,MHW_MeanInt,0.2663513975679584,-0.06114223302680262
2015-03-01,3,1,Diatom-associated early-year state,MHW_MaxInt,0.3618852606432277,-0.02657601834386118
2015-03-01,3,1,Diatom-associated early-year state,MHW_CumInt,2.3693981208446355,-0.19417735649177442
2015-04-01,1,1,Diatom-associated early-year state,SST,12.2354,1.4930687087126244
2015-04-01,1,1,Diatom-associated early-year state,NO3,2.644213,0.0993402313899822
2015-04-01,1,1,Diatom-associated early-year state,PO4,0.01894304,0.10043235117245204
2015-04-01,1,1,Diatom-associated early-year state,SPCo2,30.70882,0.23827499938334712
2015-04-01,1,1,Diatom-associated early-year state,MLD,12.59683,-0.04777880492545722
2015-04-01,1,1,Diatom-associated early-year state,SSS,32.30037,0.3322372392497032
2015-04-01,1,1,Diatom-associated early-year state,SSH,0.1756203,0.9162295807982547
2015-04-01,1,1,Diatom-associated early-year state,PAR,39.32323,0.2637291045956316
2015-04-01,1,1,Diatom-associated early-year state,PDO,0.9,0.34491546503138104
2015-04-01,1,1,Diatom-associated early-year state,NINO_3.4,0.9,-0.02818647444552155
2015-04-01,1,1,Diatom-associated early-year state,WPI,1.23,0.026152323536508683
2015-04-01,1,1,Diatom-associated early-year state,MHW_MeanInt,0.3824453299643996,0.0945794834757556
2015-04-01,1,1,Diatom-associated early-year state,MHW_MaxInt,0.4750848636760531,0.051243224820945066
2015-04-01,1,1,Diatom-associated early-year state,MHW_CumInt,3.2324576257286664,0.0929630265613337
2015-05-01,2,1,Diatom-associated early-year state,SST,16.21392,0.04780971363263943
2015-05-01,2,1,Diatom-associated early-year state,NO3,3.913939,-0.12709998218277418
2015-05-01,2,1,Diatom-associated early-year state,PO4,0.01495124,0.026790160204531475
2015-05-01,2,1,Diatom-associated early-year state,SPCo2,36.30687,-0.043151742455804214
2015-05-01,2,1,Diatom-associated early-year state,MLD,10.623,0.7187933141957862
2015-05-01,2,1,Diatom-associated early-year state,SSS,32.06801,-0.49695593883281375
2015-05-01,2,1,Diatom-associated early-year state,SSH,0.2053789,0.47062067368524435
2015-05-01,2,1,Diatom-associated early-year state,PAR,44.90139,0.27694849949367195
2015-05-01,2,1,Diatom-associated early-year state,PDO,0.32,0.15037793493862467
2015-05-01,2,1,Diatom-associated early-year state,NINO_3.4,1.04,-0.09162702246755661
2015-05-01,2,1,Diatom-associated early-year state,WPI,2.14,0.011705648563526853
2015-05-01,2,1,Diatom-associated early-year state,MHW_MeanInt,0.3543159431358407,0.0015713707817743541
2015-05-01,2,1,Diatom-associated early-year state,MHW_MaxInt,0.438805639200904,0.022969616314623506
2015-05-01,2,1,Diatom-associated early-year state,MHW_CumInt,3.394762468438238,0.024737418660102987
2015-06-01,2,1,Diatom-associated early-year state,SST,20.6311,-0.6927848973627625
2015-06-01,2,1,Diatom-associated early-year state,NO3,5.407985,-0.22552281386286693
2015-06-01,2,1,Diatom-associated early-year state,PO4,0.01948541,-0.010752725374456672
2015-06-01,2,1,Diatom-associated early-year state,SPCo2,41.31195,-0.2224111103470575
2015-06-01,2,1,Diatom-associated early-year state,MLD,10.33079,0.9933600520624493
2015-06-01,2,1,Diatom-associated early-year state,SSS,31.62811,-0.5132477334523288
2015-06-01,2,1,Diatom-associated early-year state,SSH,0.2305327,0.026244670318330825
2015-06-01,2,1,Diatom-associated early-year state,PAR,42.98227,-0.0620574190469038
2015-06-01,2,1,Diatom-associated early-year state,PDO,0.82,0.25634278851646064
2015-06-01,2,1,Diatom-associated early-year state,NINO_3.4,1.28,-0.1423577951863238
2015-06-01,2,1,Diatom-associated early-year state,WPI,-0.03,-0.022656923474481214
2015-06-01,2,1,Diatom-associated early-year state,MHW_MeanInt,0.2050191788655488,-0.04457116751486851
2015-06-01,2,1,Diatom-associated early-year state,MHW_MaxInt,0.2570421250589931,-0.014768268587656643
2015-06-01,2,1,Diatom-associated early-year state,MHW_CumInt,1.8967644777580377,-0.10441590461041728
2015-07-01,2,1,Diatom-associated early-year state,SST,23.69492,-0.5693247414127967
2015-07-01,2,1,Diatom-associated early-year state,NO3,5.876713,-0.12760191170640203
2015-07-01,2,1,Diatom-associated early-year state,PO4,0.02517136,-0.007046544322657347
2015-07-01,2,1,Diatom-associated early-year state,SPCo2,42.59361,-0.11967934207275069
2015-07-01,2,1,Diatom-associated early-year state,MLD,10.49055,0.8748581904501765
2015-07-01,2,1,Diatom-associated early-year state,SSS,31.35855,-0.35048384830438545
2015-07-01,2,1,Diatom-associated early-year state,SSH,0.2836265,-0.2787145257834681
2015-07-01,2,1,Diatom-associated early-year state,PAR,44.54284,0.23185925615456082
2015-07-01,2,1,Diatom-associated early-year state,PDO,1.41,0.3642519712391968
2015-07-01,2,1,Diatom-associated early-year state,NINO_3.4,1.56,-0.13578446965803664
2015-07-01,2,1,Diatom-associated early-year state,WPI,0.77,0.10151949876483017
2015-07-01,2,1,Diatom-associated early-year state,MHW_MeanInt,0.30798967196514,-0.031116360947801184
2015-07-01,2,1,Diatom-associated early-year state,MHW_MaxInt,0.4009450914651187,-0.010125038356099174
2015-07-01,2,1,Diatom-associated early-year state,MHW_CumInt,3.2285423898913965,-0.08765463159776654
2015-08-01,2,1,Diatom-associated early-year state,SST,26.55558,-0.7641370877830215
2015-08-01,2,1,Diatom-associated early-year state,NO3,6.386711,-0.16815750686931322
2015-08-01,2,1,Diatom-associated early-year state,PO4,0.02111799,-0.007842533701936508
2015-08-01,2,1,Diatom-associated early-year state,SPCo2,44.25109,-0.13753168793180304
2015-08-01,2,1,Diatom-associated early-year state,MLD,11.0856,0.4559033324911482
2015-08-01,2,1,Diatom-associated early-year state,SSS,31.30486,-0.46827901750446915
2015-08-01,2,1,Diatom-associated early-year state,SSH,0.3411819,-0.3830858434058592
2015-08-01,2,1,Diatom-associated early-year state,PAR,44.28012,0.19540377899940656
2015-08-01,2,1,Diatom-associated early-year state,PDO,0.98,0.267346761819442
2015-08-01,2,1,Diatom-associated early-year state,NINO_3.4,1.87,-0.0740593236961237
2015-08-01,2,1,Diatom-associated early-year state,WPI,-1.5,-0.0019335489098557912
2015-08-01,2,1,Diatom-associated early-year state,MHW_MeanInt,0.053979383332553,-0.03662452431448838
2015-08-01,2,1,Diatom-associated early-year state,MHW_MaxInt,0.0601683108041808,-0.04000142962084886
2015-08-01,2,1,Diatom-associated early-year state,MHW_CumInt,0.3329463680760228,-0.11253633974483185
2015-09-01,3,1,Diatom-associated early-year state,SST,24.86015,-1.1469284081353317
2015-09-01,3,1,Diatom-associated early-year state,NO3,5.327636,-0.3291554211082128
2015-09-01,3,1,Diatom-associated early-year state,PO4,0.01941781,-0.0752144065796381
2015-09-01,3,1,Diatom-associated early-year state,SPCo2,40.04376,-0.28781352534522914
2015-09-01,3,1,Diatom-associated early-year state,MLD,14.79201,-0.8222768944378327
2015-09-01,3,1,Diatom-associated early-year state,SSS,31.41575,-0.6238427009975479
2015-09-01,3,1,Diatom-associated early-year state,SSH,0.3908192,-0.4370076750422317
2015-09-01,3,1,Diatom-associated early-year state,PAR,38.37225,-0.4001401802243951
2015-09-01,3,1,Diatom-associated early-year state,PDO,0.97,0.3057543099681774
2015-09-01,3,1,Diatom-associated early-year state,NINO_3.4,2.01,-0.2309315806413477
2015-09-01,3,1,Diatom-associated early-year state,WPI,-1.38,-0.009576640596920894
2015-09-01,3,1,Diatom-associated early-year state,MHW_MeanInt,0.0209547265023257,-0.07727278495726943
2015-09-01,3,1,Diatom-associated early-year state,MHW_MaxInt,0.0225415399523814,-0.07536729377367264
2015-09-01,3,1,Diatom-associated early-year state,MHW_CumInt,0.1291245496297526,-0.14348493367381668
2015-10-01,3,1,Diatom-associated early-year state,SST,21.63404,-1.1920567026606597
2015-10-01,3,1,Diatom-associated early-year state,NO3,4.721392,-0.36713009810808017
2015-10-01,3,1,Diatom-associated early-year state,PO4,0.01352879,-0.049792141139505225
2015-10-01,3,1,Diatom-associated early-year state,SPCo2,35.50474,-0.20612448939664618
2015-10-01,3,1,Diatom-associated early-year state,MLD,21.79475,-0.8538346943983485
2015-10-01,3,1,Diatom-associated early-year state,SSS,31.84531,-0.685896341739841
2015-10-01,3,1,Diatom-associated early-year state,SSH,0.3300249,-0.4839872025508482
2015-10-01,3,1,Diatom-associated early-year state,PAR,30.93319,-0.4680938493625133
2015-10-01,3,1,Diatom-associated early-year state,PDO,0.84,0.312066873682345
2015-10-01,3,1,Diatom-associated early-year state,NINO_3.4,2.21,-0.27644572621669833
2015-10-01,3,1,Diatom-associated early-year state,WPI,-0.75,-0.03210731219022038
2015-10-01,3,1,Diatom-associated early-year state,MHW_MeanInt,0.1735341875579815,-0.09220915615478452
2015-10-01,3,1,Diatom-associated early-year state,MHW_MaxInt,0.2043828920126233,-0.08480951285525534
2015-10-01,3,1,Diatom-associated early-year state,MHW_CumInt,1.588536510651164,-0.1911791116477855
2015-11-01,3,1,Diatom-associated early-year state,SST,18.49712,-1.196245522521074
2015-11-01,3,1,Diatom-associated early-year state,NO3,4.010452,-0.41055693451434894
2015-11-01,3,1,Diatom-associated early-year state,PO4,0.03388852,-0.027125062002536424
2015-11-01,3,1,Diatom-associated early-year state,SPCo2,31.92819,-0.11646848002379233
2015-11-01,3,1,Diatom-associated early-year state,MLD,25.3899,-0.6345790521894882
2015-11-01,3,1,Diatom-associated early-year state,SSS,32.15792,-0.5227317739752692
2015-11-01,3,1,Diatom-associated early-year state,SSH,0.3754689,-0.34957644272258503
2015-11-01,3,1,Diatom-associated early-year state,PAR,14.94278,-0.09845533277349973
2015-11-01,3,1,Diatom-associated early-year state,PDO,0.17,0.07767474446357388
2015-11-01,3,1,Diatom-associated early-year state,NINO_3.4,2.57,-0.5426403465028508
2015-11-01,3,1,Diatom-associated early-year state,WPI,0.77,-0.0039031234739514446
2015-11-01,3,1,Diatom-associated early-year state,MHW_MeanInt,0.0514072259683677,-0.0966184230848529
2015-11-01,3,1,Diatom-associated early-year state,MHW_MaxInt,0.0603108396155922,-0.12165572961539738
2015-11-01,3,1,Diatom-associated early-year state,MHW_CumInt,0.7039425117037246,-0.267060718477799
2015-12-01,3,1,Diatom-associated early-year state,SST,14.177,1.0031597797418363
2015-12-01,3,1,Diatom-associated early-year state,NO3,2.843007,-0.1460219233237039
2015-12-01,3,1,Diatom-associated early-year state,PO4,0.05416248,-0.021233033834232067
2015-12-01,3,1,Diatom-associated early-year state,SPCo2,28.56054,-0.08646187786283029
2015-12-01,3,1,Diatom-associated early-year state,MLD,33.29002,-0.3356003180132433
2015-12-01,3,1,Diatom-associated early-year state,SSS,32.43814,0.43807740692653174
2015-12-01,3,1,Diatom-associated early-year state,SSH,0.3074622,-0.31673102961028715
2015-12-01,3,1,Diatom-associated early-year state,PAR,14.92061,-0.35040730080868177
2015-12-01,3,1,Diatom-associated early-year state,PDO,0.28,0.25181161535767255
2015-12-01,3,1,Diatom-associated early-year state,NINO_3.4,2.56,-1.230751935902448
2015-12-01,3,1,Diatom-associated early-year state,WPI,0.56,-0.14578607375215716
2015-12-01,3,1,Diatom-associated early-year state,MHW_MeanInt,0.0917502277177729,-0.11231314751808036
2015-12-01,3,1,Diatom-associated early-year state,MHW_MaxInt,0.1104397527281366,-0.1637428739375898
2015-12-01,3,1,Diatom-associated early-year state,MHW_CumInt,0.7299285857804427,-0.3436260518432675
2016-01-01,3,1,Diatom-associated early-year state,SST,11.35939,0.9773061758794432
2016-01-01,3,1,Diatom-associated early-year state,NO3,2.193938,0.12779250102673798
2016-01-01,3,1,Diatom-associated early-year state,PO4,0.06771446,-0.24593228924786925
2016-01-01,3,1,Diatom-associated early-year state,SPCo2,26.68014,-0.18736901943730258
2016-01-01,3,1,Diatom-associated early-year state,MLD,38.2618,-0.24665440898106236
2016-01-01,3,1,Diatom-associated early-year state,SSS,32.60036,0.40821002221121166
2016-01-01,3,1,Diatom-associated early-year state,SSH,0.2521202,-0.2572911084635564
2016-01-01,3,1,Diatom-associated early-year state,PAR,15.91815,-0.28634151881027764
2016-01-01,3,1,Diatom-associated early-year state,PDO,0.75,-0.019422419627051962
2016-01-01,3,1,Diatom-associated early-year state,NINO_3.4,2.56,-1.159418141229568
2016-01-01,3,1,Diatom-associated early-year state,WPI,0.96,-0.28933754829386665
2016-01-01,3,1,Diatom-associated early-year state,MHW_MeanInt,0.0019937398653711,-0.05138921062133228
2016-01-01,3,1,Diatom-associated early-year state,MHW_MaxInt,0.0022036812187654,-0.044153070592176935
2016-01-01,3,1,Diatom-associated early-year state,MHW_CumInt,0.0106247047761775,-0.3282710454715996
2016-02-01,3,1,Diatom-associated early-year state,SST,9.065997,0.8871281998588664
2016-02-01,3,1,Diatom-associated early-year state,NO3,1.724865,0.21630099325208843
2016-02-01,3,1,Diatom-associated early-year state,PO4,0.06777366,-0.31762150403085204
2016-02-01,3,1,Diatom-associated early-year state,SPCo2,26.11281,-0.10068296855116823
2016-02-01,3,1,Diatom-associated early-year state,MLD,36.26432,-0.33569391374816065
2016-02-01,3,1,Diatom-associated early-year state,SSS,32.62928,0.3816262432761359
2016-02-01,3,1,Diatom-associated early-year state,SSH,0.2196939,-0.1542113242033995
2016-02-01,3,1,Diatom-associated early-year state,PAR,26.0823,-0.35307761149320127
2016-02-01,3,1,Diatom-associated early-year state,PDO,1.29,-0.6870138241174902
2016-02-01,3,1,Diatom-associated early-year state,NINO_3.4,2.11,-0.9439654794124804
2016-02-01,3,1,Diatom-associated early-year state,WPI,1.61,-0.18403850967931645
2016-02-01,3,1,Diatom-associated early-year state,MHW_MeanInt,0.0942870505908365,-0.10050843812277364
2016-02-01,3,1,Diatom-associated early-year state,MHW_MaxInt,0.1233888482030568,-0.132697101522609
2016-02-01,3,1,Diatom-associated early-year state,MHW_CumInt,2.412925928812003,-0.29848316755475357
2016-03-01,3,1,Diatom-associated early-year state,SST,9.826246,0.8265010544445948
2016-03-01,3,1,Diatom-associated early-year state,NO3,1.691761,0.25761415887004824
2016-03-01,3,1,Diatom-associated early-year state,PO4,0.03755926,-0.11876906048445374
2016-03-01,3,1,Diatom-associated early-year state,SPCo2,28.07639,-0.15014116613822465
2016-03-01,3,1,Diatom-associated early-year state,MLD,19.95332,-0.4198729122086589
2016-03-01,3,1,Diatom-associated early-year state,SSS,32.59669,0.40119842383247
2016-03-01,3,1,Diatom-associated early-year state,SSH,0.2412153,-0.24058529967545675
2016-03-01,3,1,Diatom-associated early-year state,PAR,35.31681,-0.26755074979362925
2016-03-01,3,1,Diatom-associated early-year state,PDO,1.56,-1.5698654660616906
2016-03-01,3,1,Diatom-associated early-year state,NINO_3.4,1.6,-0.5396942442195464
2016-03-01,3,1,Diatom-associated early-year state,WPI,-0.2,-0.043579025641402494
2016-03-01,3,1,Diatom-associated early-year state,MHW_MeanInt,0.1099560271956869,-0.07140997904415528
2016-03-01,3,1,Diatom-associated early-year state,MHW_MaxInt,0.1399121429539458,-0.060243153881109124
2016-03-01,3,1,Diatom-associated early-year state,MHW_CumInt,1.906740845726984,-0.2077256027525047
2016-04-01,3,1,Diatom-associated early-year state,SST,12.14766,0.7782045981350966
2016-04-01,3,1,Diatom-associated early-year state,NO3,2.518899,-0.08407461098754195
2016-04-01,3,1,Diatom-associated early-year state,PO4,0.01578898,-0.11113182721800137
2016-04-01,3,1,Diatom-associated early-year state,SPCo2,32.51889,-0.17711519129111988
2016-04-01,3,1,Diatom-associated early-year state,MLD,11.07572,-0.09006147295384775
2016-04-01,3,1,Diatom-associated early-year state,SSS,32.39744,0.07873651085344104
2016-04-01,3,1,Diatom-associated early-year state,SSH,0.2633589,-0.24585859257161882
2016-04-01,3,1,Diatom-associated early-year state,PAR,38.373,-0.23293412978002556
2016-04-01,3,1,Diatom-associated early-year state,PDO,1.74,-0.8996894582605924
2016-04-01,3,1,Diatom-associated early-year state,NINO_3.4,1.05,-0.27498128968801494
2016-04-01,3,1,Diatom-associated early-year state,WPI,-0.26,-0.1175508521450283
2016-04-01,3,1,Diatom-associated early-year state,MHW_MeanInt,0.350350560763664,-0.051597129502858684
2016-04-01,3,1,Diatom-associated early-year state,MHW_MaxInt,0.4470663180108907,-0.031809961119067406
2016-04-01,3,1,Diatom-associated early-year state,MHW_CumInt,4.521550036478437,-0.19163256617046753
2016-05-01,1,1,Diatom-associated early-year state,SST,16.10254,0.7340639356024894
2016-05-01,1,1,Diatom-associated early-year state,NO3,3.421175,0.013119582393557549
2016-05-01,1,1,Diatom-associated early-year state,PO4,0.01058607,0.47380559726467714
2016-05-01,1,1,Diatom-associated early-year state,SPCo2,37.12294,0.0756224503632265
2016-05-01,1,1,Diatom-associated early-year state,MLD,10.71238,0.7987929298282573
2016-05-01,1,1,Diatom-associated early-year state,SSS,32.10969,-0.1931911767418861
2016-05-01,1,1,Diatom-associated early-year state,SSH,0.2616625,-0.08979061040877823
2016-05-01,1,1,Diatom-associated early-year state,PAR,43.26632,0.15650717625725688
2016-05-01,1,1,Diatom-associated early-year state,PDO,1.6,0.9186901605321843
2016-05-01,1,1,Diatom-associated early-year state,NINO_3.4,0.45,0.1369927363934057
2016-05-01,1,1,Diatom-associated early-year state,WPI,0.62,0.1638974457644408
2016-05-01,1,1,Diatom-associated early-year state,MHW_MeanInt,0.3656402965686462,0.09690585285192789
2016-05-01,1,1,Diatom-associated early-year state,MHW_MaxInt,0.467429863593023,0.0962508657462251
2016-05-01,1,1,Diatom-associated early-year state,MHW_CumInt,5.300516750890629,0.10355522556436975
2016-06-01,2,1,Diatom-associated early-year state,SST,20.85806,-0.5913607765757367
2016-06-01,2,1,Diatom-associated early-year state,NO3,4.992825,-0.1307967755488669
2016-06-01,2,1,Diatom-associated early-year state,PO4,0.01601506,-0.00794698714168113
2016-06-01,2,1,Diatom-associated early-year state,SPCo2,42.74236,-0.14656654608180086
2016-06-01,2,1,Diatom-associated early-year state,MLD,10.32471,0.6518786175808776
2016-06-01,2,1,Diatom-associated early-year state,SSS,31.48161,-0.40041864703661534
2016-06-01,2,1,Diatom-associated early-year state,SSH,0.2878778,-0.254337874721868
2016-06-01,2,1,Diatom-associated early-year state,PAR,44.62937,0.11722408250725051
2016-06-01,2,1,Diatom-associated early-year state,PDO,0.86,0.31042502651012116
2016-06-01,2,1,Diatom-associated early-year state,NINO_3.4,0.06,0.003216511012119558
2016-06-01,2,1,Diatom-associated early-year state,WPI,-0.62,-0.03427919518467211
2016-06-01,2,1,Diatom-associated early-year state,MHW_MeanInt,1.7267168665638983,0.06620967681981371
2016-06-01,2,1,Diatom-associated early-year state,MHW_MaxInt,2.344567800383053,0.053258443044919626
2016-06-01,2,1,Diatom-associated early-year state,MHW_CumInt,40.91532853683242,0.17457591688673496
2016-07-01,2,1,Diatom-associated early-year state,SST,24.94849,-0.6303883033698493
2016-07-01,2,1,Diatom-associated early-year state,NO3,6.399195,-0.13636409797228666
2016-07-01,2,1,Diatom-associated early-year state,PO4,0.0174332,-0.00011104203227402839
2016-07-01,2,1,Diatom-associated early-year state,SPCo2,44.97305,-0.15792491261842065
2016-07-01,2,1,Diatom-associated early-year state,MLD,10.35994,0.6760268898402406
2016-07-01,2,1,Diatom-associated early-year state,SSS,30.92978,-0.4136669308101573
2016-07-01,2,1,Diatom-associated early-year state,SSH,0.2778104,-0.23630425538823382
2016-07-01,2,1,Diatom-associated early-year state,PAR,47.64807,0.16611132887878746
2016-07-01,2,1,Diatom-associated early-year state,PDO,0.57,0.24312504292895726
2016-07-01,2,1,Diatom-associated early-year state,NINO_3.4,-0.25,0.002297219184264352
2016-07-01,2,1,Diatom-associated early-year state,WPI,-1.42,-0.006314431478187775
2016-07-01,2,1,Diatom-associated early-year state,MHW_MeanInt,0.8284038761468283,0.053097392820967704
2016-07-01,2,1,Diatom-associated early-year state,MHW_MaxInt,1.145883849220778,0.042453430178543174
2016-07-01,2,1,Diatom-associated early-year state,MHW_CumInt,14.989883770495211,0.17599021300504517
2016-08-01,2,1,Diatom-associated early-year state,SST,27.7583,-0.7478977252612791
2016-08-01,2,1,Diatom-associated early-year state,NO3,6.236147,-0.17414337697412283
2016-08-01,2,1,Diatom-associated early-year state,PO4,0.02327478,0.05618923508594975
2016-08-01,2,1,Diatom-associated early-year state,SPCo2,45.77676,-0.17072215651256292
2016-08-01,2,1,Diatom-associated early-year state,MLD,11.12265,0.3427746284118484
2016-08-01,2,1,Diatom-associated early-year state,SSS,31.06455,-0.4730445765220814
2016-08-01,2,1,Diatom-associated early-year state,SSH,0.3238319,-0.36448682264101634
2016-08-01,2,1,Diatom-associated early-year state,PAR,48.67304,0.19089016990877494
2016-08-01,2,1,Diatom-associated early-year state,PDO,-0.63,-0.020827068111820828
2016-08-01,2,1,Diatom-associated early-year state,NINO_3.4,-0.48,0.09793589041528004
2016-08-01,2,1,Diatom-associated early-year state,WPI,-0.37,-0.041720239993487465
2016-08-01,2,1,Diatom-associated early-year state,MHW_MeanInt,0.2525048904004534,-0.03913910077683109
2016-08-01,2,1,Diatom-associated early-year state,MHW_MaxInt,0.3094788396661888,-0.012198471625202862
2016-08-01,2,1,Diatom-associated early-year state,MHW_CumInt,1.5771498111728246,-0.10331575507096362
2016-09-01,2,1,Diatom-associated early-year state,SST,24.96757,-0.9690976997604784
2016-09-01,2,1,Diatom-associated early-year state,NO3,4.994637,-0.2280019517218337
2016-09-01,2,1,Diatom-associated early-year state,PO4,0.01242297,-0.029014164582377027
2016-09-01,2,1,Diatom-associated early-year state,SPCo2,40.06978,-0.13664148775211568
2016-09-01,2,1,Diatom-associated early-year state,MLD,14.38781,-0.7450727869155901
2016-09-01,2,1,Diatom-associated early-year state,SSS,31.3941,-0.5342000831467097
2016-09-01,2,1,Diatom-associated early-year state,SSH,0.412248,-0.14713896482970243
2016-09-01,2,1,Diatom-associated early-year state,PAR,36.19117,-0.23882114101537166
2016-09-01,2,1,Diatom-associated early-year state,PDO,-0.8,-0.02618181874173
2016-09-01,2,1,Diatom-associated early-year state,NINO_3.4,-0.46,0.23428792121995412
2016-09-01,2,1,Diatom-associated early-year state,WPI,-1.75,0.128066040594185
2016-09-01,2,1,Diatom-associated early-year state,MHW_MeanInt,0.3850176335406001,0.05990211585062012
2016-09-01,2,1,Diatom-associated early-year state,MHW_MaxInt,0.552627588841635,0.11979490086399026
2016-09-01,2,1,Diatom-associated early-year state,MHW_CumInt,4.05286957798229,0.2062138419485761
2016-10-01,3,1,Diatom-associated early-year state,SST,22.26512,-1.3277426662295617
2016-10-01,3,1,Diatom-associated early-year state,NO3,4.157681,-0.40014898442330793
2016-10-01,3,1,Diatom-associated early-year state,PO4,0.0135473,-0.22116474870539832
2016-10-01,3,1,Diatom-associated early-year state,SPCo2,35.55563,-0.2568758026011162
2016-10-01,3,1,Diatom-associated early-year state,MLD,19.25989,-0.8170380016648031
2016-10-01,3,1,Diatom-associated early-year state,SSS,31.82677,-0.7234529236682937
2016-10-01,3,1,Diatom-associated early-year state,SSH,0.4069637,-0.5886783291060996
2016-10-01,3,1,Diatom-associated early-year state,PAR,23.73625,-0.2708854544804698
2016-10-01,3,1,Diatom-associated early-year state,PDO,-0.43,0.03816421216990576
2016-10-01,3,1,Diatom-associated early-year state,NINO_3.4,-0.75,0.32892508210420235
2016-10-01,3,1,Diatom-associated early-year state,WPI,0.54,-0.024514284205486712
2016-10-01,3,1,Diatom-associated early-year state,MHW_MeanInt,0.2724505865638043,-0.07089943944955142
2016-10-01,3,1,Diatom-associated early-year state,MHW_MaxInt,0.3434535500205877,-0.043452639629818116
2016-10-01,3,1,Diatom-associated early-year state,MHW_CumInt,3.4438051344349856,-0.1055893124368787
2016-11-01,2,1,Diatom-associated early-year state,SST,17.89845,-1.2212599002599387
2016-11-01,2,1,Diatom-associated early-year state,NO3,3.480409,-0.2329499175523739
2016-11-01,2,1,Diatom-associated early-year state,PO4,0.03325696,0.08493391941526288
2016-11-01,2,1,Diatom-associated early-year state,SPCo2,31.33846,-0.027141596863446943
2016-11-01,2,1,Diatom-associated early-year state,MLD,27.80135,-0.2741739758738031
2016-11-01,2,1,Diatom-associated early-year state,SSS,32.15894,-0.4643045683730384
2016-11-01,2,1,Diatom-associated early-year state,SSH,0.3787485,-0.2851183602768705
2016-11-01,2,1,Diatom-associated early-year state,PAR,19.29554,0.3670817170334875
2016-11-01,2,1,Diatom-associated early-year state,PDO,0.96,0.45417424427692704
2016-11-01,2,1,Diatom-associated early-year state,NINO_3.4,-0.63,0.6643596597153028
2016-11-01,2,1,Diatom-associated early-year state,WPI,1.01,0.09850131390195041
2016-11-01,2,1,Diatom-associated early-year state,MHW_MeanInt,0.1831604799064677,-0.03682499831214234
2016-11-01,2,1,Diatom-associated early-year state,MHW_MaxInt,0.2338757901853638,-0.047712567869529675
2016-11-01,2,1,Diatom-associated early-year state,MHW_CumInt,3.637259756555282,0.19483838567086578
2016-12-01,1,1,Diatom-associated early-year state,SST,14.34439,1.0651452495165676
2016-12-01,1,1,Diatom-associated early-year state,NO3,2.711721,0.12811728742544265
2016-12-01,1,1,Diatom-associated early-year state,PO4,0.05180753,0.2741298885091992
2016-12-01,1,1,Diatom-associated early-year state,SPCo2,28.60183,0.14634904760905454
2016-12-01,1,1,Diatom-associated early-year state,MLD,32.62468,-0.019922864839937843
2016-12-01,1,1,Diatom-associated early-year state,SSS,32.50808,0.5913338288095072
2016-12-01,1,1,Diatom-associated early-year state,SSH,0.3184705,-0.16426451134507764
2016-12-01,1,1,Diatom-associated early-year state,PAR,16.37441,0.5612005783701768
2016-12-01,1,1,Diatom-associated early-year state,PDO,0.61,0.39391600702117746
2016-12-01,1,1,Diatom-associated early-year state,NINO_3.4,-0.51,0.3260396461562719
2016-12-01,1,1,Diatom-associated early-year state,WPI,0.97,0.09631596417223949
2016-12-01,1,1,Diatom-associated early-year state,MHW_MeanInt,0.5111681146547876,0.109844321591898
2016-12-01,1,1,Diatom-associated early-year state,MHW_MaxInt,0.6078663840815081,0.14807271743124586
2016-12-01,1,1,Diatom-associated early-year state,MHW_CumInt,6.985478276693023,0.49825419151544437
2017-01-01,1,1,Diatom-associated early-year state,SST,11.71392,1.217968117443894
2017-01-01,1,1,Diatom-associated early-year state,NO3,2.131945,0.4775097903041873
2017-01-01,1,1,Diatom-associated early-year state,PO4,0.05946314,0.14234605531742858
2017-01-01,1,1,Diatom-associated early-year state,SPCo2,27.11736,0.08938851893591908
2017-01-01,1,1,Diatom-associated early-year state,MLD,36.72453,-0.09710755502489504
2017-01-01,1,1,Diatom-associated early-year state,SSS,32.78485,1.3037699199358048
2017-01-01,1,1,Diatom-associated early-year state,SSH,0.3070141,-0.10679853012229877
2017-01-01,1,1,Diatom-associated early-year state,PAR,17.56524,0.0797132194766659
2017-01-01,1,1,Diatom-associated early-year state,PDO,-0.05,0.4860598805199174
2017-01-01,1,1,Diatom-associated early-year state,NINO_3.4,-0.34,-0.13808991169147433
2017-01-01,1,1,Diatom-associated early-year state,WPI,0.55,-0.019051093969468507
2017-01-01,1,1,Diatom-associated early-year state,MHW_MeanInt,0.0524053499861864,-0.027991240268661868
2017-01-01,1,1,Diatom-associated early-year state,MHW_MaxInt,0.0634023300137963,-0.06964379858162931
2017-01-01,1,1,Diatom-associated early-year state,MHW_CumInt,0.8024572242938768,-0.19168904275759888
2017-02-01,1,1,Diatom-associated early-year state,SST,10.105,1.3151022944532833
2017-02-01,1,1,Diatom-associated early-year state,NO3,1.709883,0.5244403394501865
2017-02-01,1,1,Diatom-associated early-year state,PO4,0.05756338,0.17161756342262396
2017-02-01,1,1,Diatom-associated early-year state,SPCo2,26.62646,0.14006995110152967
2017-02-01,1,1,Diatom-associated early-year state,MLD,38.21252,-0.04378867321968468
2017-02-01,1,1,Diatom-associated early-year state,SSS,32.83481,1.315201517639765
2017-02-01,1,1,Diatom-associated early-year state,SSH,0.2613109,-0.11988846986675246
2017-02-01,1,1,Diatom-associated early-year state,PAR,26.1026,0.008685729025052021
2017-02-01,1,1,Diatom-associated early-year state,PDO,-0.01,0.39165748539002704
2017-02-01,1,1,Diatom-associated early-year state,NINO_3.4,-0.01,-0.09934257796847176
2017-02-01,1,1,Diatom-associated early-year state,WPI,-0.15,0.03293388279058847
2017-02-01,1,1,Diatom-associated early-year state,MHW_MeanInt,0.1827993719882051,-0.04088340298267494
2017-02-01,1,1,Diatom-associated early-year state,MHW_MaxInt,0.2369603354790091,-0.06288592902366125
2017-02-01,1,1,Diatom-associated early-year state,MHW_CumInt,5.971922468025356,0.3829012696211078
2017-03-01,1,1,Diatom-associated early-year state,SST,10.28231,1.377381863657284
2017-03-01,1,1,Diatom-associated early-year state,NO3,1.74363,0.5234645233474463
2017-03-01,1,1,Diatom-associated early-year state,PO4,0.03756849,0.10797904626274732
2017-03-01,1,1,Diatom-associated early-year state,SPCo2,28.23891,0.22202357498701972
2017-03-01,1,1,Diatom-associated early-year state,MLD,23.43752,-0.28488032682441006
2017-03-01,1,1,Diatom-associated early-year state,SSS,32.71563,1.358281476248573
2017-03-01,1,1,Diatom-associated early-year state,SSH,0.2634888,-0.17555604711014308
2017-03-01,1,1,Diatom-associated early-year state,PAR,33.16465,-0.09051540250866828
2017-03-01,1,1,Diatom-associated early-year state,PDO,0.1,0.3837478057403559
2017-03-01,1,1,Diatom-associated early-year state,NINO_3.4,-0.09,-0.057706634216574494
2017-03-01,1,1,Diatom-associated early-year state,WPI,-2.13,0.048574520323990886
2017-03-01,1,1,Diatom-associated early-year state,MHW_MeanInt,0.3480542448997576,0.031499736405924364
2017-03-01,1,1,Diatom-associated early-year state,MHW_MaxInt,0.4322390918852876,0.02624450434058717
2017-03-01,1,1,Diatom-associated early-year state,MHW_CumInt,6.135152711224029,0.22874362090419476
2017-04-01,1,1,Diatom-associated early-year state,SST,12.78148,1.5037401841019766
2017-04-01,1,1,Diatom-associated early-year state,NO3,2.599858,0.14362124058426115
2017-04-01,1,1,Diatom-associated early-year state,PO4,0.01745433,0.1383309455309429
2017-04-01,1,1,Diatom-associated early-year state,SPCo2,32.55318,-0.035182904880421376
2017-04-01,1,1,Diatom-associated early-year state,MLD,12.24226,-0.1800991562283618
2017-04-01,1,1,Diatom-associated early-year state,SSS,32.48752,0.7407673372622099
2017-04-01,1,1,Diatom-associated early-year state,SSH,0.2310806,-0.03094422389055647
2017-04-01,1,1,Diatom-associated early-year state,PAR,42.43895,0.0024858223200597365
2017-04-01,1,1,Diatom-associated early-year state,PDO,0.56,0.5534674634104717
2017-04-01,1,1,Diatom-associated early-year state,NINO_3.4,0.22,0.15475600406172094
2017-04-01,1,1,Diatom-associated early-year state,WPI,-0.36,-0.017561771524429295
2017-04-01,1,1,Diatom-associated early-year state,MHW_MeanInt,0.9805278346758728,0.08115662814477595
2017-04-01,1,1,Diatom-associated early-year state,MHW_MaxInt,1.1977620370368731,0.054915893550988124
2017-04-01,1,1,Diatom-associated early-year state,MHW_CumInt,12.071345548106404,0.03453754361215094
2017-05-01,3,1,Diatom-associated early-year state,SST,17.25041,-0.6407427787879998
2017-05-01,3,1,Diatom-associated early-year state,NO3,3.955498,-0.17817552847087434
2017-05-01,3,1,Diatom-associated early-year state,PO4,0.01055112,-0.5750971864978369
2017-05-01,3,1,Diatom-associated early-year state,SPCo2,38.17262,-0.3392604128543139
2017-05-01,3,1,Diatom-associated early-year state,MLD,10.71483,0.18900575555572846
2017-05-01,3,1,Diatom-associated early-year state,SSS,32.07663,-0.5439204315529299
2017-05-01,3,1,Diatom-associated early-year state,SSH,0.1988708,0.31663469011169537
2017-05-01,3,1,Diatom-associated early-year state,PAR,49.04665,-0.09107134833716521
2017-05-01,3,1,Diatom-associated early-year state,PDO,0.45,0.12778613562567262
2017-05-01,3,1,Diatom-associated early-year state,NINO_3.4,0.3,-0.047977124744608496
2017-05-01,3,1,Diatom-associated early-year state,WPI,0.68,-0.08696182256837323
2017-05-01,3,1,Diatom-associated early-year state,MHW_MeanInt,0.6999618937982074,0.0005408104108667035
2017-05-01,3,1,Diatom-associated early-year state,MHW_MaxInt,0.991079483368382,-0.04820498210598146
2017-05-01,3,1,Diatom-associated early-year state,MHW_CumInt,30.03848071187255,-0.30361172891429333
2017-06-01,2,1,Diatom-associated early-year state,SST,21.30556,-0.6170784547376447
2017-06-01,2,1,Diatom-associated early-year state,NO3,4.828549,-0.14745647910666146
2017-06-01,2,1,Diatom-associated early-year state,PO4,0.01537598,-0.0058983126591153155
2017-06-01,2,1,Diatom-associated early-year state,SPCo2,42.30684,-0.1984229474701439
2017-06-01,2,1,Diatom-associated early-year state,MLD,10.58879,0.7188106076036752
2017-06-01,2,1,Diatom-associated early-year state,SSS,31.79012,-0.4258065549638737
2017-06-01,2,1,Diatom-associated early-year state,SSH,0.2460743,-0.03490200911146153
2017-06-01,2,1,Diatom-associated early-year state,PAR,45.51573,0.11895455418131677
2017-06-01,2,1,Diatom-associated early-year state,PDO,0.35,0.17811584812424983
2017-06-01,2,1,Diatom-associated early-year state,NINO_3.4,0.22,-0.003466244881440112
2017-06-01,2,1,Diatom-associated early-year state,WPI,-0.75,-0.04507968320314271
2017-06-01,2,1,Diatom-associated early-year state,MHW_MeanInt,1.411816293634742,0.06600188629286788
2017-06-01,2,1,Diatom-associated early-year state,MHW_MaxInt,1.950262775232028,0.010794320027182574
2017-06-01,2,1,Diatom-associated early-year state,MHW_CumInt,43.82760152248355,0.12422611947541916
2017-07-01,2,1,Diatom-associated early-year state,SST,26.08025,-0.6702215824039958
2017-07-01,2,1,Diatom-associated early-year state,NO3,6.695036,-0.1346583134563966
2017-07-01,2,1,Diatom-associated early-year state,PO4,0.01407706,-0.014360244296300286
2017-07-01,2,1,Diatom-associated early-year state,SPCo2,46.61929,-0.14341111215015395
2017-07-01,2,1,Diatom-associated early-year state,MLD,10.26612,0.7440747306412547
2017-07-01,2,1,Diatom-associated early-year state,SSS,31.09062,-0.412303226336454
2017-07-01,2,1,Diatom-associated early-year state,SSH,0.2823971,-0.24142766901897425
2017-07-01,2,1,Diatom-associated early-year state,PAR,48.64865,0.16702708982826373
2017-07-01,2,1,Diatom-associated early-year state,PDO,-0.43,-0.0008069508376477178
2017-07-01,2,1,Diatom-associated early-year state,NINO_3.4,0.22,-0.00782549152347728
2017-07-01,2,1,Diatom-associated early-year state,WPI,0.46,0.03697256571336198
2017-07-01,2,1,Diatom-associated early-year state,MHW_MeanInt,0.6529383231148376,0.057276691122171
2017-07-01,2,1,Diatom-associated early-year state,MHW_MaxInt,0.8507997215940255,0.038488347343837645
2017-07-01,2,1,Diatom-associated early-year state,MHW_CumInt,10.694391107176273,0.21027274700547335
2017-08-01,2,1,Diatom-associated early-year state,SST,27.61112,-0.7551193563386266
2017-08-01,2,1,Diatom-associated early-year state,NO3,6.400773,-0.16119569979794363
2017-08-01,2,1,Diatom-associated early-year state,PO4,0.01821093,-0.01091072572089024
2017-08-01,2,1,Diatom-associated early-year state,SPCo2,45.27369,-0.13996065265940028
2017-08-01,2,1,Diatom-associated early-year state,MLD,10.99319,0.34363293406036793
2017-08-01,2,1,Diatom-associated early-year state,SSS,31.2753,-0.48602436907036195
2017-08-01,2,1,Diatom-associated early-year state,SSH,0.359781,-0.331488421716965
2017-08-01,2,1,Diatom-associated early-year state,PAR,45.83972,0.16775192615044995
2017-08-01,2,1,Diatom-associated early-year state,PDO,-0.62,-0.04911854480074647
2017-08-01,2,1,Diatom-associated early-year state,NINO_3.4,-0.18,-0.019814081722036036
2017-08-01,2,1,Diatom-associated early-year state,WPI,-1.38,-0.02645440939186083
2017-08-01,2,1,Diatom-associated early-year state,MHW_MeanInt,0.3336910972387917,-0.037786796341165704
2017-08-01,2,1,Diatom-associated early-year state,MHW_MaxInt,0.4243464681255257,-0.0034304969207695113
2017-08-01,2,1,Diatom-associated early-year state,MHW_CumInt,6.015821603182653,0.2450132976797861
2017-09-01,3,1,Diatom-associated early-year state,SST,25.03319,-1.2176368127394164
2017-09-01,3,1,Diatom-associated early-year state,NO3,4.846695,-0.4206514855218464
2017-09-01,3,1,Diatom-associated early-year state,PO4,0.01436936,-0.1610056210942843
2017-09-01,3,1,Diatom-associated early-year state,SPCo2,39.75002,-0.3815303309583288
2017-09-01,3,1,Diatom-associated early-year state,MLD,14.63536,-0.8967336302638038
2017-09-01,3,1,Diatom-associated early-year state,SSS,31.36241,-0.7211923525460193
2017-09-01,3,1,Diatom-associated early-year state,SSH,0.3631716,-0.5454792162908543
2017-09-01,3,1,Diatom-associated early-year state,PAR,36.53032,-0.4959895594741387
2017-09-01,3,1,Diatom-associated early-year state,PDO,-0.18,0.14786057984434162
2017-09-01,3,1,Diatom-associated early-year state,NINO_3.4,-0.56,0.24834316181299643
2017-09-01,3,1,Diatom-associated early-year state,WPI,-1.23,-0.03090959253045058
2017-09-01,3,1,Diatom-associated early-year state,MHW_MeanInt,0.1697974478111997,-0.08203594221124633
2017-09-01,3,1,Diatom-associated early-year state,MHW_MaxInt,0.2099785342148843,-0.07076346723299791
2017-09-01,3,1,Diatom-associated early-year state,MHW_CumInt,2.0697161000639346,-0.14570601627133833
2017-10-01,2,1,Diatom-associated early-year state,SST,21.92051,-1.1880477783466514
2017-10-01,2,1,Diatom-associated early-year state,NO3,3.772376,-0.284370074598715
2017-10-01,2,1,Diatom-associated early-year state,PO4,0.01635257,-0.03848486252525301
2017-10-01,2,1,Diatom-associated early-year state,SPCo2,34.89152,-0.12662262738693972
2017-10-01,2,1,Diatom-associated early-year state,MLD,22.12568,-0.6426746225525014
2017-10-01,2,1,Diatom-associated early-year state,SSS,31.73528,-0.6109949607663103
2017-10-01,2,1,Diatom-associated early-year state,SSH,0.4013067,-0.16774399498431083
2017-10-01,2,1,Diatom-associated early-year state,PAR,27.36834,-0.18842293333396326
2017-10-01,2,1,Diatom-associated early-year state,PDO,-0.68,0.03517133791230563
2017-10-01,2,1,Diatom-associated early-year state,NINO_3.4,-0.52,0.5750474180597659
2017-10-01,2,1,Diatom-associated early-year state,WPI,0.7,0.09347272130997326
2017-10-01,2,1,Diatom-associated early-year state,MHW_MeanInt,0.0119110103430289,0.10943762306025685
2017-10-01,2,1,Diatom-associated early-year state,MHW_MaxInt,0.0152011090805805,0.09946648892978856
2017-10-01,2,1,Diatom-associated early-year state,MHW_CumInt,0.2150915912148259,-0.08843983713964217
2017-11-01,2,1,Diatom-associated early-year state,SST,17.68049,-1.2872726541695065
2017-11-01,2,1,Diatom-associated early-year state,NO3,3.102618,-0.06494632439255148
2017-11-01,2,1,Diatom-associated early-year state,PO4,0.02832239,0.09241558809082767
2017-11-01,2,1,Diatom-associated early-year state,SPCo2,30.84933,0.012809377537150888
2017-11-01,2,1,Diatom-associated early-year state,MLD,30.83147,-0.26892877577192154
2017-11-01,2,1,Diatom-associated early-year state,SSS,32.0859,-0.5754599247668307
2017-11-01,2,1,Diatom-associated early-year state,SSH,0.2594601,-0.1499725998569279
2017-11-01,2,1,Diatom-associated early-year state,PAR,20.56907,0.3827473803334487
2017-11-01,2,1,Diatom-associated early-year state,PDO,-0.59,0.027159407888552957
2017-11-01,2,1,Diatom-associated early-year state,NINO_3.4,-0.84,0.9874470152403365
2017-11-01,2,1,Diatom-associated early-year state,WPI,0.7,0.05883642027472433
2017-11-01,2,1,Diatom-associated early-year state,MHW_MeanInt,0.0282809073972851,-0.03601060261755066
2017-11-01,2,1,Diatom-associated early-year state,MHW_MaxInt,0.0339035710083976,-0.07317406471147951
2017-11-01,2,1,Diatom-associated early-year state,MHW_CumInt,0.3222228550950566,-0.1762246604311434
2017-12-01,1,1,Diatom-associated early-year state,SST,13.80177,1.1351672478630475
2017-12-01,1,1,Diatom-associated early-year state,NO3,2.458957,0.21867216532309822
2017-12-01,1,1,Diatom-associated early-year state,PO4,0.04343489,0.14716826569857616
2017-12-01,1,1,Diatom-associated early-year state,SPCo2,27.57291,0.09917768901286458
2017-12-01,1,1,Diatom-associated early-year state,MLD,36.94318,-0.06214844782725802
2017-12-01,1,1,Diatom-associated early-year state,SSS,32.44881,0.5284073445550693
2017-12-01,1,1,Diatom-associated early-year state,SSH,0.2117888,0.2719820507984082
2017-12-01,1,1,Diatom-associated early-year state,PAR,17.50418,0.19042537895164477
2017-12-01,1,1,Diatom-associated early-year state,PDO,-0.02,0.4632948134128288
2017-12-01,1,1,Diatom-associated early-year state,NINO_3.4,-0.85,1.1315681643891844
2017-12-01,1,1,Diatom-associated early-year state,WPI,0.33,0.04695863121586934
2017-12-01,1,1,Diatom-associated early-year state,MHW_MeanInt,0.0204278573122625,-0.00790421664805741
2017-12-01,1,1,Diatom-associated early-year state,MHW_MaxInt,0.0266720731414258,-0.04901015640552448
2017-12-01,1,1,Diatom-associated early-year state,MHW_CumInt,0.140517088096915,-0.13042374659827416
2018-01-01,1,1,Diatom-associated early-year state,SST,10.81827,1.184926039191092
2018-01-01,1,1,Diatom-associated early-year state,NO3,2.114393,0.39501824514191486
2018-01-01,1,1,Diatom-associated early-year state,PO4,0.05381169,0.14920549053763546
2018-01-01,1,1,Diatom-associated early-year state,SPCo2,26.16253,0.1947412166277379
2018-01-01,1,1,Diatom-associated early-year state,MLD,40.91296,0.08737670828691209
2018-01-01,1,1,Diatom-associated early-year state,SSS,32.71786,0.9563153942268294
2018-01-01,1,1,Diatom-associated early-year state,SSH,0.2317394,0.003717459654301895
2018-01-01,1,1,Diatom-associated early-year state,PAR,16.11736,0.24950752656968134
2018-01-01,1,1,Diatom-associated early-year state,PDO,0.39,0.49073037049460166
2018-01-01,1,1,Diatom-associated early-year state,NINO_3.4,-0.86,0.9761930794729974
2018-01-01,1,1,Diatom-associated early-year state,WPI,0.43,0.00241061876643351
2018-01-01,1,1,Diatom-associated early-year state,MHW_MeanInt,0.0393554185157022,-0.005335249068905226
2018-01-01,1,1,Diatom-associated early-year state,MHW_MaxInt,0.051388912969377,-0.05029675260512842
2018-01-01,1,1,Diatom-associated early-year state,MHW_CumInt,0.4516758310992334,-0.11180725378851775
2018-02-01,1,1,Diatom-associated early-year state,SST,8.39501,1.057977162525841
2018-02-01,1,1,Diatom-associated early-year state,NO3,1.676036,0.3450829669682246
2018-02-01,1,1,Diatom-associated early-year state,PO4,0.04477121,0.19884494149815002
2018-02-01,1,1,Diatom-associated early-year state,SPCo2,25.58652,0.28326148687273084
2018-02-01,1,1,Diatom-associated early-year state,MLD,38.10453,-0.016467195697668066
2018-02-01,1,1,Diatom-associated early-year state,SSS,32.64477,0.8925072656002209
2018-02-01,1,1,Diatom-associated early-year state,SSH,0.1661376,0.7109277634334689
2018-02-01,1,1,Diatom-associated early-year state,PAR,24.76389,0.14116485840668147
2018-02-01,1,1,Diatom-associated early-year state,PDO,-0.08,0.370607987414111
2018-02-01,1,1,Diatom-associated early-year state,NINO_3.4,-0.73,0.6641141346231327
2018-02-01,1,1,Diatom-associated early-year state,WPI,0.4,0.0272854588063988
2018-02-01,1,1,Diatom-associated early-year state,MHW_MeanInt,0.4016424355167917,0.07757944337637951
2018-02-01,1,1,Diatom-associated early-year state,MHW_MaxInt,0.5467363565236376,0.07367745092016335
2018-02-01,1,1,Diatom-associated early-year state,MHW_CumInt,5.184884457068304,0.11768955805909383
2018-03-01,1,1,Diatom-associated early-year state,SST,9.541696,1.1490835053293644
2018-03-01,1,1,Diatom-associated early-year state,NO3,1.820406,0.3480908015169661
2018-03-01,1,1,Diatom-associated early-year state,PO4,0.02266117,0.2023243103711676
2018-03-01,1,1,Diatom-associated early-year state,SPCo2,28.30669,0.2459274837095924
2018-03-01,1,1,Diatom-associated early-year state,MLD,18.27091,-0.22978197961938232
2018-03-01,1,1,Diatom-associated early-year state,SSS,32.53083,0.5825223396221358
2018-03-01,1,1,Diatom-associated early-year state,SSH,0.1655205,0.8578995750011097
2018-03-01,1,1,Diatom-associated early-year state,PAR,33.1553,-0.05523322668441169
2018-03-01,1,1,Diatom-associated early-year state,PDO,-0.71,0.14715267888668332
2018-03-01,1,1,Diatom-associated early-year state,NINO_3.4,-0.73,0.5031294402581591
2018-03-01,1,1,Diatom-associated early-year state,WPI,0.84,0.06745325234285857
2018-03-01,1,1,Diatom-associated early-year state,MHW_MeanInt,0.3743641674330846,0.07211929981370022
2018-03-01,1,1,Diatom-associated early-year state,MHW_MaxInt,0.4712545829972355,0.08028608633261795
2018-03-01,1,1,Diatom-associated early-year state,MHW_CumInt,5.296141265090313,0.0990386108061907
2018-04-01,3,1,Diatom-associated early-year state,SST,12.26381,1.0244192527566567
2018-04-01,3,1,Diatom-associated early-year state,NO3,2.423023,-0.04063194817993791
2018-04-01,3,1,Diatom-associated early-year state,PO4,0.01141377,-1.0061320735921695
2018-04-01,3,1,Diatom-associated early-year state,SPCo2,32.93754,-0.26935301583203375
2018-04-01,3,1,Diatom-associated early-year state,MLD,12.17951,-0.4420088433363728
2018-04-01,3,1,Diatom-associated early-year state,SSS,32.49966,0.4328231445123174
2018-04-01,3,1,Diatom-associated early-year state,SSH,0.1669108,0.5854030273610535
2018-04-01,3,1,Diatom-associated early-year state,PAR,42.16234,-0.20070889412664322
2018-04-01,3,1,Diatom-associated early-year state,PDO,-0.81,-0.21994682339386906
2018-04-01,3,1,Diatom-associated early-year state,NINO_3.4,-0.36,-0.288459530153689
2018-04-01,3,1,Diatom-associated early-year state,WPI,-0.67,-0.15562302488857857
2018-04-01,3,1,Diatom-associated early-year state,MHW_MeanInt,0.6275908929493288,-0.07000315728404796
2018-04-01,3,1,Diatom-associated early-year state,MHW_MaxInt,0.8459992666537223,-0.09917173429986882
2018-04-01,3,1,Diatom-associated early-year state,MHW_CumInt,9.431018529825227,-0.405970242281724
2018-05-01,3,1,Diatom-associated early-year state,SST,16.34415,-0.01645179264129596
2018-05-01,3,1,Diatom-associated early-year state,NO3,3.422746,-0.15710813863173437
2018-05-01,3,1,Diatom-associated early-year state,PO4,0.009617997,-0.43385824176447285
2018-05-01,3,1,Diatom-associated early-year state,SPCo2,38.37534,-0.3055290507712016
2018-05-01,3,1,Diatom-associated early-year state,MLD,10.80109,0.2405521979662188
2018-05-01,3,1,Diatom-associated early-year state,SSS,32.02203,-0.6679436942762967
2018-05-01,3,1,Diatom-associated early-year state,SSH,0.2256936,-0.03961902538096334
2018-05-01,3,1,Diatom-associated early-year state,PAR,42.79467,-0.3418876529185258
2018-05-01,3,1,Diatom-associated early-year state,PDO,-0.45,-0.06966671159847829
2018-05-01,3,1,Diatom-associated early-year state,NINO_3.4,-0.12,-0.0591960662122241
2018-05-01,3,1,Diatom-associated early-year state,WPI,-0.19,-0.09897940948967214
2018-05-01,3,1,Diatom-associated early-year state,MHW_MeanInt,0.341441925904261,-0.02783263611278458
2018-05-01,3,1,Diatom-associated early-year state,MHW_MaxInt,0.424411225461387,-0.011162212853668248
2018-05-01,3,1,Diatom-associated early-year state,MHW_CumInt,3.48707519779004,-0.15997615975524584
2018-06-01,2,1,Diatom-associated early-year state,SST,20.87104,-0.6197250319997166
2018-06-01,2,1,Diatom-associated early-year state,NO3,4.692647,-0.1755056520747006
2018-06-01,2,1,Diatom-associated early-year state,PO4,0.01586991,-0.013471200465449746
2018-06-01,2,1,Diatom-associated early-year state,SPCo2,43.23826,-0.1400259726607247
2018-06-01,2,1,Diatom-associated early-year state,MLD,10.76938,0.5201855353425385
2018-06-01,2,1,Diatom-associated early-year state,SSS,31.81951,-0.43056746746007957
2018-06-01,2,1,Diatom-associated early-year state,SSH,0.276731,-0.2393723682852921
2018-06-01,2,1,Diatom-associated early-year state,PAR,46.54306,0.14905597490974207
2018-06-01,2,1,Diatom-associated early-year state,PDO,-0.65,-0.060550691100687545
2018-06-01,2,1,Diatom-associated early-year state,NINO_3.4,0.12,-0.008873435315950081
2018-06-01,2,1,Diatom-associated early-year state,WPI,-0.44,-0.041153120211965974
2018-06-01,2,1,Diatom-associated early-year state,MHW_MeanInt,1.6840052510158994,0.06677285806917335
2018-06-01,2,1,Diatom-associated early-year state,MHW_MaxInt,2.3617158860606247,0.056767414132128935
2018-06-01,2,1,Diatom-associated early-year state,MHW_CumInt,44.954996240525816,0.1548204342719581
2018-07-01,2,1,Diatom-associated early-year state,SST,24.95535,-0.6456872512505736
2018-07-01,2,1,Diatom-associated early-year state,NO3,5.052289,-0.16101162456256363
2018-07-01,2,1,Diatom-associated early-year state,PO4,0.01540432,-0.003989604860206908
2018-07-01,2,1,Diatom-associated early-year state,SPCo2,44.67965,-0.15659348127880085
2018-07-01,2,1,Diatom-associated early-year state,MLD,10.5829,0.7493991094883647
2018-07-01,2,1,Diatom-associated early-year state,SSS,31.47992,-0.4348150341960255
2018-07-01,2,1,Diatom-associated early-year state,SSH,0.3209659,-0.3099554563041987
2018-07-01,2,1,Diatom-associated early-year state,PAR,50.18477,0.15673283107443114
2018-07-01,2,1,Diatom-associated early-year state,PDO,-0.01,0.11290360224280559
2018-07-01,2,1,Diatom-associated early-year state,NINO_3.4,0.27,-0.02841621702626702
2018-07-01,2,1,Diatom-associated early-year state,WPI,-0.81,-0.04445102166609742
2018-07-01,2,1,Diatom-associated early-year state,MHW_MeanInt,0.5061317696246569,0.048140245895506244
2018-07-01,2,1,Diatom-associated early-year state,MHW_MaxInt,0.6202320222793107,0.03700476038884107
2018-07-01,2,1,Diatom-associated early-year state,MHW_CumInt,7.239517113188119,0.2153061012472777
2018-08-01,2,1,Diatom-associated early-year state,SST,27.43576,-0.8974884950684663
2018-08-01,2,1,Diatom-associated early-year state,NO3,4.458508,-0.18966463628592287
2018-08-01,2,1,Diatom-associated early-year state,PO4,0.0156309,-0.014112378039313674
2018-08-01,2,1,Diatom-associated early-year state,SPCo2,44.56211,-0.14017485604644828
2018-08-01,2,1,Diatom-associated early-year state,MLD,11.80913,-0.7060770017328827
2018-08-01,2,1,Diatom-associated early-year state,SSS,31.42914,-0.5322560141443519
2018-08-01,2,1,Diatom-associated early-year state,SSH,0.3834228,-0.2319667023877034
2018-08-01,2,1,Diatom-associated early-year state,PAR,47.35277,0.27714333614726894
2018-08-01,2,1,Diatom-associated early-year state,PDO,-0.24,0.14531693353751682
2018-08-01,2,1,Diatom-associated early-year state,NINO_3.4,0.05,-0.002931649721499509
2018-08-01,2,1,Diatom-associated early-year state,WPI,-1.38,0.011238171782344167
2018-08-01,2,1,Diatom-associated early-year state,MHW_MeanInt,0.5839794343840706,0.09172410089580561
2018-08-01,2,1,Diatom-associated early-year state,MHW_MaxInt,0.7039982859907801,0.09811784614829044
2018-08-01,2,1,Diatom-associated early-year state,MHW_CumInt,5.780090876397553,0.26367558481495945
2018-09-01,3,1,Diatom-associated early-year state,SST,25.73086,-1.282369801531054
2018-09-01,3,1,Diatom-associated early-year state,NO3,4.230765,-0.4319543140002954
2018-09-01,3,1,Diatom-associated early-year state,PO4,0.01444529,-0.06382909552473334
2018-09-01,3,1,Diatom-associated early-year state,SPCo2,39.82151,-0.3480875557540814
2018-09-01,3,1,Diatom-associated early-year state,MLD,14.61408,-0.8446152218119655
2018-09-01,3,1,Diatom-associated early-year state,SSS,31.4808,-0.7830693688962043
2018-09-01,3,1,Diatom-associated early-year state,SSH,0.3798156,-0.5880898827498556
2018-09-01,3,1,Diatom-associated early-year state,PAR,37.1953,-0.439329328499619
2018-09-01,3,1,Diatom-associated early-year state,PDO,-0.35,0.07271841826392737
2018-09-01,3,1,Diatom-associated early-year state,NINO_3.4,0.3,-0.14286911888221246
2018-09-01,3,1,Diatom-associated early-year state,WPI,-1.78,0.04699473993710825
2018-09-01,3,1,Diatom-associated early-year state,MHW_MeanInt,0.0048159692406444,-0.009930428453776695
2018-09-01,3,1,Diatom-associated early-year state,MHW_MaxInt,0.0054693198676547,0.0003999894097523242
2018-09-01,3,1,Diatom-associated early-year state,MHW_CumInt,0.0247504610505105,-0.15242450424436596
2018-10-01,3,1,Diatom-associated early-year state,SST,21.54781,-1.3133142240316873
2018-10-01,3,1,Diatom-associated early-year state,NO3,3.206622,-0.3018327077591115
2018-10-01,3,1,Diatom-associated early-year state,PO4,0.01641703,-0.08189150528741834
2018-10-01,3,1,Diatom-associated early-year state,SPCo2,34.30533,-0.20087689097169215
2018-10-01,3,1,Diatom-associated early-year state,MLD,24.29105,-0.8784205389980554
2018-10-01,3,1,Diatom-associated early-year state,SSS,31.95915,-0.78445404691869
2018-10-01,3,1,Diatom-associated early-year state,SSH,0.3296569,-0.45056903549832644
2018-10-01,3,1,Diatom-associated early-year state,PAR,30.94508,-0.4576163903977574
2018-10-01,3,1,Diatom-associated early-year state,PDO,-0.57,-0.10157291408440468
2018-10-01,3,1,Diatom-associated early-year state,NINO_3.4,0.84,-0.2648275637320483
2018-10-01,3,1,Diatom-associated early-year state,WPI,-1.14,-0.04074995515941939
2018-10-01,3,1,Diatom-associated early-year state,MHW_MeanInt,0.3129535396548039,-0.08105800385868697
2018-10-01,3,1,Diatom-associated early-year state,MHW_MaxInt,0.4604752735238746,-0.02024229180041501
2018-10-01,3,1,Diatom-associated early-year state,MHW_CumInt,5.852421085546238,0.3281858153442228
2018-11-01,2,1,Diatom-associated early-year state,SST,18.05849,-1.2100254356134716
2018-11-01,2,1,Diatom-associated early-year state,NO3,2.781609,0.2361643706779206
2018-11-01,2,1,Diatom-associated early-year state,PO4,0.02131514,0.018975137500892744
2018-11-01,2,1,Diatom-associated early-year state,SPCo2,30.79195,-0.02896731371420828
2018-11-01,2,1,Diatom-associated early-year state,MLD,27.91416,-0.36996673220226367
2018-11-01,2,1,Diatom-associated early-year state,SSS,32.19113,-0.3204011892231569
2018-11-01,2,1,Diatom-associated early-year state,SSH,0.3428391,-0.2173479542707217
2018-11-01,2,1,Diatom-associated early-year state,PAR,20.46143,0.3530001703482846
2018-11-01,2,1,Diatom-associated early-year state,PDO,-0.69,0.007841939711871538
2018-11-01,2,1,Diatom-associated early-year state,NINO_3.4,1.0,-0.26892992764365325
2018-11-01,2,1,Diatom-associated early-year state,WPI,-0.61,-0.012212371909762001
2018-11-01,2,1,Diatom-associated early-year state,MHW_MeanInt,0.5183466505796488,0.14940277848650957
2018-11-01,2,1,Diatom-associated early-year state,MHW_MaxInt,0.6822626697252815,0.19247642891257905
2018-11-01,2,1,Diatom-associated early-year state,MHW_CumInt,4.280779773466974,0.32167464727965284
2018-12-01,1,1,Diatom-associated early-year state,SST,14.78516,1.1494294873022546
2018-12-01,1,1,Diatom-associated early-year state,NO3,2.139595,0.47288941805048545
2018-12-01,1,1,Diatom-associated early-year state,PO4,0.03777536,0.1451115642909531
2018-12-01,1,1,Diatom-associated early-year state,SPCo2,28.21298,0.1146889445862651
2018-12-01,1,1,Diatom-associated early-year state,MLD,34.07256,-0.07989646338269714
2018-12-01,1,1,Diatom-associated early-year state,SSS,32.43575,0.6271284357108111
2018-12-01,1,1,Diatom-associated early-year state,SSH,0.3576584,-0.1402829563726686
2018-12-01,1,1,Diatom-associated early-year state,PAR,13.96999,0.39214188257871746
2018-12-01,1,1,Diatom-associated early-year state,PDO,-0.21,0.3456351591856362
2018-12-01,1,1,Diatom-associated early-year state,NINO_3.4,0.97,-0.21813041028845873
2018-12-01,1,1,Diatom-associated early-year state,WPI,0.11,0.04415362185375889
2018-12-01,1,1,Diatom-associated early-year state,MHW_MeanInt,0.3956135952696268,0.14387205638729866
2018-12-01,1,1,Diatom-associated early-year state,MHW_MaxInt,0.5405428998476298,0.12072095897440599
2018-12-01,1,1,Diatom-associated early-year state,MHW_CumInt,8.909207062072685,0.5633586065683214
2019-01-01,1,1,Diatom-associated early-year state,SST,11.33342,1.2005691585276048
2019-01-01,1,1,Diatom-associated early-year state,NO3,1.603832,0.4975675874064825
2019-01-01,1,1,Diatom-associated early-year state,PO4,0.05799674,0.1393599233351727
2019-01-01,1,1,Diatom-associated early-year state,SPCo2,25.65638,0.1924773488140442
2019-01-01,1,1,Diatom-associated early-year state,MLD,41.40893,0.1108434232246893
2019-01-01,1,1,Diatom-associated early-year state,SSS,32.55126,0.7492005150619935
2019-01-01,1,1,Diatom-associated early-year state,SSH,0.2886494,-0.0935367247154899
2019-01-01,1,1,Diatom-associated early-year state,PAR,17.91958,0.3899925315196082
2019-01-01,1,1,Diatom-associated early-year state,PDO,-0.34,0.34912400081205874
2019-01-01,1,1,Diatom-associated early-year state,NINO_3.4,0.51,-0.2378609406587933
2019-01-01,1,1,Diatom-associated early-year state,WPI,1.05,0.02799182209244042
2019-01-01,1,1,Diatom-associated early-year state,MHW_MeanInt,0.2425090710482615,-0.009771837381179522
2019-01-01,1,1,Diatom-associated early-year state,MHW_MaxInt,0.3225022720363683,0.06137335683152198
2019-01-01,1,1,Diatom-associated early-year state,MHW_CumInt,4.026356406810829,0.31628789483182373
2019-02-01,1,1,Diatom-associated early-year state,SST,10.04073,1.1151091302608014
2019-02-01,1,1,Diatom-associated early-year state,NO3,1.447822,0.27521568803038743
2019-02-01,1,1,Diatom-associated early-year state,PO4,0.06111008,0.15502149063785073
2019-02-01,1,1,Diatom-associated early-year state,SPCo2,25.33229,0.2058617488378629
2019-02-01,1,1,Diatom-associated early-year state,MLD,38.27085,0.09060310937038557
2019-02-01,1,1,Diatom-associated early-year state,SSS,32.63404,0.8481085513701473
2019-02-01,1,1,Diatom-associated early-year state,SSH,0.2215559,0.009446002490439495
2019-02-01,1,1,Diatom-associated early-year state,PAR,20.46027,0.3748764451083914
2019-02-01,1,1,Diatom-associated early-year state,PDO,-0.72,0.1321487348423205
2019-02-01,1,1,Diatom-associated early-year state,NINO_3.4,0.62,-0.10526520990307277
2019-02-01,1,1,Diatom-associated early-year state,WPI,2.09,0.07679240364376273
2019-02-01,1,1,Diatom-associated early-year state,MHW_MeanInt,0.3901975909369933,0.14009214651975127
2019-02-01,1,1,Diatom-associated early-year state,MHW_MaxInt,0.5252935925098052,0.1449741439851515
2019-02-01,1,1,Diatom-associated early-year state,MHW_CumInt,10.562843797313612,0.6278642690970428
2019-03-01,1,1,Diatom-associated early-year state,SST,10.47788,1.3008856471868528
2019-03-01,1,1,Diatom-associated early-year state,NO3,1.616115,0.44960699768562
2019-03-01,1,1,Diatom-associated early-year state,PO4,0.03943512,0.10000956475462382
2019-03-01,1,1,Diatom-associated early-year state,SPCo2,26.71026,0.1354213656980115
2019-03-01,1,1,Diatom-associated early-year state,MLD,23.39373,-0.2542305226318243
2019-03-01,1,1,Diatom-associated early-year state,SSS,32.66556,1.1171423806319134
2019-03-01,1,1,Diatom-associated early-year state,SSH,0.2134554,0.2758939474445102
2019-03-01,1,1,Diatom-associated early-year state,PAR,33.44122,-0.06140233253727138
2019-03-01,1,1,Diatom-associated early-year state,PDO,-0.39,0.359269145421777
2019-03-01,1,1,Diatom-associated early-year state,NINO_3.4,0.81,-0.05841346723018595
2019-03-01,1,1,Diatom-associated early-year state,WPI,0.88,0.12492291775824262
2019-03-01,1,1,Diatom-associated early-year state,MHW_MeanInt,0.4692214584786899,0.10196951975082863
2019-03-01,1,1,Diatom-associated early-year state,MHW_MaxInt,0.5933591118586262,0.06747326725488152
2019-03-01,1,1,Diatom-associated early-year state,MHW_CumInt,5.701033773857812,0.27000907228300597
2019-04-01,1,1,Diatom-associated early-year state,SST,12.70382,1.5489136699278911
2019-04-01,1,1,Diatom-associated early-year state,NO3,1.928897,0.4813012574671859
2019-04-01,1,1,Diatom-associated early-year state,PO4,0.02177128,0.06015630882216472
2019-04-01,1,1,Diatom-associated early-year state,SPCo2,30.19135,0.31250833433997177
2019-04-01,1,1,Diatom-associated early-year state,MLD,13.28528,-0.1389100003689958
2019-04-01,1,1,Diatom-associated early-year state,SSS,32.42841,0.7352413288320835
2019-04-01,1,1,Diatom-associated early-year state,SSH,0.2162941,0.3975833762889784
2019-04-01,1,1,Diatom-associated early-year state,PAR,39.76662,0.2623922057608815
2019-04-01,1,1,Diatom-associated early-year state,PDO,0.1,0.43165522072256435
2019-04-01,1,1,Diatom-associated early-year state,NINO_3.4,0.67,-0.06623008495916802
2019-04-01,1,1,Diatom-associated early-year state,WPI,-1.3,0.03928667647745952
2019-04-01,1,1,Diatom-associated early-year state,MHW_MeanInt,0.1999677101998945,-0.03421552222399411
2019-04-01,1,1,Diatom-associated early-year state,MHW_MaxInt,0.2616295715508786,0.004718416853407362
2019-04-01,1,1,Diatom-associated early-year state,MHW_CumInt,2.648240010165926,0.05895054162744209
2019-05-01,3,1,Diatom-associated early-year state,SST,16.50236,-0.9751705189824665
2019-05-01,3,1,Diatom-associated early-year state,NO3,2.55833,0.05545909096233772
2019-05-01,3,1,Diatom-associated early-year state,PO4,0.01665784,-0.09082472755862891
2019-05-01,3,1,Diatom-associated early-year state,SPCo2,35.05199,-0.19523777465590325
2019-05-01,3,1,Diatom-associated early-year state,MLD,11.53117,-0.7805201769519519
2019-05-01,3,1,Diatom-associated early-year state,SSS,32.11206,-0.5577751016432626
2019-05-01,3,1,Diatom-associated early-year state,SSH,0.2469919,-0.2201607142840064
2019-05-01,3,1,Diatom-associated early-year state,PAR,48.49501,0.009495356647672848
2019-05-01,3,1,Diatom-associated early-year state,PDO,0.26,0.1258291051401058
2019-05-01,3,1,Diatom-associated early-year state,NINO_3.4,0.61,-0.18375505515155366
2019-05-01,3,1,Diatom-associated early-year state,WPI,-0.63,-0.08203229492247628
2019-05-01,3,1,Diatom-associated early-year state,MHW_MeanInt,0.3218434778198453,-0.06973448959333763
2019-05-01,3,1,Diatom-associated early-year state,MHW_MaxInt,0.4192784715341252,-0.04135270331254928
2019-05-01,3,1,Diatom-associated early-year state,MHW_CumInt,5.522769423970183,-0.07802448451132576
2019-06-01,2,1,Diatom-associated early-year state,SST,20.34853,-0.6465301355696723
2019-06-01,2,1,Diatom-associated early-year state,NO3,3.265489,-0.07435398368022923
2019-06-01,2,1,Diatom-associated early-year state,PO4,0.01678913,0.007679044727654525
2019-06-01,2,1,Diatom-associated early-year state,SPCo2,40.17868,-0.21509153468824407
2019-06-01,2,1,Diatom-associated early-year state,MLD,10.71416,0.5728435805779737
2019-06-01,2,1,Diatom-associated early-year state,SSS,31.79374,-0.47249416513204134
2019-06-01,2,1,Diatom-associated early-year state,SSH,0.260858,-0.10128813345027401
2019-06-01,2,1,Diatom-associated early-year state,PAR,47.15538,0.17361781934873807
2019-06-01,2,1,Diatom-associated early-year state,PDO,-0.05,0.14027335402885238
2019-06-01,2,1,Diatom-associated early-year state,NINO_3.4,0.66,-0.0458293031136611
2019-06-01,2,1,Diatom-associated early-year state,WPI,-1.92,0.04981334292768391
2019-06-01,2,1,Diatom-associated early-year state,MHW_MeanInt,0.6486416429352297,0.07208680231930471
2019-06-01,2,1,Diatom-associated early-year state,MHW_MaxInt,0.8428768731317627,0.03985778362975536
2019-06-01,2,1,Diatom-associated early-year state,MHW_CumInt,12.662483799703448,0.17156918933181586
2019-07-01,2,1,Diatom-associated early-year state,SST,24.31108,-0.6487251201554803
2019-07-01,2,1,Diatom-associated early-year state,NO3,4.231383,-0.15871138265712365
2019-07-01,2,1,Diatom-associated early-year state,PO4,0.0152322,-0.009978208311528023
2019-07-01,2,1,Diatom-associated early-year state,SPCo2,43.853,-0.15128956585348638
2019-07-01,2,1,Diatom-associated early-year state,MLD,10.29777,0.7125446663509422
2019-07-01,2,1,Diatom-associated early-year state,SSS,31.47675,-0.43761181646987846
2019-07-01,2,1,Diatom-associated early-year state,SSH,0.3005702,-0.2779010500239359
2019-07-01,2,1,Diatom-associated early-year state,PAR,46.24289,0.15735071109606572
2019-07-01,2,1,Diatom-associated early-year state,PDO,0.54,0.2080066594136436
2019-07-01,2,1,Diatom-associated early-year state,NINO_3.4,0.41,-0.028913623938506248
2019-07-01,2,1,Diatom-associated early-year state,WPI,-0.27,-0.043644835033562326
2019-07-01,2,1,Diatom-associated early-year state,MHW_MeanInt,0.6392787016379742,0.06248962968952128
2019-07-01,2,1,Diatom-associated early-year state,MHW_MaxInt,0.7872942896240662,0.04614222571477694
2019-07-01,2,1,Diatom-associated early-year state,MHW_CumInt,6.020508436329557,0.20791646865767308
2019-08-01,3,1,Diatom-associated early-year state,SST,26.92452,-1.2852958407890747
2019-08-01,3,1,Diatom-associated early-year state,NO3,4.414184,-0.26992969356685137
2019-08-01,3,1,Diatom-associated early-year state,PO4,0.0136453,-0.06085291469779174
2019-08-01,3,1,Diatom-associated early-year state,SPCo2,44.38897,-0.2697494812298827
2019-08-01,3,1,Diatom-associated early-year state,MLD,11.39305,-0.8522225280010801
2019-08-01,3,1,Diatom-associated early-year state,SSS,31.23234,-0.6807188968190978
2019-08-01,3,1,Diatom-associated early-year state,SSH,0.3237593,-0.5175840949325503
2019-08-01,3,1,Diatom-associated early-year state,PAR,45.9396,0.17659734798330015
2019-08-01,3,1,Diatom-associated early-year state,PDO,0.01,0.07310641200674854
2019-08-01,3,1,Diatom-associated early-year state,NINO_3.4,0.19,-0.12943097343393034
2019-08-01,3,1,Diatom-associated early-year state,WPI,-2.19,-0.030954608952080687
2019-08-01,3,1,Diatom-associated early-year state,MHW_MeanInt,0.2642902177393917,-0.08253733457659973
2019-08-01,3,1,Diatom-associated early-year state,MHW_MaxInt,0.3154758403127095,-0.04856910642799204
2019-08-01,3,1,Diatom-associated early-year state,MHW_CumInt,2.3415950849364227,-0.17479324423586942
2019-09-01,3,1,Diatom-associated early-year state,SST,25.00072,-1.0828100184333111
2019-09-01,3,1,Diatom-associated early-year state,NO3,3.807632,-0.29084032076916916
2019-09-01,3,1,Diatom-associated early-year state,PO4,0.01137811,0.07913674900884972
2019-09-01,3,1,Diatom-associated early-year state,SPCo2,39.94406,-0.33995080223166335
2019-09-01,3,1,Diatom-associated early-year state,MLD,15.22297,-0.8740225140125931
2019-09-01,3,1,Diatom-associated early-year state,SSS,31.44908,-0.6932285130367682
2019-09-01,3,1,Diatom-associated early-year state,SSH,0.353572,-0.48860510738011115
2019-09-01,3,1,Diatom-associated early-year state,PAR,37.695,-0.4262948868880143
2019-09-01,3,1,Diatom-associated early-year state,PDO,0.13,0.10020987085025784
2019-09-01,3,1,Diatom-associated early-year state,NINO_3.4,0.11,-0.11275717816654313
2019-09-01,3,1,Diatom-associated early-year state,WPI,0.86,0.06256175028615037
2019-09-01,3,1,Diatom-associated early-year state,MHW_MeanInt,0.1862462831087638,-0.08627651532291765
2019-09-01,3,1,Diatom-associated early-year state,MHW_MaxInt,0.2734686992624994,-0.04492479819477555
2019-09-01,3,1,Diatom-associated early-year state,MHW_CumInt,5.45128390701948,0.09984315118861843
2019-10-01,3,1,Diatom-associated early-year state,SST,22.19735,-1.2937151061858259
2019-10-01,3,1,Diatom-associated early-year state,NO3,3.397273,-0.33587015894209415
2019-10-01,3,1,Diatom-associated early-year state,PO4,0.0178191,-0.08060135668624877
2019-10-01,3,1,Diatom-associated early-year state,SPCo2,35.40394,-0.23981979776634343
2019-10-01,3,1,Diatom-associated early-year state,MLD,23.80107,-0.8835185128959596
2019-10-01,3,1,Diatom-associated early-year state,SSS,31.74935,-0.7573397114684187
2019-10-01,3,1,Diatom-associated early-year state,SSH,0.3907209,-0.48478458748511954
2019-10-01,3,1,Diatom-associated early-year state,PAR,30.07841,-0.507093915649163
2019-10-01,3,1,Diatom-associated early-year state,PDO,-0.9,-0.20545713259436027
2019-10-01,3,1,Diatom-associated early-year state,NINO_3.4,0.55,-0.25926746838622294
2019-10-01,3,1,Diatom-associated early-year state,WPI,-0.81,-0.043840259059365984
2019-10-01,3,1,Diatom-associated early-year state,MHW_MeanInt,0.2278746195403251,-0.09166923347196271
2019-10-01,3,1,Diatom-associated early-year state,MHW_MaxInt,0.3020362520408734,-0.05232055773998463
2019-10-01,3,1,Diatom-associated early-year state,MHW_CumInt,2.744408533308567,-0.15243790184571585
2019-11-01,3,1,Diatom-associated early-year state,SST,18.30969,-1.380584797473064
2019-11-01,3,1,Diatom-associated early-year state,NO3,3.070642,-0.1558223842813094
2019-11-01,3,1,Diatom-associated early-year state,PO4,0.02661196,0.005701693673854671
2019-11-01,3,1,Diatom-associated early-year state,SPCo2,31.30397,-0.12579274365891702
2019-11-01,3,1,Diatom-associated early-year state,MLD,30.54651,-0.5211535983977847
2019-11-01,3,1,Diatom-associated early-year state,SSS,32.12033,-0.7004861971461914
2019-11-01,3,1,Diatom-associated early-year state,SSH,0.3208446,-0.39629380311614454
2019-11-01,3,1,Diatom-associated early-year state,PAR,21.44509,-0.09918101941402258
2019-11-01,3,1,Diatom-associated early-year state,PDO,-0.49,-0.03118184839540443
2019-11-01,3,1,Diatom-associated early-year state,NINO_3.4,0.74,-0.3783996119806033
2019-11-01,3,1,Diatom-associated early-year state,WPI,-0.12,-0.05810324400373843
2019-11-01,3,1,Diatom-associated early-year state,MHW_MeanInt,0.3471760040899174,-0.021486908851199107
2019-11-01,3,1,Diatom-associated early-year state,MHW_MaxInt,0.4855328773474073,0.022043264118484607
2019-11-01,3,1,Diatom-associated early-year state,MHW_CumInt,13.207259284038033,0.40630104918183696
2019-12-01,1,1,Diatom-associated early-year state,SST,14.55685,1.11013849595894
2019-12-01,1,1,Diatom-associated early-year state,NO3,2.596895,0.19435454233765273
2019-12-01,1,1,Diatom-associated early-year state,PO4,0.04730387,0.2167485750025674
2019-12-01,1,1,Diatom-associated early-year state,SPCo2,28.03321,0.09428407532963028
2019-12-01,1,1,Diatom-associated early-year state,MLD,35.6441,-0.08377492008554206
2019-12-01,1,1,Diatom-associated early-year state,SSS,32.49611,0.6431458760124057
2019-12-01,1,1,Diatom-associated early-year state,SSH,0.2678824,-0.1101603639908314
2019-12-01,1,1,Diatom-associated early-year state,PAR,16.12826,0.38585039534159893
2019-12-01,1,1,Diatom-associated early-year state,PDO,0.0,0.35183255856697554
2019-12-01,1,1,Diatom-associated early-year state,NINO_3.4,0.51,-0.19315445132775758
2019-12-01,1,1,Diatom-associated early-year state,WPI,0.74,0.09688413364034586
2019-12-01,1,1,Diatom-associated early-year state,MHW_MeanInt,0.7422714398990806,0.17593968504465166
2019-12-01,1,1,Diatom-associated early-year state,MHW_MaxInt,0.968915388830481,0.19489217349324792
2019-12-01,1,1,Diatom-associated early-year state,MHW_CumInt,15.661640601662528,0.6811281969214003
2020-01-01,1,1,Diatom-associated early-year state,SST,12.00291,1.1725623070214897
2020-01-01,1,1,Diatom-associated early-year state,NO3,2.313589,0.3603604244360767
2020-01-01,1,1,Diatom-associated early-year state,PO4,0.05912294,0.2519574757413137
2020-01-01,1,1,Diatom-associated early-year state,SPCo2,26.69917,0.14295354606352045
2020-01-01,1,1,Diatom-associated early-year state,MLD,39.62627,0.12569630643409146
2020-01-01,1,1,Diatom-associated early-year state,SSS,32.68783,1.0920336555771772
2020-01-01,1,1,Diatom-associated early-year state,SSH,0.2971561,-0.041222664751723904
2020-01-01,1,1,Diatom-associated early-year state,PAR,15.33744,0.4375962846857518
2020-01-01,1,1,Diatom-associated early-year state,PDO,-1.41,-0.09588227259115106
2020-01-01,1,1,Diatom-associated early-year state,NINO_3.4,0.64,-0.12904876840807034
2020-01-01,1,1,Diatom-associated early-year state,WPI,0.69,0.05383653918752987
2020-01-01,1,1,Diatom-associated early-year state,MHW_MeanInt,0.5256908951925741,0.14981590817513776
2020-01-01,1,1,Diatom-associated early-year state,MHW_MaxInt,0.6961652960013773,0.19475257751701835
2020-01-01,1,1,Diatom-associated early-year state,MHW_CumInt,11.440019946965377,0.6728505577111743
2020-02-01,1,1,Diatom-associated early-year state,SST,10.28555,1.3029756856115506
2020-02-01,1,1,Diatom-associated early-year state,NO3,2.020594,0.4827819036957935
2020-02-01,1,1,Diatom-associated early-year state,PO4,0.04928588,0.2183930848901888
2020-02-01,1,1,Diatom-associated early-year state,SPCo2,26.46706,0.24846100606626068
2020-02-01,1,1,Diatom-associated early-year state,MLD,34.08411,-0.08133437867808208
2020-02-01,1,1,Diatom-associated early-year state,SSS,32.83029,1.2492211893784335
2020-02-01,1,1,Diatom-associated early-year state,SSH,0.2609283,-0.1389516888162332
2020-02-01,1,1,Diatom-associated early-year state,PAR,23.66989,0.11637436813744313
2020-02-01,1,1,Diatom-associated early-year state,PDO,-1.48,-0.12051779578631895
2020-02-01,1,1,Diatom-associated early-year state,NINO_3.4,0.48,0.009447366973711287
2020-02-01,1,1,Diatom-associated early-year state,WPI,1.46,0.10416440058464571
2020-02-01,1,1,Diatom-associated early-year state,MHW_MeanInt,0.8321928858360463,0.16603467317412815
2020-02-01,1,1,Diatom-associated early-year state,MHW_MaxInt,1.104176748435502,0.15651468762152168
2020-02-01,1,1,Diatom-associated early-year state,MHW_CumInt,18.596931551635308,0.5850741760222092
2020-03-01,1,1,Diatom-associated early-year state,SST,10.70586,1.4016037217952362
2020-03-01,1,1,Diatom-associated early-year state,NO3,2.013989,0.45142662273235834
2020-03-01,1,1,Diatom-associated early-year state,PO4,0.03139725,0.043477637191071505
2020-03-01,1,1,Diatom-associated early-year state,SPCo2,28.27134,0.20374033803833588
2020-03-01,1,1,Diatom-associated early-year state,MLD,24.23719,-0.2776887994977843
2020-03-01,1,1,Diatom-associated early-year state,SSS,32.73606,1.2712271675253546
2020-03-01,1,1,Diatom-associated early-year state,SSH,0.2047682,0.4141150395739145
2020-03-01,1,1,Diatom-associated early-year state,PAR,34.19953,-0.06494393343100453
2020-03-01,1,1,Diatom-associated early-year state,PDO,-1.75,-0.12249821287268921
2020-03-01,1,1,Diatom-associated early-year state,NINO_3.4,0.36,-0.08064522198559783
2020-03-01,1,1,Diatom-associated early-year state,WPI,1.29,-0.03004540589506838
2020-03-01,1,1,Diatom-associated early-year state,MHW_MeanInt,0.2797756691786224,-0.008864145264443906
2020-03-01,1,1,Diatom-associated early-year state,MHW_MaxInt,0.3577870795917012,0.060241057356058496
2020-03-01,1,1,Diatom-associated early-year state,MHW_CumInt,2.4477332717122926,0.012602726266501801
2020-04-01,3,1,Diatom-associated early-year state,SST,12.73056,1.1439834780349696
2020-04-01,3,1,Diatom-associated early-year state,NO3,2.281931,-0.05752410754008424
2020-04-01,3,1,Diatom-associated early-year state,PO4,0.01686143,-0.06719223833173923
2020-04-01,3,1,Diatom-associated early-year state,SPCo2,31.15261,-0.24716866051790717
2020-04-01,3,1,Diatom-associated early-year state,MLD,16.64023,-0.586963411559648
2020-04-01,3,1,Diatom-associated early-year state,SSS,32.61213,0.5595050250330933
2020-04-01,3,1,Diatom-associated early-year state,SSH,0.2263666,-0.15372471824732362
2020-04-01,3,1,Diatom-associated early-year state,PAR,45.16571,-0.6219124488761227
2020-04-01,3,1,Diatom-associated early-year state,PDO,-1.32,-0.355173172515424
2020-04-01,3,1,Diatom-associated early-year state,NINO_3.4,0.49,-0.18521995752300746
2020-04-01,3,1,Diatom-associated early-year state,WPI,-1.34,-0.12361107451241994
2020-04-01,3,1,Diatom-associated early-year state,MHW_MeanInt,0.3374958912944072,-0.07861153850897497
2020-04-01,3,1,Diatom-associated early-year state,MHW_MaxInt,0.4358451094857281,-0.05353914105319536
2020-04-01,3,1,Diatom-associated early-year state,MHW_CumInt,4.843034359004142,-0.3538844231742038
2020-05-01,2,1,Diatom-associated early-year state,SST,16.43019,0.05527603274205389
2020-05-01,2,1,Diatom-associated early-year state,NO3,3.163127,-0.009923348809474973
2020-05-01,2,1,Diatom-associated early-year state,PO4,0.007933331,-0.3254305620849696
2020-05-01,2,1,Diatom-associated early-year state,SPCo2,36.92435,-0.01879180014587667
2020-05-01,2,1,Diatom-associated early-year state,MLD,10.79582,0.2958151779404158
2020-05-01,2,1,Diatom-associated early-year state,SSS,32.24253,0.2809094809536304
2020-05-01,2,1,Diatom-associated early-year state,SSH,0.2517852,-0.07562716174973046
2020-05-01,2,1,Diatom-associated early-year state,PAR,44.75827,0.15712884123763826
2020-05-01,2,1,Diatom-associated early-year state,PDO,-0.53,0.017499472342364066
2020-05-01,2,1,Diatom-associated early-year state,NINO_3.4,-0.12,0.08003212978564722
2020-05-01,2,1,Diatom-associated early-year state,WPI,0.12,-0.03663138303715445
2020-05-01,2,1,Diatom-associated early-year state,MHW_MeanInt,0.7940898807190295,0.017462438653774774
2020-05-01,2,1,Diatom-associated early-year state,MHW_MaxInt,1.00006088405389,0.014855736903573483
2020-05-01,2,1,Diatom-associated early-year state,MHW_CumInt,9.335799560218437,-0.07599753755742268
2020-06-01,3,1,Diatom-associated early-year state,SST,21.18923,-0.7700108009834589
2020-06-01,3,1,Diatom-associated early-year state,NO3,4.227831,-0.28750970587190694
2020-06-01,3,1,Diatom-associated early-year state,PO4,0.007451985,-0.472077233424667
2020-06-01,3,1,Diatom-associated early-year state,SPCo2,42.94586,-0.33871192832585684
2020-06-01,3,1,Diatom-associated early-year state,MLD,10.39636,0.5692991944182949
2020-06-01,3,1,Diatom-associated early-year state,SSS,31.87049,-0.5517188666644878
2020-06-01,3,1,Diatom-associated early-year state,SSH,0.3262833,-0.47230944478365455
2020-06-01,3,1,Diatom-associated early-year state,PAR,42.65132,-0.4027680498186359
2020-06-01,3,1,Diatom-associated early-year state,PDO,-0.76,-0.18005134004311557
2020-06-01,3,1,Diatom-associated early-year state,NINO_3.4,-0.21,-0.09874491613057981
2020-06-01,3,1,Diatom-associated early-year state,WPI,-1.25,-0.08440508229828358
2020-06-01,3,1,Diatom-associated early-year state,MHW_MeanInt,0.0724009169258792,-0.06277607938588521
2020-06-01,3,1,Diatom-associated early-year state,MHW_MaxInt,0.0893926586101653,-0.06229382328710638
2020-06-01,3,1,Diatom-associated early-year state,MHW_CumInt,1.047404766631966,-0.13615990568323175
2020-07-01,2,1,Diatom-associated early-year state,SST,23.63997,-0.6805824658151008
2020-07-01,2,1,Diatom-associated early-year state,NO3,4.755019,-0.2274687236055758
2020-07-01,2,1,Diatom-associated early-year state,PO4,0.01371064,-0.036519577586491395
2020-07-01,2,1,Diatom-associated early-year state,SPCo2,44.55256,-0.14846021580858512
2020-07-01,2,1,Diatom-associated early-year state,MLD,10.50308,0.9315425442302397
2020-07-01,2,1,Diatom-associated early-year state,SSS,31.38676,-0.47166950056755597
2020-07-01,2,1,Diatom-associated early-year state,SSH,0.3112281,-0.33268096505093514
2020-07-01,2,1,Diatom-associated early-year state,PAR,42.27643,-0.302969230138613
2020-07-01,2,1,Diatom-associated early-year state,PDO,-0.92,-0.14630458439226407
2020-07-01,2,1,Diatom-associated early-year state,NINO_3.4,-0.04,-0.03178518473053573
2020-07-01,2,1,Diatom-associated early-year state,WPI,-0.54,-0.041577542099734806
2020-07-01,2,1,Diatom-associated early-year state,MHW_MeanInt,0.94816368616153,0.05921720478573093
2020-07-01,2,1,Diatom-associated early-year state,MHW_MaxInt,1.1874932060463397,0.07884417186961395
2020-07-01,2,1,Diatom-associated early-year state,MHW_CumInt,9.427780671321928,0.2377253009118586
2020-08-01,2,1,Diatom-associated early-year state,SST,26.37829,-0.7565274170554346
2020-08-01,2,1,Diatom-associated early-year state,NO3,5.349509,-0.17711556557746794
2020-08-01,2,1,Diatom-associated early-year state,PO4,0.01176344,0.0035479487875236123
2020-08-01,2,1,Diatom-associated early-year state,SPCo2,45.36446,-0.15900162806772242
2020-08-01,2,1,Diatom-associated early-year state,MLD,11.04017,0.44740888690384856
2020-08-01,2,1,Diatom-associated early-year state,SSS,31.30482,-0.4968353801247079
2020-08-01,2,1,Diatom-associated early-year state,SSH,0.3501738,-0.3713137430468095
2020-08-01,2,1,Diatom-associated early-year state,PAR,43.81718,0.1386184068367475
2020-08-01,2,1,Diatom-associated early-year state,PDO,-1.33,-0.12408208814318777
2020-08-01,2,1,Diatom-associated early-year state,NINO_3.4,-0.42,0.03229321388087413
2020-08-01,2,1,Diatom-associated early-year state,WPI,-0.21,-0.03737568860413227
2020-08-01,2,1,Diatom-associated early-year state,MHW_MeanInt,0.1802206093788776,-0.041978172525773905
2020-08-01,2,1,Diatom-associated early-year state,MHW_MaxInt,0.2191604736852247,-0.03170610981238705
2020-08-01,2,1,Diatom-associated early-year state,MHW_CumInt,1.789814329212052,-0.10125975882045331
2020-09-01,3,1,Diatom-associated early-year state,SST,25.02943,-1.2012598513480865
2020-09-01,3,1,Diatom-associated early-year state,NO3,4.564327,-0.4111734814573616
2020-09-01,3,1,Diatom-associated early-year state,PO4,0.01505502,-0.16899981293031074
2020-09-01,3,1,Diatom-associated early-year state,SPCo2,41.29739,-0.36354022385962026
2020-09-01,3,1,Diatom-associated early-year state,MLD,16.0516,-0.8661914968304445
2020-09-01,3,1,Diatom-associated early-year state,SSS,31.49327,-0.7162093748489687
2020-09-01,3,1,Diatom-associated early-year state,SSH,0.3843365,-0.6024898679831131
2020-09-01,3,1,Diatom-associated early-year state,PAR,36.2772,-0.5005762571406254
2020-09-01,3,1,Diatom-associated early-year state,PDO,-1.04,-0.21730138688681258
2020-09-01,3,1,Diatom-associated early-year state,NINO_3.4,-0.66,0.22370668969061605
2020-09-01,3,1,Diatom-associated early-year state,WPI,-2.44,0.009699308880048354
2020-09-01,3,1,Diatom-associated early-year state,MHW_MeanInt,0.0434991943495784,-0.06723901739975546
2020-09-01,3,1,Diatom-associated early-year state,MHW_MaxInt,0.0528729139719411,-0.060363526406904365
2020-09-01,3,1,Diatom-associated early-year state,MHW_CumInt,0.3923364189803003,-0.13308164565818897
2020-10-01,3,1,Diatom-associated early-year state,SST,21.79563,-1.2319239638159636
2020-10-01,3,1,Diatom-associated early-year state,NO3,3.978261,-0.38007463694226523
2020-10-01,3,1,Diatom-associated early-year state,PO4,0.01563369,-0.15686449829323637
2020-10-01,3,1,Diatom-associated early-year state,SPCo2,35.9246,-0.2937169337260979
2020-10-01,3,1,Diatom-associated early-year state,MLD,24.8232,-0.7818777654326947
2020-10-01,3,1,Diatom-associated early-year state,SSS,31.94177,-0.701098374421802
2020-10-01,3,1,Diatom-associated early-year state,SSH,0.4132317,-0.4733132190214948
2020-10-01,3,1,Diatom-associated early-year state,PAR,30.26387,-0.4408782594556934
2020-10-01,3,1,Diatom-associated early-year state,PDO,-0.62,-0.029925393848273876
2020-10-01,3,1,Diatom-associated early-year state,NINO_3.4,-1.19,0.06657612811231646
2020-10-01,3,1,Diatom-associated early-year state,WPI,-1.18,-0.0483752471274314
2020-10-01,3,1,Diatom-associated early-year state,MHW_MeanInt,0.7744028094968854,0.012079588761151073
2020-10-01,3,1,Diatom-associated early-year state,MHW_MaxInt,1.0209420343227336,0.0086153909057942
2020-10-01,3,1,Diatom-associated early-year state,MHW_CumInt,12.603020979793198,0.18162082073989866
2020-11-01,2,1,Diatom-associated early-year state,SST,18.76778,-1.3515830126851374
2020-11-01,2,1,Diatom-associated early-year state,NO3,3.590241,-0.30564380072894626
2020-11-01,2,1,Diatom-associated early-year state,PO4,0.02220288,0.06598283782811769
2020-11-01,2,1,Diatom-associated early-year state,SPCo2,31.98554,0.02582750830492759
2020-11-01,2,1,Diatom-associated early-year state,MLD,28.52605,-0.2638295355716219
2020-11-01,2,1,Diatom-associated early-year state,SSS,32.07577,-0.5619628855563087
2020-11-01,2,1,Diatom-associated early-year state,SSH,0.3076442,-0.32765349383320963
2020-11-01,2,1,Diatom-associated early-year state,PAR,20.50158,0.470887834567279
2020-11-01,2,1,Diatom-associated early-year state,PDO,-1.59,-0.21884239618058313
2020-11-01,2,1,Diatom-associated early-year state,NINO_3.4,-1.01,0.7595702972353371
2020-11-01,2,1,Diatom-associated early-year state,WPI,0.72,0.08664769141767795
2020-11-01,2,1,Diatom-associated early-year state,MHW_MeanInt,0.1908941414366261,-0.01987970629170354
2020-11-01,2,1,Diatom-associated early-year state,MHW_MaxInt,0.2415478220284728,-0.03132030153281338
2020-11-01,2,1,Diatom-associated early-year state,MHW_CumInt,2.107421790467584,-0.11119719152290461
2020-12-01,1,1,Diatom-associated early-year state,SST,14.62928,1.3308390744056426
2020-12-01,1,1,Diatom-associated early-year state,NO3,2.917962,0.033007870471199255
2020-12-01,1,1,Diatom-associated early-year state,PO4,0.04018504,0.2708816467345068
2020-12-01,1,1,Diatom-associated early-year state,SPCo2,28.44594,0.16832250102184826
2020-12-01,1,1,Diatom-associated early-year state,MLD,36.09906,0.030042997655470263
2020-12-01,1,1,Diatom-associated early-year state,SSS,32.45898,0.6565894327402028
2020-12-01,1,1,Diatom-associated early-year state,SSH,0.285929,-0.133745403180252
2020-12-01,1,1,Diatom-associated early-year state,PAR,16.35313,0.5551407543406498
2020-12-01,1,1,Diatom-associated early-year state,PDO,-0.99,-0.026106744536795616
2020-12-01,1,1,Diatom-associated early-year state,NINO_3.4,-0.98,0.9890706092923014
2020-12-01,1,1,Diatom-associated early-year state,WPI,0.99,0.0997676083188134
2020-12-01,1,1,Diatom-associated early-year state,MHW_MeanInt,0.1658906944122733,-0.012027191876470757
2020-12-01,1,1,Diatom-associated early-year state,MHW_MaxInt,0.2414711780523054,-0.018660364069284476
2020-12-01,1,1,Diatom-associated early-year state,MHW_CumInt,6.1518022532866015,0.4980027180758845
2021-01-01,1,1,Diatom-associated early-year state,SST,10.80729,1.1616896557583387
2021-01-01,1,1,Diatom-associated early-year state,NO3,2.440934,0.20485635795449417
2021-01-01,1,1,Diatom-associated early-year state,PO4,0.05411195,0.26161432571482535
2021-01-01,1,1,Diatom-associated early-year state,SPCo2,26.34422,0.23123077142302118
2021-01-01,1,1,Diatom-associated early-year state,MLD,40.6021,0.20777362981949773
2021-01-01,1,1,Diatom-associated early-year state,SSS,32.62071,0.7227147935409508
2021-01-01,1,1,Diatom-associated early-year state,SSH,0.2332231,0.018113736468510805
2021-01-01,1,1,Diatom-associated early-year state,PAR,19.22805,0.556230017940746
2021-01-01,1,1,Diatom-associated early-year state,PDO,-0.61,0.1443917366913809
2021-01-01,1,1,Diatom-associated early-year state,NINO_3.4,-1.04,0.8089210330293738
2021-01-01,1,1,Diatom-associated early-year state,WPI,2.45,0.0709112233818767
2021-01-01,1,1,Diatom-associated early-year state,MHW_MeanInt,0.3507812874328232,0.07544887962845132
2021-01-01,1,1,Diatom-associated early-year state,MHW_MaxInt,0.4853081415556199,0.12746518069158677
2021-01-01,1,1,Diatom-associated early-year state,MHW_CumInt,10.82682901881152,0.4482815573496229
2021-02-01,1,1,Diatom-associated early-year state,SST,10.24799,1.2479970382156884
2021-02-01,1,1,Diatom-associated early-year state,NO3,2.294553,0.2760290073884975
2021-02-01,1,1,Diatom-associated early-year state,PO4,0.03708983,0.2227727283382536
2021-02-01,1,1,Diatom-associated early-year state,SPCo2,26.8354,0.20796791778180285
2021-02-01,1,1,Diatom-associated early-year state,MLD,32.32248,-0.008062148497173979
2021-02-01,1,1,Diatom-associated early-year state,SSS,32.63594,0.9009000362639605
2021-02-01,1,1,Diatom-associated early-year state,SSH,0.2342308,-0.09538212615027061
2021-02-01,1,1,Diatom-associated early-year state,PAR,25.95026,0.11091678270077336
2021-02-01,1,1,Diatom-associated early-year state,PDO,-1.1,0.02827820597372237
2021-02-01,1,1,Diatom-associated early-year state,NINO_3.4,-0.94,0.5903974493735593
2021-02-01,1,1,Diatom-associated early-year state,WPI,0.76,0.1233365045503662
2021-02-01,1,1,Diatom-associated early-year state,MHW_MeanInt,0.5379185642697876,0.10641908612291485
2021-02-01,1,1,Diatom-associated early-year state,MHW_MaxInt,0.7337442323637492,0.09608309683615046
2021-02-01,1,1,Diatom-associated early-year state,MHW_CumInt,14.603808588498657,0.31591774818933144
2021-03-01,1,1,Diatom-associated early-year state,SST,11.16464,1.214218119719965
2021-03-01,1,1,Diatom-associated early-year state,NO3,2.216884,0.2750972188555669
2021-03-01,1,1,Diatom-associated early-year state,PO4,0.02164487,0.20638035252146456
2021-03-01,1,1,Diatom-associated early-year state,SPCo2,29.11419,0.2944061270192467
2021-03-01,1,1,Diatom-associated early-year state,MLD,19.04887,-0.2567048461067647
2021-03-01,1,1,Diatom-associated early-year state,SSS,32.64798,1.0741718033678274
2021-03-01,1,1,Diatom-associated early-year state,SSH,0.2088337,0.38131599400402055
2021-03-01,1,1,Diatom-associated early-year state,PAR,32.28797,-0.08091710445570931
2021-03-01,1,1,Diatom-associated early-year state,PDO,-1.68,-0.25194587353241304
2021-03-01,1,1,Diatom-associated early-year state,NINO_3.4,-0.72,0.3602927055323898
2021-03-01,1,1,Diatom-associated early-year state,WPI,2.05,0.07266623647382602
2021-03-01,1,1,Diatom-associated early-year state,MHW_MeanInt,0.5441863452316908,0.08387445064106903
2021-03-01,1,1,Diatom-associated early-year state,MHW_MaxInt,0.6683248730109358,0.058842552199662196
2021-03-01,1,1,Diatom-associated early-year state,MHW_CumInt,5.593746996306826,0.15870213498454125
2021-04-01,3,1,Diatom-associated early-year state,SST,13.15914,0.9654328675098462
2021-04-01,3,1,Diatom-associated early-year state,NO3,2.576523,-0.032974154097920254
2021-04-01,3,1,Diatom-associated early-year state,PO4,0.01114767,-0.9616535409885121
2021-04-01,3,1,Diatom-associated early-year state,SPCo2,32.87018,-0.2605727361432055
2021-04-01,3,1,Diatom-associated early-year state,MLD,13.97375,-0.6212541771592826
2021-04-01,3,1,Diatom-associated early-year state,SSS,32.47428,0.45829233864860947
2021-04-01,3,1,Diatom-associated early-year state,SSH,0.2477978,-0.2511002330269045
2021-04-01,3,1,Diatom-associated early-year state,PAR,40.59227,-0.3991630454591278
2021-04-01,3,1,Diatom-associated early-year state,PDO,-1.85,-0.4540242331681545
2021-04-01,3,1,Diatom-associated early-year state,NINO_3.4,-0.55,-0.4130746817086145
2021-04-01,3,1,Diatom-associated early-year state,WPI,-0.12,-0.08361117997632941
2021-04-01,3,1,Diatom-associated early-year state,MHW_MeanInt,0.4786379679358469,-0.02702997156336297
2021-04-01,3,1,Diatom-associated early-year state,MHW_MaxInt,0.6216029002586254,-0.03647366856695246
2021-04-01,3,1,Diatom-associated early-year state,MHW_CumInt,5.99516368209282,-0.2516343107495231
2021-05-01,3,1,Diatom-associated early-year state,SST,16.5973,-0.5629826396526996
2021-05-01,3,1,Diatom-associated early-year state,NO3,3.536114,-0.15044598775692425
2021-05-01,3,1,Diatom-associated early-year state,PO4,0.007842562,-0.5745587363146312
2021-05-01,3,1,Diatom-associated early-year state,SPCo2,38.02328,-0.3302557078482741
2021-05-01,3,1,Diatom-associated early-year state,MLD,11.01019,0.031647794184870646
2021-05-01,3,1,Diatom-associated early-year state,SSS,32.11223,-0.3750425586513468
2021-05-01,3,1,Diatom-associated early-year state,SSH,0.2245314,-0.044632158924968655
2021-05-01,3,1,Diatom-associated early-year state,PAR,43.67931,-0.144792069772559
2021-05-01,3,1,Diatom-associated early-year state,PDO,-2.01,-0.3308345786762056
2021-05-01,3,1,Diatom-associated early-year state,NINO_3.4,-0.41,-0.22290031481247383
2021-05-01,3,1,Diatom-associated early-year state,WPI,0.18,-0.10130539232459346
2021-05-01,3,1,Diatom-associated early-year state,MHW_MeanInt,1.0572061697617838,-0.03337708335534893
2021-05-01,3,1,Diatom-associated early-year state,MHW_MaxInt,1.380299232330639,-0.13335121011381612
2021-05-01,3,1,Diatom-associated early-year state,MHW_CumInt,14.173381931958993,-0.2607038122922156
2021-06-01,2,1,Diatom-associated early-year state,SST,21.35476,-0.5492950090050785
2021-06-01,2,1,Diatom-associated early-year state,NO3,4.550197,-0.15226346579339656
2021-06-01,2,1,Diatom-associated early-year state,PO4,0.01067023,-0.13423119965120053
2021-06-01,2,1,Diatom-associated early-year state,SPCo2,43.4409,-0.13006419877292502
2021-06-01,2,1,Diatom-associated early-year state,MLD,10.45174,0.6344048655824014
2021-06-01,2,1,Diatom-associated early-year state,SSS,31.64684,-0.39715447307443635
2021-06-01,2,1,Diatom-associated early-year state,SSH,0.3273057,-0.27740712087685293
2021-06-01,2,1,Diatom-associated early-year state,PAR,44.9095,0.14159570622711215
2021-06-01,2,1,Diatom-associated early-year state,PDO,-1.81,-0.18584788613865602
2021-06-01,2,1,Diatom-associated early-year state,NINO_3.4,-0.06,0.025279111447905067
2021-06-01,2,1,Diatom-associated early-year state,WPI,-0.82,0.014349355275673728
2021-06-01,2,1,Diatom-associated early-year state,MHW_MeanInt,1.2633069721386343,0.03689888558862653
2021-06-01,2,1,Diatom-associated early-year state,MHW_MaxInt,1.681558063919622,0.044774096096892375
2021-06-01,2,1,Diatom-associated early-year state,MHW_CumInt,22.23367694327686,0.12524473180412984
2021-07-01,2,1,Diatom-associated early-year state,SST,25.39187,-0.6230054033691695
2021-07-01,2,1,Diatom-associated early-year state,NO3,5.013104,-0.14186534688935212
2021-07-01,2,1,Diatom-associated early-year state,PO4,0.01839172,-0.005776418886212487
2021-07-01,2,1,Diatom-associated early-year state,SPCo2,46.51037,-0.10600403568997122
2021-07-01,2,1,Diatom-associated early-year state,MLD,11.09692,0.28695853112827896
2021-07-01,2,1,Diatom-associated early-year state,SSS,31.37255,-0.45657752082096575
2021-07-01,2,1,Diatom-associated early-year state,SSH,0.3930641,-0.2532807523058444
2021-07-01,2,1,Diatom-associated early-year state,PAR,46.81764,0.17506119413151258
2021-07-01,2,1,Diatom-associated early-year state,PDO,-1.96,-0.18192283819072372
2021-07-01,2,1,Diatom-associated early-year state,NINO_3.4,-0.2,0.012206854662577264
2021-07-01,2,1,Diatom-associated early-year state,WPI,-0.44,-0.04696156369057851
2021-07-01,2,1,Diatom-associated early-year state,MHW_MeanInt,0.5092630884446672,0.005213930357351626
2021-07-01,2,1,Diatom-associated early-year state,MHW_MaxInt,0.6498531456544163,0.039789349302235134
2021-07-01,2,1,Diatom-associated early-year state,MHW_CumInt,7.261755424712592,0.19904850448479722
2021-08-01,3,1,Diatom-associated early-year state,SST,26.98162,-1.0366243334073206
2021-08-01,3,1,Diatom-associated early-year state,NO3,4.67959,-0.27975307435605073
2021-08-01,3,1,Diatom-associated early-year state,PO4,0.01764725,-0.10194902848770403
2021-08-01,3,1,Diatom-associated early-year state,SPCo2,45.48413,-0.19891863479075408
2021-08-01,3,1,Diatom-associated early-year state,MLD,11.57255,-0.8524535780924739
2021-08-01,3,1,Diatom-associated early-year state,SSS,31.01357,-0.5876913060599583
2021-08-01,3,1,Diatom-associated early-year state,SSH,0.3871253,-0.4006177393560723
2021-08-01,3,1,Diatom-associated early-year state,PAR,43.45911,-0.31030104905970635
2021-08-01,3,1,Diatom-associated early-year state,PDO,-0.94,-0.2213504694698352
2021-08-01,3,1,Diatom-associated early-year state,NINO_3.4,-0.38,-0.14663775566707873
2021-08-01,3,1,Diatom-associated early-year state,WPI,-1.94,-0.05095407016335007
2021-08-01,3,1,Diatom-associated early-year state,MHW_MeanInt,1.2680363063931213,0.03295134961541079
2021-08-01,3,1,Diatom-associated early-year state,MHW_MaxInt,1.7881470334423335,0.03597697193520394
2021-08-01,3,1,Diatom-associated early-year state,MHW_CumInt,33.22460029946446,0.14803501168038052
2021-09-01,3,1,Diatom-associated early-year state,SST,25.86352,-0.7934405808173078
2021-09-01,3,1,Diatom-associated early-year state,NO3,4.764706,-0.2737117622247602
2021-09-01,3,1,Diatom-associated early-year state,PO4,0.01010444,-0.08673926203088993
2021-09-01,3,1,Diatom-associated early-year state,SPCo2,41.72075,-0.2937781382079104
2021-09-01,3,1,Diatom-associated early-year state,MLD,13.25896,-0.6465033509731895
2021-09-01,3,1,Diatom-associated early-year state,SSS,31.16697,-0.5393460271176619
2021-09-01,3,1,Diatom-associated early-year state,SSH,0.4416628,-0.3518571919415613
2021-09-01,3,1,Diatom-associated early-year state,PAR,37.09822,-0.4662298281787786
2021-09-01,3,1,Diatom-associated early-year state,PDO,-1.96,-0.3046737277677719
2021-09-01,3,1,Diatom-associated early-year state,NINO_3.4,-0.5,-0.034336941318126105
2021-09-01,3,1,Diatom-associated early-year state,WPI,-0.65,-0.07957894499941907
2021-09-01,3,1,Diatom-associated early-year state,MHW_MeanInt,0.4750017453219455,0.005054509709184684
2021-09-01,3,1,Diatom-associated early-year state,MHW_MaxInt,0.6443926458282395,0.02751252666452295
2021-09-01,3,1,Diatom-associated early-year state,MHW_CumInt,7.959948290164006,0.06547292453347421
2021-10-01,3,1,Diatom-associated early-year state,SST,23.13065,-0.9583624300555524
2021-10-01,3,1,Diatom-associated early-year state,NO3,4.191145,-0.31052644486537123
2021-10-01,3,1,Diatom-associated early-year state,PO4,0.01011765,-0.07580492985232964
2021-10-01,3,1,Diatom-associated early-year state,SPCo2,37.00387,-0.2779234699957182
2021-10-01,3,1,Diatom-associated early-year state,MLD,20.63019,-0.6524371302553855
2021-10-01,3,1,Diatom-associated early-year state,SSS,31.77347,-0.5742297106335225
2021-10-01,3,1,Diatom-associated early-year state,SSH,0.4186193,-0.5092874464006006
2021-10-01,3,1,Diatom-associated early-year state,PAR,28.61113,-0.4132554256868865
2021-10-01,3,1,Diatom-associated early-year state,PDO,-3.11,-0.18644320099597636
2021-10-01,3,1,Diatom-associated early-year state,NINO_3.4,-0.78,0.09645006031195695
2021-10-01,3,1,Diatom-associated early-year state,WPI,1.74,0.00106035148678158
2021-10-01,3,1,Diatom-associated early-year state,MHW_MeanInt,0.2435298085833968,-0.05780144366246417
2021-10-01,3,1,Diatom-associated early-year state,MHW_MaxInt,0.3068498764343668,-0.029461322470897736
2021-10-01,3,1,Diatom-associated early-year state,MHW_CumInt,4.6895767698707305,0.08750929173429745
2021-11-01,2,1,Diatom-associated early-year state,SST,18.88909,-1.3209833689991812
2021-11-01,2,1,Diatom-associated early-year state,NO3,3.679976,-0.2922751652730507
2021-11-01,2,1,Diatom-associated early-year state,PO4,0.02431657,0.11734746555019197
2021-11-01,2,1,Diatom-associated early-year state,SPCo2,31.72246,-0.01555123369485537
2021-11-01,2,1,Diatom-associated early-year state,MLD,26.67451,-0.3049063452284908
2021-11-01,2,1,Diatom-associated early-year state,SSS,31.97965,-0.6152960949363723
2021-11-01,2,1,Diatom-associated early-year state,SSH,0.2736525,-0.2452886669372387
2021-11-01,2,1,Diatom-associated early-year state,PAR,21.58293,0.12820152189353387
2021-11-01,2,1,Diatom-associated early-year state,PDO,-2.75,0.018832981570357763
2021-11-01,2,1,Diatom-associated early-year state,NINO_3.4,-0.88,0.7216477106294625
2021-11-01,2,1,Diatom-associated early-year state,WPI,-0.15,0.005122065278575802
2021-11-01,2,1,Diatom-associated early-year state,MHW_MeanInt,0.3201348810702897,0.01368963765312357
2021-11-01,2,1,Diatom-associated early-year state,MHW_MaxInt,0.4046143721695898,0.04762127274005276
2021-11-01,2,1,Diatom-associated early-year state,MHW_CumInt,4.668512036651848,0.2584116753692352
2021-12-01,1,1,Diatom-associated early-year state,SST,15.32241,1.4174042100149142
2021-12-01,1,1,Diatom-associated early-year state,NO3,3.126501,0.02612009757360138
2021-12-01,1,1,Diatom-associated early-year state,PO4,0.03900724,0.2681323670906902
2021-12-01,1,1,Diatom-associated early-year state,SPCo2,28.56598,0.13432930054892708
2021-12-01,1,1,Diatom-associated early-year state,MLD,32.8611,-0.06311246188277082
2021-12-01,1,1,Diatom-associated early-year state,SSS,32.3418,0.2811104943235739
2021-12-01,1,1,Diatom-associated early-year state,SSH,0.2664266,-0.09667928374813142
2021-12-01,1,1,Diatom-associated early-year state,PAR,18.31401,0.6017035895691811
2021-12-01,1,1,Diatom-associated early-year state,PDO,-2.71,-0.0827563149576129
2021-12-01,1,1,Diatom-associated early-year state,NINO_3.4,-1.07,1.0081493438170732
2021-12-01,1,1,Diatom-associated early-year state,WPI,0.48,0.03221318227529328
2021-12-01,1,1,Diatom-associated early-year state,MHW_MeanInt,0.2796598752164767,0.04557007854383736
2021-12-01,1,1,Diatom-associated early-year state,MHW_MaxInt,0.3520927700338486,0.11456457025241638
2021-12-01,1,1,Diatom-associated early-year state,MHW_CumInt,4.5712353776444425,0.3252035690275649
2022-01-01,1,1,Diatom-associated early-year state,SST,12.14894,1.2345933052095361
2022-01-01,1,1,Diatom-associated early-year state,NO3,2.554552,0.20104291718532208
2022-01-01,1,1,Diatom-associated early-year state,PO4,0.05500105,0.301233167311742
2022-01-01,1,1,Diatom-associated early-year state,SPCo2,26.65482,0.15302871636277182
2022-01-01,1,1,Diatom-associated early-year state,MLD,39.81907,0.20623134631202772
2022-01-01,1,1,Diatom-associated early-year state,SSS,32.42841,0.5607069742332299
2022-01-01,1,1,Diatom-associated early-year state,SSH,0.3028846,-0.06734781352814237
2022-01-01,1,1,Diatom-associated early-year state,PAR,17.41686,0.5918299332177379
2022-01-01,1,1,Diatom-associated early-year state,PDO,-2.4,-0.07933302171108005
2022-01-01,1,1,Diatom-associated early-year state,NINO_3.4,-0.77,0.9037513149195354
2022-01-01,1,1,Diatom-associated early-year state,WPI,-1.44,-0.014971495879791118
2022-01-01,1,1,Diatom-associated early-year state,MHW_MeanInt,0.2057588357302494,0.022946936501655663
2022-01-01,1,1,Diatom-associated early-year state,MHW_MaxInt,0.279697959797919,0.08443036831902576
2022-01-01,1,1,Diatom-associated early-year state,MHW_CumInt,3.975506011790062,0.23996172281483102
2022-02-01,1,1,Diatom-associated early-year state,SST,10.3435,1.2273112894748996
2022-02-01,1,1,Diatom-associated early-year state,NO3,2.094321,0.39626029490749337
2022-02-01,1,1,Diatom-associated early-year state,PO4,0.05495315,0.32641331218558395
2022-02-01,1,1,Diatom-associated early-year state,SPCo2,26.13487,0.34194431980571627
2022-02-01,1,1,Diatom-associated early-year state,MLD,40.40937,0.23320879547366
2022-02-01,1,1,Diatom-associated early-year state,SSS,32.59806,0.7068743786036713
2022-02-01,1,1,Diatom-associated early-year state,SSH,0.3081189,-0.1476476523780381
2022-02-01,1,1,Diatom-associated early-year state,PAR,23.98489,0.13667456170065212
2022-02-01,1,1,Diatom-associated early-year state,PDO,-1.91,-0.13460166018671058
2022-02-01,1,1,Diatom-associated early-year state,NINO_3.4,-0.68,0.43896661550964217
2022-02-01,1,1,Diatom-associated early-year state,WPI,-0.39,0.05222793236501468
2022-02-01,1,1,Diatom-associated early-year state,MHW_MeanInt,0.5674379165705397,0.0699374739779775
2022-02-01,1,1,Diatom-associated early-year state,MHW_MaxInt,0.7836762887238001,0.09235331520912889
2022-02-01,1,1,Diatom-associated early-year state,MHW_CumInt,12.09230363763467,0.28060683661750463
2022-03-01,3,1,Diatom-associated early-year state,SST,10.73785,1.0737533045880727
2022-03-01,3,1,Diatom-associated early-year state,NO3,2.143173,0.08133542133830421
2022-03-01,3,1,Diatom-associated early-year state,PO4,0.02803214,0.09894166020117884
2022-03-01,3,1,Diatom-associated early-year state,SPCo2,27.99734,0.06353616464405039
2022-03-01,3,1,Diatom-associated early-year state,MLD,20.29333,-0.514945495223955
2022-03-01,3,1,Diatom-associated early-year state,SSS,32.53326,0.382099982572492
2022-03-01,3,1,Diatom-associated early-year state,SSH,0.2468455,-0.32766698952662676
2022-03-01,3,1,Diatom-associated early-year state,PAR,32.93742,-0.2816857011960767
2022-03-01,3,1,Diatom-associated early-year state,PDO,-1.67,-0.3783159889191328
2022-03-01,3,1,Diatom-associated early-year state,NINO_3.4,-0.84,-0.06366972827078507
2022-03-01,3,1,Diatom-associated early-year state,WPI,0.58,-0.11794447784621308
2022-03-01,3,1,Diatom-associated early-year state,MHW_MeanInt,0.8993756772121343,-0.09080086597371526
2022-03-01,3,1,Diatom-associated early-year state,MHW_MaxInt,1.265618830159137,-0.446449927499595
2022-03-01,3,1,Diatom-associated early-year state,MHW_CumInt,14.256373507497656,-0.1248471542347449
2022-04-01,3,1,Diatom-associated early-year state,SST,13.25727,1.0737540186054173
2022-04-01,3,1,Diatom-associated early-year state,NO3,2.407028,-0.033682786942038044
2022-04-01,3,1,Diatom-associated early-year state,PO4,0.01542087,-0.21578113661447917
2022-04-01,3,1,Diatom-associated early-year state,SPCo2,32.32346,-0.24739351418521596
2022-04-01,3,1,Diatom-associated early-year state,MLD,12.85954,-0.5298025079059315
2022-04-01,3,1,Diatom-associated early-year state,SSS,32.24624,-0.07936370417880034
2022-04-01,3,1,Diatom-associated early-year state,SSH,0.2064492,0.2823705452418361
2022-04-01,3,1,Diatom-associated early-year state,PAR,42.96676,-0.5268529071606289
2022-04-01,3,1,Diatom-associated early-year state,PDO,-2.1,-0.4425139842262308
2022-04-01,3,1,Diatom-associated early-year state,NINO_3.4,-0.9,-0.16716335196567217
2022-04-01,3,1,Diatom-associated early-year state,WPI,0.31,-0.05838378270243907
2022-04-01,3,1,Diatom-associated early-year state,MHW_MeanInt,0.5354560562256253,-0.037401062360521646
2022-04-01,3,1,Diatom-associated early-year state,MHW_MaxInt,0.6991688832901323,-0.13080141699111839
2022-04-01,3,1,Diatom-associated early-year state,MHW_CumInt,5.492713928437884,-0.2980109866205595
2022-05-01,3,1,Diatom-associated early-year state,SST,16.72705,-0.7457640660893118
2022-05-01,3,1,Diatom-associated early-year state,NO3,3.150229,-0.14574482440548137
2022-05-01,3,1,Diatom-associated early-year state,PO4,0.01344969,-0.18771726883233467
2022-05-01,3,1,Diatom-associated early-year state,SPCo2,37.4152,-0.30753600908558154
2022-05-01,3,1,Diatom-associated early-year state,MLD,11.25072,-0.574196907092048
2022-05-01,3,1,Diatom-associated early-year state,SSS,31.5627,-0.5504001858845581
2022-05-01,3,1,Diatom-associated early-year state,SSH,0.2722823,-0.2648220960011994
2022-05-01,3,1,Diatom-associated early-year state,PAR,48.03013,-0.09198076554193334
2022-05-01,3,1,Diatom-associated early-year state,PDO,-2.25,-0.3060500006024928
2022-05-01,3,1,Diatom-associated early-year state,NINO_3.4,-1.02,-0.20025235444619638
2022-05-01,3,1,Diatom-associated early-year state,WPI,-1.38,-0.023963810018249744
2022-05-01,3,1,Diatom-associated early-year state,MHW_MeanInt,0.9799731723637052,-0.024371060873494724
2022-05-01,3,1,Diatom-associated early-year state,MHW_MaxInt,1.3687648168383566,-0.10850524961947211
2022-05-01,3,1,Diatom-associated early-year state,MHW_CumInt,25.01976498745725,-0.04442658998622821
2022-06-01,2,1,Diatom-associated early-year state,SST,21.08089,-0.5358492009072415
2022-06-01,2,1,Diatom-associated early-year state,NO3,4.199473,-0.14000249706384146
2022-06-01,2,1,Diatom-associated early-year state,PO4,0.01152559,-0.1743585829494143
2022-06-01,2,1,Diatom-associated early-year state,SPCo2,42.47479,-0.1433642131969187
2022-06-01,2,1,Diatom-associated early-year state,MLD,10.33225,0.6133050335637967
2022-06-01,2,1,Diatom-associated early-year state,SSS,31.21168,-0.37838670409170416
2022-06-01,2,1,Diatom-associated early-year state,SSH,0.3088113,-0.24245674864147979
2022-06-01,2,1,Diatom-associated early-year state,PAR,46.10513,0.06914474191377394
2022-06-01,2,1,Diatom-associated early-year state,PDO,-1.34,-0.15511071967032977
2022-06-01,2,1,Diatom-associated early-year state,NINO_3.4,-0.77,0.03657773207806636
2022-06-01,2,1,Diatom-associated early-year state,WPI,-1.66,0.05948682506660337
2022-06-01,2,1,Diatom-associated early-year state,MHW_MeanInt,1.3602922069336003,0.048166387376805966
2022-06-01,2,1,Diatom-associated early-year state,MHW_MaxInt,1.8764004903779763,0.03709612081643109
2022-06-01,2,1,Diatom-associated early-year state,MHW_CumInt,28.23146366904732,0.12553146166236515
2022-07-01,2,1,Diatom-associated early-year state,SST,26.06562,-0.5857319737417819
2022-07-01,2,1,Diatom-associated early-year state,NO3,5.035843,-0.13294901861757863
2022-07-01,2,1,Diatom-associated early-year state,PO4,0.01332403,-0.07157404083238815
2022-07-01,2,1,Diatom-associated early-year state,SPCo2,47.11713,-0.14793145399192761
2022-07-01,2,1,Diatom-associated early-year state,MLD,10.33486,0.6943085175094168
2022-07-01,2,1,Diatom-associated early-year state,SSS,30.77983,-0.35728700694261273
2022-07-01,2,1,Diatom-associated early-year state,SSH,0.3445247,-0.254032936200097
2022-07-01,2,1,Diatom-associated early-year state,PAR,49.57646,0.06866959950877913
2022-07-01,2,1,Diatom-associated early-year state,PDO,-2.62,-0.10721317823581997
2022-07-01,2,1,Diatom-associated early-year state,NINO_3.4,-0.56,0.004457522908832822
2022-07-01,2,1,Diatom-associated early-year state,WPI,-0.52,-0.024941987812985643
2022-07-01,2,1,Diatom-associated early-year state,MHW_MeanInt,0.9008160553608004,0.034379502647715734
2022-07-01,2,1,Diatom-associated early-year state,MHW_MaxInt,1.1718738221284546,0.040929831197871525
2022-07-01,2,1,Diatom-associated early-year state,MHW_CumInt,11.665287942474146,0.15739591352653987
2022-08-01,3,1,Diatom-associated early-year state,SST,27.4845,-0.881838434812672
2022-08-01,3,1,Diatom-associated early-year state,NO3,5.283041,-0.23179665628198132
2022-08-01,3,1,Diatom-associated early-year state,PO4,0.01145695,-0.35090581331153403
2022-08-01,3,1,Diatom-associated early-year state,SPCo2,46.68492,-0.3311458954083611
2022-08-01,3,1,Diatom-associated early-year state,MLD,11.00023,0.13721967414071307
2022-08-01,3,1,Diatom-associated early-year state,SSS,31.15098,-0.5443543233203177
2022-08-01,3,1,Diatom-associated early-year state,SSH,0.3371069,-0.41676959413807696
2022-08-01,3,1,Diatom-associated early-year state,PAR,45.85601,-0.034430684659424664
2022-08-01,3,1,Diatom-associated early-year state,PDO,-2.38,-0.2650418362021193
2022-08-01,3,1,Diatom-associated early-year state,NINO_3.4,-0.96,-0.18647373136676637
2022-08-01,3,1,Diatom-associated early-year state,WPI,-0.41,-0.08453052322929025
2022-08-01,3,1,Diatom-associated early-year state,MHW_MeanInt,0.1154164384721498,-0.05391245418430813
2022-08-01,3,1,Diatom-associated early-year state,MHW_MaxInt,0.1411171880122858,-0.0713283860106709
2022-08-01,3,1,Diatom-associated early-year state,MHW_CumInt,0.9476107784301984,-0.12741888364702636
2022-09-01,3,1,Diatom-associated early-year state,SST,24.54202,-1.1748719414728332
2022-09-01,3,1,Diatom-associated early-year state,NO3,4.102106,-0.3889759458160829
2022-09-01,3,1,Diatom-associated early-year state,PO4,0.01395138,-0.18989150526254006
2022-09-01,3,1,Diatom-associated early-year state,SPCo2,40.70458,-0.3601966450233393
2022-09-01,3,1,Diatom-associated early-year state,MLD,16.87301,-0.8279476268543117
2022-09-01,3,1,Diatom-associated early-year state,SSS,31.43904,-0.6899942571647263
2022-09-01,3,1,Diatom-associated early-year state,SSH,0.4279191,-0.5241340630774645
2022-09-01,3,1,Diatom-associated early-year state,PAR,38.39801,-0.4879970366498122
2022-09-01,3,1,Diatom-associated early-year state,PDO,-2.29,-0.2580364436328914
2022-09-01,3,1,Diatom-associated early-year state,NINO_3.4,-1.06,0.060250938897106185
2022-09-01,3,1,Diatom-associated early-year state,WPI,1.82,0.02856255996910121
2022-09-01,3,1,Diatom-associated early-year state,MHW_MeanInt,0.071581319009287,-0.06996913008513454
2022-09-01,3,1,Diatom-associated early-year state,MHW_MaxInt,0.0879026245892987,-0.06110904078433697
2022-09-01,3,1,Diatom-associated early-year state,MHW_CumInt,0.4659260094241794,-0.14300061348079265
2022-10-01,3,1,Diatom-associated early-year state,SST,21.46513,-1.292512854364487
2022-10-01,3,1,Diatom-associated early-year state,NO3,3.569538,-0.30853632214558296
2022-10-01,3,1,Diatom-associated early-year state,PO4,0.01643616,-0.11722290313078118
2022-10-01,3,1,Diatom-associated early-year state,SPCo2,35.38271,-0.28852534694666
2022-10-01,3,1,Diatom-associated early-year state,MLD,24.71697,-0.7758478337295805
2022-10-01,3,1,Diatom-associated early-year state,SSS,31.59851,-0.7169754848299549
2022-10-01,3,1,Diatom-associated early-year state,SSH,0.3735748,-0.43377965908331995
2022-10-01,3,1,Diatom-associated early-year state,PAR,29.67984,-0.40996519367271583
2022-10-01,3,1,Diatom-associated early-year state,PDO,-1.8,-0.2997632281822209
2022-10-01,3,1,Diatom-associated early-year state,NINO_3.4,-0.99,0.10686262330566955
2022-10-01,3,1,Diatom-associated early-year state,WPI,1.04,0.06349206319076141
2022-10-01,3,1,Diatom-associated early-year state,MHW_MeanInt,0.8958207386438475,0.006759576353317194
2022-10-01,3,1,Diatom-associated early-year state,MHW_MaxInt,1.156329160959606,0.025019233294300953
2022-10-01,3,1,Diatom-associated early-year state,MHW_CumInt,12.302733969992266,0.22713474083486934
2022-11-01,2,1,Diatom-associated early-year state,SST,18.68626,-1.327211404904539
2022-11-01,2,1,Diatom-associated early-year state,NO3,3.320945,-0.27034797570268937
2022-11-01,2,1,Diatom-associated early-year state,PO4,0.02305966,0.08489319761927425
2022-11-01,2,1,Diatom-associated early-year state,SPCo2,32.0809,0.026069035535014953
2022-11-01,2,1,Diatom-associated early-year state,MLD,27.33835,-0.2608972695185845
2022-11-01,2,1,Diatom-associated early-year state,SSS,31.83529,-0.5657241101167834
2022-11-01,2,1,Diatom-associated early-year state,SSH,0.3581005,-0.34930879127695313
2022-11-01,2,1,Diatom-associated early-year state,PAR,19.828,0.5064235401527574
2022-11-01,2,1,Diatom-associated early-year state,PDO,-2.41,-0.03407647622344554
2022-11-01,2,1,Diatom-associated early-year state,NINO_3.4,-0.76,0.7915338431715495
2022-11-01,2,1,Diatom-associated early-year state,WPI,0.34,0.008586612153249084
2022-11-01,2,1,Diatom-associated early-year state,MHW_MeanInt,0.148593568342343,-0.017757959733294006
2022-11-01,2,1,Diatom-associated early-year state,MHW_MaxInt,0.1830841712396291,-0.03163458469364613
2022-11-01,2,1,Diatom-associated early-year state,MHW_CumInt,1.38760698697554,-0.10214567596854421
2022-12-01,1,1,Diatom-associated early-year state,SST,14.90764,1.492183353590969
2022-12-01,1,1,Diatom-associated early-year state,NO3,2.857501,0.04226936203786345
2022-12-01,1,1,Diatom-associated early-year state,PO4,0.0480772,0.271611933110234
2022-12-01,1,1,Diatom-associated early-year state,SPCo2,28.6872,0.12444159928213
2022-12-01,1,1,Diatom-associated early-year state,MLD,36.14372,-0.07106357954253692
2022-12-01,1,1,Diatom-associated early-year state,SSS,32.20572,0.047373276889479676
2022-12-01,1,1,Diatom-associated early-year state,SSH,0.2193665,0.18546549495887193
2022-12-01,1,1,Diatom-associated early-year state,PAR,15.89925,0.4160369464454006
2022-12-01,1,1,Diatom-associated early-year state,PDO,-2.21,-0.09396599012260995
2022-12-01,1,1,Diatom-associated early-year state,NINO_3.4,-0.86,1.163875100354573
2022-12-01,1,1,Diatom-associated early-year state,WPI,-0.02,0.07473118316944287
2022-12-01,1,1,Diatom-associated early-year state,MHW_MeanInt,0.255370443826112,0.05098384613220908
2022-12-01,1,1,Diatom-associated early-year state,MHW_MaxInt,0.3191525244122382,0.10037456205216934
2022-12-01,1,1,Diatom-associated early-year state,MHW_CumInt,2.5821476807133754,-0.01717594402477686
2003-01-01,1,2,Mixed-prokaryote mid-year state,SST,10.6536,-0.23325819268972867
2003-01-01,1,2,Mixed-prokaryote mid-year state,NO3,2.066182,-0.22745269170646615
2003-01-01,1,2,Mixed-prokaryote mid-year state,PO4,0.05948071,-0.10825117755186864
2003-01-01,1,2,Mixed-prokaryote mid-year state,SPCo2,23.79095,0.4419176434003028
2003-01-01,1,2,Mixed-prokaryote mid-year state,MLD,43.70361,-0.5869183527652598
2003-01-01,1,2,Mixed-prokaryote mid-year state,SSS,32.569,-0.26974036430089604
2003-01-01,1,2,Mixed-prokaryote mid-year state,SSH,0.1942705,0.20323537986276602
2003-01-01,1,2,Mixed-prokaryote mid-year state,PAR,18.2643,-0.3891001284650726
2003-01-01,1,2,Mixed-prokaryote mid-year state,PDO,1.45,-0.07834035500959065
2003-01-01,1,2,Mixed-prokaryote mid-year state,NINO_3.4,0.98,-0.26336187088463364
2003-01-01,1,2,Mixed-prokaryote mid-year state,WPI,-0.14,0.04131752275278603
2003-01-01,1,2,Mixed-prokaryote mid-year state,MHW_MeanInt,0.0131404711513522,-0.04797049143065838
2003-01-01,1,2,Mixed-prokaryote mid-year state,MHW_MaxInt,0.0143618905291345,0.0034381800485458395
2003-01-01,1,2,Mixed-prokaryote mid-year state,MHW_CumInt,0.0881562968539932,-0.17593814729044563
2003-02-01,1,2,Mixed-prokaryote mid-year state,SST,9.226859,-0.24829718449289412
2003-02-01,1,2,Mixed-prokaryote mid-year state,NO3,1.872806,-0.24315390196885545
2003-02-01,1,2,Mixed-prokaryote mid-year state,PO4,0.04826096,-0.12375546544110397
2003-02-01,1,2,Mixed-prokaryote mid-year state,SPCo2,23.73429,0.42432513641457414
2003-02-01,1,2,Mixed-prokaryote mid-year state,MLD,36.24125,-0.7705027975985634
2003-02-01,1,2,Mixed-prokaryote mid-year state,SSS,32.64018,-0.225102769911566
2003-02-01,1,2,Mixed-prokaryote mid-year state,SSH,0.234562,-0.11345440397384671
2003-02-01,1,2,Mixed-prokaryote mid-year state,PAR,23.45697,-0.4588345885321878
2003-02-01,1,2,Mixed-prokaryote mid-year state,PDO,1.23,0.22377149578420874
2003-02-01,1,2,Mixed-prokaryote mid-year state,NINO_3.4,0.64,-0.2787540791563495
2003-02-01,1,2,Mixed-prokaryote mid-year state,WPI,0.17,0.00932659410021254
2003-02-01,1,2,Mixed-prokaryote mid-year state,MHW_MeanInt,0.0171045352936157,-0.03813230833407899
2003-02-01,1,2,Mixed-prokaryote mid-year state,MHW_MaxInt,0.0203522111820129,-0.07791177219542425
2003-02-01,1,2,Mixed-prokaryote mid-year state,MHW_CumInt,0.0855226764680788,-0.12657579722873666
2003-03-01,1,2,Mixed-prokaryote mid-year state,SST,9.888013,-0.22889122486845878
2003-03-01,1,2,Mixed-prokaryote mid-year state,NO3,1.789827,-0.23703522820685555
2003-03-01,1,2,Mixed-prokaryote mid-year state,PO4,0.03192817,-0.11868150734345562
2003-03-01,1,2,Mixed-prokaryote mid-year state,SPCo2,25.29116,-0.3367415893651571
2003-03-01,1,2,Mixed-prokaryote mid-year state,MLD,26.85569,-0.7948465097613728
2003-03-01,1,2,Mixed-prokaryote mid-year state,SSS,32.66323,-0.16381000992692588
2003-03-01,1,2,Mixed-prokaryote mid-year state,SSH,0.1915937,0.22822321785985417
2003-03-01,1,2,Mixed-prokaryote mid-year state,PAR,31.66549,-0.34181131295419703
2003-03-01,1,2,Mixed-prokaryote mid-year state,PDO,1.01,0.20670235324256445
2003-03-01,1,2,Mixed-prokaryote mid-year state,NINO_3.4,0.48,-0.2948311737712341
2003-03-01,1,2,Mixed-prokaryote mid-year state,WPI,-1.01,0.1178686430420536
2003-03-01,1,2,Mixed-prokaryote mid-year state,MHW_MeanInt,0.0046435915267579,0.01607456206484397
2003-03-01,1,2,Mixed-prokaryote mid-year state,MHW_MaxInt,0.0054977391704626,0.03720883017888504
2003-03-01,1,2,Mixed-prokaryote mid-year state,MHW_CumInt,0.0232179576337899,-0.10082035050396199
2003-04-01,1,2,Mixed-prokaryote mid-year state,SST,11.75001,-0.22949617012365695
2003-04-01,1,2,Mixed-prokaryote mid-year state,NO3,2.553677,-0.2837192500548435
2003-04-01,1,2,Mixed-prokaryote mid-year state,PO4,0.01375037,0.143629368152606
2003-04-01,1,2,Mixed-prokaryote mid-year state,SPCo2,29.56994,-0.2193582628285183
2003-04-01,1,2,Mixed-prokaryote mid-year state,MLD,12.03047,-0.5852409700794854
2003-04-01,1,2,Mixed-prokaryote mid-year state,SSS,32.55077,-0.27727586313545854
2003-04-01,1,2,Mixed-prokaryote mid-year state,SSH,0.1350424,0.35678506718622205
2003-04-01,1,2,Mixed-prokaryote mid-year state,PAR,38.72302,-0.04267792858355616
2003-04-01,1,2,Mixed-prokaryote mid-year state,PDO,0.36,0.23740956870196345
2003-04-01,1,2,Mixed-prokaryote mid-year state,NINO_3.4,-0.03,-0.11451924009949647
2003-04-01,1,2,Mixed-prokaryote mid-year state,WPI,1.58,-0.03736551204550648
2003-04-01,1,2,Mixed-prokaryote mid-year state,MHW_MeanInt,0.2725131959791815,-0.05262052106110402
2003-04-01,1,2,Mixed-prokaryote mid-year state,MHW_MaxInt,0.306854244801655,-0.0660414788024044
2003-04-01,1,2,Mixed-prokaryote mid-year state,MHW_CumInt,1.8472360378628687,-0.0569526072350901
2003-05-01,2,2,Mixed-prokaryote mid-year state,SST,16.08669,0.014070284476494138
2003-05-01,2,2,Mixed-prokaryote mid-year state,NO3,3.514215,0.2191867477842982
2003-05-01,2,2,Mixed-prokaryote mid-year state,PO4,0.01084706,0.35100083230763995
2003-05-01,2,2,Mixed-prokaryote mid-year state,SPCo2,34.8829,0.12491005995858383
2003-05-01,2,2,Mixed-prokaryote mid-year state,MLD,10.88174,1.5820388065006012
2003-05-01,2,2,Mixed-prokaryote mid-year state,SSS,32.30488,0.08971482606352249
2003-05-01,2,2,Mixed-prokaryote mid-year state,SSH,0.2281191,0.038296585180028944
2003-05-01,2,2,Mixed-prokaryote mid-year state,PAR,44.47189,1.1118983185788724
2003-05-01,2,2,Mixed-prokaryote mid-year state,PDO,0.21,0.22133116146017606
2003-05-01,2,2,Mixed-prokaryote mid-year state,NINO_3.4,-0.52,0.584582635581138
2003-05-01,2,2,Mixed-prokaryote mid-year state,WPI,0.03,0.11455951612899298
2003-05-01,2,2,Mixed-prokaryote mid-year state,MHW_MeanInt,0.0215705614341163,0.05079062070033859
2003-05-01,2,2,Mixed-prokaryote mid-year state,MHW_MaxInt,0.0238242966565038,0.04401343732855359
2003-05-01,2,2,Mixed-prokaryote mid-year state,MHW_CumInt,0.1439373695860644,0.1322850320137239
2003-06-01,2,2,Mixed-prokaryote mid-year state,SST,19.74573,0.38847210480438304
2003-06-01,2,2,Mixed-prokaryote mid-year state,NO3,4.782942,0.23806407256950327
2003-06-01,2,2,Mixed-prokaryote mid-year state,PO4,0.01973093,0.2267911526819429
2003-06-01,2,2,Mixed-prokaryote mid-year state,SPCo2,39.29079,0.31070763018792413
2003-06-01,2,2,Mixed-prokaryote mid-year state,MLD,10.70942,2.618772058611438
2003-06-01,2,2,Mixed-prokaryote mid-year state,SSS,31.93707,0.3458104761215843
2003-06-01,2,2,Mixed-prokaryote mid-year state,SSH,0.2159175,0.23777013550245912
2003-06-01,2,2,Mixed-prokaryote mid-year state,PAR,43.89837,1.0255388658596325
2003-06-01,2,2,Mixed-prokaryote mid-year state,PDO,-0.42,0.10722091882069562
2003-06-01,2,2,Mixed-prokaryote mid-year state,NINO_3.4,-0.19,0.09413667531144115
2003-06-01,2,2,Mixed-prokaryote mid-year state,WPI,0.76,0.009387096709172154
2003-06-01,2,2,Mixed-prokaryote mid-year state,MHW_MeanInt,0.086527782011138,-0.022830674179357115
2003-06-01,2,2,Mixed-prokaryote mid-year state,MHW_MaxInt,0.095358425735349,0.020614845934094905
2003-06-01,2,2,Mixed-prokaryote mid-year state,MHW_CumInt,0.6060330550069817,-0.06896854530993093
2003-07-01,2,2,Mixed-prokaryote mid-year state,SST,23.4168,0.35683360820338794
2003-07-01,2,2,Mixed-prokaryote mid-year state,NO3,6.44504,0.39133400453581224
2003-07-01,2,2,Mixed-prokaryote mid-year state,PO4,0.0197171,0.21055774937147814
2003-07-01,2,2,Mixed-prokaryote mid-year state,SPCo2,41.09243,0.31240814690153274
2003-07-01,2,2,Mixed-prokaryote mid-year state,MLD,10.28391,2.6447612085301744
2003-07-01,2,2,Mixed-prokaryote mid-year state,SSS,31.59149,0.32092861254576827
2003-07-01,2,2,Mixed-prokaryote mid-year state,SSH,0.2527651,-0.015878273909991004
2003-07-01,2,2,Mixed-prokaryote mid-year state,PAR,43.4742,0.7241608038096324
2003-07-01,2,2,Mixed-prokaryote mid-year state,PDO,0.37,0.14818475854422952
2003-07-01,2,2,Mixed-prokaryote mid-year state,NINO_3.4,0.14,0.03925176884317979
2003-07-01,2,2,Mixed-prokaryote mid-year state,WPI,-1.94,-0.09630082464700292
2003-07-01,2,2,Mixed-prokaryote mid-year state,MHW_MeanInt,0.1200739796195724,-0.027269251266126993
2003-07-01,2,2,Mixed-prokaryote mid-year state,MHW_MaxInt,0.1350950391818477,-0.011976216930671336
2003-07-01,2,2,Mixed-prokaryote mid-year state,MHW_CumInt,0.7938286167281388,-0.17079967256495354
2003-08-01,3,2,Mixed-prokaryote mid-year state,SST,26.00336,0.005735543807885681
2003-08-01,3,2,Mixed-prokaryote mid-year state,NO3,6.747303,-0.28752167925115607
2003-08-01,3,2,Mixed-prokaryote mid-year state,PO4,0.01895659,0.0686274561415029
2003-08-01,3,2,Mixed-prokaryote mid-year state,SPCo2,41.42951,0.08922501826619969
2003-08-01,3,2,Mixed-prokaryote mid-year state,MLD,10.77536,1.416869248150024
2003-08-01,3,2,Mixed-prokaryote mid-year state,SSS,31.44741,0.140208433745408
2003-08-01,3,2,Mixed-prokaryote mid-year state,SSH,0.3014184,-0.29333837141359975
2003-08-01,3,2,Mixed-prokaryote mid-year state,PAR,42.03368,-0.7214782729466921
2003-08-01,3,2,Mixed-prokaryote mid-year state,PDO,0.63,-0.15299167664335359
2003-08-01,3,2,Mixed-prokaryote mid-year state,NINO_3.4,0.05,-0.15753972843625255
2003-08-01,3,2,Mixed-prokaryote mid-year state,WPI,-0.9,-0.14110732144805596
2003-08-01,3,2,Mixed-prokaryote mid-year state,MHW_MeanInt,0.3628347578339257,-0.11217345752417979
2003-08-01,3,2,Mixed-prokaryote mid-year state,MHW_MaxInt,0.411082859812034,-0.16692427347660782
2003-08-01,3,2,Mixed-prokaryote mid-year state,MHW_CumInt,2.2605519257653826,-0.37070942396067225
2003-09-01,3,2,Mixed-prokaryote mid-year state,SST,24.95572,0.13458777811748138
2003-09-01,3,2,Mixed-prokaryote mid-year state,NO3,5.868157,0.17879486994081314
2003-09-01,3,2,Mixed-prokaryote mid-year state,PO4,0.01896781,0.02879706067493053
2003-09-01,3,2,Mixed-prokaryote mid-year state,SPCo2,38.03652,-0.0539425117296081
2003-09-01,3,2,Mixed-prokaryote mid-year state,MLD,13.07886,-1.5349864405836342
2003-09-01,3,2,Mixed-prokaryote mid-year state,SSS,31.56733,0.10815837715880904
2003-09-01,3,2,Mixed-prokaryote mid-year state,SSH,0.3381976,-0.3034075616570053
2003-09-01,3,2,Mixed-prokaryote mid-year state,PAR,37.95425,-0.5947553334250695
2003-09-01,3,2,Mixed-prokaryote mid-year state,PDO,-0.17,0.035984818560952
2003-09-01,3,2,Mixed-prokaryote mid-year state,NINO_3.4,0.15,-0.19675221908248103
2003-09-01,3,2,Mixed-prokaryote mid-year state,WPI,-2.17,-0.10869920365312305
2003-09-01,3,2,Mixed-prokaryote mid-year state,MHW_MeanInt,0.0317860579222881,-0.06611855370945767
2003-09-01,3,2,Mixed-prokaryote mid-year state,MHW_MaxInt,0.0346954744085692,-0.04361972468084472
2003-09-01,3,2,Mixed-prokaryote mid-year state,MHW_CumInt,0.25940113727433,-0.190861414283064
2003-10-01,3,2,Mixed-prokaryote mid-year state,SST,21.49835,0.19392967672461295
2003-10-01,3,2,Mixed-prokaryote mid-year state,NO3,4.553604,-0.04888747296546605
2003-10-01,3,2,Mixed-prokaryote mid-year state,PO4,0.01595329,0.03846003014308515
2003-10-01,3,2,Mixed-prokaryote mid-year state,SPCo2,32.8923,-0.2111172127086371
2003-10-01,3,2,Mixed-prokaryote mid-year state,MLD,22.12526,-1.6707492892416809
2003-10-01,3,2,Mixed-prokaryote mid-year state,SSS,31.88859,0.12292934014958194
2003-10-01,3,2,Mixed-prokaryote mid-year state,SSH,0.3535486,-0.16292894471226288
2003-10-01,3,2,Mixed-prokaryote mid-year state,PAR,30.67915,-0.702281223522598
2003-10-01,3,2,Mixed-prokaryote mid-year state,PDO,0.74,0.15735032008685906
2003-10-01,3,2,Mixed-prokaryote mid-year state,NINO_3.4,0.46,-0.4272918661739929
2003-10-01,3,2,Mixed-prokaryote mid-year state,WPI,-0.42,0.022378663605562517
2003-10-01,3,2,Mixed-prokaryote mid-year state,MHW_MeanInt,0.0291644833871338,-0.07876851268146401
2003-10-01,3,2,Mixed-prokaryote mid-year state,MHW_MaxInt,0.0317398388561604,-0.06226140882600391
2003-10-01,3,2,Mixed-prokaryote mid-year state,MHW_CumInt,0.176513936748717,-0.22516902908758202
2003-11-01,3,2,Mixed-prokaryote mid-year state,SST,18.29269,0.3653011125289431
2003-11-01,3,2,Mixed-prokaryote mid-year state,NO3,3.699384,-0.05204545632003875
2003-11-01,3,2,Mixed-prokaryote mid-year state,PO4,0.02276026,0.0016652998803197803
2003-11-01,3,2,Mixed-prokaryote mid-year state,SPCo2,29.37968,-0.40689431247980296
2003-11-01,3,2,Mixed-prokaryote mid-year state,MLD,25.82172,-1.2486581137447683
2003-11-01,3,2,Mixed-prokaryote mid-year state,SSS,32.146,-0.025870853192419902
2003-11-01,3,2,Mixed-prokaryote mid-year state,SSH,0.3094546,-0.20832004952307917
2003-11-01,3,2,Mixed-prokaryote mid-year state,PAR,19.52595,-0.5032359597290581
2003-11-01,3,2,Mixed-prokaryote mid-year state,PDO,-0.23,0.04340067390775505
2003-11-01,3,2,Mixed-prokaryote mid-year state,NINO_3.4,0.39,-0.6437894146771498
2003-11-01,3,2,Mixed-prokaryote mid-year state,WPI,0.69,0.04528295324606221
2003-11-01,3,2,Mixed-prokaryote mid-year state,MHW_MeanInt,0.0347127636809647,-0.08684414286384132
2003-11-01,3,2,Mixed-prokaryote mid-year state,MHW_MaxInt,0.0410262867207363,-0.07909969062953168
2003-11-01,3,2,Mixed-prokaryote mid-year state,MHW_CumInt,0.2889259208268783,-0.2687585286744334
2003-12-01,3,2,Mixed-prokaryote mid-year state,SST,14.18948,-0.3632982632596255
2003-12-01,3,2,Mixed-prokaryote mid-year state,NO3,2.481625,-0.4041148662745271
2003-12-01,3,2,Mixed-prokaryote mid-year state,PO4,0.03871807,-0.26029895525752184
2003-12-01,3,2,Mixed-prokaryote mid-year state,SPCo2,26.20514,-0.5462619985195201
2003-12-01,3,2,Mixed-prokaryote mid-year state,MLD,37.02884,-0.9672556971975184
2003-12-01,3,2,Mixed-prokaryote mid-year state,SSS,32.3822,-0.3749705465068761
2003-12-01,3,2,Mixed-prokaryote mid-year state,SSH,0.1997933,-0.004573796942591852
2003-12-01,3,2,Mixed-prokaryote mid-year state,PAR,17.37022,-0.730709348614492
2003-12-01,3,2,Mixed-prokaryote mid-year state,PDO,-0.6,-0.04953438694340056
2003-12-01,3,2,Mixed-prokaryote mid-year state,NINO_3.4,0.32,-0.47494899967128495
2003-12-01,3,2,Mixed-prokaryote mid-year state,WPI,0.8,-0.11528292050660577
2003-12-01,3,2,Mixed-prokaryote mid-year state,MHW_MeanInt,0.0305836895785291,-0.10546565086563787
2003-12-01,3,2,Mixed-prokaryote mid-year state,MHW_MaxInt,0.0357636532173325,-0.12780560656824966
2003-12-01,3,2,Mixed-prokaryote mid-year state,MHW_CumInt,0.1671471642657015,-0.3323080678315052
2004-01-01,1,2,Mixed-prokaryote mid-year state,SST,10.96138,-0.2549200351583669
2004-01-01,1,2,Mixed-prokaryote mid-year state,NO3,2.073107,-0.24591351343851411
2004-01-01,1,2,Mixed-prokaryote mid-year state,PO4,0.05104483,-0.13120788658655141
2004-01-01,1,2,Mixed-prokaryote mid-year state,SPCo2,24.43506,0.3943018716644331
2004-01-01,1,2,Mixed-prokaryote mid-year state,MLD,41.40466,-0.6938073054382352
2004-01-01,1,2,Mixed-prokaryote mid-year state,SSS,32.54317,-0.27010467972418345
2004-01-01,1,2,Mixed-prokaryote mid-year state,SSH,0.2006977,0.08031859075252652
2004-01-01,1,2,Mixed-prokaryote mid-year state,PAR,18.0528,-0.4616817974253393
2004-01-01,1,2,Mixed-prokaryote mid-year state,PDO,-0.55,0.04848741221876668
2004-01-01,1,2,Mixed-prokaryote mid-year state,NINO_3.4,0.26,-0.23526849059670182
2004-01-01,1,2,Mixed-prokaryote mid-year state,WPI,-1.58,0.11020258921859907
2004-01-01,1,2,Mixed-prokaryote mid-year state,MHW_MeanInt,0.0896650927657766,-0.10554350632045834
2004-01-01,1,2,Mixed-prokaryote mid-year state,MHW_MaxInt,0.1065944246269022,-0.0903250115969869
2004-01-01,1,2,Mixed-prokaryote mid-year state,MHW_CumInt,0.7076375976351985,-0.18506725016923062
2004-02-01,1,2,Mixed-prokaryote mid-year state,SST,9.451482,-0.2237659806197056
2004-02-01,1,2,Mixed-prokaryote mid-year state,NO3,1.997658,-0.234783285562905
2004-02-01,1,2,Mixed-prokaryote mid-year state,PO4,0.04368897,-0.12586501410621367
2004-02-01,1,2,Mixed-prokaryote mid-year state,SPCo2,24.0791,0.37483211720746
2004-02-01,1,2,Mixed-prokaryote mid-year state,MLD,32.8154,-0.7438205317587152
2004-02-01,1,2,Mixed-prokaryote mid-year state,SSS,32.65039,-0.18887632783558267
2004-02-01,1,2,Mixed-prokaryote mid-year state,SSH,0.1383744,0.19854907065563895
2004-02-01,1,2,Mixed-prokaryote mid-year state,PAR,27.39863,-0.4369920697303532
2004-02-01,1,2,Mixed-prokaryote mid-year state,PDO,-0.21,0.19013679702503547
2004-02-01,1,2,Mixed-prokaryote mid-year state,NINO_3.4,0.17,-0.22340174066133656
2004-02-01,1,2,Mixed-prokaryote mid-year state,WPI,0.6,-0.12504844334450427
2004-02-01,1,2,Mixed-prokaryote mid-year state,MHW_MeanInt,0.0144829530394947,-0.05524941608499236
2004-02-01,1,2,Mixed-prokaryote mid-year state,MHW_MaxInt,0.0161240420251843,-0.0027010325209709273
2004-02-01,1,2,Mixed-prokaryote mid-year state,MHW_CumInt,0.0798289664429455,-0.12589297393578827
2004-03-01,1,2,Mixed-prokaryote mid-year state,SST,9.93364,-0.29282190056535146
2004-03-01,1,2,Mixed-prokaryote mid-year state,NO3,1.945145,-0.27286059552855635
2004-03-01,1,2,Mixed-prokaryote mid-year state,PO4,0.02656696,-0.08759415943055603
2004-03-01,1,2,Mixed-prokaryote mid-year state,SPCo2,25.9697,-0.3207125959492164
2004-03-01,1,2,Mixed-prokaryote mid-year state,MLD,22.75871,-0.8430788617508779
2004-03-01,1,2,Mixed-prokaryote mid-year state,SSS,32.66227,-0.19269661011723868
2004-03-01,1,2,Mixed-prokaryote mid-year state,SSH,0.1673723,0.22673990400103558
2004-03-01,1,2,Mixed-prokaryote mid-year state,PAR,33.84466,-0.36639154353933817
2004-03-01,1,2,Mixed-prokaryote mid-year state,PDO,-0.15,0.19220348285899863
2004-03-01,1,2,Mixed-prokaryote mid-year state,NINO_3.4,-0.1,-0.23994465020036843
2004-03-01,1,2,Mixed-prokaryote mid-year state,WPI,0.13,0.02072126958249134
2004-03-01,1,2,Mixed-prokaryote mid-year state,MHW_MeanInt,0.0889921173083223,-0.06469572909834453
2004-03-01,1,2,Mixed-prokaryote mid-year state,MHW_MaxInt,0.0987277079031283,-0.060108485663954804
2004-03-01,1,2,Mixed-prokaryote mid-year state,MHW_CumInt,0.5079852691607409,-0.0998263945532399
2004-04-01,1,2,Mixed-prokaryote mid-year state,SST,12.11376,-0.2261022899617868
2004-04-01,1,2,Mixed-prokaryote mid-year state,NO3,2.413163,-0.2976032504663737
2004-04-01,1,2,Mixed-prokaryote mid-year state,PO4,0.01413774,0.17050517893550865
2004-04-01,1,2,Mixed-prokaryote mid-year state,SPCo2,29.96865,-0.21224345463701982
2004-04-01,1,2,Mixed-prokaryote mid-year state,MLD,13.00257,-0.5972831324302599
2004-04-01,1,2,Mixed-prokaryote mid-year state,SSS,32.58536,-0.2564447789068915
2004-04-01,1,2,Mixed-prokaryote mid-year state,SSH,0.1543983,0.36371008610968814
2004-04-01,1,2,Mixed-prokaryote mid-year state,PAR,42.58654,0.0443720827419397
2004-04-01,1,2,Mixed-prokaryote mid-year state,PDO,0.0,0.19793244295687445
2004-04-01,1,2,Mixed-prokaryote mid-year state,NINO_3.4,0.06,-0.13437682630241604
2004-04-01,1,2,Mixed-prokaryote mid-year state,WPI,0.49,-0.059363985385918375
2004-04-01,1,2,Mixed-prokaryote mid-year state,MHW_MeanInt,0.1521171883776541,-0.028096581510879178
2004-04-01,1,2,Mixed-prokaryote mid-year state,MHW_MaxInt,0.1748654234978583,-0.0071485072677270785
2004-04-01,1,2,Mixed-prokaryote mid-year state,MHW_CumInt,0.904777400033762,-0.009909717509290676
2004-05-01,1,2,Mixed-prokaryote mid-year state,SST,16.42801,0.006593007829121525
2004-05-01,1,2,Mixed-prokaryote mid-year state,NO3,3.841927,0.15105768915523984
2004-05-01,1,2,Mixed-prokaryote mid-year state,PO4,0.01084378,-0.26497482120592714
2004-05-01,1,2,Mixed-prokaryote mid-year state,SPCo2,34.93535,-0.025531650825439654
2004-05-01,1,2,Mixed-prokaryote mid-year state,MLD,10.60486,1.6527093212817825
2004-05-01,1,2,Mixed-prokaryote mid-year state,SSS,32.29169,-0.10727639656514348
2004-05-01,1,2,Mixed-prokaryote mid-year state,SSH,0.2026526,0.2032233911004228
2004-05-01,1,2,Mixed-prokaryote mid-year state,PAR,43.02498,0.10405518191686942
2004-05-01,1,2,Mixed-prokaryote mid-year state,PDO,0.61,0.021758228526864303
2004-05-01,1,2,Mixed-prokaryote mid-year state,NINO_3.4,0.1,-0.08395464776796939
2004-05-01,1,2,Mixed-prokaryote mid-year state,WPI,0.4,-0.07337130780868456
2004-05-01,1,2,Mixed-prokaryote mid-year state,MHW_MeanInt,0.4103467719988746,-0.004568839751639483
2004-05-01,1,2,Mixed-prokaryote mid-year state,MHW_MaxInt,0.4672688396756965,-0.07132833159976346
2004-05-01,1,2,Mixed-prokaryote mid-year state,MHW_CumInt,2.5824005545023456,-0.07212318789288985
2004-06-01,2,2,Mixed-prokaryote mid-year state,SST,20.89214,0.39527952590567944
2004-06-01,2,2,Mixed-prokaryote mid-year state,NO3,4.724819,0.22129434510542265
2004-06-01,2,2,Mixed-prokaryote mid-year state,PO4,0.01717499,0.23289068105750088
2004-06-01,2,2,Mixed-prokaryote mid-year state,SPCo2,40.20191,0.3028967681021934
2004-06-01,2,2,Mixed-prokaryote mid-year state,MLD,10.81542,1.6647897790056116
2004-06-01,2,2,Mixed-prokaryote mid-year state,SSS,31.92266,0.33744012136776325
2004-06-01,2,2,Mixed-prokaryote mid-year state,SSH,0.2117204,0.1099966015793053
2004-06-01,2,2,Mixed-prokaryote mid-year state,PAR,44.87814,1.0308783373571857
2004-06-01,2,2,Mixed-prokaryote mid-year state,PDO,-0.11,0.15513121651474768
2004-06-01,2,2,Mixed-prokaryote mid-year state,NINO_3.4,0.14,0.10436955532103714
2004-06-01,2,2,Mixed-prokaryote mid-year state,WPI,2.08,-0.10977522223508179
2004-06-01,2,2,Mixed-prokaryote mid-year state,MHW_MeanInt,0.7052243039103672,0.12281468906078913
2004-06-01,2,2,Mixed-prokaryote mid-year state,MHW_MaxInt,0.825713052696114,0.09761941835610602
2004-06-01,2,2,Mixed-prokaryote mid-year state,MHW_CumInt,8.225532063302692,0.32316781428612534
2004-07-01,2,2,Mixed-prokaryote mid-year state,SST,24.48953,0.3507674833570994
2004-07-01,2,2,Mixed-prokaryote mid-year state,NO3,6.028406,0.3800036449251487
2004-07-01,2,2,Mixed-prokaryote mid-year state,PO4,0.01383416,0.19721879350689905
2004-07-01,2,2,Mixed-prokaryote mid-year state,SPCo2,42.20972,0.29076668062448335
2004-07-01,2,2,Mixed-prokaryote mid-year state,MLD,10.43177,2.4526478964144878
2004-07-01,2,2,Mixed-prokaryote mid-year state,SSS,31.63861,0.31048442814918215
2004-07-01,2,2,Mixed-prokaryote mid-year state,SSH,0.3046883,-0.15463969788129428
2004-07-01,2,2,Mixed-prokaryote mid-year state,PAR,47.94345,1.0898134984274988
2004-07-01,2,2,Mixed-prokaryote mid-year state,PDO,0.04,0.13433010104448864
2004-07-01,2,2,Mixed-prokaryote mid-year state,NINO_3.4,0.41,0.0392441502784857
2004-07-01,2,2,Mixed-prokaryote mid-year state,WPI,0.34,0.014055012435081154
2004-07-01,2,2,Mixed-prokaryote mid-year state,MHW_MeanInt,0.440318993464901,0.06484336981857491
2004-07-01,2,2,Mixed-prokaryote mid-year state,MHW_MaxInt,0.511544179146927,0.03217803055624191
2004-07-01,2,2,Mixed-prokaryote mid-year state,MHW_CumInt,3.044725152229759,-0.207284067422084
2004-08-01,3,2,Mixed-prokaryote mid-year state,SST,27.28089,-0.11745931899335889
2004-08-01,3,2,Mixed-prokaryote mid-year state,NO3,6.00083,0.20686585239218033
2004-08-01,3,2,Mixed-prokaryote mid-year state,PO4,0.02014996,0.004190705237178186
2004-08-01,3,2,Mixed-prokaryote mid-year state,SPCo2,42.2198,0.13500950846226195
2004-08-01,3,2,Mixed-prokaryote mid-year state,MLD,11.41334,-1.6462606550929275
2004-08-01,3,2,Mixed-prokaryote mid-year state,SSS,31.47626,0.12094029067490197
2004-08-01,3,2,Mixed-prokaryote mid-year state,SSH,0.3600362,-0.19058139392712087
2004-08-01,3,2,Mixed-prokaryote mid-year state,PAR,44.73951,0.7563077752574923
2004-08-01,3,2,Mixed-prokaryote mid-year state,PDO,0.24,-0.031451235558062444
2004-08-01,3,2,Mixed-prokaryote mid-year state,NINO_3.4,0.66,-0.14836748156778487
2004-08-01,3,2,Mixed-prokaryote mid-year state,WPI,-0.03,-0.0012717447168715647
2004-08-01,3,2,Mixed-prokaryote mid-year state,MHW_MeanInt,0.0257680290153294,-0.07148038139026942
2004-08-01,3,2,Mixed-prokaryote mid-year state,MHW_MaxInt,0.0289674897487251,-0.06083633613261159
2004-08-01,3,2,Mixed-prokaryote mid-year state,MHW_CumInt,0.2004430528505677,-0.24965270787909763
2004-09-01,3,2,Mixed-prokaryote mid-year state,SST,24.63984,0.089012451586335
2004-09-01,3,2,Mixed-prokaryote mid-year state,NO3,4.70664,-0.05579813857021647
2004-09-01,3,2,Mixed-prokaryote mid-year state,PO4,0.01426346,0.03891878059956658
2004-09-01,3,2,Mixed-prokaryote mid-year state,SPCo2,37.38408,-0.0810140165251963
2004-09-01,3,2,Mixed-prokaryote mid-year state,MLD,15.42297,-1.7282045051458839
2004-09-01,3,2,Mixed-prokaryote mid-year state,SSS,31.62282,0.0803187583678777
2004-09-01,3,2,Mixed-prokaryote mid-year state,SSH,0.345729,-0.27749064065800166
2004-09-01,3,2,Mixed-prokaryote mid-year state,PAR,35.61415,-0.6306953803541646
2004-09-01,3,2,Mixed-prokaryote mid-year state,PDO,0.02,0.05062618539346954
2004-09-01,3,2,Mixed-prokaryote mid-year state,NINO_3.4,0.67,-0.3366298284003041
2004-09-01,3,2,Mixed-prokaryote mid-year state,WPI,0.26,-0.06907503533112787
2004-09-01,3,2,Mixed-prokaryote mid-year state,MHW_MeanInt,0.0,-0.1274670150362154
2004-09-01,3,2,Mixed-prokaryote mid-year state,MHW_MaxInt,0.0,-0.11000506202278798
2004-09-01,3,2,Mixed-prokaryote mid-year state,MHW_CumInt,0.0,-0.26494993177212506
2004-10-01,3,2,Mixed-prokaryote mid-year state,SST,21.5269,0.2592227556897525
2004-10-01,3,2,Mixed-prokaryote mid-year state,NO3,3.753388,-0.03814575500739548
2004-10-01,3,2,Mixed-prokaryote mid-year state,PO4,0.01845098,0.04033376008770999
2004-10-01,3,2,Mixed-prokaryote mid-year state,SPCo2,32.82095,-0.20107671662454948
2004-10-01,3,2,Mixed-prokaryote mid-year state,MLD,23.89636,-1.7489937795810855
2004-10-01,3,2,Mixed-prokaryote mid-year state,SSS,31.94041,0.16778547933839083
2004-10-01,3,2,Mixed-prokaryote mid-year state,SSH,0.3262095,-0.23797046217795703
2004-10-01,3,2,Mixed-prokaryote mid-year state,PAR,31.95409,-0.773015003413065
2004-10-01,3,2,Mixed-prokaryote mid-year state,PDO,-0.72,0.002953564422647379
2004-10-01,3,2,Mixed-prokaryote mid-year state,NINO_3.4,0.73,-0.4806092114234603
2004-10-01,3,2,Mixed-prokaryote mid-year state,WPI,0.89,0.05366596172519034
2004-10-01,3,2,Mixed-prokaryote mid-year state,MHW_MeanInt,0.2316462288261515,-0.08595758787248188
2004-10-01,3,2,Mixed-prokaryote mid-year state,MHW_MaxInt,0.2561818053616116,-0.09820484023973478
2004-10-01,3,2,Mixed-prokaryote mid-year state,MHW_CumInt,1.973895998423072,-0.2037848235137126
2004-11-01,3,2,Mixed-prokaryote mid-year state,SST,18.65132,0.2955280055528959
2004-11-01,3,2,Mixed-prokaryote mid-year state,NO3,3.491994,-0.07640112517527978
2004-11-01,3,2,Mixed-prokaryote mid-year state,PO4,0.02362705,-0.009123148826573772
2004-11-01,3,2,Mixed-prokaryote mid-year state,SPCo2,29.38143,-0.38454738750974266
2004-11-01,3,2,Mixed-prokaryote mid-year state,MLD,28.74349,-1.360034782609611
2004-11-01,3,2,Mixed-prokaryote mid-year state,SSS,32.20064,-0.10928687911656725
2004-11-01,3,2,Mixed-prokaryote mid-year state,SSH,0.2840581,-0.18591818720532852
2004-11-01,3,2,Mixed-prokaryote mid-year state,PAR,22.29022,-0.6152581251502263
2004-11-01,3,2,Mixed-prokaryote mid-year state,PDO,-1.22,-0.15040389254477712
2004-11-01,3,2,Mixed-prokaryote mid-year state,NINO_3.4,0.62,-0.40961886756914606
2004-11-01,3,2,Mixed-prokaryote mid-year state,WPI,0.65,-0.1023072866413527
2004-11-01,3,2,Mixed-prokaryote mid-year state,MHW_MeanInt,0.6080709565738308,0.14792990722536775
2004-11-01,3,2,Mixed-prokaryote mid-year state,MHW_MaxInt,0.6839806635153076,0.16646128611174413
2004-11-01,3,2,Mixed-prokaryote mid-year state,MHW_CumInt,5.134639752536748,0.34155582204022944
2004-12-01,3,2,Mixed-prokaryote mid-year state,SST,15.45889,-0.30363665996959854
2004-12-01,3,2,Mixed-prokaryote mid-year state,NO3,2.70595,-0.2730891162880026
2004-12-01,3,2,Mixed-prokaryote mid-year state,PO4,0.0378954,-0.21667756389694617
2004-12-01,3,2,Mixed-prokaryote mid-year state,SPCo2,26.61039,-0.5725075627984766
2004-12-01,3,2,Mixed-prokaryote mid-year state,MLD,35.698,-0.9437354408603228
2004-12-01,3,2,Mixed-prokaryote mid-year state,SSS,32.41623,-0.3817497449957459
2004-12-01,3,2,Mixed-prokaryote mid-year state,SSH,0.2969101,-0.14716142657937845
2004-12-01,3,2,Mixed-prokaryote mid-year state,PAR,16.03355,-0.6891842273682419
2004-12-01,3,2,Mixed-prokaryote mid-year state,PDO,-0.64,-0.039987493096288074
2004-12-01,3,2,Mixed-prokaryote mid-year state,NINO_3.4,0.71,-0.5389948904989385
2004-12-01,3,2,Mixed-prokaryote mid-year state,WPI,0.2,-0.0526333839878324
2004-12-01,3,2,Mixed-prokaryote mid-year state,MHW_MeanInt,0.0884463851870533,-0.1215165664740757
2004-12-01,3,2,Mixed-prokaryote mid-year state,MHW_MaxInt,0.1023935057547741,-0.1460326142661294
2004-12-01,3,2,Mixed-prokaryote mid-year state,MHW_CumInt,0.5038920422085512,-0.32539550072354234
2005-01-01,1,2,Mixed-prokaryote mid-year state,SST,11.36995,-0.20232569736962247
2005-01-01,1,2,Mixed-prokaryote mid-year state,NO3,1.795859,-0.19796108409928856
2005-01-01,1,2,Mixed-prokaryote mid-year state,PO4,0.05949871,-0.09395672131383286
2005-01-01,1,2,Mixed-prokaryote mid-year state,SPCo2,24.11662,0.45979507777071876
2005-01-01,1,2,Mixed-prokaryote mid-year state,MLD,44.78685,-0.6407340446128933
2005-01-01,1,2,Mixed-prokaryote mid-year state,SSS,32.56802,-0.23633769117742662
2005-01-01,1,2,Mixed-prokaryote mid-year state,SSH,0.2318924,-0.11064873452920326
2005-01-01,1,2,Mixed-prokaryote mid-year state,PAR,17.39421,-0.42154474583560203
2005-01-01,1,2,Mixed-prokaryote mid-year state,PDO,-0.15,0.17484670001556307
2005-01-01,1,2,Mixed-prokaryote mid-year state,NINO_3.4,0.56,-0.25700749880607093
2005-01-01,1,2,Mixed-prokaryote mid-year state,WPI,-0.93,0.1304037572617917
2005-01-01,1,2,Mixed-prokaryote mid-year state,MHW_MeanInt,0.0070767362045926,-0.016678826260372356
2005-01-01,1,2,Mixed-prokaryote mid-year state,MHW_MaxInt,0.0076803033718412,0.012540152124636831
2005-01-01,1,2,Mixed-prokaryote mid-year state,MHW_CumInt,0.0353836810229631,-0.18001283845265317
2005-02-01,1,2,Mixed-prokaryote mid-year state,SST,9.251629,-0.17864633849852302
2005-02-01,1,2,Mixed-prokaryote mid-year state,NO3,1.451779,-0.26603268615278175
2005-02-01,1,2,Mixed-prokaryote mid-year state,PO4,0.06191359,-0.12116687897417835
2005-02-01,1,2,Mixed-prokaryote mid-year state,SPCo2,23.73619,0.4397574657032794
2005-02-01,1,2,Mixed-prokaryote mid-year state,MLD,41.38416,-0.6485632615108885
2005-02-01,1,2,Mixed-prokaryote mid-year state,SSS,32.66693,-0.18775206945021952
2005-02-01,1,2,Mixed-prokaryote mid-year state,SSH,0.2228227,-0.08471762194172963
2005-02-01,1,2,Mixed-prokaryote mid-year state,PAR,21.11561,-0.4730192423442792
2005-02-01,1,2,Mixed-prokaryote mid-year state,PDO,-0.01,0.1857148305906939
2005-02-01,1,2,Mixed-prokaryote mid-year state,NINO_3.4,0.26,-0.20035949710735676
2005-02-01,1,2,Mixed-prokaryote mid-year state,WPI,0.34,-0.028759859925851988
2005-02-01,1,2,Mixed-prokaryote mid-year state,MHW_MeanInt,0.0,0.003030080170918671
2005-02-01,1,2,Mixed-prokaryote mid-year state,MHW_MaxInt,0.0,0.009753609592379761
2005-02-01,1,2,Mixed-prokaryote mid-year state,MHW_CumInt,0.0,-0.12314638470365832
2005-03-01,1,2,Mixed-prokaryote mid-year state,SST,9.172435,-0.23995428085355408
2005-03-01,1,2,Mixed-prokaryote mid-year state,NO3,1.41001,-0.3280039918334289
2005-03-01,1,2,Mixed-prokaryote mid-year state,PO4,0.04224682,-0.11402754789119274
2005-03-01,1,2,Mixed-prokaryote mid-year state,SPCo2,24.74672,0.38628481639446877
2005-03-01,1,2,Mixed-prokaryote mid-year state,MLD,28.92896,-0.7522131852349547
2005-03-01,1,2,Mixed-prokaryote mid-year state,SSS,32.67717,-0.2244928938712246
2005-03-01,1,2,Mixed-prokaryote mid-year state,SSH,0.1302211,0.2285962439351571
2005-03-01,1,2,Mixed-prokaryote mid-year state,PAR,34.69415,-0.3259326207187594
2005-03-01,1,2,Mixed-prokaryote mid-year state,PDO,0.7,0.24245420655865724
2005-03-01,1,2,Mixed-prokaryote mid-year state,NINO_3.4,0.28,-0.1850386256134464
2005-03-01,1,2,Mixed-prokaryote mid-year state,WPI,-0.22,0.052597946837475144
2005-03-01,1,2,Mixed-prokaryote mid-year state,MHW_MeanInt,0.0903592270932822,-0.07268846905643199
2005-03-01,1,2,Mixed-prokaryote mid-year state,MHW_MaxInt,0.1020311938332123,-0.0620459139666526
2005-03-01,1,2,Mixed-prokaryote mid-year state,MHW_CumInt,0.4906887207195745,-0.09138820352327383
2005-04-01,1,2,Mixed-prokaryote mid-year state,SST,12.12134,-0.30852247706244623
2005-04-01,1,2,Mixed-prokaryote mid-year state,NO3,2.284747,-0.3194131120323088
2005-04-01,1,2,Mixed-prokaryote mid-year state,PO4,0.01654009,0.040390362178096634
2005-04-01,1,2,Mixed-prokaryote mid-year state,SPCo2,29.38609,-0.23801533578470166
2005-04-01,1,2,Mixed-prokaryote mid-year state,MLD,12.126,-0.6128569208006506
2005-04-01,1,2,Mixed-prokaryote mid-year state,SSS,32.58884,-0.27470469755178306
2005-04-01,1,2,Mixed-prokaryote mid-year state,SSH,0.1494421,0.3906140704394998
2005-04-01,1,2,Mixed-prokaryote mid-year state,PAR,43.46757,0.3516074813445125
2005-04-01,1,2,Mixed-prokaryote mid-year state,PDO,0.28,0.1620389018942126
2005-04-01,1,2,Mixed-prokaryote mid-year state,NINO_3.4,0.28,-0.17817473672647346
2005-04-01,1,2,Mixed-prokaryote mid-year state,WPI,-0.18,0.035218730191105246
2005-04-01,1,2,Mixed-prokaryote mid-year state,MHW_MeanInt,0.1376989232599323,-0.03805554864965718
2005-04-01,1,2,Mixed-prokaryote mid-year state,MHW_MaxInt,0.1618379842464297,-0.012642683243390379
2005-04-01,1,2,Mixed-prokaryote mid-year state,MHW_CumInt,1.0606384452723097,-0.04519079483011347
2005-05-01,2,2,Mixed-prokaryote mid-year state,SST,16.07727,0.056193359599413434
2005-05-01,2,2,Mixed-prokaryote mid-year state,NO3,3.266682,0.19914621227969004
2005-05-01,2,2,Mixed-prokaryote mid-year state,PO4,0.007891181,0.7355242949253894
2005-05-01,2,2,Mixed-prokaryote mid-year state,SPCo2,35.09027,0.059795385879389935
2005-05-01,2,2,Mixed-prokaryote mid-year state,MLD,11.24856,0.1552328131346397
2005-05-01,2,2,Mixed-prokaryote mid-year state,SSS,32.33849,0.22693199834661673
2005-05-01,2,2,Mixed-prokaryote mid-year state,SSH,0.1730454,0.32859153809123054
2005-05-01,2,2,Mixed-prokaryote mid-year state,PAR,46.94984,0.9889260047969198
2005-05-01,2,2,Mixed-prokaryote mid-year state,PDO,1.36,0.33517219824967764
2005-05-01,2,2,Mixed-prokaryote mid-year state,NINO_3.4,0.3,0.036068839288442255
2005-05-01,2,2,Mixed-prokaryote mid-year state,WPI,-0.08,0.12277931272974106
2005-05-01,2,2,Mixed-prokaryote mid-year state,MHW_MeanInt,0.8050716181956712,0.14833054016415675
2005-05-01,2,2,Mixed-prokaryote mid-year state,MHW_MaxInt,0.9618602975959668,0.104238233315459
2005-05-01,2,2,Mixed-prokaryote mid-year state,MHW_CumInt,7.614702264606939,0.21083756708650517
2005-06-01,2,2,Mixed-prokaryote mid-year state,SST,21.15738,0.397288508903641
2005-06-01,2,2,Mixed-prokaryote mid-year state,NO3,4.886552,0.35056533008101665
2005-06-01,2,2,Mixed-prokaryote mid-year state,PO4,0.01192773,0.20047790997611858
2005-06-01,2,2,Mixed-prokaryote mid-year state,SPCo2,40.80405,0.3053336725400707
2005-06-01,2,2,Mixed-prokaryote mid-year state,MLD,10.50786,2.0225237054275533
2005-06-01,2,2,Mixed-prokaryote mid-year state,SSS,31.97551,0.3384207729874619
2005-06-01,2,2,Mixed-prokaryote mid-year state,SSH,0.1820762,0.07819606439148624
2005-06-01,2,2,Mixed-prokaryote mid-year state,PAR,48.35837,0.960917947758983
2005-06-01,2,2,Mixed-prokaryote mid-year state,PDO,0.85,0.0489773341157215
2005-06-01,2,2,Mixed-prokaryote mid-year state,NINO_3.4,0.22,0.1104432069905315
2005-06-01,2,2,Mixed-prokaryote mid-year state,WPI,0.79,-0.13299472783111532
2005-06-01,2,2,Mixed-prokaryote mid-year state,MHW_MeanInt,0.6196661990232305,0.10800387954259912
2005-06-01,2,2,Mixed-prokaryote mid-year state,MHW_MaxInt,0.7315935663225134,0.06901352830816926
2005-06-01,2,2,Mixed-prokaryote mid-year state,MHW_CumInt,5.66507086379786,0.18052364549839625
2005-07-01,2,2,Mixed-prokaryote mid-year state,SST,25.00492,0.3332809794963212
2005-07-01,2,2,Mixed-prokaryote mid-year state,NO3,5.622714,0.38010695307628717
2005-07-01,2,2,Mixed-prokaryote mid-year state,PO4,0.01803099,0.2258301685518593
2005-07-01,2,2,Mixed-prokaryote mid-year state,SPCo2,43.18962,0.598965982888937
2005-07-01,2,2,Mixed-prokaryote mid-year state,MLD,10.65074,2.5075608891800605
2005-07-01,2,2,Mixed-prokaryote mid-year state,SSS,31.66777,0.3307239461575692
2005-07-01,2,2,Mixed-prokaryote mid-year state,SSH,0.2218496,0.1493060309610479
2005-07-01,2,2,Mixed-prokaryote mid-year state,PAR,46.90637,1.1164162609868404
2005-07-01,2,2,Mixed-prokaryote mid-year state,PDO,0.11,0.13622452171941807
2005-07-01,2,2,Mixed-prokaryote mid-year state,NINO_3.4,-0.01,0.06572698176559874
2005-07-01,2,2,Mixed-prokaryote mid-year state,WPI,-1.2,-0.01648802454121146
2005-07-01,2,2,Mixed-prokaryote mid-year state,MHW_MeanInt,0.0489205153532956,-0.04500946021394799
2005-07-01,2,2,Mixed-prokaryote mid-year state,MHW_MaxInt,0.055510036519155,-0.009024862991850813
2005-07-01,2,2,Mixed-prokaryote mid-year state,MHW_CumInt,0.2636814498907717,-0.132358312690853
2005-08-01,3,2,Mixed-prokaryote mid-year state,SST,25.84355,0.15595243304303869
2005-08-01,3,2,Mixed-prokaryote mid-year state,NO3,4.697174,0.00783470436306286
2005-08-01,3,2,Mixed-prokaryote mid-year state,PO4,0.01695296,0.0413433757952389
2005-08-01,3,2,Mixed-prokaryote mid-year state,SPCo2,41.25824,0.12731799140644057
2005-08-01,3,2,Mixed-prokaryote mid-year state,MLD,11.25694,-0.8831999012057852
2005-08-01,3,2,Mixed-prokaryote mid-year state,SSS,31.50635,0.15414168189250999
2005-08-01,3,2,Mixed-prokaryote mid-year state,SSH,0.3075328,-0.2984538666068392
2005-08-01,3,2,Mixed-prokaryote mid-year state,PAR,41.5795,-0.6053421263536861
2005-08-01,3,2,Mixed-prokaryote mid-year state,PDO,-0.42,-0.041029700474648545
2005-08-01,3,2,Mixed-prokaryote mid-year state,NINO_3.4,-0.04,-0.1749460487697599
2005-08-01,3,2,Mixed-prokaryote mid-year state,WPI,0.35,-0.024460905740094564
2005-08-01,3,2,Mixed-prokaryote mid-year state,MHW_MeanInt,0.3158427165287703,-0.08545195438008879
2005-08-01,3,2,Mixed-prokaryote mid-year state,MHW_MaxInt,0.3568982554055841,-0.14127110474153112
2005-08-01,3,2,Mixed-prokaryote mid-year state,MHW_CumInt,2.061121535122356,-0.3186435620234141
2005-09-01,3,2,Mixed-prokaryote mid-year state,SST,24.64657,0.1717994770608698
2005-09-01,3,2,Mixed-prokaryote mid-year state,NO3,4.071968,-0.032328346018125245
2005-09-01,3,2,Mixed-prokaryote mid-year state,PO4,0.01441261,0.030458017828547845
2005-09-01,3,2,Mixed-prokaryote mid-year state,SPCo2,37.69049,-0.12512660757423952
2005-09-01,3,2,Mixed-prokaryote mid-year state,MLD,14.34584,-1.8602242695131581
2005-09-01,3,2,Mixed-prokaryote mid-year state,SSS,31.60373,0.12291365934372839
2005-09-01,3,2,Mixed-prokaryote mid-year state,SSH,0.3370972,-0.2736514708344822
2005-09-01,3,2,Mixed-prokaryote mid-year state,PAR,38.15133,-0.5858683218339438
2005-09-01,3,2,Mixed-prokaryote mid-year state,PDO,-0.99,-0.12820260422626928
2005-09-01,3,2,Mixed-prokaryote mid-year state,NINO_3.4,-0.08,-0.14099058314429677
2005-09-01,3,2,Mixed-prokaryote mid-year state,WPI,0.57,-0.03312284354764783
2005-09-01,3,2,Mixed-prokaryote mid-year state,MHW_MeanInt,0.3025560220964315,-0.08340070143378725
2005-09-01,3,2,Mixed-prokaryote mid-year state,MHW_MaxInt,0.3431352510503049,-0.11928622159787156
2005-09-01,3,2,Mixed-prokaryote mid-year state,MHW_CumInt,2.420406598871706,-0.22921987140163846
2005-10-01,3,2,Mixed-prokaryote mid-year state,SST,21.94504,0.2477796301275903
2005-10-01,3,2,Mixed-prokaryote mid-year state,NO3,3.572884,-0.001377860211353386
2005-10-01,3,2,Mixed-prokaryote mid-year state,PO4,0.01382904,-0.008001235276718074
2005-10-01,3,2,Mixed-prokaryote mid-year state,SPCo2,33.54042,-0.19239556905633864
2005-10-01,3,2,Mixed-prokaryote mid-year state,MLD,21.9892,-1.7695429603666344
2005-10-01,3,2,Mixed-prokaryote mid-year state,SSS,31.90244,0.14805740461514252
2005-10-01,3,2,Mixed-prokaryote mid-year state,SSH,0.2754064,-0.23445237279448475
2005-10-01,3,2,Mixed-prokaryote mid-year state,PAR,30.274,-0.7562695015966618
2005-10-01,3,2,Mixed-prokaryote mid-year state,PDO,-2.0,-0.16535335355136552
2005-10-01,3,2,Mixed-prokaryote mid-year state,NINO_3.4,-0.15,-0.20546501854795937
2005-10-01,3,2,Mixed-prokaryote mid-year state,WPI,1.0,0.030127256612468862
2005-10-01,3,2,Mixed-prokaryote mid-year state,MHW_MeanInt,0.2271543126202431,-0.06764815247856047
2005-10-01,3,2,Mixed-prokaryote mid-year state,MHW_MaxInt,0.2548782400946817,-0.07976824351414354
2005-10-01,3,2,Mixed-prokaryote mid-year state,MHW_CumInt,1.7601509761135428,-0.19362308925504415
2005-11-01,3,2,Mixed-prokaryote mid-year state,SST,18.40416,0.3501209111260427
2005-11-01,3,2,Mixed-prokaryote mid-year state,NO3,3.471994,-0.06413776954828769
2005-11-01,3,2,Mixed-prokaryote mid-year state,PO4,0.02193196,-0.010856038326059003
2005-11-01,3,2,Mixed-prokaryote mid-year state,SPCo2,29.79199,-0.3608048574643387
2005-11-01,3,2,Mixed-prokaryote mid-year state,MLD,27.85691,-1.286924369518878
2005-11-01,3,2,Mixed-prokaryote mid-year state,SSS,32.18135,-0.07417652540493508
2005-11-01,3,2,Mixed-prokaryote mid-year state,SSH,0.305071,-0.25668137349849923
2005-11-01,3,2,Mixed-prokaryote mid-year state,PAR,21.60209,-0.6991659578229246
2005-11-01,3,2,Mixed-prokaryote mid-year state,PDO,-1.89,-0.23506057182951812
2005-11-01,3,2,Mixed-prokaryote mid-year state,NINO_3.4,-0.44,0.045634672880550196
2005-11-01,3,2,Mixed-prokaryote mid-year state,WPI,-1.84,-0.16705784276588762
2005-11-01,3,2,Mixed-prokaryote mid-year state,MHW_MeanInt,0.0196541761752092,-0.0879419268789385
2005-11-01,3,2,Mixed-prokaryote mid-year state,MHW_MaxInt,0.0231729454279486,-0.09263064589448446
2005-11-01,3,2,Mixed-prokaryote mid-year state,MHW_CumInt,0.1273743918630271,-0.27678484559094435
2005-12-01,1,2,Mixed-prokaryote mid-year state,SST,13.54506,-0.354361889910762
2005-12-01,1,2,Mixed-prokaryote mid-year state,NO3,2.295146,-0.29935705838185717
2005-12-01,1,2,Mixed-prokaryote mid-year state,PO4,0.04205306,-0.10319908366317226
2005-12-01,1,2,Mixed-prokaryote mid-year state,SPCo2,25.61899,-0.3206683763203836
2005-12-01,1,2,Mixed-prokaryote mid-year state,MLD,40.11207,-0.6379668820318932
2005-12-01,1,2,Mixed-prokaryote mid-year state,SSS,32.38639,-0.27097921094939265
2005-12-01,1,2,Mixed-prokaryote mid-year state,SSH,0.2334034,-0.07366476537677714
2005-12-01,1,2,Mixed-prokaryote mid-year state,PAR,16.51735,-0.344699970515612
2005-12-01,1,2,Mixed-prokaryote mid-year state,PDO,-0.1,0.22133743912203382
2005-12-01,1,2,Mixed-prokaryote mid-year state,NINO_3.4,-0.75,0.8865080814073422
2005-12-01,1,2,Mixed-prokaryote mid-year state,WPI,-2.04,0.05504340896555447
2005-12-01,1,2,Mixed-prokaryote mid-year state,MHW_MeanInt,0.0218528262007835,-0.028863318753576384
2005-12-01,1,2,Mixed-prokaryote mid-year state,MHW_MaxInt,0.0260749001750415,-0.0609090391644286
2005-12-01,1,2,Mixed-prokaryote mid-year state,MHW_CumInt,0.1108019963513942,-0.15905213701085658
2006-01-01,1,2,Mixed-prokaryote mid-year state,SST,10.25276,-0.26568223602389984
2006-01-01,1,2,Mixed-prokaryote mid-year state,NO3,1.824656,-0.25142339430523014
2006-01-01,1,2,Mixed-prokaryote mid-year state,PO4,0.05710575,-0.06438215007612716
2006-01-01,1,2,Mixed-prokaryote mid-year state,SPCo2,24.22316,0.22023283898091242
2006-01-01,1,2,Mixed-prokaryote mid-year state,MLD,39.22375,-0.5450303791709511
2006-01-01,1,2,Mixed-prokaryote mid-year state,SSS,32.56746,-0.32423029035483397
2006-01-01,1,2,Mixed-prokaryote mid-year state,SSH,0.2773191,-0.05504829176283368
2006-01-01,1,2,Mixed-prokaryote mid-year state,PAR,16.91236,-0.26425717059255155
2006-01-01,1,2,Mixed-prokaryote mid-year state,PDO,0.54,0.29330724265849184
2006-01-01,1,2,Mixed-prokaryote mid-year state,NINO_3.4,-0.98,0.5721657193923253
2006-01-01,1,2,Mixed-prokaryote mid-year state,WPI,0.71,-0.07315082774783278
2006-01-01,1,2,Mixed-prokaryote mid-year state,MHW_MeanInt,0.0018255295493478,0.016664354604664346
2006-01-01,1,2,Mixed-prokaryote mid-year state,MHW_MaxInt,0.0019627768693183,-0.01937254649850378
2006-01-01,1,2,Mixed-prokaryote mid-year state,MHW_CumInt,0.009127647746739,-0.17862472474592023
2006-02-01,1,2,Mixed-prokaryote mid-year state,SST,9.190073,-0.3174045768651911
2006-02-01,1,2,Mixed-prokaryote mid-year state,NO3,1.470138,-0.3831978548236929
2006-02-01,1,2,Mixed-prokaryote mid-year state,PO4,0.04870109,-0.08216000184854795
2006-02-01,1,2,Mixed-prokaryote mid-year state,SPCo2,24.33807,0.26966093914833905
2006-02-01,1,2,Mixed-prokaryote mid-year state,MLD,36.88166,-0.6380460796040626
2006-02-01,1,2,Mixed-prokaryote mid-year state,SSS,32.67122,-0.3172527395591192
2006-02-01,1,2,Mixed-prokaryote mid-year state,SSH,0.1571238,0.22328000585886873
2006-02-01,1,2,Mixed-prokaryote mid-year state,PAR,22.65199,-0.37144063765738816
2006-02-01,1,2,Mixed-prokaryote mid-year state,PDO,0.38,0.2986693700111635
2006-02-01,1,2,Mixed-prokaryote mid-year state,NINO_3.4,-0.71,0.48855002637970507
2006-02-01,1,2,Mixed-prokaryote mid-year state,WPI,2.06,-0.0847908253431585
2006-02-01,1,2,Mixed-prokaryote mid-year state,MHW_MeanInt,0.0850230962501679,-0.06181624080646074
2006-02-01,1,2,Mixed-prokaryote mid-year state,MHW_MaxInt,0.0960116484796797,-0.05598598221434583
2006-02-01,1,2,Mixed-prokaryote mid-year state,MHW_CumInt,0.557077579402452,-0.09268773708277273
2006-03-01,1,2,Mixed-prokaryote mid-year state,SST,9.62146,-0.3102599053668965
2006-03-01,1,2,Mixed-prokaryote mid-year state,NO3,1.563969,-0.4473544701338054
2006-03-01,1,2,Mixed-prokaryote mid-year state,PO4,0.02608196,-0.03806871930855369
2006-03-01,1,2,Mixed-prokaryote mid-year state,SPCo2,26.02783,-0.2237392166014211
2006-03-01,1,2,Mixed-prokaryote mid-year state,MLD,22.58713,-0.7401562951997989
2006-03-01,1,2,Mixed-prokaryote mid-year state,SSS,32.67604,-0.34592345350474796
2006-03-01,1,2,Mixed-prokaryote mid-year state,SSH,0.1175928,0.26668149053936174
2006-03-01,1,2,Mixed-prokaryote mid-year state,PAR,35.18167,-0.3135654967948347
2006-03-01,1,2,Mixed-prokaryote mid-year state,PDO,-0.74,0.044775827771316355
2006-03-01,1,2,Mixed-prokaryote mid-year state,NINO_3.4,-0.73,0.5773063931358723
2006-03-01,1,2,Mixed-prokaryote mid-year state,WPI,0.49,-0.067088611508623
2006-03-01,1,2,Mixed-prokaryote mid-year state,MHW_MeanInt,0.1263913328118691,-0.03624659150885536
2006-03-01,1,2,Mixed-prokaryote mid-year state,MHW_MaxInt,0.1417198609250102,-0.04353484224386544
2006-03-01,1,2,Mixed-prokaryote mid-year state,MHW_CumInt,0.7610797789928063,-0.05345751787318734
2006-04-01,1,2,Mixed-prokaryote mid-year state,SST,11.45833,-0.15983259240844583
2006-04-01,1,2,Mixed-prokaryote mid-year state,NO3,2.05737,-0.3131234906930487
2006-04-01,1,2,Mixed-prokaryote mid-year state,PO4,0.01179004,0.216102427857258
2006-04-01,1,2,Mixed-prokaryote mid-year state,SPCo2,29.7351,-0.2080539905262206
2006-04-01,1,2,Mixed-prokaryote mid-year state,MLD,13.59295,-0.677027904326598
2006-04-01,1,2,Mixed-prokaryote mid-year state,SSS,32.58027,-0.24085335661265342
2006-04-01,1,2,Mixed-prokaryote mid-year state,SSH,0.164509,0.32564057248956074
2006-04-01,1,2,Mixed-prokaryote mid-year state,PAR,40.84451,0.025995178670987096
2006-04-01,1,2,Mixed-prokaryote mid-year state,PDO,-0.54,0.12735910314266735
2006-04-01,1,2,Mixed-prokaryote mid-year state,NINO_3.4,-0.3,-0.06820382294542017
2006-04-01,1,2,Mixed-prokaryote mid-year state,WPI,0.56,-0.11028269386569697
2006-04-01,1,2,Mixed-prokaryote mid-year state,MHW_MeanInt,0.0,0.016526663290430066
2006-04-01,1,2,Mixed-prokaryote mid-year state,MHW_MaxInt,0.0,0.07609983925152902
2006-04-01,1,2,Mixed-prokaryote mid-year state,MHW_CumInt,0.0,-0.0010989083239400696
2006-05-01,1,2,Mixed-prokaryote mid-year state,SST,15.90524,-0.2643800978518823
2006-05-01,1,2,Mixed-prokaryote mid-year state,NO3,3.074099,0.1074374724838077
2006-05-01,1,2,Mixed-prokaryote mid-year state,PO4,0.007898293,0.500274477269843
2006-05-01,1,2,Mixed-prokaryote mid-year state,SPCo2,35.00154,0.04589083882608282
2006-05-01,1,2,Mixed-prokaryote mid-year state,MLD,11.19547,0.4033253722064778
2006-05-01,1,2,Mixed-prokaryote mid-year state,SSS,32.31292,0.17800292640817672
2006-05-01,1,2,Mixed-prokaryote mid-year state,SSH,0.1871949,0.4358902871570065
2006-05-01,1,2,Mixed-prokaryote mid-year state,PAR,42.48072,-0.2683880225318109
2006-05-01,1,2,Mixed-prokaryote mid-year state,PDO,-0.37,0.10750788649741592
2006-05-01,1,2,Mixed-prokaryote mid-year state,NINO_3.4,-0.11,-0.13702676566363747
2006-05-01,1,2,Mixed-prokaryote mid-year state,WPI,0.19,0.012684759937423231
2006-05-01,1,2,Mixed-prokaryote mid-year state,MHW_MeanInt,0.2992232777977992,-0.057395755195546065
2006-05-01,1,2,Mixed-prokaryote mid-year state,MHW_MaxInt,0.3382232530201923,-0.07013237516658816
2006-05-01,1,2,Mixed-prokaryote mid-year state,MHW_CumInt,2.1731700777149885,-0.04822037975390913
2006-06-01,2,2,Mixed-prokaryote mid-year state,SST,20.01962,0.37338482849943266
2006-06-01,2,2,Mixed-prokaryote mid-year state,NO3,4.761292,0.19816081338185995
2006-06-01,2,2,Mixed-prokaryote mid-year state,PO4,0.0117632,0.07571900551818038
2006-06-01,2,2,Mixed-prokaryote mid-year state,SPCo2,40.0344,0.32093567107767246
2006-06-01,2,2,Mixed-prokaryote mid-year state,MLD,10.57313,2.4333185761080776
2006-06-01,2,2,Mixed-prokaryote mid-year state,SSS,31.98178,0.29924708033068537
2006-06-01,2,2,Mixed-prokaryote mid-year state,SSH,0.1970306,0.34816570937803254
2006-06-01,2,2,Mixed-prokaryote mid-year state,PAR,43.12234,0.127809367429427
2006-06-01,2,2,Mixed-prokaryote mid-year state,PDO,0.21,0.13963441214937347
2006-06-01,2,2,Mixed-prokaryote mid-year state,NINO_3.4,0.09,0.06436808674966185
2006-06-01,2,2,Mixed-prokaryote mid-year state,WPI,-1.15,0.002899220480072794
2006-06-01,2,2,Mixed-prokaryote mid-year state,MHW_MeanInt,0.0741829362813271,-0.036814377760011965
2006-06-01,2,2,Mixed-prokaryote mid-year state,MHW_MaxInt,0.0826370703388625,0.014888646529038395
2006-06-01,2,2,Mixed-prokaryote mid-year state,MHW_CumInt,0.3879315979990207,-0.0669281033234675
2006-07-01,2,2,Mixed-prokaryote mid-year state,SST,24.27946,0.4171651147808622
2006-07-01,2,2,Mixed-prokaryote mid-year state,NO3,5.575527,0.34846866694409634
2006-07-01,2,2,Mixed-prokaryote mid-year state,PO4,0.01805096,0.19555488144420322
2006-07-01,2,2,Mixed-prokaryote mid-year state,SPCo2,42.31735,0.5165272480286196
2006-07-01,2,2,Mixed-prokaryote mid-year state,MLD,10.65521,2.2342518561166322
2006-07-01,2,2,Mixed-prokaryote mid-year state,SSS,31.62271,0.33005917093208764
2006-07-01,2,2,Mixed-prokaryote mid-year state,SSH,0.2448569,0.05232312288245176
2006-07-01,2,2,Mixed-prokaryote mid-year state,PAR,42.87661,-0.1387491937197215
2006-07-01,2,2,Mixed-prokaryote mid-year state,PDO,0.39,0.13781398702248954
2006-07-01,2,2,Mixed-prokaryote mid-year state,NINO_3.4,0.03,0.0951251993149303
2006-07-01,2,2,Mixed-prokaryote mid-year state,WPI,-1.0,0.04549883621971634
2006-07-01,2,2,Mixed-prokaryote mid-year state,MHW_MeanInt,1.3131253509323573,0.1463218954233389
2006-07-01,2,2,Mixed-prokaryote mid-year state,MHW_MaxInt,1.6349535179945711,0.09121994475158705
2006-07-01,2,2,Mixed-prokaryote mid-year state,MHW_CumInt,22.20132767465229,0.3545575337198751
2006-08-01,2,2,Mixed-prokaryote mid-year state,SST,27.3431,0.19101272322046361
2006-08-01,2,2,Mixed-prokaryote mid-year state,NO3,5.629235,0.322739037210207
2006-08-01,2,2,Mixed-prokaryote mid-year state,PO4,0.02118731,0.21018457045605893
2006-08-01,2,2,Mixed-prokaryote mid-year state,SPCo2,43.13448,0.5903737775708597
2006-08-01,2,2,Mixed-prokaryote mid-year state,MLD,10.66718,2.467242973459065
2006-08-01,2,2,Mixed-prokaryote mid-year state,SSS,31.51476,0.31729754829685625
2006-08-01,2,2,Mixed-prokaryote mid-year state,SSH,0.3451092,-0.08590514314756376
2006-08-01,2,2,Mixed-prokaryote mid-year state,PAR,47.18871,1.0871165298429541
2006-08-01,2,2,Mixed-prokaryote mid-year state,PDO,-0.85,0.04789977330718573
2006-08-01,2,2,Mixed-prokaryote mid-year state,NINO_3.4,0.37,0.08603238080930208
2006-08-01,2,2,Mixed-prokaryote mid-year state,WPI,-0.16,0.07066397451863857
2006-08-01,2,2,Mixed-prokaryote mid-year state,MHW_MeanInt,0.0951682639132925,-0.01894248209064795
2006-08-01,2,2,Mixed-prokaryote mid-year state,MHW_MaxInt,0.1080525518419943,-0.027690629702826187
2006-08-01,2,2,Mixed-prokaryote mid-year state,MHW_CumInt,1.1947421776604308,-0.18995557625930545
2006-09-01,3,2,Mixed-prokaryote mid-year state,SST,24.75643,0.2062455807844359
2006-09-01,3,2,Mixed-prokaryote mid-year state,NO3,4.426077,-0.017559811797628447
2006-09-01,3,2,Mixed-prokaryote mid-year state,PO4,0.01726973,0.030506320223603983
2006-09-01,3,2,Mixed-prokaryote mid-year state,SPCo2,38.38696,-0.18228066600309753
2006-09-01,3,2,Mixed-prokaryote mid-year state,MLD,15.40674,-2.072129380454889
2006-09-01,3,2,Mixed-prokaryote mid-year state,SSS,31.6093,0.13519603613532377
2006-09-01,3,2,Mixed-prokaryote mid-year state,SSH,0.3204224,-0.15548861988701249
2006-09-01,3,2,Mixed-prokaryote mid-year state,PAR,37.06337,-0.6423190006176129
2006-09-01,3,2,Mixed-prokaryote mid-year state,PDO,-1.54,-0.19217565606818998
2006-09-01,3,2,Mixed-prokaryote mid-year state,NINO_3.4,0.63,-0.1516293315367294
2006-09-01,3,2,Mixed-prokaryote mid-year state,WPI,0.05,0.023416888916264082
2006-09-01,3,2,Mixed-prokaryote mid-year state,MHW_MeanInt,0.9662453764735216,0.11914830540845198
2006-09-01,3,2,Mixed-prokaryote mid-year state,MHW_MaxInt,1.1726177192525575,0.11344939336844331
2006-09-01,3,2,Mixed-prokaryote mid-year state,MHW_CumInt,18.34873104503788,0.3469944690864121
2006-10-01,3,2,Mixed-prokaryote mid-year state,SST,22.84066,0.21143478937840798
2006-10-01,3,2,Mixed-prokaryote mid-year state,NO3,4.298798,-0.03693151131561485
2006-10-01,3,2,Mixed-prokaryote mid-year state,PO4,0.01385227,0.012407857009066011
2006-10-01,3,2,Mixed-prokaryote mid-year state,SPCo2,34.90073,-0.21909831685954498
2006-10-01,3,2,Mixed-prokaryote mid-year state,MLD,19.95092,-1.7824099363700754
2006-10-01,3,2,Mixed-prokaryote mid-year state,SSS,31.91567,0.13716624103154224
2006-10-01,3,2,Mixed-prokaryote mid-year state,SSH,0.3278981,-0.23484382805085321
2006-10-01,3,2,Mixed-prokaryote mid-year state,PAR,31.82335,-0.7547633303594895
2006-10-01,3,2,Mixed-prokaryote mid-year state,PDO,-0.46,-0.021583734235811815
2006-10-01,3,2,Mixed-prokaryote mid-year state,NINO_3.4,0.76,-0.3817641562206745
2006-10-01,3,2,Mixed-prokaryote mid-year state,WPI,0.67,-0.03826537414003911
2006-10-01,3,2,Mixed-prokaryote mid-year state,MHW_MeanInt,0.3619758807190497,-0.034250041531562685
2006-10-01,3,2,Mixed-prokaryote mid-year state,MHW_MaxInt,0.4104976060547843,-0.11479014611935609
2006-10-01,3,2,Mixed-prokaryote mid-year state,MHW_CumInt,3.49504141968689,0.020456778043303377
2006-11-01,3,2,Mixed-prokaryote mid-year state,SST,18.73112,0.3785554391814276
2006-11-01,3,2,Mixed-prokaryote mid-year state,NO3,3.525753,-0.06263875224124578
2006-11-01,3,2,Mixed-prokaryote mid-year state,PO4,0.02569495,-0.017942613933819976
2006-11-01,3,2,Mixed-prokaryote mid-year state,SPCo2,30.54263,-0.4558883871124999
2006-11-01,3,2,Mixed-prokaryote mid-year state,MLD,28.28891,-1.2324400184431004
2006-11-01,3,2,Mixed-prokaryote mid-year state,SSS,32.19823,-0.14787381349276674
2006-11-01,3,2,Mixed-prokaryote mid-year state,SSH,0.2564802,-0.17687478019997838
2006-11-01,3,2,Mixed-prokaryote mid-year state,PAR,20.33555,-0.43270168735952586
2006-11-01,3,2,Mixed-prokaryote mid-year state,PDO,-0.81,-0.1280779336826797
2006-11-01,3,2,Mixed-prokaryote mid-year state,NINO_3.4,0.98,-0.5242845788519899
2006-11-01,3,2,Mixed-prokaryote mid-year state,WPI,-1.84,-0.12975349990256277
2006-11-01,3,2,Mixed-prokaryote mid-year state,MHW_MeanInt,0.3914560273329588,0.09669441915221427
2006-11-01,3,2,Mixed-prokaryote mid-year state,MHW_MaxInt,0.438204099679333,-0.018252609236467383
2006-11-01,3,2,Mixed-prokaryote mid-year state,MHW_CumInt,3.481877945233093,-0.08360136182427308
2006-12-01,3,2,Mixed-prokaryote mid-year state,SST,14.60835,-0.3585522675307055
2006-12-01,3,2,Mixed-prokaryote mid-year state,NO3,2.623521,-0.31508573709957366
2006-12-01,3,2,Mixed-prokaryote mid-year state,PO4,0.04135088,-0.22439619285619664
2006-12-01,3,2,Mixed-prokaryote mid-year state,SPCo2,26.7291,-0.5522091262196165
2006-12-01,3,2,Mixed-prokaryote mid-year state,MLD,35.36552,-0.9574570731588157
2006-12-01,3,2,Mixed-prokaryote mid-year state,SSS,32.39705,-0.3621791409947811
2006-12-01,3,2,Mixed-prokaryote mid-year state,SSH,0.2438219,-0.19351559968139198
2006-12-01,3,2,Mixed-prokaryote mid-year state,PAR,16.29278,-0.6468106288295336
2006-12-01,3,2,Mixed-prokaryote mid-year state,PDO,-0.42,-0.007527174395229192
2006-12-01,3,2,Mixed-prokaryote mid-year state,NINO_3.4,1.1,-0.554899418336003
2006-12-01,3,2,Mixed-prokaryote mid-year state,WPI,1.18,-0.05658223350962242
2006-12-01,3,2,Mixed-prokaryote mid-year state,MHW_MeanInt,0.2170639511547936,-0.08398105812473133
2006-12-01,3,2,Mixed-prokaryote mid-year state,MHW_MaxInt,0.2405464459452174,-0.13578852941750016
2006-12-01,3,2,Mixed-prokaryote mid-year state,MHW_CumInt,2.8162799473405906,-0.21544180396347098
2007-01-01,1,2,Mixed-prokaryote mid-year state,SST,11.20717,-0.326588706645434
2007-01-01,1,2,Mixed-prokaryote mid-year state,NO3,1.865525,-0.25024124095874084
2007-01-01,1,2,Mixed-prokaryote mid-year state,PO4,0.05535916,-0.06272836974427291
2007-01-01,1,2,Mixed-prokaryote mid-year state,SPCo2,24.66743,0.2101534409366091
2007-01-01,1,2,Mixed-prokaryote mid-year state,MLD,41.01209,-0.618805141399335
2007-01-01,1,2,Mixed-prokaryote mid-year state,SSS,32.58288,-0.2779145908424465
2007-01-01,1,2,Mixed-prokaryote mid-year state,SSH,0.2147105,-0.047423418205177786
2007-01-01,1,2,Mixed-prokaryote mid-year state,PAR,17.82913,-0.18296568645263467
2007-01-01,1,2,Mixed-prokaryote mid-year state,PDO,-0.69,0.03043376523290971
2007-01-01,1,2,Mixed-prokaryote mid-year state,NINO_3.4,0.59,-0.0867187739415426
2007-01-01,1,2,Mixed-prokaryote mid-year state,WPI,1.81,-0.05678482425458476
2007-01-01,1,2,Mixed-prokaryote mid-year state,MHW_MeanInt,1.3421859943540977,0.18913297460897724
2007-01-01,1,2,Mixed-prokaryote mid-year state,MHW_MaxInt,1.5553207691570878,0.2170918031288082
2007-01-01,1,2,Mixed-prokaryote mid-year state,MHW_CumInt,24.332453481803256,0.4409362682420583
2007-02-01,1,2,Mixed-prokaryote mid-year state,SST,10.52907,-0.231149778464631
2007-02-01,1,2,Mixed-prokaryote mid-year state,NO3,1.774265,-0.271762055745805
2007-02-01,1,2,Mixed-prokaryote mid-year state,PO4,0.04452466,-0.0966697183524044
2007-02-01,1,2,Mixed-prokaryote mid-year state,SPCo2,24.44026,0.3414545875846436
2007-02-01,1,2,Mixed-prokaryote mid-year state,MLD,33.12623,-0.7543144994112265
2007-02-01,1,2,Mixed-prokaryote mid-year state,SSS,32.67064,-0.21244429225823974
2007-02-01,1,2,Mixed-prokaryote mid-year state,SSH,0.146254,0.2250817747439761
2007-02-01,1,2,Mixed-prokaryote mid-year state,PAR,26.39737,-0.405153652273845
2007-02-01,1,2,Mixed-prokaryote mid-year state,PDO,-0.71,0.022365659272708983
2007-02-01,1,2,Mixed-prokaryote mid-year state,NINO_3.4,0.12,-0.20693342885342791
2007-02-01,1,2,Mixed-prokaryote mid-year state,WPI,0.15,0.02476028021120417
2007-02-01,1,2,Mixed-prokaryote mid-year state,MHW_MeanInt,0.3669761293527712,0.059988701519367825
2007-02-01,1,2,Mixed-prokaryote mid-year state,MHW_MaxInt,0.4068758818507528,-0.018248221967747634
2007-02-01,1,2,Mixed-prokaryote mid-year state,MHW_CumInt,2.502832286987369,-0.126269404458381
2007-03-01,1,2,Mixed-prokaryote mid-year state,SST,10.88319,-0.2235325199602072
2007-03-01,1,2,Mixed-prokaryote mid-year state,NO3,1.827618,-0.27072200780950584
2007-03-01,1,2,Mixed-prokaryote mid-year state,PO4,0.0335563,-0.11480267239936987
2007-03-01,1,2,Mixed-prokaryote mid-year state,SPCo2,25.95523,-0.34926165336839654
2007-03-01,1,2,Mixed-prokaryote mid-year state,MLD,23.61643,-0.8467657597143662
2007-03-01,1,2,Mixed-prokaryote mid-year state,SSS,32.67501,-0.18209467645833757
2007-03-01,1,2,Mixed-prokaryote mid-year state,SSH,0.2065463,0.0792986868719133
2007-03-01,1,2,Mixed-prokaryote mid-year state,PAR,31.47466,-0.3616408493872435
2007-03-01,1,2,Mixed-prokaryote mid-year state,PDO,-1.1,-0.13196691389336532
2007-03-01,1,2,Mixed-prokaryote mid-year state,NINO_3.4,-0.15,-0.22305683265633702
2007-03-01,1,2,Mixed-prokaryote mid-year state,WPI,-1.06,0.09400043531545685
2007-03-01,1,2,Mixed-prokaryote mid-year state,MHW_MeanInt,0.0523647331757439,-0.07102412136077035
2007-03-01,1,2,Mixed-prokaryote mid-year state,MHW_MaxInt,0.0558190612424921,-0.06178083148753164
2007-03-01,1,2,Mixed-prokaryote mid-year state,MHW_CumInt,0.4023756233956552,-0.10817405935003192
2007-04-01,1,2,Mixed-prokaryote mid-year state,SST,12.42657,-0.23225468232337093
2007-04-01,1,2,Mixed-prokaryote mid-year state,NO3,2.309976,-0.3013771008812912
2007-04-01,1,2,Mixed-prokaryote mid-year state,PO4,0.0186423,0.012827664619075384
2007-04-01,1,2,Mixed-prokaryote mid-year state,SPCo2,29.08679,-0.20803849956991824
2007-04-01,1,2,Mixed-prokaryote mid-year state,MLD,14.71737,-0.8499741777693662
2007-04-01,1,2,Mixed-prokaryote mid-year state,SSS,32.61337,-0.2536611134795214
2007-04-01,1,2,Mixed-prokaryote mid-year state,SSH,0.165553,0.3645028755850062
2007-04-01,1,2,Mixed-prokaryote mid-year state,PAR,40.34549,-0.030691833621216465
2007-04-01,1,2,Mixed-prokaryote mid-year state,PDO,-0.46,0.09051165361900944
2007-04-01,1,2,Mixed-prokaryote mid-year state,NINO_3.4,-0.16,-0.143569431789968
2007-04-01,1,2,Mixed-prokaryote mid-year state,WPI,-1.61,0.034021214063828506
2007-04-01,1,2,Mixed-prokaryote mid-year state,MHW_MeanInt,0.2847224754752958,-0.08028311443895397
2007-04-01,1,2,Mixed-prokaryote mid-year state,MHW_MaxInt,0.3283234635785101,-0.05801702743353057
2007-04-01,1,2,Mixed-prokaryote mid-year state,MHW_CumInt,1.7674988684262103,-0.06824470947650489
2007-05-01,2,2,Mixed-prokaryote mid-year state,SST,16.44182,0.26826028146820685
2007-05-01,2,2,Mixed-prokaryote mid-year state,NO3,3.470253,0.18365684960221176
2007-05-01,2,2,Mixed-prokaryote mid-year state,PO4,0.009857457,-0.004436271247579886
2007-05-01,2,2,Mixed-prokaryote mid-year state,SPCo2,33.95785,0.12416206212511911
2007-05-01,2,2,Mixed-prokaryote mid-year state,MLD,10.82759,1.4574066512669894
2007-05-01,2,2,Mixed-prokaryote mid-year state,SSS,32.31501,0.2802936975584776
2007-05-01,2,2,Mixed-prokaryote mid-year state,SSH,0.1768028,0.3901283296409445
2007-05-01,2,2,Mixed-prokaryote mid-year state,PAR,46.6361,1.1874282288671856
2007-05-01,2,2,Mixed-prokaryote mid-year state,PDO,-0.29,0.19071459084828174
2007-05-01,2,2,Mixed-prokaryote mid-year state,NINO_3.4,-0.39,0.2376547180012222
2007-05-01,2,2,Mixed-prokaryote mid-year state,WPI,-0.66,0.11199680492415692
2007-05-01,2,2,Mixed-prokaryote mid-year state,MHW_MeanInt,0.2826331560622055,-0.0189211542432805
2007-05-01,2,2,Mixed-prokaryote mid-year state,MHW_MaxInt,0.3204338091248662,-0.020513705674468422
2007-05-01,2,2,Mixed-prokaryote mid-year state,MHW_CumInt,1.856260552831901,0.03786089495013573
2007-06-01,2,2,Mixed-prokaryote mid-year state,SST,20.45933,0.4128303683188569
2007-06-01,2,2,Mixed-prokaryote mid-year state,NO3,4.642597,0.2456714208185233
2007-06-01,2,2,Mixed-prokaryote mid-year state,PO4,0.01534503,0.23114821684394998
2007-06-01,2,2,Mixed-prokaryote mid-year state,SPCo2,39.61281,0.27599644281776375
2007-06-01,2,2,Mixed-prokaryote mid-year state,MLD,10.4016,2.1904373762958267
2007-06-01,2,2,Mixed-prokaryote mid-year state,SSS,32.0024,0.3369713270255433
2007-06-01,2,2,Mixed-prokaryote mid-year state,SSH,0.1996933,0.049952976766250615
2007-06-01,2,2,Mixed-prokaryote mid-year state,PAR,46.0014,0.9852403858875186
2007-06-01,2,2,Mixed-prokaryote mid-year state,PDO,-0.07,0.17511715910946182
2007-06-01,2,2,Mixed-prokaryote mid-year state,NINO_3.4,-0.16,0.12818740801433548
2007-06-01,2,2,Mixed-prokaryote mid-year state,WPI,-0.17,0.09861639601906606
2007-06-01,2,2,Mixed-prokaryote mid-year state,MHW_MeanInt,0.4829212157186215,0.09421545077545683
2007-06-01,2,2,Mixed-prokaryote mid-year state,MHW_MaxInt,0.5761822606414964,0.06333593835951794
2007-06-01,2,2,Mixed-prokaryote mid-year state,MHW_CumInt,5.920009128962959,0.3070053294802502
2007-07-01,2,2,Mixed-prokaryote mid-year state,SST,24.51655,0.40922358712826473
2007-07-01,2,2,Mixed-prokaryote mid-year state,NO3,5.822251,0.4175046782719299
2007-07-01,2,2,Mixed-prokaryote mid-year state,PO4,0.02469809,0.18586095125265012
2007-07-01,2,2,Mixed-prokaryote mid-year state,SPCo2,42.66946,0.5368314822217785
2007-07-01,2,2,Mixed-prokaryote mid-year state,MLD,10.33064,2.165000400732972
2007-07-01,2,2,Mixed-prokaryote mid-year state,SSS,31.68085,0.36699763252886014
2007-07-01,2,2,Mixed-prokaryote mid-year state,SSH,0.2373758,0.059858282004100774
2007-07-01,2,2,Mixed-prokaryote mid-year state,PAR,45.90391,0.9578170337921498
2007-07-01,2,2,Mixed-prokaryote mid-year state,PDO,0.43,0.14675682299540688
2007-07-01,2,2,Mixed-prokaryote mid-year state,NINO_3.4,-0.37,0.08403574601468247
2007-07-01,2,2,Mixed-prokaryote mid-year state,WPI,-0.09,0.09180050607862957
2007-07-01,2,2,Mixed-prokaryote mid-year state,MHW_MeanInt,0.8909216292651344,0.11895104860426169
2007-07-01,2,2,Mixed-prokaryote mid-year state,MHW_MaxInt,1.0275554480902926,0.13267964803934706
2007-07-01,2,2,Mixed-prokaryote mid-year state,MHW_CumInt,7.457765134134007,0.36118593914538133
2007-08-01,2,2,Mixed-prokaryote mid-year state,SST,26.72836,0.24772173914276147
2007-08-01,2,2,Mixed-prokaryote mid-year state,NO3,6.719602,0.2487772511005451
2007-08-01,2,2,Mixed-prokaryote mid-year state,PO4,0.01599815,0.21352668855337817
2007-08-01,2,2,Mixed-prokaryote mid-year state,SPCo2,42.34357,0.47822312520052956
2007-08-01,2,2,Mixed-prokaryote mid-year state,MLD,10.96235,1.5934905794754433
2007-08-01,2,2,Mixed-prokaryote mid-year state,SSS,31.53442,0.2763342979217413
2007-08-01,2,2,Mixed-prokaryote mid-year state,SSH,0.2866586,-0.1459791919351162
2007-08-01,2,2,Mixed-prokaryote mid-year state,PAR,43.70644,0.6485146285011387
2007-08-01,2,2,Mixed-prokaryote mid-year state,PDO,0.09,0.14077082291940934
2007-08-01,2,2,Mixed-prokaryote mid-year state,NINO_3.4,-0.57,0.38644191413019635
2007-08-01,2,2,Mixed-prokaryote mid-year state,WPI,0.02,0.08498008519891159
2007-08-01,2,2,Mixed-prokaryote mid-year state,MHW_MeanInt,0.1967207167944852,-0.015832592803602524
2007-08-01,2,2,Mixed-prokaryote mid-year state,MHW_MaxInt,0.2528957114781789,-0.015968154838470385
2007-08-01,2,2,Mixed-prokaryote mid-year state,MHW_CumInt,2.447323865458765,-0.15453446986932126
2007-09-01,3,2,Mixed-prokaryote mid-year state,SST,25.10263,0.14694713129988657
2007-09-01,3,2,Mixed-prokaryote mid-year state,NO3,5.285509,0.11825992942362774
2007-09-01,3,2,Mixed-prokaryote mid-year state,PO4,0.01295209,-0.12278788009898388
2007-09-01,3,2,Mixed-prokaryote mid-year state,SPCo2,38.14229,-0.12362512155144412
2007-09-01,3,2,Mixed-prokaryote mid-year state,MLD,13.17772,-1.4864152352430422
2007-09-01,3,2,Mixed-prokaryote mid-year state,SSS,31.61355,0.15085623216899144
2007-09-01,3,2,Mixed-prokaryote mid-year state,SSH,0.3211495,-0.2512978077370355
2007-09-01,3,2,Mixed-prokaryote mid-year state,PAR,35.02799,-0.7291503796285214
2007-09-01,3,2,Mixed-prokaryote mid-year state,PDO,-0.97,-0.08880074566669877
2007-09-01,3,2,Mixed-prokaryote mid-year state,NINO_3.4,-1.04,-0.09127364822340575
2007-09-01,3,2,Mixed-prokaryote mid-year state,WPI,1.2,0.007103311272729691
2007-09-01,3,2,Mixed-prokaryote mid-year state,MHW_MeanInt,0.2831064159481005,-0.05936952889243775
2007-09-01,3,2,Mixed-prokaryote mid-year state,MHW_MaxInt,0.3559957984874523,-0.07004119455281739
2007-09-01,3,2,Mixed-prokaryote mid-year state,MHW_CumInt,2.130864800574984,-0.1799258813698472
2007-10-01,3,2,Mixed-prokaryote mid-year state,SST,21.9488,0.18884384540091428
2007-10-01,3,2,Mixed-prokaryote mid-year state,NO3,4.417446,-0.01710495998064334
2007-10-01,3,2,Mixed-prokaryote mid-year state,PO4,0.01404054,-0.12788814780722857
2007-10-01,3,2,Mixed-prokaryote mid-year state,SPCo2,33.59973,-0.12266884273471414
2007-10-01,3,2,Mixed-prokaryote mid-year state,MLD,21.02272,-1.4889647548730929
2007-10-01,3,2,Mixed-prokaryote mid-year state,SSS,31.93431,0.18179070702463462
2007-10-01,3,2,Mixed-prokaryote mid-year state,SSH,0.2882391,-0.2060673800661461
2007-10-01,3,2,Mixed-prokaryote mid-year state,PAR,29.19779,-0.6596542098648557
2007-10-01,3,2,Mixed-prokaryote mid-year state,PDO,-2.33,-0.24763592445099875
2007-10-01,3,2,Mixed-prokaryote mid-year state,NINO_3.4,-1.4,-0.020022618755252283
2007-10-01,3,2,Mixed-prokaryote mid-year state,WPI,0.4,-0.04282387350292114
2007-10-01,3,2,Mixed-prokaryote mid-year state,MHW_MeanInt,0.0212580891932778,-0.03797509500459525
2007-10-01,3,2,Mixed-prokaryote mid-year state,MHW_MaxInt,0.0299988936756699,-0.028224117254617005
2007-10-01,3,2,Mixed-prokaryote mid-year state,MHW_CumInt,0.4052037402765224,-0.17542463314799717
2007-11-01,3,2,Mixed-prokaryote mid-year state,SST,17.88752,0.3121814672539883
2007-11-01,3,2,Mixed-prokaryote mid-year state,NO3,3.552208,-0.029205811176378292
2007-11-01,3,2,Mixed-prokaryote mid-year state,PO4,0.02604395,0.07970785685229316
2007-11-01,3,2,Mixed-prokaryote mid-year state,SPCo2,29.31777,-0.3158598039281584
2007-11-01,3,2,Mixed-prokaryote mid-year state,MLD,30.22313,-1.0336539742637152
2007-11-01,3,2,Mixed-prokaryote mid-year state,SSS,32.18146,-0.06134822375109245
2007-11-01,3,2,Mixed-prokaryote mid-year state,SSH,0.2989783,-0.20859029175592483
2007-11-01,3,2,Mixed-prokaryote mid-year state,PAR,22.13538,-0.6152440976817591
2007-11-01,3,2,Mixed-prokaryote mid-year state,PDO,-1.46,-0.20766681786487065
2007-11-01,3,2,Mixed-prokaryote mid-year state,NINO_3.4,-1.58,0.3264878271729309
2007-11-01,3,2,Mixed-prokaryote mid-year state,WPI,-0.04,-0.03919659222196436
2007-11-01,3,2,Mixed-prokaryote mid-year state,MHW_MeanInt,0.1910089171176959,-0.020217715035436047
2007-11-01,3,2,Mixed-prokaryote mid-year state,MHW_MaxInt,0.2336674104487641,-0.05207096685038406
2007-11-01,3,2,Mixed-prokaryote mid-year state,MHW_CumInt,2.7725360468428457,-0.141624500263506
2007-12-01,1,2,Mixed-prokaryote mid-year state,SST,14.30564,-0.2814304514637926
2007-12-01,1,2,Mixed-prokaryote mid-year state,NO3,2.875592,0.13152874446516066
2007-12-01,1,2,Mixed-prokaryote mid-year state,PO4,0.03602836,-0.012910607720223207
2007-12-01,1,2,Mixed-prokaryote mid-year state,SPCo2,26.40459,-0.3601081820057891
2007-12-01,1,2,Mixed-prokaryote mid-year state,MLD,36.1739,-0.6817659361821977
2007-12-01,1,2,Mixed-prokaryote mid-year state,SSS,32.38774,-0.28579532348561376
2007-12-01,1,2,Mixed-prokaryote mid-year state,SSH,0.2380445,-0.03390747060034035
2007-12-01,1,2,Mixed-prokaryote mid-year state,PAR,15.85815,-0.09904554959542787
2007-12-01,1,2,Mixed-prokaryote mid-year state,PDO,-0.87,-0.05114777791504674
2007-12-01,1,2,Mixed-prokaryote mid-year state,NINO_3.4,-1.61,0.48758895389293194
2007-12-01,1,2,Mixed-prokaryote mid-year state,WPI,0.37,-0.023276118309214784
2007-12-01,1,2,Mixed-prokaryote mid-year state,MHW_MeanInt,0.5885230310911163,0.09743023298788182
2007-12-01,1,2,Mixed-prokaryote mid-year state,MHW_MaxInt,0.8011031688397368,0.09680823973816896
2007-12-01,1,2,Mixed-prokaryote mid-year state,MHW_CumInt,5.012849322427098,0.31086499181836147
2008-01-01,3,2,Mixed-prokaryote mid-year state,SST,10.85685,-0.3877497528838344
2008-01-01,3,2,Mixed-prokaryote mid-year state,NO3,2.037807,-0.40279843004662275
2008-01-01,3,2,Mixed-prokaryote mid-year state,PO4,0.05615972,-0.17057619416829328
2008-01-01,3,2,Mixed-prokaryote mid-year state,SPCo2,24.87666,-0.4991125220918644
2008-01-01,3,2,Mixed-prokaryote mid-year state,MLD,40.77784,-0.7082643978030141
2008-01-01,3,2,Mixed-prokaryote mid-year state,SSS,32.57262,-0.48055248325828126
2008-01-01,3,2,Mixed-prokaryote mid-year state,SSH,0.2036234,-0.1946500324545513
2008-01-01,3,2,Mixed-prokaryote mid-year state,PAR,15.46411,-0.5084913871620361
2008-01-01,3,2,Mixed-prokaryote mid-year state,PDO,-1.5,-0.2606350860319791
2008-01-01,3,2,Mixed-prokaryote mid-year state,NINO_3.4,-1.79,0.05991052418620324
2008-01-01,3,2,Mixed-prokaryote mid-year state,WPI,0.92,-0.14828200891916765
2008-01-01,3,2,Mixed-prokaryote mid-year state,MHW_MeanInt,0.1346960260339588,-0.07555276081796497
2008-01-01,3,2,Mixed-prokaryote mid-year state,MHW_MaxInt,0.1787159708984016,-0.09793652006164939
2008-01-01,3,2,Mixed-prokaryote mid-year state,MHW_CumInt,0.967506193766878,-0.24633235830622938
2008-02-01,1,2,Mixed-prokaryote mid-year state,SST,9.153059,-0.21616496193999069
2008-02-01,1,2,Mixed-prokaryote mid-year state,NO3,1.455023,-0.2946688906574565
2008-02-01,1,2,Mixed-prokaryote mid-year state,PO4,0.05570071,-0.07302119207839149
2008-02-01,1,2,Mixed-prokaryote mid-year state,SPCo2,23.96267,0.3100688579380092
2008-02-01,1,2,Mixed-prokaryote mid-year state,MLD,42.73908,-0.5915802190900981
2008-02-01,1,2,Mixed-prokaryote mid-year state,SSS,32.6525,-0.2800757629875019
2008-02-01,1,2,Mixed-prokaryote mid-year state,SSH,0.1556007,0.2109001644277255
2008-02-01,1,2,Mixed-prokaryote mid-year state,PAR,26.48835,-0.3488265213603156
2008-02-01,1,2,Mixed-prokaryote mid-year state,PDO,-1.46,-0.1378352781509264
2008-02-01,1,2,Mixed-prokaryote mid-year state,NINO_3.4,-1.7,0.25323510907479796
2008-02-01,1,2,Mixed-prokaryote mid-year state,WPI,0.01,0.05805330001891444
2008-02-01,1,2,Mixed-prokaryote mid-year state,MHW_MeanInt,0.1772862132372879,-0.060638458025974486
2008-02-01,1,2,Mixed-prokaryote mid-year state,MHW_MaxInt,0.2304262651034306,-0.0495914078302231
2008-02-01,1,2,Mixed-prokaryote mid-year state,MHW_CumInt,1.403552029459009,-0.1004543713924078
2008-03-01,1,2,Mixed-prokaryote mid-year state,SST,9.525187,-0.2806994462188766
2008-03-01,1,2,Mixed-prokaryote mid-year state,NO3,1.758864,-0.27244632226022625
2008-03-01,1,2,Mixed-prokaryote mid-year state,PO4,0.02884287,-0.031128930428046053
2008-03-01,1,2,Mixed-prokaryote mid-year state,SPCo2,26.02903,-0.19684867130395614
2008-03-01,1,2,Mixed-prokaryote mid-year state,MLD,20.72254,-0.7612183482952101
2008-03-01,1,2,Mixed-prokaryote mid-year state,SSS,32.68032,-0.23474085529642777
2008-03-01,1,2,Mixed-prokaryote mid-year state,SSH,0.1523019,0.2421005298408136
2008-03-01,1,2,Mixed-prokaryote mid-year state,PAR,35.61345,-0.34698540692062374
2008-03-01,1,2,Mixed-prokaryote mid-year state,PDO,-1.26,-0.08262608282290757
2008-03-01,1,2,Mixed-prokaryote mid-year state,NINO_3.4,-1.17,0.30765582945875325
2008-03-01,1,2,Mixed-prokaryote mid-year state,WPI,-1.35,0.04542563891140736
2008-03-01,1,2,Mixed-prokaryote mid-year state,MHW_MeanInt,0.5457949446306228,0.06417551219794011
2008-03-01,1,2,Mixed-prokaryote mid-year state,MHW_MaxInt,0.6934475594782531,0.060105306057519965
2008-03-01,1,2,Mixed-prokaryote mid-year state,MHW_CumInt,3.84732863451242,0.032803792455406565
2008-04-01,1,2,Mixed-prokaryote mid-year state,SST,11.90121,-0.15036024559757646
2008-04-01,1,2,Mixed-prokaryote mid-year state,NO3,2.405792,-0.30132178209223814
2008-04-01,1,2,Mixed-prokaryote mid-year state,PO4,0.01312351,0.09919082005390181
2008-04-01,1,2,Mixed-prokaryote mid-year state,SPCo2,30.24962,-0.1879861152918932
2008-04-01,1,2,Mixed-prokaryote mid-year state,MLD,12.6103,-0.5935551827573747
2008-04-01,1,2,Mixed-prokaryote mid-year state,SSS,32.55141,-0.25459352266290824
2008-04-01,1,2,Mixed-prokaryote mid-year state,SSH,0.1934475,0.3273552981547052
2008-04-01,1,2,Mixed-prokaryote mid-year state,PAR,39.37224,-0.03380753591854185
2008-04-01,1,2,Mixed-prokaryote mid-year state,PDO,-1.79,-0.20638390068982793
2008-04-01,1,2,Mixed-prokaryote mid-year state,NINO_3.4,-0.89,0.28768789469474687
2008-04-01,1,2,Mixed-prokaryote mid-year state,WPI,0.28,-0.02013224998472056
2008-04-01,1,2,Mixed-prokaryote mid-year state,MHW_MeanInt,0.0588901626272673,0.0019571583276338845
2008-04-01,1,2,Mixed-prokaryote mid-year state,MHW_MaxInt,0.0751360560709242,0.03678832265793806
2008-04-01,1,2,Mixed-prokaryote mid-year state,MHW_CumInt,0.4258024220362237,0.04855908057440611
2008-05-01,2,2,Mixed-prokaryote mid-year state,SST,16.151,0.23411505901124843
2008-05-01,2,2,Mixed-prokaryote mid-year state,NO3,3.477464,0.20476860735379313
2008-05-01,2,2,Mixed-prokaryote mid-year state,PO4,0.008078892,0.8308741589431707
2008-05-01,2,2,Mixed-prokaryote mid-year state,SPCo2,34.83271,0.12027191614029953
2008-05-01,2,2,Mixed-prokaryote mid-year state,MLD,11.24879,0.08532523014862622
2008-05-01,2,2,Mixed-prokaryote mid-year state,SSS,32.32788,0.24211094368072272
2008-05-01,2,2,Mixed-prokaryote mid-year state,SSH,0.2033094,0.3800523325388702
2008-05-01,2,2,Mixed-prokaryote mid-year state,PAR,46.6053,1.1881040661881326
2008-05-01,2,2,Mixed-prokaryote mid-year state,PDO,-1.62,-0.08961403835939416
2008-05-01,2,2,Mixed-prokaryote mid-year state,NINO_3.4,-0.64,0.48928060522856986
2008-05-01,2,2,Mixed-prokaryote mid-year state,WPI,-0.66,0.13369768222096304
2008-05-01,2,2,Mixed-prokaryote mid-year state,MHW_MeanInt,0.0053703536486181,0.09320545837677018
2008-05-01,2,2,Mixed-prokaryote mid-year state,MHW_MaxInt,0.007341578322515,0.11672312247751425
2008-05-01,2,2,Mixed-prokaryote mid-year state,MHW_CumInt,0.0445969275132429,0.1986822874671158
2008-06-01,2,2,Mixed-prokaryote mid-year state,SST,20.15845,0.4220290217962325
2008-06-01,2,2,Mixed-prokaryote mid-year state,NO3,4.632925,0.21626263953102795
2008-06-01,2,2,Mixed-prokaryote mid-year state,PO4,0.01344156,0.21218017198208858
2008-06-01,2,2,Mixed-prokaryote mid-year state,SPCo2,39.13628,0.2529407600407507
2008-06-01,2,2,Mixed-prokaryote mid-year state,MLD,10.54115,2.458006286420207
2008-06-01,2,2,Mixed-prokaryote mid-year state,SSS,31.94921,0.34891691720128026
2008-06-01,2,2,Mixed-prokaryote mid-year state,SSH,0.2309363,0.01507054225435875
2008-06-01,2,2,Mixed-prokaryote mid-year state,PAR,40.54742,-0.3815055559816887
2008-06-01,2,2,Mixed-prokaryote mid-year state,PDO,-1.85,-0.09550487635358508
2008-06-01,2,2,Mixed-prokaryote mid-year state,NINO_3.4,-0.44,0.21998963585334932
2008-06-01,2,2,Mixed-prokaryote mid-year state,WPI,-0.36,0.10517393401537455
2008-06-01,2,2,Mixed-prokaryote mid-year state,MHW_MeanInt,0.7524007812057909,0.10968488837845655
2008-06-01,2,2,Mixed-prokaryote mid-year state,MHW_MaxInt,0.9558590780922516,0.114840410903911
2008-06-01,2,2,Mixed-prokaryote mid-year state,MHW_CumInt,6.3843911531777335,0.3490458546929523
2008-07-01,2,2,Mixed-prokaryote mid-year state,SST,24.67235,0.36295659945507464
2008-07-01,2,2,Mixed-prokaryote mid-year state,NO3,6.073542,0.37895124110118505
2008-07-01,2,2,Mixed-prokaryote mid-year state,PO4,0.01460345,0.22144770263175337
2008-07-01,2,2,Mixed-prokaryote mid-year state,SPCo2,42.62746,0.5624467585956293
2008-07-01,2,2,Mixed-prokaryote mid-year state,MLD,10.45675,2.3941759679536134
2008-07-01,2,2,Mixed-prokaryote mid-year state,SSS,31.6737,0.3300732876367401
2008-07-01,2,2,Mixed-prokaryote mid-year state,SSH,0.2394875,0.01666463579228433
2008-07-01,2,2,Mixed-prokaryote mid-year state,PAR,47.43447,0.9720947300800137
2008-07-01,2,2,Mixed-prokaryote mid-year state,PDO,-1.96,-0.1381527554205956
2008-07-01,2,2,Mixed-prokaryote mid-year state,NINO_3.4,-0.04,0.05790474657666533
2008-07-01,2,2,Mixed-prokaryote mid-year state,WPI,0.02,0.07155838201872856
2008-07-01,2,2,Mixed-prokaryote mid-year state,MHW_MeanInt,0.4652034048384031,0.03140224059793933
2008-07-01,2,2,Mixed-prokaryote mid-year state,MHW_MaxInt,0.565028368318662,0.062098977674145746
2008-07-01,2,2,Mixed-prokaryote mid-year state,MHW_CumInt,3.0494316709953746,-0.17185835051280052
2008-08-01,3,2,Mixed-prokaryote mid-year state,SST,26.72248,-0.09172064764032656
2008-08-01,3,2,Mixed-prokaryote mid-year state,NO3,5.606761,0.20125521793485923
2008-08-01,3,2,Mixed-prokaryote mid-year state,PO4,0.02109727,-0.005899581164178721
2008-08-01,3,2,Mixed-prokaryote mid-year state,SPCo2,42.27939,0.06582632376083064
2008-08-01,3,2,Mixed-prokaryote mid-year state,MLD,11.2099,-0.8458670107459242
2008-08-01,3,2,Mixed-prokaryote mid-year state,SSS,31.49276,0.13182118256463965
2008-08-01,3,2,Mixed-prokaryote mid-year state,SSH,0.2747711,-0.2840176083452695
2008-08-01,3,2,Mixed-prokaryote mid-year state,PAR,45.29633,0.7082607391514261
2008-08-01,3,2,Mixed-prokaryote mid-year state,PDO,-1.85,-0.2858317049027617
2008-08-01,3,2,Mixed-prokaryote mid-year state,NINO_3.4,-0.04,-0.09543332533013436
2008-08-01,3,2,Mixed-prokaryote mid-year state,WPI,-1.32,-0.18857491618987693
2008-08-01,3,2,Mixed-prokaryote mid-year state,MHW_MeanInt,0.3970739919017811,-0.035989922996109494
2008-08-01,3,2,Mixed-prokaryote mid-year state,MHW_MaxInt,0.4840184020769286,-0.10382504097344984
2008-08-01,3,2,Mixed-prokaryote mid-year state,MHW_CumInt,2.670017716827173,-0.33722345982778573
2008-09-01,3,2,Mixed-prokaryote mid-year state,SST,25.17165,0.15026877722870038
2008-09-01,3,2,Mixed-prokaryote mid-year state,NO3,4.696881,0.004418677395462372
2008-09-01,3,2,Mixed-prokaryote mid-year state,PO4,0.01763775,0.03394285501744374
2008-09-01,3,2,Mixed-prokaryote mid-year state,SPCo2,38.81409,-0.06628318011349182
2008-09-01,3,2,Mixed-prokaryote mid-year state,MLD,13.49127,-1.8508182311223165
2008-09-01,3,2,Mixed-prokaryote mid-year state,SSS,31.59743,0.13137558762326787
2008-09-01,3,2,Mixed-prokaryote mid-year state,SSH,0.2709088,-0.25585212738239677
2008-09-01,3,2,Mixed-prokaryote mid-year state,PAR,37.42095,-0.5897875031645075
2008-09-01,3,2,Mixed-prokaryote mid-year state,PDO,-1.87,-0.15739762201910187
2008-09-01,3,2,Mixed-prokaryote mid-year state,NINO_3.4,-0.28,-0.10316770742664194
2008-09-01,3,2,Mixed-prokaryote mid-year state,WPI,-0.83,-0.04070903474912812
2008-09-01,3,2,Mixed-prokaryote mid-year state,MHW_MeanInt,0.1733083283956032,-0.055754914609456196
2008-09-01,3,2,Mixed-prokaryote mid-year state,MHW_MaxInt,0.2221931062652008,-0.026680531313900798
2008-09-01,3,2,Mixed-prokaryote mid-year state,MHW_CumInt,1.732077477682666,-0.24403532250453475
2008-10-01,3,2,Mixed-prokaryote mid-year state,SST,22.15999,0.2357625379301218
2008-10-01,3,2,Mixed-prokaryote mid-year state,NO3,4.197331,-0.02250479151260385
2008-10-01,3,2,Mixed-prokaryote mid-year state,PO4,0.01193336,-0.009817474373468636
2008-10-01,3,2,Mixed-prokaryote mid-year state,SPCo2,34.06417,-0.20466363715853317
2008-10-01,3,2,Mixed-prokaryote mid-year state,MLD,19.87343,-1.8203815429008674
2008-10-01,3,2,Mixed-prokaryote mid-year state,SSS,31.91862,0.14265723564915084
2008-10-01,3,2,Mixed-prokaryote mid-year state,SSH,0.2892448,-0.2626948329617042
2008-10-01,3,2,Mixed-prokaryote mid-year state,PAR,29.08485,-0.7316820803128464
2008-10-01,3,2,Mixed-prokaryote mid-year state,PDO,-1.9,-0.193022322552414
2008-10-01,3,2,Mixed-prokaryote mid-year state,NINO_3.4,-0.3,-0.12313591598605048
2008-10-01,3,2,Mixed-prokaryote mid-year state,WPI,0.19,-0.015902866712281784
2008-10-01,3,2,Mixed-prokaryote mid-year state,MHW_MeanInt,0.3141360590610229,-0.05021946347152459
2008-10-01,3,2,Mixed-prokaryote mid-year state,MHW_MaxInt,0.3926747339348722,-0.0817116836921517
2008-10-01,3,2,Mixed-prokaryote mid-year state,MHW_CumInt,2.43991784234964,-0.227215468441382
2008-11-01,3,2,Mixed-prokaryote mid-year state,SST,18.23831,0.43483652165873526
2008-11-01,3,2,Mixed-prokaryote mid-year state,NO3,3.482705,0.013755550744656356
2008-11-01,3,2,Mixed-prokaryote mid-year state,PO4,0.02302186,0.017270706266606425
2008-11-01,3,2,Mixed-prokaryote mid-year state,SPCo2,30.04029,-0.4339198746529984
2008-11-01,3,2,Mixed-prokaryote mid-year state,MLD,26.67353,-1.2532126747657515
2008-11-01,3,2,Mixed-prokaryote mid-year state,SSS,32.15402,-0.013785564228575443
2008-11-01,3,2,Mixed-prokaryote mid-year state,SSH,0.2555335,-0.14144948444020408
2008-11-01,3,2,Mixed-prokaryote mid-year state,PAR,20.27732,-0.4349524287924652
2008-11-01,3,2,Mixed-prokaryote mid-year state,PDO,-1.59,-0.17207879218876507
2008-11-01,3,2,Mixed-prokaryote mid-year state,NINO_3.4,-0.37,-0.16158235675209248
2008-11-01,3,2,Mixed-prokaryote mid-year state,WPI,0.33,-0.024650605420520975
2008-11-01,3,2,Mixed-prokaryote mid-year state,MHW_MeanInt,0.1154350625823871,-0.04031712196536075
2008-11-01,3,2,Mixed-prokaryote mid-year state,MHW_MaxInt,0.1326746176567272,-0.0749837753631876
2008-11-01,3,2,Mixed-prokaryote mid-year state,MHW_CumInt,1.0707257943810706,-0.2061324399668224
2008-12-01,1,2,Mixed-prokaryote mid-year state,SST,13.74592,-0.36820000602947495
2008-12-01,1,2,Mixed-prokaryote mid-year state,NO3,2.650269,-0.17395006387803158
2008-12-01,1,2,Mixed-prokaryote mid-year state,PO4,0.03515482,-0.07200962409827547
2008-12-01,1,2,Mixed-prokaryote mid-year state,SPCo2,26.41239,-0.37634811856420286
2008-12-01,1,2,Mixed-prokaryote mid-year state,MLD,34.30258,-0.6924475148104045
2008-12-01,1,2,Mixed-prokaryote mid-year state,SSS,32.4073,-0.3741704127022996
2008-12-01,1,2,Mixed-prokaryote mid-year state,SSH,0.2133887,0.06146960345546784
2008-12-01,1,2,Mixed-prokaryote mid-year state,PAR,17.47706,-0.35317044364313216
2008-12-01,1,2,Mixed-prokaryote mid-year state,PDO,-1.31,-0.1457320315650618
2008-12-01,1,2,Mixed-prokaryote mid-year state,NINO_3.4,-0.9,0.8605552284138978
2008-12-01,1,2,Mixed-prokaryote mid-year state,WPI,1.01,0.012062572579577933
2008-12-01,1,2,Mixed-prokaryote mid-year state,MHW_MeanInt,0.0811330759972956,-0.055771598270383665
2008-12-01,1,2,Mixed-prokaryote mid-year state,MHW_MaxInt,0.0919385090725022,-0.05715489902998825
2008-12-01,1,2,Mixed-prokaryote mid-year state,MHW_CumInt,0.6997261727687922,-0.19679192306965412
2009-01-01,1,2,Mixed-prokaryote mid-year state,SST,10.56733,-0.2907615721581636
2009-01-01,1,2,Mixed-prokaryote mid-year state,NO3,1.829847,-0.299495161254442
2009-01-01,1,2,Mixed-prokaryote mid-year state,PO4,0.05358773,-0.057375721973992794
2009-01-01,1,2,Mixed-prokaryote mid-year state,SPCo2,24.46998,0.22984657081953935
2009-01-01,1,2,Mixed-prokaryote mid-year state,MLD,40.70953,-0.5996873240194218
2009-01-01,1,2,Mixed-prokaryote mid-year state,SSS,32.5541,-0.34964401340033774
2009-01-01,1,2,Mixed-prokaryote mid-year state,SSH,0.1727764,0.09914154713862847
2009-01-01,1,2,Mixed-prokaryote mid-year state,PAR,18.4399,-0.2535681534581395
2009-01-01,1,2,Mixed-prokaryote mid-year state,PDO,-1.81,-0.1345734657360596
2009-01-01,1,2,Mixed-prokaryote mid-year state,NINO_3.4,-1.0,0.41232318398860196
2009-01-01,1,2,Mixed-prokaryote mid-year state,WPI,0.01,0.0567165460632268
2009-01-01,1,2,Mixed-prokaryote mid-year state,MHW_MeanInt,0.2378509949681276,-0.02368367599724747
2009-01-01,1,2,Mixed-prokaryote mid-year state,MHW_MaxInt,0.2977935508219341,-0.007317236816690724
2009-01-01,1,2,Mixed-prokaryote mid-year state,MHW_CumInt,2.1213992159988297,-0.09825005941745936
2009-02-01,1,2,Mixed-prokaryote mid-year state,SST,9.965669,-0.3998992474021674
2009-02-01,1,2,Mixed-prokaryote mid-year state,NO3,1.742423,-0.32767446442303655
2009-02-01,1,2,Mixed-prokaryote mid-year state,PO4,0.04397479,-0.07863401732030155
2009-02-01,1,2,Mixed-prokaryote mid-year state,SPCo2,24.91635,-0.27567193258372547
2009-02-01,1,2,Mixed-prokaryote mid-year state,MLD,31.99934,-0.6622659759493946
2009-02-01,1,2,Mixed-prokaryote mid-year state,SSS,32.6598,-0.3692810096626055
2009-02-01,1,2,Mixed-prokaryote mid-year state,SSH,0.1858674,0.20541919990511853
2009-02-01,1,2,Mixed-prokaryote mid-year state,PAR,21.59292,-0.3596576640047844
2009-02-01,1,2,Mixed-prokaryote mid-year state,PDO,-1.78,-0.13009810531609245
2009-02-01,1,2,Mixed-prokaryote mid-year state,NINO_3.4,-0.71,0.5489159882175966
2009-02-01,1,2,Mixed-prokaryote mid-year state,WPI,1.71,-0.08636900758083459
2009-02-01,1,2,Mixed-prokaryote mid-year state,MHW_MeanInt,0.3039776502718948,-0.017290979102881698
2009-02-01,1,2,Mixed-prokaryote mid-year state,MHW_MaxInt,0.3947245758017037,0.00914081997734498
2009-02-01,1,2,Mixed-prokaryote mid-year state,MHW_CumInt,2.5439850395452788,-0.0999444984859611
2009-03-01,1,2,Mixed-prokaryote mid-year state,SST,10.3221,-0.29191767735855795
2009-03-01,1,2,Mixed-prokaryote mid-year state,NO3,1.650761,-0.3205954688305875
2009-03-01,1,2,Mixed-prokaryote mid-year state,PO4,0.03261236,-0.026717323712068523
2009-03-01,1,2,Mixed-prokaryote mid-year state,SPCo2,26.40809,-0.24791179553191073
2009-03-01,1,2,Mixed-prokaryote mid-year state,MLD,25.45867,-0.7329546900147469
2009-03-01,1,2,Mixed-prokaryote mid-year state,SSS,32.67359,-0.2868748876619531
2009-03-01,1,2,Mixed-prokaryote mid-year state,SSH,0.140122,0.24251981612890003
2009-03-01,1,2,Mixed-prokaryote mid-year state,PAR,32.23164,-0.3295691349076764
2009-03-01,1,2,Mixed-prokaryote mid-year state,PDO,-2.06,-0.13010381556843795
2009-03-01,1,2,Mixed-prokaryote mid-year state,NINO_3.4,-0.72,0.45202575729960237
2009-03-01,1,2,Mixed-prokaryote mid-year state,WPI,0.22,-0.03191521910175263
2009-03-01,1,2,Mixed-prokaryote mid-year state,MHW_MeanInt,0.388911893358531,0.039055901138193606
2009-03-01,1,2,Mixed-prokaryote mid-year state,MHW_MaxInt,0.4951802951745518,0.03539524238727481
2009-03-01,1,2,Mixed-prokaryote mid-year state,MHW_CumInt,2.8046752894523843,-0.038861905369238815
2009-04-01,1,2,Mixed-prokaryote mid-year state,SST,13.10787,-0.29129219956044383
2009-04-01,1,2,Mixed-prokaryote mid-year state,NO3,2.230048,-0.3242660348485537
2009-04-01,1,2,Mixed-prokaryote mid-year state,PO4,0.01952928,0.022452951149565945
2009-04-01,1,2,Mixed-prokaryote mid-year state,SPCo2,29.9361,-0.20631108992609237
2009-04-01,1,2,Mixed-prokaryote mid-year state,MLD,14.13868,-0.7744760583600409
2009-04-01,1,2,Mixed-prokaryote mid-year state,SSS,32.56193,-0.28778967318784415
2009-04-01,1,2,Mixed-prokaryote mid-year state,SSH,0.170954,0.31485873482243387
2009-04-01,1,2,Mixed-prokaryote mid-year state,PAR,42.95202,0.11349227785110864
2009-04-01,1,2,Mixed-prokaryote mid-year state,PDO,-2.23,-0.09521448835347807
2009-04-01,1,2,Mixed-prokaryote mid-year state,NINO_3.4,-0.25,-0.07832023561519989
2009-04-01,1,2,Mixed-prokaryote mid-year state,WPI,0.02,0.04398998168144152
2009-04-01,1,2,Mixed-prokaryote mid-year state,MHW_MeanInt,0.4161540588369243,0.06082649365904459
2009-04-01,1,2,Mixed-prokaryote mid-year state,MHW_MaxInt,0.5322080234808598,0.02572918455125462
2009-04-01,1,2,Mixed-prokaryote mid-year state,MHW_CumInt,2.5272331491769022,-0.023758718612699233
2009-05-01,2,2,Mixed-prokaryote mid-year state,SST,16.72519,0.37842434840229827
2009-05-01,2,2,Mixed-prokaryote mid-year state,NO3,3.289662,0.20121065567031376
2009-05-01,2,2,Mixed-prokaryote mid-year state,PO4,0.01284137,0.18723311749981983
2009-05-01,2,2,Mixed-prokaryote mid-year state,SPCo2,34.94796,-0.010008786879184791
2009-05-01,2,2,Mixed-prokaryote mid-year state,MLD,11.15864,1.6753225334914343
2009-05-01,2,2,Mixed-prokaryote mid-year state,SSS,32.31105,-0.07305737108267327
2009-05-01,2,2,Mixed-prokaryote mid-year state,SSH,0.1916929,0.36513592206354056
2009-05-01,2,2,Mixed-prokaryote mid-year state,PAR,49.61242,1.3079554751157325
2009-05-01,2,2,Mixed-prokaryote mid-year state,PDO,-1.32,0.005357605279772243
2009-05-01,2,2,Mixed-prokaryote mid-year state,NINO_3.4,0.17,0.045280227880244266
2009-05-01,2,2,Mixed-prokaryote mid-year state,WPI,-0.67,0.08389723392409852
2009-05-01,2,2,Mixed-prokaryote mid-year state,MHW_MeanInt,0.0770455003131202,-0.007995409040677456
2009-05-01,2,2,Mixed-prokaryote mid-year state,MHW_MaxInt,0.0961152486375653,0.0354703091712173
2009-05-01,2,2,Mixed-prokaryote mid-year state,MHW_CumInt,0.6210073715327548,0.030861868573713275
2009-06-01,2,2,Mixed-prokaryote mid-year state,SST,20.44709,0.34995473763685514
2009-06-01,2,2,Mixed-prokaryote mid-year state,NO3,4.863413,0.3155177284322117
2009-06-01,2,2,Mixed-prokaryote mid-year state,PO4,0.01234454,0.1724397854664964
2009-06-01,2,2,Mixed-prokaryote mid-year state,SPCo2,40.04809,0.3197435737547163
2009-06-01,2,2,Mixed-prokaryote mid-year state,MLD,10.62812,2.5207860476677464
2009-06-01,2,2,Mixed-prokaryote mid-year state,SSS,31.99682,0.3128417537503397
2009-06-01,2,2,Mixed-prokaryote mid-year state,SSH,0.2224203,0.11651146588021749
2009-06-01,2,2,Mixed-prokaryote mid-year state,PAR,47.69398,1.0677337072933624
2009-06-01,2,2,Mixed-prokaryote mid-year state,PDO,-0.73,0.10295569384652475
2009-06-01,2,2,Mixed-prokaryote mid-year state,NINO_3.4,0.49,0.03137988330922559
2009-06-01,2,2,Mixed-prokaryote mid-year state,WPI,-1.74,-0.12039817539175579
2009-06-01,2,2,Mixed-prokaryote mid-year state,MHW_MeanInt,0.1916036418083938,-0.03180400291169883
2009-06-01,2,2,Mixed-prokaryote mid-year state,MHW_MaxInt,0.2405601903249845,-0.011530618546737733
2009-06-01,2,2,Mixed-prokaryote mid-year state,MHW_CumInt,1.99136828317128,-0.17728421461324967
2009-07-01,2,2,Mixed-prokaryote mid-year state,SST,24.01626,0.40435161966290406
2009-07-01,2,2,Mixed-prokaryote mid-year state,NO3,5.917418,0.4120553660457249
2009-07-01,2,2,Mixed-prokaryote mid-year state,PO4,0.01671528,0.2525953457291209
2009-07-01,2,2,Mixed-prokaryote mid-year state,SPCo2,42.46432,0.5724759582803571
2009-07-01,2,2,Mixed-prokaryote mid-year state,MLD,10.43759,2.3002626949373077
2009-07-01,2,2,Mixed-prokaryote mid-year state,SSS,31.58459,0.37868047866996896
2009-07-01,2,2,Mixed-prokaryote mid-year state,SSH,0.2248385,0.02634568423354984
2009-07-01,2,2,Mixed-prokaryote mid-year state,PAR,44.97459,1.0418361152136906
2009-07-01,2,2,Mixed-prokaryote mid-year state,PDO,-0.71,0.10487116661093954
2009-07-01,2,2,Mixed-prokaryote mid-year state,NINO_3.4,0.69,0.0038429333250338308
2009-07-01,2,2,Mixed-prokaryote mid-year state,WPI,1.2,-0.07054872141983476
2009-07-01,2,2,Mixed-prokaryote mid-year state,MHW_MeanInt,0.430807568008436,0.06521613978743339
2009-07-01,2,2,Mixed-prokaryote mid-year state,MHW_MaxInt,0.5527462718742084,0.07273252875891421
2009-07-01,2,2,Mixed-prokaryote mid-year state,MHW_CumInt,4.608710661552521,0.16848300865053095
2009-08-01,2,2,Mixed-prokaryote mid-year state,SST,25.82717,0.31095197916264367
2009-08-01,2,2,Mixed-prokaryote mid-year state,NO3,5.723061,0.3540855603287504
2009-08-01,2,2,Mixed-prokaryote mid-year state,PO4,0.02314663,0.17855907271374047
2009-08-01,2,2,Mixed-prokaryote mid-year state,SPCo2,42.26756,0.2979525731454665
2009-08-01,2,2,Mixed-prokaryote mid-year state,MLD,11.02272,1.6980503156805018
2009-08-01,2,2,Mixed-prokaryote mid-year state,SSS,31.42508,0.33489386271421806
2009-08-01,2,2,Mixed-prokaryote mid-year state,SSH,0.3127087,-0.15979413037700738
2009-08-01,2,2,Mixed-prokaryote mid-year state,PAR,44.64119,1.0888205045276784
2009-08-01,2,2,Mixed-prokaryote mid-year state,PDO,-0.49,0.0915694583986836
2009-08-01,2,2,Mixed-prokaryote mid-year state,NINO_3.4,0.62,-0.009781009306142625
2009-08-01,2,2,Mixed-prokaryote mid-year state,WPI,0.66,0.011059110513652439
2009-08-01,2,2,Mixed-prokaryote mid-year state,MHW_MeanInt,0.1010078652656766,-0.016278330926289986
2009-08-01,2,2,Mixed-prokaryote mid-year state,MHW_MaxInt,0.1168925816031281,-0.00143285104360917
2009-08-01,2,2,Mixed-prokaryote mid-year state,MHW_CumInt,0.8015783967045559,-0.15381272583363653
2009-09-01,3,2,Mixed-prokaryote mid-year state,SST,24.78023,0.11929386337041147
2009-09-01,3,2,Mixed-prokaryote mid-year state,NO3,5.010671,0.10710574277418657
2009-09-01,3,2,Mixed-prokaryote mid-year state,PO4,0.01500423,0.056678896572727316
2009-09-01,3,2,Mixed-prokaryote mid-year state,SPCo2,38.29243,-0.07215701927487252
2009-09-01,3,2,Mixed-prokaryote mid-year state,MLD,15.2265,-1.9141526565374645
2009-09-01,3,2,Mixed-prokaryote mid-year state,SSS,31.59405,0.10268549546934824
2009-09-01,3,2,Mixed-prokaryote mid-year state,SSH,0.37324,-0.08490435471180253
2009-09-01,3,2,Mixed-prokaryote mid-year state,PAR,36.99078,-0.6485809537548233
2009-09-01,3,2,Mixed-prokaryote mid-year state,PDO,0.33,0.04931832501968174
2009-09-01,3,2,Mixed-prokaryote mid-year state,NINO_3.4,0.68,-0.27488686830584946
2009-09-01,3,2,Mixed-prokaryote mid-year state,WPI,-1.02,-0.03388411833073397
2009-09-01,3,2,Mixed-prokaryote mid-year state,MHW_MeanInt,0.2649707912542517,-0.11219564725573433
2009-09-01,3,2,Mixed-prokaryote mid-year state,MHW_MaxInt,0.3317771566537492,-0.1196209012645619
2009-09-01,3,2,Mixed-prokaryote mid-year state,MHW_CumInt,1.5782998525086236,-0.26658168403703675
2009-10-01,3,2,Mixed-prokaryote mid-year state,SST,22.0396,0.1767709112230452
2009-10-01,3,2,Mixed-prokaryote mid-year state,NO3,4.689354,-0.050719852839066326
2009-10-01,3,2,Mixed-prokaryote mid-year state,PO4,0.01473548,0.03320505286213732
2009-10-01,3,2,Mixed-prokaryote mid-year state,SPCo2,33.93439,-0.22101587898219935
2009-10-01,3,2,Mixed-prokaryote mid-year state,MLD,22.55996,-1.793673133198035
2009-10-01,3,2,Mixed-prokaryote mid-year state,SSS,31.88766,0.08983228286523784
2009-10-01,3,2,Mixed-prokaryote mid-year state,SSH,0.3258369,-0.30264072475880893
2009-10-01,3,2,Mixed-prokaryote mid-year state,PAR,31.64962,-0.7774138205203502
2009-10-01,3,2,Mixed-prokaryote mid-year state,PDO,-0.13,0.033026049609064106
2009-10-01,3,2,Mixed-prokaryote mid-year state,NINO_3.4,0.96,-0.4114318854406172
2009-10-01,3,2,Mixed-prokaryote mid-year state,WPI,-2.05,-0.07135632880765577
2009-10-01,3,2,Mixed-prokaryote mid-year state,MHW_MeanInt,0.2057089297840367,-0.10841537656507369
2009-10-01,3,2,Mixed-prokaryote mid-year state,MHW_MaxInt,0.2603131150493665,-0.13049167895482147
2009-10-01,3,2,Mixed-prokaryote mid-year state,MHW_CumInt,1.632396927764749,-0.2647140122750165
2009-11-01,3,2,Mixed-prokaryote mid-year state,SST,17.8215,0.3963310762867947
2009-11-01,3,2,Mixed-prokaryote mid-year state,NO3,3.589816,-0.05709012539972062
2009-11-01,3,2,Mixed-prokaryote mid-year state,PO4,0.03133217,-0.05119058545647052
2009-11-01,3,2,Mixed-prokaryote mid-year state,SPCo2,29.67754,-0.41614803046933213
2009-11-01,3,2,Mixed-prokaryote mid-year state,MLD,30.25666,-1.208379598109589
2009-11-01,3,2,Mixed-prokaryote mid-year state,SSS,32.17666,-0.05715815174716959
2009-11-01,3,2,Mixed-prokaryote mid-year state,SSH,0.2893158,-0.20634459713768782
2009-11-01,3,2,Mixed-prokaryote mid-year state,PAR,17.66857,-0.5490060109932561
2009-11-01,3,2,Mixed-prokaryote mid-year state,PDO,-0.94,-0.10452928653670078
2009-11-01,3,2,Mixed-prokaryote mid-year state,NINO_3.4,1.49,-0.6556010192264317
2009-11-01,3,2,Mixed-prokaryote mid-year state,WPI,1.27,0.04648720506170356
2009-11-01,3,2,Mixed-prokaryote mid-year state,MHW_MeanInt,0.0243436227048627,-0.08691409164367034
2009-11-01,3,2,Mixed-prokaryote mid-year state,MHW_MaxInt,0.0315147352176697,-0.09246314771058359
2009-11-01,3,2,Mixed-prokaryote mid-year state,MHW_CumInt,0.136375637470358,-0.3321604482689299
2009-12-01,1,2,Mixed-prokaryote mid-year state,SST,13.39651,-0.23026527504810748
2009-12-01,1,2,Mixed-prokaryote mid-year state,NO3,2.563715,-0.1953217412606947
2009-12-01,1,2,Mixed-prokaryote mid-year state,PO4,0.04635568,-0.13884457222189237
2009-12-01,1,2,Mixed-prokaryote mid-year state,SPCo2,26.33494,-0.37894696310957415
2009-12-01,1,2,Mixed-prokaryote mid-year state,MLD,38.53873,-0.7341281767426909
2009-12-01,1,2,Mixed-prokaryote mid-year state,SSS,32.40301,-0.26707395387218036
2009-12-01,1,2,Mixed-prokaryote mid-year state,SSH,0.2670951,-0.08022197433232897
2009-12-01,1,2,Mixed-prokaryote mid-year state,PAR,15.67848,-0.523431312220122
2009-12-01,1,2,Mixed-prokaryote mid-year state,PDO,-0.51,0.11264751859065734
2009-12-01,1,2,Mixed-prokaryote mid-year state,NINO_3.4,1.81,-0.2754600271725319
2009-12-01,1,2,Mixed-prokaryote mid-year state,WPI,-1.07,0.15405572369429463
2009-12-01,1,2,Mixed-prokaryote mid-year state,MHW_MeanInt,0.005259331137109,-0.006923857393727032
2009-12-01,1,2,Mixed-prokaryote mid-year state,MHW_MaxInt,0.0057109665878036,-0.01230391472148309
2009-12-01,1,2,Mixed-prokaryote mid-year state,MHW_CumInt,0.0262966556855453,-0.21845725943206348
2010-01-01,1,2,Mixed-prokaryote mid-year state,SST,10.2186,-0.24268732767212708
2010-01-01,1,2,Mixed-prokaryote mid-year state,NO3,1.900383,-0.23828905700326328
2010-01-01,1,2,Mixed-prokaryote mid-year state,PO4,0.06019795,-0.09464503210351134
2010-01-01,1,2,Mixed-prokaryote mid-year state,SPCo2,24.30549,0.4025886684332824
2010-01-01,1,2,Mixed-prokaryote mid-year state,MLD,42.30539,-0.6729961163032275
2010-01-01,1,2,Mixed-prokaryote mid-year state,SSS,32.56844,-0.2874205578080979
2010-01-01,1,2,Mixed-prokaryote mid-year state,SSH,0.2046967,-0.003677852487253141
2010-01-01,1,2,Mixed-prokaryote mid-year state,PAR,17.88068,-0.40696952554512833
2010-01-01,1,2,Mixed-prokaryote mid-year state,PDO,0.05,0.17746043580171125
2010-01-01,1,2,Mixed-prokaryote mid-year state,NINO_3.4,1.43,-0.19682733828313198
2010-01-01,1,2,Mixed-prokaryote mid-year state,WPI,0.47,-0.06353892245167937
2010-01-01,1,2,Mixed-prokaryote mid-year state,MHW_MeanInt,0.0295923308382362,-0.07922059938133652
2010-01-01,1,2,Mixed-prokaryote mid-year state,MHW_MaxInt,0.0359435728663569,-0.09045028668087256
2010-01-01,1,2,Mixed-prokaryote mid-year state,MHW_CumInt,0.2141182419850772,-0.19309468111283076
2010-02-01,1,2,Mixed-prokaryote mid-year state,SST,8.796714,-0.19599432275223133
2010-02-01,1,2,Mixed-prokaryote mid-year state,NO3,1.735985,-0.20928927328409036
2010-02-01,1,2,Mixed-prokaryote mid-year state,PO4,0.05531385,-0.11497237907811997
2010-02-01,1,2,Mixed-prokaryote mid-year state,SPCo2,24.55688,0.41210008055607855
2010-02-01,1,2,Mixed-prokaryote mid-year state,MLD,34.16289,-0.7372316809320468
2010-02-01,1,2,Mixed-prokaryote mid-year state,SSS,32.66602,-0.16416797952307688
2010-02-01,1,2,Mixed-prokaryote mid-year state,SSH,0.2491098,-0.13467024929422391
2010-02-01,1,2,Mixed-prokaryote mid-year state,PAR,20.94246,-0.4700272356339327
2010-02-01,1,2,Mixed-prokaryote mid-year state,PDO,0.25,0.1774074404620392
2010-02-01,1,2,Mixed-prokaryote mid-year state,NINO_3.4,1.18,-0.1913506593609431
2010-02-01,1,2,Mixed-prokaryote mid-year state,WPI,0.23,-0.019296842410143684
2010-02-01,1,2,Mixed-prokaryote mid-year state,MHW_MeanInt,0.0125793921430819,-0.018052185949853864
2010-02-01,1,2,Mixed-prokaryote mid-year state,MHW_MaxInt,0.0145817238427007,-0.009892272426375422
2010-02-01,1,2,Mixed-prokaryote mid-year state,MHW_CumInt,0.0825488064207244,-0.14832082959823842
2010-03-01,1,2,Mixed-prokaryote mid-year state,SST,9.088304,-0.19768993679418803
2010-03-01,1,2,Mixed-prokaryote mid-year state,NO3,1.591832,-0.33281388941430623
2010-03-01,1,2,Mixed-prokaryote mid-year state,PO4,0.03611907,-0.1388406344728844
2010-03-01,1,2,Mixed-prokaryote mid-year state,SPCo2,26.09678,-0.3016755820070231
2010-03-01,1,2,Mixed-prokaryote mid-year state,MLD,26.98267,-0.7944133088039929
2010-03-01,1,2,Mixed-prokaryote mid-year state,SSS,32.69419,-0.17109330243914284
2010-03-01,1,2,Mixed-prokaryote mid-year state,SSH,0.191109,0.1874098742985064
2010-03-01,1,2,Mixed-prokaryote mid-year state,PAR,29.98847,-0.32433023780039066
2010-03-01,1,2,Mixed-prokaryote mid-year state,PDO,-0.16,0.19567402995805905
2010-03-01,1,2,Mixed-prokaryote mid-year state,NINO_3.4,1.07,-0.2020573911747494
2010-03-01,1,2,Mixed-prokaryote mid-year state,WPI,1.83,-0.0971890856929765
2010-03-01,1,2,Mixed-prokaryote mid-year state,MHW_MeanInt,0.0014163949825914,0.0077636682772851025
2010-03-01,1,2,Mixed-prokaryote mid-year state,MHW_MaxInt,0.0016187736612182,0.020062194664995543
2010-03-01,1,2,Mixed-prokaryote mid-year state,MHW_CumInt,0.0070819749129572,-0.09428392902106555
2010-04-01,1,2,Mixed-prokaryote mid-year state,SST,11.15974,-0.14546443056611078
2010-04-01,1,2,Mixed-prokaryote mid-year state,NO3,2.025447,-0.25541379697301775
2010-04-01,1,2,Mixed-prokaryote mid-year state,PO4,0.01827536,0.016357671277339367
2010-04-01,1,2,Mixed-prokaryote mid-year state,SPCo2,29.12605,-0.23872099077929296
2010-04-01,1,2,Mixed-prokaryote mid-year state,MLD,15.6813,-0.7745232637019263
2010-04-01,1,2,Mixed-prokaryote mid-year state,SSS,32.64836,-0.16198713572334777
2010-04-01,1,2,Mixed-prokaryote mid-year state,SSH,0.1952679,0.24124372932324922
2010-04-01,1,2,Mixed-prokaryote mid-year state,PAR,37.86516,0.024554660594635815
2010-04-01,1,2,Mixed-prokaryote mid-year state,PDO,-0.04,0.20055442719646643
2010-04-01,1,2,Mixed-prokaryote mid-year state,NINO_3.4,0.56,-0.21347831123388097
2010-04-01,1,2,Mixed-prokaryote mid-year state,WPI,0.88,-0.08523137574647073
2010-04-01,1,2,Mixed-prokaryote mid-year state,MHW_MeanInt,0.0077174740105249,-0.016614354128179864
2010-04-01,1,2,Mixed-prokaryote mid-year state,MHW_MaxInt,0.0090935654019174,0.06707732816005818
2010-04-01,1,2,Mixed-prokaryote mid-year state,MHW_CumInt,0.0437621241618737,-0.03741191762220703
2010-05-01,1,2,Mixed-prokaryote mid-year state,SST,15.07052,-0.34064312897237164
2010-05-01,1,2,Mixed-prokaryote mid-year state,NO3,3.191687,0.19953307358119884
2010-05-01,1,2,Mixed-prokaryote mid-year state,PO4,0.01298422,0.11347018970851454
2010-05-01,1,2,Mixed-prokaryote mid-year state,SPCo2,34.46811,-0.06658446054445642
2010-05-01,1,2,Mixed-prokaryote mid-year state,MLD,11.30014,-0.5933943991940672
2010-05-01,1,2,Mixed-prokaryote mid-year state,SSS,32.36586,-0.07565061800771988
2010-05-01,1,2,Mixed-prokaryote mid-year state,SSH,0.1900635,0.4149032872257126
2010-05-01,1,2,Mixed-prokaryote mid-year state,PAR,44.90027,0.9775194677622382
2010-05-01,1,2,Mixed-prokaryote mid-year state,PDO,-0.18,0.1807927768776575
2010-05-01,1,2,Mixed-prokaryote mid-year state,NINO_3.4,-0.15,-0.04984545823476448
2010-05-01,1,2,Mixed-prokaryote mid-year state,WPI,-2.5,-0.0427251986579622
2010-05-01,1,2,Mixed-prokaryote mid-year state,MHW_MeanInt,0.2414159092623645,-0.05946487602458674
2010-05-01,1,2,Mixed-prokaryote mid-year state,MHW_MaxInt,0.3161260411675853,-0.04485895068009886
2010-05-01,1,2,Mixed-prokaryote mid-year state,MHW_CumInt,2.139027991741322,-0.05399065597172971
2010-06-01,2,2,Mixed-prokaryote mid-year state,SST,19.9422,0.38079252899794114
2010-06-01,2,2,Mixed-prokaryote mid-year state,NO3,4.691751,0.2253071667847979
2010-06-01,2,2,Mixed-prokaryote mid-year state,PO4,0.02158329,0.21282013675381584
2010-06-01,2,2,Mixed-prokaryote mid-year state,SPCo2,41.26215,0.2670368901667244
2010-06-01,2,2,Mixed-prokaryote mid-year state,MLD,10.71185,2.3089966291763213
2010-06-01,2,2,Mixed-prokaryote mid-year state,SSS,31.95698,0.3551019150557918
2010-06-01,2,2,Mixed-prokaryote mid-year state,SSH,0.2146049,0.21513008025900368
2010-06-01,2,2,Mixed-prokaryote mid-year state,PAR,44.20998,0.8903330660164206
2010-06-01,2,2,Mixed-prokaryote mid-year state,PDO,-0.79,0.1445522592202932
2010-06-01,2,2,Mixed-prokaryote mid-year state,NINO_3.4,-0.62,0.270032276405621
2010-06-01,2,2,Mixed-prokaryote mid-year state,WPI,-0.08,0.07165095928807179
2010-06-01,2,2,Mixed-prokaryote mid-year state,MHW_MeanInt,0.408291326348769,0.02476001258968436
2010-06-01,2,2,Mixed-prokaryote mid-year state,MHW_MaxInt,0.4959725800354509,0.049026380373235943
2010-06-01,2,2,Mixed-prokaryote mid-year state,MHW_CumInt,2.5933985597182043,-0.11268523133295272
2010-07-01,2,2,Mixed-prokaryote mid-year state,SST,24.16658,0.3861825287635403
2010-07-01,2,2,Mixed-prokaryote mid-year state,NO3,6.518647,0.3913532250220811
2010-07-01,2,2,Mixed-prokaryote mid-year state,PO4,0.02190173,0.2029954085293421
2010-07-01,2,2,Mixed-prokaryote mid-year state,SPCo2,44.90723,0.5105210397748966
2010-07-01,2,2,Mixed-prokaryote mid-year state,MLD,10.27925,2.233166946583785
2010-07-01,2,2,Mixed-prokaryote mid-year state,SSS,31.63332,0.34285156949929896
2010-07-01,2,2,Mixed-prokaryote mid-year state,SSH,0.2608065,0.028106236518628105
2010-07-01,2,2,Mixed-prokaryote mid-year state,PAR,44.13834,0.6876121878584074
2010-07-01,2,2,Mixed-prokaryote mid-year state,PDO,-1.99,-0.17131402406197654
2010-07-01,2,2,Mixed-prokaryote mid-year state,NINO_3.4,-0.89,-0.17733237990313963
2010-07-01,2,2,Mixed-prokaryote mid-year state,WPI,-2.38,-0.06288740640881663
2010-07-01,2,2,Mixed-prokaryote mid-year state,MHW_MeanInt,0.7677384342870498,0.10600582330084363
2010-07-01,2,2,Mixed-prokaryote mid-year state,MHW_MaxInt,0.9096309731545452,0.14311905750716492
2010-07-01,2,2,Mixed-prokaryote mid-year state,MHW_CumInt,7.142416152212906,0.38332012527999915
2010-08-01,2,2,Mixed-prokaryote mid-year state,SST,26.56218,0.15448355385298154
2010-08-01,2,2,Mixed-prokaryote mid-year state,NO3,6.624375,0.3520458148680403
2010-08-01,2,2,Mixed-prokaryote mid-year state,PO4,0.01751439,0.23527607005456436
2010-08-01,2,2,Mixed-prokaryote mid-year state,SPCo2,44.41868,0.524157590704664
2010-08-01,2,2,Mixed-prokaryote mid-year state,MLD,10.50511,2.175780926236209
2010-08-01,2,2,Mixed-prokaryote mid-year state,SSS,31.5333,0.3139294137496506
2010-08-01,2,2,Mixed-prokaryote mid-year state,SSH,0.2745191,-0.03605370942684053
2010-08-01,2,2,Mixed-prokaryote mid-year state,PAR,44.308,0.7429263886935534
2010-08-01,2,2,Mixed-prokaryote mid-year state,PDO,-2.21,-0.1462134365506989
2010-08-01,2,2,Mixed-prokaryote mid-year state,NINO_3.4,-1.33,-0.6084642950794799
2010-08-01,2,2,Mixed-prokaryote mid-year state,WPI,0.41,0.0286760801161837
2010-08-01,2,2,Mixed-prokaryote mid-year state,MHW_MeanInt,0.9297469501863304,0.12273522524175211
2010-08-01,2,2,Mixed-prokaryote mid-year state,MHW_MaxInt,1.1805450954309702,0.14125321720923703
2010-08-01,2,2,Mixed-prokaryote mid-year state,MHW_CumInt,7.259293997928109,0.3756965639280007
2010-09-01,3,2,Mixed-prokaryote mid-year state,SST,25.16753,0.1150871376018558
2010-09-01,3,2,Mixed-prokaryote mid-year state,NO3,5.572701,0.1503798930134592
2010-09-01,3,2,Mixed-prokaryote mid-year state,PO4,0.01905244,0.06930316692779517
2010-09-01,3,2,Mixed-prokaryote mid-year state,SPCo2,40.14954,0.02098130985657283
2010-09-01,3,2,Mixed-prokaryote mid-year state,MLD,13.27631,-1.5438838646404984
2010-09-01,3,2,Mixed-prokaryote mid-year state,SSS,31.68244,0.14838439536612766
2010-09-01,3,2,Mixed-prokaryote mid-year state,SSH,0.3242905,-0.2343740478249175
2010-09-01,3,2,Mixed-prokaryote mid-year state,PAR,36.26759,-0.6567712840097404
2010-09-01,3,2,Mixed-prokaryote mid-year state,PDO,-2.45,-0.09118578240539246
2010-09-01,3,2,Mixed-prokaryote mid-year state,NINO_3.4,-1.56,-0.3291414109557789
2010-09-01,3,2,Mixed-prokaryote mid-year state,WPI,0.05,0.011451424608025677
2010-09-01,3,2,Mixed-prokaryote mid-year state,MHW_MeanInt,0.052911620311301,-0.034876310408956994
2010-09-01,3,2,Mixed-prokaryote mid-year state,MHW_MaxInt,0.0652981714225575,-0.02914998038826469
2010-09-01,3,2,Mixed-prokaryote mid-year state,MHW_CumInt,0.3756953200657379,-0.2304995185856976
2010-10-01,3,2,Mixed-prokaryote mid-year state,SST,21.63019,0.19978659705795004
2010-10-01,3,2,Mixed-prokaryote mid-year state,NO3,4.100891,-0.03762284120359414
2010-10-01,3,2,Mixed-prokaryote mid-year state,PO4,0.01885317,0.04495577956798138
2010-10-01,3,2,Mixed-prokaryote mid-year state,SPCo2,34.06274,-0.13714419785045237
2010-10-01,3,2,Mixed-prokaryote mid-year state,MLD,21.30025,-1.3652444269066268
2010-10-01,3,2,Mixed-prokaryote mid-year state,SSS,31.88478,0.1793359802700752
2010-10-01,3,2,Mixed-prokaryote mid-year state,SSH,0.350316,-0.1955736341048028
2010-10-01,3,2,Mixed-prokaryote mid-year state,PAR,28.24248,-0.6527950449425385
2010-10-01,3,2,Mixed-prokaryote mid-year state,PDO,-1.6,-0.25482662809978013
2010-10-01,3,2,Mixed-prokaryote mid-year state,NINO_3.4,-1.65,-0.06435834666049635
2010-10-01,3,2,Mixed-prokaryote mid-year state,WPI,0.67,-0.010141520919912302
2010-10-01,3,2,Mixed-prokaryote mid-year state,MHW_MeanInt,0.00167974549429,-0.10235975912423244
2010-10-01,3,2,Mixed-prokaryote mid-year state,MHW_MaxInt,0.0021494849300791,-0.09034751212206216
2010-10-01,3,2,Mixed-prokaryote mid-year state,MHW_CumInt,0.0083987274714503,-0.2619682890781429
2010-11-01,3,2,Mixed-prokaryote mid-year state,SST,17.44055,0.20700668677847986
2010-11-01,3,2,Mixed-prokaryote mid-year state,NO3,3.199481,-0.06834485393227552
2010-11-01,3,2,Mixed-prokaryote mid-year state,PO4,0.02770189,0.01168142302247777
2010-11-01,3,2,Mixed-prokaryote mid-year state,SPCo2,29.45495,-0.32573320547293666
2010-11-01,3,2,Mixed-prokaryote mid-year state,MLD,29.05849,-0.9857794336496271
2010-11-01,3,2,Mixed-prokaryote mid-year state,SSS,32.18362,-0.14873224423506948
2010-11-01,3,2,Mixed-prokaryote mid-year state,SSH,0.3105007,-0.2791102189949752
2010-11-01,3,2,Mixed-prokaryote mid-year state,PAR,22.66409,-0.610826516605535
2010-11-01,3,2,Mixed-prokaryote mid-year state,PDO,-1.57,-0.2545046206601119
2010-11-01,3,2,Mixed-prokaryote mid-year state,NINO_3.4,-1.57,0.22313693163498663
2010-11-01,3,2,Mixed-prokaryote mid-year state,WPI,-0.33,-0.03727769514590074
2010-11-01,3,2,Mixed-prokaryote mid-year state,MHW_MeanInt,0.0033714751551761,-0.11742920410343148
2010-11-01,3,2,Mixed-prokaryote mid-year state,MHW_MaxInt,0.0039178504514303,-0.16229082052580843
2010-11-01,3,2,Mixed-prokaryote mid-year state,MHW_CumInt,0.0185524857567168,-0.3280050348878825
2010-12-01,3,2,Mixed-prokaryote mid-year state,SST,13.74267,-0.3370538789294898
2010-12-01,3,2,Mixed-prokaryote mid-year state,NO3,2.618837,-0.31577158982486514
2010-12-01,3,2,Mixed-prokaryote mid-year state,PO4,0.04059074,-0.16715705716432114
2010-12-01,3,2,Mixed-prokaryote mid-year state,SPCo2,26.84156,-0.48565184384451865
2010-12-01,3,2,Mixed-prokaryote mid-year state,MLD,36.55366,-0.7620796086427171
2010-12-01,3,2,Mixed-prokaryote mid-year state,SSS,32.41536,-0.4150702016827606
2010-12-01,3,2,Mixed-prokaryote mid-year state,SSH,0.1613614,-0.01952687247518964
2010-12-01,3,2,Mixed-prokaryote mid-year state,PAR,18.18857,-0.5465880022744429
2010-12-01,3,2,Mixed-prokaryote mid-year state,PDO,-2.04,-0.24462153367752865
2010-12-01,3,2,Mixed-prokaryote mid-year state,NINO_3.4,-1.63,0.03795341115259573
2010-12-01,3,2,Mixed-prokaryote mid-year state,WPI,-1.26,-0.08635835283487178
2010-12-01,3,2,Mixed-prokaryote mid-year state,MHW_MeanInt,0.0648121195455695,-0.08029633802747536
2010-12-01,3,2,Mixed-prokaryote mid-year state,MHW_MaxInt,0.0793235428171235,-0.08709674214841731
2010-12-01,3,2,Mixed-prokaryote mid-year state,MHW_CumInt,0.7056346336740866,-0.2506564652196965
2011-01-01,1,2,Mixed-prokaryote mid-year state,SST,9.66562,-0.26151609861274355
2011-01-01,1,2,Mixed-prokaryote mid-year state,NO3,1.643209,-0.21662995320289613
2011-01-01,1,2,Mixed-prokaryote mid-year state,PO4,0.06546502,-0.026165581635422576
2011-01-01,1,2,Mixed-prokaryote mid-year state,SPCo2,24.63671,0.31927243561052415
2011-01-01,1,2,Mixed-prokaryote mid-year state,MLD,46.2741,-0.555090651601355
2011-01-01,1,2,Mixed-prokaryote mid-year state,SSS,32.56516,-0.3321975290850044
2011-01-01,1,2,Mixed-prokaryote mid-year state,SSH,0.1869675,0.0861519234338943
2011-01-01,1,2,Mixed-prokaryote mid-year state,PAR,17.25359,-0.31898512035183596
2011-01-01,1,2,Mixed-prokaryote mid-year state,PDO,-1.8,-0.1369214931985269
2011-01-01,1,2,Mixed-prokaryote mid-year state,NINO_3.4,-1.7,0.1855702262732401
2011-01-01,1,2,Mixed-prokaryote mid-year state,WPI,-1.37,0.0812786771203243
2011-01-01,1,2,Mixed-prokaryote mid-year state,MHW_MeanInt,0.1257694873642273,-0.06266889247836853
2011-01-01,1,2,Mixed-prokaryote mid-year state,MHW_MaxInt,0.1563199055856554,-0.06606638272969478
2011-01-01,1,2,Mixed-prokaryote mid-year state,MHW_CumInt,0.9801504427489196,-0.12397093279382236
2011-02-01,1,2,Mixed-prokaryote mid-year state,SST,8.777107,-0.15213447046198347
2011-02-01,1,2,Mixed-prokaryote mid-year state,NO3,1.39087,-0.3058874477839427
2011-02-01,1,2,Mixed-prokaryote mid-year state,PO4,0.05432264,-0.08928794105373439
2011-02-01,1,2,Mixed-prokaryote mid-year state,SPCo2,24.3816,0.26472393085231677
2011-02-01,1,2,Mixed-prokaryote mid-year state,MLD,36.00455,-0.6246524425489857
2011-02-01,1,2,Mixed-prokaryote mid-year state,SSS,32.66889,-0.22952587804449096
2011-02-01,1,2,Mixed-prokaryote mid-year state,SSH,0.1851358,0.21040477793179163
2011-02-01,1,2,Mixed-prokaryote mid-year state,PAR,24.62485,-0.3725738222137275
2011-02-01,1,2,Mixed-prokaryote mid-year state,PDO,-1.46,-0.16784959625823204
2011-02-01,1,2,Mixed-prokaryote mid-year state,NINO_3.4,-1.26,0.34316289756576246
2011-02-01,1,2,Mixed-prokaryote mid-year state,WPI,-0.13,0.06831525853661959
2011-02-01,1,2,Mixed-prokaryote mid-year state,MHW_MeanInt,0.0014548866600609,0.016254730183695453
2011-02-01,1,2,Mixed-prokaryote mid-year state,MHW_MaxInt,0.0015483184531666,0.015980378430208726
2011-02-01,1,2,Mixed-prokaryote mid-year state,MHW_CumInt,0.0072744333003045,-0.08653338814722943
2011-03-01,1,2,Mixed-prokaryote mid-year state,SST,8.888328,-0.1501136551128246
2011-03-01,1,2,Mixed-prokaryote mid-year state,NO3,1.417785,-0.3669139451843589
2011-03-01,1,2,Mixed-prokaryote mid-year state,PO4,0.03281865,-0.07524413436923764
2011-03-01,1,2,Mixed-prokaryote mid-year state,SPCo2,26.13365,-0.22383474105885323
2011-03-01,1,2,Mixed-prokaryote mid-year state,MLD,29.14421,-0.7100537219668732
2011-03-01,1,2,Mixed-prokaryote mid-year state,SSS,32.6614,-0.22989940269588574
2011-03-01,1,2,Mixed-prokaryote mid-year state,SSH,0.1287647,0.2643928248137342
2011-03-01,1,2,Mixed-prokaryote mid-year state,PAR,36.56836,-0.04810919043564344
2011-03-01,1,2,Mixed-prokaryote mid-year state,PDO,-1.28,-0.09684301046156807
2011-03-01,1,2,Mixed-prokaryote mid-year state,NINO_3.4,-0.98,0.4520701983520069
2011-03-01,1,2,Mixed-prokaryote mid-year state,WPI,-0.1,0.05546181702745457
2011-03-01,1,2,Mixed-prokaryote mid-year state,MHW_MeanInt,0.0,0.025204415271767814
2011-03-01,1,2,Mixed-prokaryote mid-year state,MHW_MaxInt,0.0,0.039423572321198266
2011-03-01,1,2,Mixed-prokaryote mid-year state,MHW_CumInt,0.0,-0.0072703818561021625
2011-04-01,1,2,Mixed-prokaryote mid-year state,SST,11.29099,-0.17506804735233825
2011-04-01,1,2,Mixed-prokaryote mid-year state,NO3,1.898793,-0.28888418226975526
2011-04-01,1,2,Mixed-prokaryote mid-year state,PO4,0.01777379,0.015835659600770394
2011-04-01,1,2,Mixed-prokaryote mid-year state,SPCo2,29.84111,-0.18537091314745166
2011-04-01,1,2,Mixed-prokaryote mid-year state,MLD,13.49117,-0.6461610505596466
2011-04-01,1,2,Mixed-prokaryote mid-year state,SSS,32.60658,-0.24473441182315012
2011-04-01,1,2,Mixed-prokaryote mid-year state,SSH,0.1332981,0.3646173331298846
2011-04-01,1,2,Mixed-prokaryote mid-year state,PAR,42.43427,0.01577413279477058
2011-04-01,1,2,Mixed-prokaryote mid-year state,PDO,-1.02,-0.09014499033732655
2011-04-01,1,2,Mixed-prokaryote mid-year state,NINO_3.4,-0.74,0.4194542874702048
2011-04-01,1,2,Mixed-prokaryote mid-year state,WPI,-1.93,0.06887584999373886
2011-04-01,1,2,Mixed-prokaryote mid-year state,MHW_MeanInt,0.0030260116229809,0.04269263569249277
2011-04-01,1,2,Mixed-prokaryote mid-year state,MHW_MaxInt,0.0041927945504784,0.0790181054148991
2011-04-01,1,2,Mixed-prokaryote mid-year state,MHW_CumInt,0.0258863802476312,0.03712228535504796
2011-05-01,2,2,Mixed-prokaryote mid-year state,SST,15.11786,-0.3156524541199701
2011-05-01,2,2,Mixed-prokaryote mid-year state,NO3,2.836673,-0.017415396509413
2011-05-01,2,2,Mixed-prokaryote mid-year state,PO4,0.01109871,0.4914700773016342
2011-05-01,2,2,Mixed-prokaryote mid-year state,SPCo2,35.35616,0.1222563648486881
2011-05-01,2,2,Mixed-prokaryote mid-year state,MLD,10.75449,1.742962559161097
2011-05-01,2,2,Mixed-prokaryote mid-year state,SSS,32.31359,0.0430659550634194
2011-05-01,2,2,Mixed-prokaryote mid-year state,SSH,0.2056485,0.27909421740430485
2011-05-01,2,2,Mixed-prokaryote mid-year state,PAR,43.64163,0.8474407774763663
2011-05-01,2,2,Mixed-prokaryote mid-year state,PDO,-0.66,0.1759522843157401
2011-05-01,2,2,Mixed-prokaryote mid-year state,NINO_3.4,-0.53,0.5838934900093494
2011-05-01,2,2,Mixed-prokaryote mid-year state,WPI,0.38,0.06131304575016694
2011-05-01,2,2,Mixed-prokaryote mid-year state,MHW_MeanInt,0.0063089641107794,0.10018883505905238
2011-05-01,2,2,Mixed-prokaryote mid-year state,MHW_MaxInt,0.0081058070449554,0.15614051857621503
2011-05-01,2,2,Mixed-prokaryote mid-year state,MHW_CumInt,0.0408850639049629,0.20024951855039685
2011-06-01,2,2,Mixed-prokaryote mid-year state,SST,19.42791,0.4149664755595672
2011-06-01,2,2,Mixed-prokaryote mid-year state,NO3,4.287622,0.19345141749767975
2011-06-01,2,2,Mixed-prokaryote mid-year state,PO4,0.01350287,0.21874338493997666
2011-06-01,2,2,Mixed-prokaryote mid-year state,SPCo2,40.51891,0.33899116210393404
2011-06-01,2,2,Mixed-prokaryote mid-year state,MLD,10.29064,2.770468893062101
2011-06-01,2,2,Mixed-prokaryote mid-year state,SSS,31.91584,0.3259741672860896
2011-06-01,2,2,Mixed-prokaryote mid-year state,SSH,0.2093349,0.297376680998233
2011-06-01,2,2,Mixed-prokaryote mid-year state,PAR,40.61892,-0.3467017213367097
2011-06-01,2,2,Mixed-prokaryote mid-year state,PDO,-1.08,0.04731424978665023
2011-06-01,2,2,Mixed-prokaryote mid-year state,NINO_3.4,-0.25,0.13172452910798993
2011-06-01,2,2,Mixed-prokaryote mid-year state,WPI,0.81,0.020979954692802325
2011-06-01,2,2,Mixed-prokaryote mid-year state,MHW_MeanInt,0.1617210910893889,-0.025745729229773452
2011-06-01,2,2,Mixed-prokaryote mid-year state,MHW_MaxInt,0.1960627645187697,0.03427177315873929
2011-06-01,2,2,Mixed-prokaryote mid-year state,MHW_CumInt,1.0317175651415944,-0.08932987835487964
2011-07-01,2,2,Mixed-prokaryote mid-year state,SST,23.82733,0.3547136905291004
2011-07-01,2,2,Mixed-prokaryote mid-year state,NO3,5.717331,0.380207997810107
2011-07-01,2,2,Mixed-prokaryote mid-year state,PO4,0.01744472,0.250503646959301
2011-07-01,2,2,Mixed-prokaryote mid-year state,SPCo2,43.18626,0.5982108383761319
2011-07-01,2,2,Mixed-prokaryote mid-year state,MLD,10.28893,2.548832001230512
2011-07-01,2,2,Mixed-prokaryote mid-year state,SSS,31.4318,0.3489268105677956
2011-07-01,2,2,Mixed-prokaryote mid-year state,SSH,0.2464277,-0.012477266606644671
2011-07-01,2,2,Mixed-prokaryote mid-year state,PAR,44.55813,1.0061230898316276
2011-07-01,2,2,Mixed-prokaryote mid-year state,PDO,-2.3,-0.05643373036086897
2011-07-01,2,2,Mixed-prokaryote mid-year state,NINO_3.4,-0.23,0.12663365492528378
2011-07-01,2,2,Mixed-prokaryote mid-year state,WPI,-0.27,0.07198080670397727
2011-07-01,2,2,Mixed-prokaryote mid-year state,MHW_MeanInt,0.0168827755032423,-0.07151960561411604
2011-07-01,2,2,Mixed-prokaryote mid-year state,MHW_MaxInt,0.0198811343423548,-0.018759397052671663
2011-07-01,2,2,Mixed-prokaryote mid-year state,MHW_CumInt,0.0976484633702458,-0.14762218370523822
2011-08-01,2,2,Mixed-prokaryote mid-year state,SST,24.87282,0.3815691324064129
2011-08-01,2,2,Mixed-prokaryote mid-year state,NO3,5.299949,0.29465010402665004
2011-08-01,2,2,Mixed-prokaryote mid-year state,PO4,0.01902178,0.24026674276446147
2011-08-01,2,2,Mixed-prokaryote mid-year state,SPCo2,42.43574,0.5191968645564895
2011-08-01,2,2,Mixed-prokaryote mid-year state,MLD,11.05684,1.674191676283047
2011-08-01,2,2,Mixed-prokaryote mid-year state,SSS,31.47265,0.3273208449038749
2011-08-01,2,2,Mixed-prokaryote mid-year state,SSH,0.3100654,-0.136113529880263
2011-08-01,2,2,Mixed-prokaryote mid-year state,PAR,40.71592,-0.3324715383973832
2011-08-01,2,2,Mixed-prokaryote mid-year state,PDO,-2.37,-0.010796518081250737
2011-08-01,2,2,Mixed-prokaryote mid-year state,NINO_3.4,-0.66,0.3301394987813702
2011-08-01,2,2,Mixed-prokaryote mid-year state,WPI,-0.51,0.10502300332302092
2011-08-01,2,2,Mixed-prokaryote mid-year state,MHW_MeanInt,0.0266049588104725,0.005595216752754021
2011-08-01,2,2,Mixed-prokaryote mid-year state,MHW_MaxInt,0.0303048198714922,-0.0035667713195279183
2011-08-01,2,2,Mixed-prokaryote mid-year state,MHW_CumInt,0.1565934403386568,-0.11901680935261814
2011-09-01,3,2,Mixed-prokaryote mid-year state,SST,23.81514,0.13117674598358448
2011-09-01,3,2,Mixed-prokaryote mid-year state,NO3,4.26396,-0.03391973265826063
2011-09-01,3,2,Mixed-prokaryote mid-year state,PO4,0.01498286,-0.1224336783720144
2011-09-01,3,2,Mixed-prokaryote mid-year state,SPCo2,38.63392,-0.10980826372693851
2011-09-01,3,2,Mixed-prokaryote mid-year state,MLD,15.3377,-1.589452908895252
2011-09-01,3,2,Mixed-prokaryote mid-year state,SSS,31.70886,0.11950096500838983
2011-09-01,3,2,Mixed-prokaryote mid-year state,SSH,0.3643636,-0.24822533746374248
2011-09-01,3,2,Mixed-prokaryote mid-year state,PAR,37.97459,-0.6218477470239963
2011-09-01,3,2,Mixed-prokaryote mid-year state,PDO,-2.5,-0.20948950464155414
2011-09-01,3,2,Mixed-prokaryote mid-year state,NINO_3.4,-0.76,0.17456707138013192
2011-09-01,3,2,Mixed-prokaryote mid-year state,WPI,0.51,-0.10491416874444598
2011-09-01,3,2,Mixed-prokaryote mid-year state,MHW_MeanInt,0.0,-0.11742452322351973
2011-09-01,3,2,Mixed-prokaryote mid-year state,MHW_MaxInt,0.0,-0.12302390924384432
2011-09-01,3,2,Mixed-prokaryote mid-year state,MHW_CumInt,0.0,-0.27939527010639187
2011-10-01,3,2,Mixed-prokaryote mid-year state,SST,21.14091,0.25766983406365573
2011-10-01,3,2,Mixed-prokaryote mid-year state,NO3,3.654976,0.030943943160071742
2011-10-01,3,2,Mixed-prokaryote mid-year state,PO4,0.01353873,-0.18086518054989364
2011-10-01,3,2,Mixed-prokaryote mid-year state,SPCo2,33.66519,-0.0973741103193831
2011-10-01,3,2,Mixed-prokaryote mid-year state,MLD,21.80725,-1.490011475157102
2011-10-01,3,2,Mixed-prokaryote mid-year state,SSS,32.03296,0.18812977439438566
2011-10-01,3,2,Mixed-prokaryote mid-year state,SSH,0.3226783,-0.22549581104432997
2011-10-01,3,2,Mixed-prokaryote mid-year state,PAR,29.13334,-0.6846605826049202
2011-10-01,3,2,Mixed-prokaryote mid-year state,PDO,-1.92,-0.25341563199172634
2011-10-01,3,2,Mixed-prokaryote mid-year state,NINO_3.4,-0.93,0.1758090692304026
2011-10-01,3,2,Mixed-prokaryote mid-year state,WPI,1.06,0.05026197458549465
2011-10-01,3,2,Mixed-prokaryote mid-year state,MHW_MeanInt,0.1163151360485518,-0.02185273049579857
2011-10-01,3,2,Mixed-prokaryote mid-year state,MHW_MaxInt,0.1423732989987322,-0.0013250408371289731
2011-10-01,3,2,Mixed-prokaryote mid-year state,MHW_CumInt,0.8286382906806566,-0.16799189951953947
2011-11-01,3,2,Mixed-prokaryote mid-year state,SST,18.24443,0.3365848034737967
2011-11-01,3,2,Mixed-prokaryote mid-year state,NO3,3.174246,-0.010132696509752877
2011-11-01,3,2,Mixed-prokaryote mid-year state,PO4,0.02317196,0.06161591625153917
2011-11-01,3,2,Mixed-prokaryote mid-year state,SPCo2,31.01872,-0.04091238280474759
2011-11-01,3,2,Mixed-prokaryote mid-year state,MLD,24.13856,-1.0548212392958443
2011-11-01,3,2,Mixed-prokaryote mid-year state,SSS,32.18117,-0.12761599869696352
2011-11-01,3,2,Mixed-prokaryote mid-year state,SSH,0.3102497,-0.22277224391697628
2011-11-01,3,2,Mixed-prokaryote mid-year state,PAR,18.80546,-0.08943728286414376
2011-11-01,3,2,Mixed-prokaryote mid-year state,PDO,-2.95,-0.16808378421792905
2011-11-01,3,2,Mixed-prokaryote mid-year state,NINO_3.4,-1.09,0.3424382552393997
2011-11-01,3,2,Mixed-prokaryote mid-year state,WPI,0.39,-0.09785070470888281
2011-11-01,3,2,Mixed-prokaryote mid-year state,MHW_MeanInt,0.0056655523756837,-0.1915178628008039
2011-11-01,3,2,Mixed-prokaryote mid-year state,MHW_MaxInt,0.0061317102866291,-0.2047883299595042
2011-11-01,3,2,Mixed-prokaryote mid-year state,MHW_CumInt,0.0283277618784187,-0.372664023477266
2011-12-01,1,2,Mixed-prokaryote mid-year state,SST,14.34846,-0.243036918837071
2011-12-01,1,2,Mixed-prokaryote mid-year state,NO3,2.103608,-0.24904359556905686
2011-12-01,1,2,Mixed-prokaryote mid-year state,PO4,0.04424512,-0.06095681759720826
2011-12-01,1,2,Mixed-prokaryote mid-year state,SPCo2,27.46875,-0.2937125675631013
2011-12-01,1,2,Mixed-prokaryote mid-year state,MLD,36.68302,-0.6641819596564654
2011-12-01,1,2,Mixed-prokaryote mid-year state,SSS,32.3735,-0.3102699239937322
2011-12-01,1,2,Mixed-prokaryote mid-year state,SSH,0.2745175,-0.011972200863449365
2011-12-01,1,2,Mixed-prokaryote mid-year state,PAR,15.54731,-0.2906653770218957
2011-12-01,1,2,Mixed-prokaryote mid-year state,PDO,-2.4,-0.04971196486548734
2011-12-01,1,2,Mixed-prokaryote mid-year state,NINO_3.4,-1.05,0.6687032601471816
2011-12-01,1,2,Mixed-prokaryote mid-year state,WPI,-0.39,0.07091990751419094
2011-12-01,1,2,Mixed-prokaryote mid-year state,MHW_MeanInt,0.0176184065958364,-0.025718484327568104
2011-12-01,1,2,Mixed-prokaryote mid-year state,MHW_MaxInt,0.0216265358818749,-0.05131497730520419
2011-12-01,1,2,Mixed-prokaryote mid-year state,MHW_CumInt,0.1195592265960885,-0.1839624344606096
2012-01-01,1,2,Mixed-prokaryote mid-year state,SST,10.88351,-0.28213082592563
2012-01-01,1,2,Mixed-prokaryote mid-year state,NO3,1.460958,-0.282973847460565
2012-01-01,1,2,Mixed-prokaryote mid-year state,PO4,0.06478158,-0.062047144813548345
2012-01-01,1,2,Mixed-prokaryote mid-year state,SPCo2,25.26833,-0.28910075578627825
2012-01-01,1,2,Mixed-prokaryote mid-year state,MLD,43.47984,-0.5470600152739239
2012-01-01,1,2,Mixed-prokaryote mid-year state,SSS,32.56332,-0.3527854518395458
2012-01-01,1,2,Mixed-prokaryote mid-year state,SSH,0.2654225,-0.020423182214696252
2012-01-01,1,2,Mixed-prokaryote mid-year state,PAR,16.48059,-0.25379335484884935
2012-01-01,1,2,Mixed-prokaryote mid-year state,PDO,-1.85,-0.11927638790323877
2012-01-01,1,2,Mixed-prokaryote mid-year state,NINO_3.4,-0.93,0.5844546075536811
2012-01-01,1,2,Mixed-prokaryote mid-year state,WPI,-1.58,0.08081184786915273
2012-01-01,1,2,Mixed-prokaryote mid-year state,MHW_MeanInt,0.0588355922414269,-0.05633244159896534
2012-01-01,1,2,Mixed-prokaryote mid-year state,MHW_MaxInt,0.0724626255217395,-0.06672203216043614
2012-01-01,1,2,Mixed-prokaryote mid-year state,MHW_CumInt,0.4519926892491573,-0.17021464038514034
2012-02-01,3,2,Mixed-prokaryote mid-year state,SST,9.027214,-0.4358925785260218
2012-02-01,3,2,Mixed-prokaryote mid-year state,NO3,1.177713,-0.63896852722606
2012-02-01,3,2,Mixed-prokaryote mid-year state,PO4,0.06504237,-0.2115503345460725
2012-02-01,3,2,Mixed-prokaryote mid-year state,SPCo2,24.87035,-0.4429704582252873
2012-02-01,3,2,Mixed-prokaryote mid-year state,MLD,40.293,-0.7673694304170215
2012-02-01,3,2,Mixed-prokaryote mid-year state,SSS,32.6609,-0.503808143492462
2012-02-01,3,2,Mixed-prokaryote mid-year state,SSH,0.2270972,-0.21054959422091082
2012-02-01,3,2,Mixed-prokaryote mid-year state,PAR,22.2201,-0.5519953761198998
2012-02-01,3,2,Mixed-prokaryote mid-year state,PDO,-1.35,-0.2639009059982526
2012-02-01,3,2,Mixed-prokaryote mid-year state,NINO_3.4,-0.61,0.1653397208495989
2012-02-01,3,2,Mixed-prokaryote mid-year state,WPI,1.01,-0.14489285236151825
2012-02-01,3,2,Mixed-prokaryote mid-year state,MHW_MeanInt,0.1083696669239158,-0.09323256445636377
2012-02-01,3,2,Mixed-prokaryote mid-year state,MHW_MaxInt,0.1399796739101803,-0.10281344928166948
2012-02-01,3,2,Mixed-prokaryote mid-year state,MHW_CumInt,0.8982441314169186,-0.217060532056263
2012-03-01,3,2,Mixed-prokaryote mid-year state,SST,9.297169,-0.44880176081981904
2012-03-01,3,2,Mixed-prokaryote mid-year state,NO3,1.145063,-0.7838616921776054
2012-03-01,3,2,Mixed-prokaryote mid-year state,PO4,0.04297915,-0.159432152888603
2012-03-01,3,2,Mixed-prokaryote mid-year state,SPCo2,26.27322,-0.40145757698104606
2012-03-01,3,2,Mixed-prokaryote mid-year state,MLD,24.78451,-0.8734028246270525
2012-03-01,3,2,Mixed-prokaryote mid-year state,SSS,32.67755,-0.4659520050816123
2012-03-01,3,2,Mixed-prokaryote mid-year state,SSH,0.2026753,-0.07009022171890479
2012-03-01,3,2,Mixed-prokaryote mid-year state,PAR,31.5692,-0.44355265798078564
2012-03-01,3,2,Mixed-prokaryote mid-year state,PDO,-1.66,-0.25491467943218615
2012-03-01,3,2,Mixed-prokaryote mid-year state,NINO_3.4,-0.48,-0.1346171838503956
2012-03-01,3,2,Mixed-prokaryote mid-year state,WPI,0.82,-0.1463342995519263
2012-03-01,3,2,Mixed-prokaryote mid-year state,MHW_MeanInt,0.3246209408723235,-0.05660681496513556
2012-03-01,3,2,Mixed-prokaryote mid-year state,MHW_MaxInt,0.4390499576007809,-0.03789083266404913
2012-03-01,3,2,Mixed-prokaryote mid-year state,MHW_CumInt,3.8529362546857593,-0.044997139275362336
2012-04-01,1,2,Mixed-prokaryote mid-year state,SST,11.76779,-0.3817487402045416
2012-04-01,1,2,Mixed-prokaryote mid-year state,NO3,1.971534,-0.3687206241766983
2012-04-01,1,2,Mixed-prokaryote mid-year state,PO4,0.0178418,0.03821866301960233
2012-04-01,1,2,Mixed-prokaryote mid-year state,SPCo2,30.72828,-0.24311992412912534
2012-04-01,1,2,Mixed-prokaryote mid-year state,MLD,13.54246,-0.8374017456499235
2012-04-01,1,2,Mixed-prokaryote mid-year state,SSS,32.48924,-0.3199916922533045
2012-04-01,1,2,Mixed-prokaryote mid-year state,SSH,0.1432402,0.24887967950033438
2012-04-01,1,2,Mixed-prokaryote mid-year state,PAR,40.89522,-0.21406817440265613
2012-04-01,1,2,Mixed-prokaryote mid-year state,PDO,-1.01,-0.10986207142580652
2012-04-01,1,2,Mixed-prokaryote mid-year state,NINO_3.4,-0.29,-0.040745048495746755
2012-04-01,1,2,Mixed-prokaryote mid-year state,WPI,-0.29,0.05476065965857958
2012-04-01,1,2,Mixed-prokaryote mid-year state,MHW_MeanInt,0.6409088915391538,0.12416620379985438
2012-04-01,1,2,Mixed-prokaryote mid-year state,MHW_MaxInt,0.8430544102548653,0.038466221079841566
2012-04-01,1,2,Mixed-prokaryote mid-year state,MHW_CumInt,10.655406032645969,0.1122490231451993
2012-05-01,1,2,Mixed-prokaryote mid-year state,SST,16.14271,-0.08971586189584682
2012-05-01,1,2,Mixed-prokaryote mid-year state,NO3,3.151459,0.1138688602059103
2012-05-01,1,2,Mixed-prokaryote mid-year state,PO4,0.01109423,0.07548666463260473
2012-05-01,1,2,Mixed-prokaryote mid-year state,SPCo2,37.56075,0.025581754500005157
2012-05-01,1,2,Mixed-prokaryote mid-year state,MLD,11.19129,0.3136156257052213
2012-05-01,1,2,Mixed-prokaryote mid-year state,SSS,32.31433,0.0035406340877378877
2012-05-01,1,2,Mixed-prokaryote mid-year state,SSH,0.2297182,-0.03841636340822752
2012-05-01,1,2,Mixed-prokaryote mid-year state,PAR,47.59941,0.9763177455915428
2012-05-01,1,2,Mixed-prokaryote mid-year state,PDO,-2.12,-0.24411264651850031
2012-05-01,1,2,Mixed-prokaryote mid-year state,NINO_3.4,-0.18,-0.032628298262498384
2012-05-01,1,2,Mixed-prokaryote mid-year state,WPI,-1.66,-0.05350975544426967
2012-05-01,1,2,Mixed-prokaryote mid-year state,MHW_MeanInt,0.3458750167729783,-0.07307360790092535
2012-05-01,1,2,Mixed-prokaryote mid-year state,MHW_MaxInt,0.4222519765500476,-0.08966959731517929
2012-05-01,1,2,Mixed-prokaryote mid-year state,MHW_CumInt,2.8240870021859763,-0.10183632484252378
2012-06-01,2,2,Mixed-prokaryote mid-year state,SST,20.95829,0.38261048391617286
2012-06-01,2,2,Mixed-prokaryote mid-year state,NO3,4.321533,0.1725177824079491
2012-06-01,2,2,Mixed-prokaryote mid-year state,PO4,0.01701666,0.1906320084508466
2012-06-01,2,2,Mixed-prokaryote mid-year state,SPCo2,41.66386,0.30641368912086686
2012-06-01,2,2,Mixed-prokaryote mid-year state,MLD,10.74303,1.9669793869279377
2012-06-01,2,2,Mixed-prokaryote mid-year state,SSS,31.95987,0.32772245627241386
2012-06-01,2,2,Mixed-prokaryote mid-year state,SSH,0.2728722,-0.07742355028605656
2012-06-01,2,2,Mixed-prokaryote mid-year state,PAR,44.52618,0.9165535447841894
2012-06-01,2,2,Mixed-prokaryote mid-year state,PDO,-1.63,-0.11699804691180758
2012-06-01,2,2,Mixed-prokaryote mid-year state,NINO_3.4,0.14,0.10943616875634865
2012-06-01,2,2,Mixed-prokaryote mid-year state,WPI,-1.39,-0.04256784888884273
2012-06-01,2,2,Mixed-prokaryote mid-year state,MHW_MeanInt,0.7153671725005032,0.12441717515297393
2012-06-01,2,2,Mixed-prokaryote mid-year state,MHW_MaxInt,0.9009572039702324,0.15931351058410806
2012-06-01,2,2,Mixed-prokaryote mid-year state,MHW_CumInt,8.66995470679293,0.46311636505829407
2012-07-01,2,2,Mixed-prokaryote mid-year state,SST,24.8509,0.3578744792846139
2012-07-01,2,2,Mixed-prokaryote mid-year state,NO3,5.705082,0.35372471265106387
2012-07-01,2,2,Mixed-prokaryote mid-year state,PO4,0.01974539,0.24236137297688531
2012-07-01,2,2,Mixed-prokaryote mid-year state,SPCo2,43.35188,0.5800273003109421
2012-07-01,2,2,Mixed-prokaryote mid-year state,MLD,10.3183,2.5007904567067007
2012-07-01,2,2,Mixed-prokaryote mid-year state,SSS,31.49327,0.35180412813483347
2012-07-01,2,2,Mixed-prokaryote mid-year state,SSH,0.2989205,-0.12912832822746356
2012-07-01,2,2,Mixed-prokaryote mid-year state,PAR,45.82146,1.0389981829901704
2012-07-01,2,2,Mixed-prokaryote mid-year state,PDO,-2.4,-0.05853803331408166
2012-07-01,2,2,Mixed-prokaryote mid-year state,NINO_3.4,0.44,0.07225520276934796
2012-07-01,2,2,Mixed-prokaryote mid-year state,WPI,0.58,0.003719791322803215
2012-07-01,2,2,Mixed-prokaryote mid-year state,MHW_MeanInt,0.2175468117170019,-0.005704629809136094
2012-07-01,2,2,Mixed-prokaryote mid-year state,MHW_MaxInt,0.2782671757003327,-0.03448037451217514
2012-07-01,2,2,Mixed-prokaryote mid-year state,MHW_CumInt,1.7429175128219774,-0.17072302402277242
2012-08-01,2,2,Mixed-prokaryote mid-year state,SST,25.9811,0.33204647575035084
2012-08-01,2,2,Mixed-prokaryote mid-year state,NO3,4.986777,0.2833133277368107
2012-08-01,2,2,Mixed-prokaryote mid-year state,PO4,0.01610047,0.18014886043727285
2012-08-01,2,2,Mixed-prokaryote mid-year state,SPCo2,42.36792,0.6494119843455997
2012-08-01,2,2,Mixed-prokaryote mid-year state,MLD,11.27336,-0.5638201146727493
2012-08-01,2,2,Mixed-prokaryote mid-year state,SSS,31.42534,0.3130898692298825
2012-08-01,2,2,Mixed-prokaryote mid-year state,SSH,0.3647806,0.09011075055688175
2012-08-01,2,2,Mixed-prokaryote mid-year state,PAR,44.08653,0.9445640345028521
2012-08-01,2,2,Mixed-prokaryote mid-year state,PDO,-2.6,0.3030718151061761
2012-08-01,2,2,Mixed-prokaryote mid-year state,NINO_3.4,0.66,0.09907995978699101
2012-08-01,2,2,Mixed-prokaryote mid-year state,WPI,-0.07,0.1426283146593083
2012-08-01,2,2,Mixed-prokaryote mid-year state,MHW_MeanInt,0.0627515834393966,-0.00045511593375644876
2012-08-01,2,2,Mixed-prokaryote mid-year state,MHW_MaxInt,0.0821314960104519,0.01973004203829675
2012-08-01,2,2,Mixed-prokaryote mid-year state,MHW_CumInt,0.4449421908687969,-0.12103407714950325
2012-09-01,3,2,Mixed-prokaryote mid-year state,SST,24.05809,0.11386298307452468
2012-09-01,3,2,Mixed-prokaryote mid-year state,NO3,4.376772,-0.04188566755189935
2012-09-01,3,2,Mixed-prokaryote mid-year state,PO4,0.0157522,0.03392964865114364
2012-09-01,3,2,Mixed-prokaryote mid-year state,SPCo2,38.05367,-0.040646021072414495
2012-09-01,3,2,Mixed-prokaryote mid-year state,MLD,15.05735,-1.7731980600735917
2012-09-01,3,2,Mixed-prokaryote mid-year state,SSS,31.60948,0.08912970299653525
2012-09-01,3,2,Mixed-prokaryote mid-year state,SSH,0.3543789,-0.22737003412271592
2012-09-01,3,2,Mixed-prokaryote mid-year state,PAR,37.58197,-0.540653344180143
2012-09-01,3,2,Mixed-prokaryote mid-year state,PDO,-2.99,-0.053296174136458166
2012-09-01,3,2,Mixed-prokaryote mid-year state,NINO_3.4,0.44,-0.14036717914648525
2012-09-01,3,2,Mixed-prokaryote mid-year state,WPI,0.69,-0.11945419176562883
2012-09-01,3,2,Mixed-prokaryote mid-year state,MHW_MeanInt,0.0,-0.1226719970051542
2012-09-01,3,2,Mixed-prokaryote mid-year state,MHW_MaxInt,0.0,-0.12522896957782736
2012-09-01,3,2,Mixed-prokaryote mid-year state,MHW_CumInt,0.0,-0.27078507055503914
2012-10-01,3,2,Mixed-prokaryote mid-year state,SST,21.42516,0.13175589414208844
2012-10-01,3,2,Mixed-prokaryote mid-year state,NO3,3.771073,-0.07463771474102543
2012-10-01,3,2,Mixed-prokaryote mid-year state,PO4,0.01433741,0.03342159213703064
2012-10-01,3,2,Mixed-prokaryote mid-year state,SPCo2,33.54488,-0.2028942273302413
2012-10-01,3,2,Mixed-prokaryote mid-year state,MLD,22.92317,-1.6223399271866221
2012-10-01,3,2,Mixed-prokaryote mid-year state,SSS,31.88247,0.07759229468900074
2012-10-01,3,2,Mixed-prokaryote mid-year state,SSH,0.3794134,-0.12148064056889776
2012-10-01,3,2,Mixed-prokaryote mid-year state,PAR,31.97255,-0.7164705115105031
2012-10-01,3,2,Mixed-prokaryote mid-year state,PDO,-1.22,-0.14673454851120404
2012-10-01,3,2,Mixed-prokaryote mid-year state,NINO_3.4,0.23,-0.266131260606001
2012-10-01,3,2,Mixed-prokaryote mid-year state,WPI,-2.53,-0.03456890378661319
2012-10-01,3,2,Mixed-prokaryote mid-year state,MHW_MeanInt,0.0017140661938744,-0.08363988252278144
2012-10-01,3,2,Mixed-prokaryote mid-year state,MHW_MaxInt,0.0026075041100159,-0.08648375113333223
2012-10-01,3,2,Mixed-prokaryote mid-year state,MHW_CumInt,0.0360754392952601,-0.296227479338186
2012-11-01,3,2,Mixed-prokaryote mid-year state,SST,16.90897,0.29340691727361445
2012-11-01,3,2,Mixed-prokaryote mid-year state,NO3,3.200921,-0.08401667649717667
2012-11-01,3,2,Mixed-prokaryote mid-year state,PO4,0.02155026,-0.032681165815189456
2012-11-01,3,2,Mixed-prokaryote mid-year state,SPCo2,29.50118,-0.4582044612774908
2012-11-01,3,2,Mixed-prokaryote mid-year state,MLD,30.03124,-1.2544783283572931
2012-11-01,3,2,Mixed-prokaryote mid-year state,SSS,32.15796,-0.06166514745672023
2012-11-01,3,2,Mixed-prokaryote mid-year state,SSH,0.3118863,-0.24542891559755375
2012-11-01,3,2,Mixed-prokaryote mid-year state,PAR,19.48916,-0.5645475789152524
2012-11-01,3,2,Mixed-prokaryote mid-year state,PDO,-0.66,-0.009903446369267366
2012-11-01,3,2,Mixed-prokaryote mid-year state,NINO_3.4,0.33,-0.5746872093780039
2012-11-01,3,2,Mixed-prokaryote mid-year state,WPI,-2.02,-0.07575589424596459
2012-11-01,3,2,Mixed-prokaryote mid-year state,MHW_MeanInt,0.0129418944962168,-0.10831294662346419
2012-11-01,3,2,Mixed-prokaryote mid-year state,MHW_MaxInt,0.0174491084634149,-0.11022519878992623
2012-11-01,3,2,Mixed-prokaryote mid-year state,MHW_CumInt,0.178253378121265,-0.33683348197446566
2012-12-01,3,2,Mixed-prokaryote mid-year state,SST,12.9698,-0.37741824278412933
2012-12-01,3,2,Mixed-prokaryote mid-year state,NO3,2.468201,-0.41043339467678003
2012-12-01,3,2,Mixed-prokaryote mid-year state,PO4,0.04391852,-0.24177179061730852
2012-12-01,3,2,Mixed-prokaryote mid-year state,SPCo2,26.40781,-0.5202876839606082
2012-12-01,3,2,Mixed-prokaryote mid-year state,MLD,35.75925,-0.9505909273020112
2012-12-01,3,2,Mixed-prokaryote mid-year state,SSS,32.37355,-0.3673450565591036
2012-12-01,3,2,Mixed-prokaryote mid-year state,SSH,0.2379788,-0.1995015420811868
2012-12-01,3,2,Mixed-prokaryote mid-year state,PAR,14.44504,-0.7219326342907508
2012-12-01,3,2,Mixed-prokaryote mid-year state,PDO,-1.31,-0.20821489195063053
2012-12-01,3,2,Mixed-prokaryote mid-year state,NINO_3.4,-0.13,-0.4700730037838333
2012-12-01,3,2,Mixed-prokaryote mid-year state,WPI,-0.58,0.04220759571409881
2012-12-01,3,2,Mixed-prokaryote mid-year state,MHW_MeanInt,0.0322393917742403,-0.11112267698404643
2012-12-01,3,2,Mixed-prokaryote mid-year state,MHW_MaxInt,0.0427967597973631,-0.13258604988857584
2012-12-01,3,2,Mixed-prokaryote mid-year state,MHW_CumInt,0.2752810920795177,-0.30150216703316624
2013-01-01,1,2,Mixed-prokaryote mid-year state,SST,10.0581,-0.26140788480261173
2013-01-01,1,2,Mixed-prokaryote mid-year state,NO3,1.85929,-0.3032261260595833
2013-01-01,1,2,Mixed-prokaryote mid-year state,PO4,0.05759186,-0.11959116228744929
2013-01-01,1,2,Mixed-prokaryote mid-year state,SPCo2,24.74442,0.3987990244757404
2013-01-01,1,2,Mixed-prokaryote mid-year state,MLD,38.61397,-0.6907930860876899
2013-01-01,1,2,Mixed-prokaryote mid-year state,SSS,32.54625,-0.3177975979675932
2013-01-01,1,2,Mixed-prokaryote mid-year state,SSH,0.2463276,-0.10813094908075563
2013-01-01,1,2,Mixed-prokaryote mid-year state,PAR,17.56065,-0.3569707683494674
2013-01-01,1,2,Mixed-prokaryote mid-year state,PDO,-1.1,-0.1354975406350971
2013-01-01,1,2,Mixed-prokaryote mid-year state,NINO_3.4,-0.42,-0.06870516396178951
2013-01-01,1,2,Mixed-prokaryote mid-year state,WPI,0.07,0.037596802895343666
2013-01-01,1,2,Mixed-prokaryote mid-year state,MHW_MeanInt,0.0026825745760852,-0.012853941872090517
2013-01-01,1,2,Mixed-prokaryote mid-year state,MHW_MaxInt,0.0032023613176269,-0.009739899893240943
2013-01-01,1,2,Mixed-prokaryote mid-year state,MHW_CumInt,0.0170349361643676,-0.19857820352801323
2013-02-01,3,2,Mixed-prokaryote mid-year state,SST,9.240296,-0.43350497925354353
2013-02-01,3,2,Mixed-prokaryote mid-year state,NO3,1.652196,-0.4846741131852092
2013-02-01,3,2,Mixed-prokaryote mid-year state,PO4,0.0537794,-0.23116799046069017
2013-02-01,3,2,Mixed-prokaryote mid-year state,SPCo2,24.92982,-0.5384192655264891
2013-02-01,3,2,Mixed-prokaryote mid-year state,MLD,35.99725,-0.8766722714185714
2013-02-01,3,2,Mixed-prokaryote mid-year state,SSS,32.51694,-0.4685608264762482
2013-02-01,3,2,Mixed-prokaryote mid-year state,SSH,0.2190596,-0.19878396399615933
2013-02-01,3,2,Mixed-prokaryote mid-year state,PAR,21.53218,-0.6399803803777355
2013-02-01,3,2,Mixed-prokaryote mid-year state,PDO,-1.42,-0.24650117656668405
2013-02-01,3,2,Mixed-prokaryote mid-year state,NINO_3.4,-0.4,-0.2880505006254891
2013-02-01,3,2,Mixed-prokaryote mid-year state,WPI,1.49,-0.15586048190749432
2013-02-01,3,2,Mixed-prokaryote mid-year state,MHW_MeanInt,0.0117579157751357,-0.07596209366401908
2013-02-01,3,2,Mixed-prokaryote mid-year state,MHW_MaxInt,0.0143890822006011,-0.04617396777001384
2013-02-01,3,2,Mixed-prokaryote mid-year state,MHW_CumInt,0.1278281047038635,-0.2724743744450891
2013-03-01,3,2,Mixed-prokaryote mid-year state,SST,9.718316,-0.383259353135727
2013-03-01,3,2,Mixed-prokaryote mid-year state,NO3,1.591981,-0.683508354816177
2013-03-01,3,2,Mixed-prokaryote mid-year state,PO4,0.03114325,-0.1710237943304341
2013-03-01,3,2,Mixed-prokaryote mid-year state,SPCo2,26.52185,-0.5017770784298431
2013-03-01,3,2,Mixed-prokaryote mid-year state,MLD,23.62805,-0.8873487698763299
2013-03-01,3,2,Mixed-prokaryote mid-year state,SSS,32.6809,-0.3843764900556969
2013-03-01,3,2,Mixed-prokaryote mid-year state,SSH,0.1536501,0.07366954676472866
2013-03-01,3,2,Mixed-prokaryote mid-year state,PAR,35.09188,-0.3819914070401267
2013-03-01,3,2,Mixed-prokaryote mid-year state,PDO,-1.48,-0.27048751164048934
2013-03-01,3,2,Mixed-prokaryote mid-year state,NINO_3.4,-0.14,-0.3337667509542491
2013-03-01,3,2,Mixed-prokaryote mid-year state,WPI,0.59,-0.18770215205980562
2013-03-01,3,2,Mixed-prokaryote mid-year state,MHW_MeanInt,0.0147824654083506,-0.08961513680164471
2013-03-01,3,2,Mixed-prokaryote mid-year state,MHW_MaxInt,0.018450564415395,-0.11171279268282272
2013-03-01,3,2,Mixed-prokaryote mid-year state,MHW_CumInt,0.2017940432436514,-0.1772467668362244
2013-04-01,1,2,Mixed-prokaryote mid-year state,SST,11.21947,-0.2616051551309014
2013-04-01,1,2,Mixed-prokaryote mid-year state,NO3,1.999425,-0.29906005074098746
2013-04-01,1,2,Mixed-prokaryote mid-year state,PO4,0.01778871,0.015883008467255138
2013-04-01,1,2,Mixed-prokaryote mid-year state,SPCo2,29.50529,-0.2190693648149033
2013-04-01,1,2,Mixed-prokaryote mid-year state,MLD,15.6091,-0.8450234052385395
2013-04-01,1,2,Mixed-prokaryote mid-year state,SSS,32.54106,-0.2588287097743345
2013-04-01,1,2,Mixed-prokaryote mid-year state,SSH,0.2004749,0.23358403913669873
2013-04-01,1,2,Mixed-prokaryote mid-year state,PAR,42.8396,0.18102220348380765
2013-04-01,1,2,Mixed-prokaryote mid-year state,PDO,-0.72,0.029077112039487225
2013-04-01,1,2,Mixed-prokaryote mid-year state,NINO_3.4,-0.08,-0.17156280248435418
2013-04-01,1,2,Mixed-prokaryote mid-year state,WPI,-1.86,0.08782342089756645
2013-04-01,1,2,Mixed-prokaryote mid-year state,MHW_MeanInt,0.1143419082115285,-0.048751839648439585
2013-04-01,1,2,Mixed-prokaryote mid-year state,MHW_MaxInt,0.1345192016734933,-0.02640117505726562
2013-04-01,1,2,Mixed-prokaryote mid-year state,MHW_CumInt,0.7401577160222823,-0.02279309001528926
2013-05-01,1,2,Mixed-prokaryote mid-year state,SST,15.94189,-0.9904078376295417
2013-05-01,1,2,Mixed-prokaryote mid-year state,NO3,3.372037,0.15025884386179664
2013-05-01,1,2,Mixed-prokaryote mid-year state,PO4,0.01200175,0.06816272898625597
2013-05-01,1,2,Mixed-prokaryote mid-year state,SPCo2,35.85254,-0.028516156183601513
2013-05-01,1,2,Mixed-prokaryote mid-year state,MLD,10.81819,1.4647086174324058
2013-05-01,1,2,Mixed-prokaryote mid-year state,SSS,32.27205,-0.16218513488932934
2013-05-01,1,2,Mixed-prokaryote mid-year state,SSH,0.2787566,-0.2153811389730259
2013-05-01,1,2,Mixed-prokaryote mid-year state,PAR,45.23904,0.9815859351582275
2013-05-01,1,2,Mixed-prokaryote mid-year state,PDO,-0.4,0.1500128335090887
2013-05-01,1,2,Mixed-prokaryote mid-year state,NINO_3.4,-0.28,-0.01845124335062746
2013-05-01,1,2,Mixed-prokaryote mid-year state,WPI,-1.13,-0.06821745801164532
2013-05-01,1,2,Mixed-prokaryote mid-year state,MHW_MeanInt,0.202485598450066,-0.04368841225219317
2013-05-01,1,2,Mixed-prokaryote mid-year state,MHW_MaxInt,0.2553866846278816,-0.05878560263753397
2013-05-01,1,2,Mixed-prokaryote mid-year state,MHW_CumInt,1.9763250987361305,-0.11153930754958301
2013-06-01,2,2,Mixed-prokaryote mid-year state,SST,20.33818,0.4091911788277899
2013-06-01,2,2,Mixed-prokaryote mid-year state,NO3,4.428969,0.22225765629838384
2013-06-01,2,2,Mixed-prokaryote mid-year state,PO4,0.0181937,0.23069361751489356
2013-06-01,2,2,Mixed-prokaryote mid-year state,SPCo2,41.53366,0.31700378590941364
2013-06-01,2,2,Mixed-prokaryote mid-year state,MLD,10.33597,2.4860656284687965
2013-06-01,2,2,Mixed-prokaryote mid-year state,SSS,31.88635,0.3527653172778942
2013-06-01,2,2,Mixed-prokaryote mid-year state,SSH,0.2440405,0.0481498679599551
2013-06-01,2,2,Mixed-prokaryote mid-year state,PAR,43.22112,0.06557065080290325
2013-06-01,2,2,Mixed-prokaryote mid-year state,PDO,-1.19,0.015432680782383247
2013-06-01,2,2,Mixed-prokaryote mid-year state,NINO_3.4,-0.33,0.1182687385886504
2013-06-01,2,2,Mixed-prokaryote mid-year state,WPI,-0.47,0.13194336335830076
2013-06-01,2,2,Mixed-prokaryote mid-year state,MHW_MeanInt,0.6436380006577703,0.11321043850870822
2013-06-01,2,2,Mixed-prokaryote mid-year state,MHW_MaxInt,0.8377370909705248,0.14511538607555236
2013-06-01,2,2,Mixed-prokaryote mid-year state,MHW_CumInt,13.348391495137458,0.30367198794828465
2013-07-01,2,2,Mixed-prokaryote mid-year state,SST,24.83241,0.38946103309240393
2013-07-01,2,2,Mixed-prokaryote mid-year state,NO3,5.683077,0.3559670887703552
2013-07-01,2,2,Mixed-prokaryote mid-year state,PO4,0.0149803,0.20033509976568323
2013-07-01,2,2,Mixed-prokaryote mid-year state,SPCo2,43.8593,0.5439030212314856
2013-07-01,2,2,Mixed-prokaryote mid-year state,MLD,10.61327,2.195535002953593
2013-07-01,2,2,Mixed-prokaryote mid-year state,SSS,31.53158,0.340675190821404
2013-07-01,2,2,Mixed-prokaryote mid-year state,SSH,0.2719962,-0.05413508738928655
2013-07-01,2,2,Mixed-prokaryote mid-year state,PAR,47.80894,0.9350559602279575
2013-07-01,2,2,Mixed-prokaryote mid-year state,PDO,-1.34,-0.015818353739595892
2013-07-01,2,2,Mixed-prokaryote mid-year state,NINO_3.4,-0.28,0.1398258537910941
2013-07-01,2,2,Mixed-prokaryote mid-year state,WPI,-0.88,0.046703291863240355
2013-07-01,2,2,Mixed-prokaryote mid-year state,MHW_MeanInt,0.9847968639385748,0.12340920059186876
2013-07-01,2,2,Mixed-prokaryote mid-year state,MHW_MaxInt,1.2374811556392449,0.04974317387449256
2013-07-01,2,2,Mixed-prokaryote mid-year state,MHW_CumInt,14.165808207182344,0.3413339294701742
2013-08-01,2,2,Mixed-prokaryote mid-year state,SST,27.49409,0.2101558900340888
2013-08-01,2,2,Mixed-prokaryote mid-year state,NO3,5.691285,0.33139372263883304
2013-08-01,2,2,Mixed-prokaryote mid-year state,PO4,0.01616579,0.22833224582174336
2013-08-01,2,2,Mixed-prokaryote mid-year state,SPCo2,44.36195,0.5883241656723729
2013-08-01,2,2,Mixed-prokaryote mid-year state,MLD,10.78457,1.8821898562140806
2013-08-01,2,2,Mixed-prokaryote mid-year state,SSS,31.29611,0.3103159654461026
2013-08-01,2,2,Mixed-prokaryote mid-year state,SSH,0.3250987,-0.15133392066487356
2013-08-01,2,2,Mixed-prokaryote mid-year state,PAR,48.66373,1.0863204899690302
2013-08-01,2,2,Mixed-prokaryote mid-year state,PDO,-1.56,-0.01563625710621839
2013-08-01,2,2,Mixed-prokaryote mid-year state,NINO_3.4,-0.29,0.17266284800517742
2013-08-01,2,2,Mixed-prokaryote mid-year state,WPI,-0.17,0.09042023200189188
2013-08-01,2,2,Mixed-prokaryote mid-year state,MHW_MeanInt,0.0704359765413394,-0.016631756535408274
2013-08-01,2,2,Mixed-prokaryote mid-year state,MHW_MaxInt,0.0821101653767128,0.004661000010309677
2013-08-01,2,2,Mixed-prokaryote mid-year state,MHW_CumInt,0.4711684224830428,-0.17388525825698242
2013-09-01,3,2,Mixed-prokaryote mid-year state,SST,25.13302,0.13041145603457477
2013-09-01,3,2,Mixed-prokaryote mid-year state,NO3,4.242201,-0.03760326199129769
2013-09-01,3,2,Mixed-prokaryote mid-year state,PO4,0.01609499,0.04965464381320501
2013-09-01,3,2,Mixed-prokaryote mid-year state,SPCo2,38.75266,-0.02910395212111238
2013-09-01,3,2,Mixed-prokaryote mid-year state,MLD,14.85085,-1.8256517139936714
2013-09-01,3,2,Mixed-prokaryote mid-year state,SSS,31.44139,0.10874002802856904
2013-09-01,3,2,Mixed-prokaryote mid-year state,SSH,0.3413573,-0.29670850347933925
2013-09-01,3,2,Mixed-prokaryote mid-year state,PAR,38.70431,-0.56754003725349
2013-09-01,3,2,Mixed-prokaryote mid-year state,PDO,-1.0,-0.13610585982121812
2013-09-01,3,2,Mixed-prokaryote mid-year state,NINO_3.4,-0.09,-0.16900358226502762
2013-09-01,3,2,Mixed-prokaryote mid-year state,WPI,1.93,0.00031596403266280677
2013-09-01,3,2,Mixed-prokaryote mid-year state,MHW_MeanInt,0.0076883651628608,-0.08393936080426297
2013-09-01,3,2,Mixed-prokaryote mid-year state,MHW_MaxInt,0.0085492250045681,-0.03782427048705047
2013-09-01,3,2,Mixed-prokaryote mid-year state,MHW_CumInt,0.0421040691671182,-0.23704814604497582
2013-10-01,3,2,Mixed-prokaryote mid-year state,SST,22.07721,0.17976660506753112
2013-10-01,3,2,Mixed-prokaryote mid-year state,NO3,3.504446,-0.04847664554858072
2013-10-01,3,2,Mixed-prokaryote mid-year state,PO4,0.01783757,0.03097559131689783
2013-10-01,3,2,Mixed-prokaryote mid-year state,SPCo2,34.33633,-0.18267428336339445
2013-10-01,3,2,Mixed-prokaryote mid-year state,MLD,23.37055,-1.6142926478343596
2013-10-01,3,2,Mixed-prokaryote mid-year state,SSS,31.97758,0.113416021880718
2013-10-01,3,2,Mixed-prokaryote mid-year state,SSH,0.3745617,-0.10470114718266797
2013-10-01,3,2,Mixed-prokaryote mid-year state,PAR,30.95163,-0.717096610893938
2013-10-01,3,2,Mixed-prokaryote mid-year state,PDO,-1.65,-0.21132131136015686
2013-10-01,3,2,Mixed-prokaryote mid-year state,NINO_3.4,-0.24,-0.1881947172247512
2013-10-01,3,2,Mixed-prokaryote mid-year state,WPI,-0.09,-0.0024912139712021547
2013-10-01,3,2,Mixed-prokaryote mid-year state,MHW_MeanInt,0.0,-0.11838123806938095
2013-10-01,3,2,Mixed-prokaryote mid-year state,MHW_MaxInt,0.0,-0.11208844302693946
2013-10-01,3,2,Mixed-prokaryote mid-year state,MHW_CumInt,0.0,-0.2955914453916236
2013-11-01,3,2,Mixed-prokaryote mid-year state,SST,17.8986,0.2929011296014355
2013-11-01,3,2,Mixed-prokaryote mid-year state,NO3,3.135605,-0.06318313353447493
2013-11-01,3,2,Mixed-prokaryote mid-year state,PO4,0.02977752,-0.061872524711902806
2013-11-01,3,2,Mixed-prokaryote mid-year state,SPCo2,30.18839,-0.40666808326170334
2013-11-01,3,2,Mixed-prokaryote mid-year state,MLD,30.7696,-1.281690914820447
2013-11-01,3,2,Mixed-prokaryote mid-year state,SSS,32.17886,-0.1031655569162033
2013-11-01,3,2,Mixed-prokaryote mid-year state,SSH,0.2315284,-0.1126944040808752
2013-11-01,3,2,Mixed-prokaryote mid-year state,PAR,21.19913,-0.6521379328578395
2013-11-01,3,2,Mixed-prokaryote mid-year state,PDO,-1.09,-0.15741943107933157
2013-11-01,3,2,Mixed-prokaryote mid-year state,NINO_3.4,-0.02,-0.4587310553981471
2013-11-01,3,2,Mixed-prokaryote mid-year state,WPI,-0.04,-0.028611514885147526
2013-11-01,3,2,Mixed-prokaryote mid-year state,MHW_MeanInt,0.0,-0.15123896643463788
2013-11-01,3,2,Mixed-prokaryote mid-year state,MHW_MaxInt,0.0,-0.13233672194490995
2013-11-01,3,2,Mixed-prokaryote mid-year state,MHW_CumInt,0.0,-0.3268579167725379
2013-12-01,3,2,Mixed-prokaryote mid-year state,SST,13.98345,-0.3682627289463393
2013-12-01,3,2,Mixed-prokaryote mid-year state,NO3,2.505222,-0.3988334061346398
2013-12-01,3,2,Mixed-prokaryote mid-year state,PO4,0.04622364,-0.24526897243382967
2013-12-01,3,2,Mixed-prokaryote mid-year state,SPCo2,26.77407,-0.552003763733823
2013-12-01,3,2,Mixed-prokaryote mid-year state,MLD,36.92234,-1.001969688687258
2013-12-01,3,2,Mixed-prokaryote mid-year state,SSS,32.39284,-0.3661100225020476
2013-12-01,3,2,Mixed-prokaryote mid-year state,SSH,0.2197811,-0.12341804712961131
2013-12-01,3,2,Mixed-prokaryote mid-year state,PAR,17.84313,-0.705731706909305
2013-12-01,3,2,Mixed-prokaryote mid-year state,PDO,-1.04,-0.20413255942200487
2013-12-01,3,2,Mixed-prokaryote mid-year state,NINO_3.4,-0.09,-0.4846022584261913
2013-12-01,3,2,Mixed-prokaryote mid-year state,WPI,-2.01,-0.018098063968514464
2013-12-01,3,2,Mixed-prokaryote mid-year state,MHW_MeanInt,0.072246801745303,-0.12133946766948311
2013-12-01,3,2,Mixed-prokaryote mid-year state,MHW_MaxInt,0.0919550058752775,-0.13770053115258746
2013-12-01,3,2,Mixed-prokaryote mid-year state,MHW_CumInt,0.4342501002015349,-0.30048468068934725
2014-01-01,3,2,Mixed-prokaryote mid-year state,SST,11.27123,-0.3962443560858165
2014-01-01,3,2,Mixed-prokaryote mid-year state,NO3,1.889344,-0.42472774598251667
2014-01-01,3,2,Mixed-prokaryote mid-year state,PO4,0.05868909,-0.2565054517449591
2014-01-01,3,2,Mixed-prokaryote mid-year state,SPCo2,25.19709,-0.5707438954234079
2014-01-01,3,2,Mixed-prokaryote mid-year state,MLD,40.72722,-0.8605272193287435
2014-01-01,3,2,Mixed-prokaryote mid-year state,SSS,32.58432,-0.47745507818932365
2014-01-01,3,2,Mixed-prokaryote mid-year state,SSH,0.2047565,-0.14445241105072434
2014-01-01,3,2,Mixed-prokaryote mid-year state,PAR,20.64507,-0.6555069546834416
2014-01-01,3,2,Mixed-prokaryote mid-year state,PDO,-0.57,-0.028461724948747737
2014-01-01,3,2,Mixed-prokaryote mid-year state,NINO_3.4,-0.42,-0.21712552182916978
2014-01-01,3,2,Mixed-prokaryote mid-year state,WPI,0.54,-0.15186063528364419
2014-01-01,3,2,Mixed-prokaryote mid-year state,MHW_MeanInt,0.0138901885538036,-0.09737589204643006
2014-01-01,3,2,Mixed-prokaryote mid-year state,MHW_MaxInt,0.0163395731926932,-0.14221080921562973
2014-01-01,3,2,Mixed-prokaryote mid-year state,MHW_CumInt,0.0841979795656474,-0.2598637780954969
2014-02-01,3,2,Mixed-prokaryote mid-year state,SST,10.13121,-0.43190108524884885
2014-02-01,3,2,Mixed-prokaryote mid-year state,NO3,1.489239,-0.6468289613653664
2014-02-01,3,2,Mixed-prokaryote mid-year state,PO4,0.05794939,-0.18960357835537361
2014-02-01,3,2,Mixed-prokaryote mid-year state,SPCo2,25.3521,-0.4402448539229938
2014-02-01,3,2,Mixed-prokaryote mid-year state,MLD,35.96181,-0.8689895485330305
2014-02-01,3,2,Mixed-prokaryote mid-year state,SSS,32.65193,-0.43514530554338976
2014-02-01,3,2,Mixed-prokaryote mid-year state,SSH,0.2864045,-0.20896273953740005
2014-02-01,3,2,Mixed-prokaryote mid-year state,PAR,21.40236,-0.6532637757149871
2014-02-01,3,2,Mixed-prokaryote mid-year state,PDO,-0.42,-0.0013551658324527371
2014-02-01,3,2,Mixed-prokaryote mid-year state,NINO_3.4,-0.45,-0.21397876923737863
2014-02-01,3,2,Mixed-prokaryote mid-year state,WPI,-1.37,-0.04359725737345223
2014-02-01,3,2,Mixed-prokaryote mid-year state,MHW_MeanInt,0.1828358502184803,-0.09887378710238696
2014-02-01,3,2,Mixed-prokaryote mid-year state,MHW_MaxInt,0.2498212159153643,-0.10689763306216318
2014-02-01,3,2,Mixed-prokaryote mid-year state,MHW_CumInt,3.314095086472725,-0.21488136129258342
2014-03-01,3,2,Mixed-prokaryote mid-year state,SST,10.25016,-0.47247008276031516
2014-03-01,3,2,Mixed-prokaryote mid-year state,NO3,1.505233,-0.7642356948124636
2014-03-01,3,2,Mixed-prokaryote mid-year state,PO4,0.03619288,-0.14389699215610244
2014-03-01,3,2,Mixed-prokaryote mid-year state,SPCo2,26.96835,-0.46508315308889703
2014-03-01,3,2,Mixed-prokaryote mid-year state,MLD,24.13649,-1.0093042490789106
2014-03-01,3,2,Mixed-prokaryote mid-year state,SSS,32.69115,-0.4319050163368469
2014-03-01,3,2,Mixed-prokaryote mid-year state,SSH,0.258782,-0.20997443093470328
2014-03-01,3,2,Mixed-prokaryote mid-year state,PAR,34.24438,-0.45952031865954607
2014-03-01,3,2,Mixed-prokaryote mid-year state,PDO,0.3,0.08456435808487715
2014-03-01,3,2,Mixed-prokaryote mid-year state,NINO_3.4,-0.07,-0.271636726002892
2014-03-01,3,2,Mixed-prokaryote mid-year state,WPI,-0.43,-0.02056238473454201
2014-03-01,3,2,Mixed-prokaryote mid-year state,MHW_MeanInt,0.5530395696152379,0.05679337842500613
2014-03-01,3,2,Mixed-prokaryote mid-year state,MHW_MaxInt,0.6797794443120697,0.059694137427808394
2014-03-01,3,2,Mixed-prokaryote mid-year state,MHW_CumInt,5.462266864953252,0.025330756746249468
2014-04-01,1,2,Mixed-prokaryote mid-year state,SST,13.00473,-0.23617528321090767
2014-04-01,1,2,Mixed-prokaryote mid-year state,NO3,2.275622,-0.3502209750147571
2014-04-01,1,2,Mixed-prokaryote mid-year state,PO4,0.01495199,0.13307726319275032
2014-04-01,1,2,Mixed-prokaryote mid-year state,SPCo2,31.70635,-0.12763562246408353
2014-04-01,1,2,Mixed-prokaryote mid-year state,MLD,12.09413,-0.6889529263532035
2014-04-01,1,2,Mixed-prokaryote mid-year state,SSS,32.48189,-0.22957526241861206
2014-04-01,1,2,Mixed-prokaryote mid-year state,SSH,0.2396917,-0.1259045224660522
2014-04-01,1,2,Mixed-prokaryote mid-year state,PAR,39.32692,-0.05308180156875342
2014-04-01,1,2,Mixed-prokaryote mid-year state,PDO,0.36,0.2510464508243449
2014-04-01,1,2,Mixed-prokaryote mid-year state,NINO_3.4,0.28,-0.17961887295066895
2014-04-01,1,2,Mixed-prokaryote mid-year state,WPI,-1.36,-0.009109909560035033
2014-04-01,1,2,Mixed-prokaryote mid-year state,MHW_MeanInt,0.1464575798895066,-0.03646745723350049
2014-04-01,1,2,Mixed-prokaryote mid-year state,MHW_MaxInt,0.1808587758677439,-0.021498707802671692
2014-04-01,1,2,Mixed-prokaryote mid-year state,MHW_CumInt,1.4481984446075669,-0.10009051096853801
2014-05-01,1,2,Mixed-prokaryote mid-year state,SST,16.0446,-0.9906328196860839
2014-05-01,1,2,Mixed-prokaryote mid-year state,NO3,3.260475,0.14270218885242145
2014-05-01,1,2,Mixed-prokaryote mid-year state,PO4,0.01168032,0.028829205650097448
2014-05-01,1,2,Mixed-prokaryote mid-year state,SPCo2,36.22061,-0.08999129716153001
2014-05-01,1,2,Mixed-prokaryote mid-year state,MLD,10.9176,0.9333961801576719
2014-05-01,1,2,Mixed-prokaryote mid-year state,SSS,32.26253,-0.16011872432313978
2014-05-01,1,2,Mixed-prokaryote mid-year state,SSH,0.2223855,-0.013321245200699765
2014-05-01,1,2,Mixed-prokaryote mid-year state,PAR,47.78525,0.8170712083873277
2014-05-01,1,2,Mixed-prokaryote mid-year state,PDO,1.27,-0.07379114656103807
2014-05-01,1,2,Mixed-prokaryote mid-year state,NINO_3.4,0.45,-0.06693018886013166
2014-05-01,1,2,Mixed-prokaryote mid-year state,WPI,-0.85,-0.012136205973117242
2014-05-01,1,2,Mixed-prokaryote mid-year state,MHW_MeanInt,0.515771541225262,0.027403657245766766
2014-05-01,1,2,Mixed-prokaryote mid-year state,MHW_MaxInt,0.6675087353539205,0.016166126291000744
2014-05-01,1,2,Mixed-prokaryote mid-year state,MHW_CumInt,7.37567996233819,0.16254661932176037
2014-06-01,2,2,Mixed-prokaryote mid-year state,SST,20.6141,0.4022826524848274
2014-06-01,2,2,Mixed-prokaryote mid-year state,NO3,4.427966,0.2228988069670164
2014-06-01,2,2,Mixed-prokaryote mid-year state,PO4,0.02344926,0.17519153218772537
2014-06-01,2,2,Mixed-prokaryote mid-year state,SPCo2,41.75652,0.33572454477985897
2014-06-01,2,2,Mixed-prokaryote mid-year state,MLD,10.36191,2.4104586681529074
2014-06-01,2,2,Mixed-prokaryote mid-year state,SSS,31.8717,0.3478465648225156
2014-06-01,2,2,Mixed-prokaryote mid-year state,SSH,0.2398993,0.022857974964229224
2014-06-01,2,2,Mixed-prokaryote mid-year state,PAR,44.05859,0.938139800482052
2014-06-01,2,2,Mixed-prokaryote mid-year state,PDO,-0.28,0.15162623655650972
2014-06-01,2,2,Mixed-prokaryote mid-year state,NINO_3.4,0.48,-0.013422650546701033
2014-06-01,2,2,Mixed-prokaryote mid-year state,WPI,-0.3,0.0711750744378692
2014-06-01,2,2,Mixed-prokaryote mid-year state,MHW_MeanInt,0.4363236742072758,0.06718182673003549
2014-06-01,2,2,Mixed-prokaryote mid-year state,MHW_MaxInt,0.56513623005126,0.071634850750585
2014-06-01,2,2,Mixed-prokaryote mid-year state,MHW_CumInt,3.915426197541744,0.14280299135473237
2014-07-01,2,2,Mixed-prokaryote mid-year state,SST,23.55093,0.4001186859981428
2014-07-01,2,2,Mixed-prokaryote mid-year state,NO3,5.575015,0.39997819325563616
2014-07-01,2,2,Mixed-prokaryote mid-year state,PO4,0.01890092,0.2223484164956244
2014-07-01,2,2,Mixed-prokaryote mid-year state,SPCo2,43.77967,0.5620578762019484
2014-07-01,2,2,Mixed-prokaryote mid-year state,MLD,10.28548,2.3917422983152448
2014-07-01,2,2,Mixed-prokaryote mid-year state,SSS,31.4401,0.36829417328079517
2014-07-01,2,2,Mixed-prokaryote mid-year state,SSH,0.2456003,0.005422572237609159
2014-07-01,2,2,Mixed-prokaryote mid-year state,PAR,45.27071,0.9913357823885723
2014-07-01,2,2,Mixed-prokaryote mid-year state,PDO,0.25,0.1409553535533292
2014-07-01,2,2,Mixed-prokaryote mid-year state,NINO_3.4,0.13,0.047528274526341084
2014-07-01,2,2,Mixed-prokaryote mid-year state,WPI,-1.63,-0.048980649124834574
2014-07-01,2,2,Mixed-prokaryote mid-year state,MHW_MeanInt,0.2554090270115723,-0.05144658848377437
2014-07-01,2,2,Mixed-prokaryote mid-year state,MHW_MaxInt,0.3420341341279099,-0.06807841046253221
2014-07-01,2,2,Mixed-prokaryote mid-year state,MHW_CumInt,4.698975158104316,0.24361269606803246
2014-08-01,2,2,Mixed-prokaryote mid-year state,SST,25.62738,0.32659894124989447
2014-08-01,2,2,Mixed-prokaryote mid-year state,NO3,5.411727,0.298467963717965
2014-08-01,2,2,Mixed-prokaryote mid-year state,PO4,0.02077968,0.20983262757648513
2014-08-01,2,2,Mixed-prokaryote mid-year state,SPCo2,42.95845,0.6026255253839348
2014-08-01,2,2,Mixed-prokaryote mid-year state,MLD,10.65967,2.685845684475674
2014-08-01,2,2,Mixed-prokaryote mid-year state,SSS,31.44185,0.32504153378955875
2014-08-01,2,2,Mixed-prokaryote mid-year state,SSH,0.3311163,-0.19145858186741907
2014-08-01,2,2,Mixed-prokaryote mid-year state,PAR,40.7916,-0.4324120031507058
2014-08-01,2,2,Mixed-prokaryote mid-year state,PDO,0.34,0.09672226727922541
2014-08-01,2,2,Mixed-prokaryote mid-year state,NINO_3.4,0.14,0.016290356151133608
2014-08-01,2,2,Mixed-prokaryote mid-year state,WPI,-0.77,0.035872072089498525
2014-08-01,2,2,Mixed-prokaryote mid-year state,MHW_MeanInt,0.0666690149495813,-0.03644578089546627
2014-08-01,2,2,Mixed-prokaryote mid-year state,MHW_MaxInt,0.0817439554351556,-0.01671896749458917
2014-08-01,2,2,Mixed-prokaryote mid-year state,MHW_CumInt,0.6824496352949047,-0.17535731023573406
2014-09-01,2,2,Mixed-prokaryote mid-year state,SST,25.12296,0.3000582366035181
2014-09-01,2,2,Mixed-prokaryote mid-year state,NO3,5.536932,0.4018053364080029
2014-09-01,2,2,Mixed-prokaryote mid-year state,PO4,0.01496245,0.18747644410188358
2014-09-01,2,2,Mixed-prokaryote mid-year state,SPCo2,39.77181,0.5602107384585949
2014-09-01,2,2,Mixed-prokaryote mid-year state,MLD,13.20464,-1.0303223805241606
2014-09-01,2,2,Mixed-prokaryote mid-year state,SSS,31.49209,0.30159950743279135
2014-09-01,2,2,Mixed-prokaryote mid-year state,SSH,0.3881725,0.5793470443062083
2014-09-01,2,2,Mixed-prokaryote mid-year state,PAR,35.84796,-0.27329680192886674
2014-09-01,2,2,Mixed-prokaryote mid-year state,PDO,0.76,0.56892543746136
2014-09-01,2,2,Mixed-prokaryote mid-year state,NINO_3.4,0.37,0.015804052343367438
2014-09-01,2,2,Mixed-prokaryote mid-year state,WPI,-1.23,0.14876662763062565
2014-09-01,2,2,Mixed-prokaryote mid-year state,MHW_MeanInt,0.0062855582321937,0.18070755969652744
2014-09-01,2,2,Mixed-prokaryote mid-year state,MHW_MaxInt,0.0070013147047267,0.14906805483193603
2014-09-01,2,2,Mixed-prokaryote mid-year state,MHW_CumInt,0.0714146181115257,-0.047854652890113786
2014-10-01,3,2,Mixed-prokaryote mid-year state,SST,21.40834,0.23785022985911797
2014-10-01,3,2,Mixed-prokaryote mid-year state,NO3,4.39926,-0.029312984484166707
2014-10-01,3,2,Mixed-prokaryote mid-year state,PO4,0.01405345,0.013545425435690416
2014-10-01,3,2,Mixed-prokaryote mid-year state,SPCo2,34.74911,-0.2154668613413128
2014-10-01,3,2,Mixed-prokaryote mid-year state,MLD,22.19799,-1.4497085982931426
2014-10-01,3,2,Mixed-prokaryote mid-year state,SSS,31.92996,0.14042351102303685
2014-10-01,3,2,Mixed-prokaryote mid-year state,SSH,0.4306352,-0.02089989802178302
2014-10-01,3,2,Mixed-prokaryote mid-year state,PAR,31.03512,-0.6676206015688316
2014-10-01,3,2,Mixed-prokaryote mid-year state,PDO,1.43,0.032904404102709194
2014-10-01,3,2,Mixed-prokaryote mid-year state,NINO_3.4,0.48,-0.3833918082949071
2014-10-01,3,2,Mixed-prokaryote mid-year state,WPI,-0.32,-0.0518571319569801
2014-10-01,3,2,Mixed-prokaryote mid-year state,MHW_MeanInt,0.0322293601957385,-0.1296766215686217
2014-10-01,3,2,Mixed-prokaryote mid-year state,MHW_MaxInt,0.036707823636989,-0.09905846307354858
2014-10-01,3,2,Mixed-prokaryote mid-year state,MHW_CumInt,0.2107637450382355,-0.2106617643588558
2014-11-01,3,2,Mixed-prokaryote mid-year state,SST,18.01021,0.32181051754673873
2014-11-01,3,2,Mixed-prokaryote mid-year state,NO3,3.847916,-0.035558148375548514
2014-11-01,3,2,Mixed-prokaryote mid-year state,PO4,0.02458723,-0.05641966035198277
2014-11-01,3,2,Mixed-prokaryote mid-year state,SPCo2,30.96502,-0.1706363203246009
2014-11-01,3,2,Mixed-prokaryote mid-year state,MLD,27.93111,-1.1171955668117959
2014-11-01,3,2,Mixed-prokaryote mid-year state,SSS,32.16928,-0.0327446428121907
2014-11-01,3,2,Mixed-prokaryote mid-year state,SSH,0.3129542,-0.28447800251593336
2014-11-01,3,2,Mixed-prokaryote mid-year state,PAR,21.08372,-0.6433235634720195
2014-11-01,3,2,Mixed-prokaryote mid-year state,PDO,1.35,-0.026877435528314696
2014-11-01,3,2,Mixed-prokaryote mid-year state,NINO_3.4,0.89,-0.6385412559945649
2014-11-01,3,2,Mixed-prokaryote mid-year state,WPI,0.13,-0.06181350241859148
2014-11-01,3,2,Mixed-prokaryote mid-year state,MHW_MeanInt,0.0,-0.15186071032456808
2014-11-01,3,2,Mixed-prokaryote mid-year state,MHW_MaxInt,0.0,-0.17029916296243058
2014-11-01,3,2,Mixed-prokaryote mid-year state,MHW_CumInt,0.0,-0.32644553357534567
2014-12-01,3,2,Mixed-prokaryote mid-year state,SST,13.88696,-0.3002642879209673
2014-12-01,3,2,Mixed-prokaryote mid-year state,NO3,2.733043,-0.22881110256576165
2014-12-01,3,2,Mixed-prokaryote mid-year state,PO4,0.04303123,-0.24428719038458072
2014-12-01,3,2,Mixed-prokaryote mid-year state,SPCo2,27.38779,-0.4824085002384993
2014-12-01,3,2,Mixed-prokaryote mid-year state,MLD,37.38982,-0.8344364587986398
2014-12-01,3,2,Mixed-prokaryote mid-year state,SSS,32.40302,-0.31298054858657753
2014-12-01,3,2,Mixed-prokaryote mid-year state,SSH,0.2264712,-0.1649556260651669
2014-12-01,3,2,Mixed-prokaryote mid-year state,PAR,17.05835,-0.6615648033788518
2014-12-01,3,2,Mixed-prokaryote mid-year state,PDO,1.86,-0.2790614644642786
2014-12-01,3,2,Mixed-prokaryote mid-year state,NINO_3.4,0.77,-0.5569932745775684
2014-12-01,3,2,Mixed-prokaryote mid-year state,WPI,-0.13,-0.036909721187510625
2014-12-01,3,2,Mixed-prokaryote mid-year state,MHW_MeanInt,0.0027329815028171,-0.09104777646889287
2014-12-01,3,2,Mixed-prokaryote mid-year state,MHW_MaxInt,0.0035584981840003,-0.0820537453731047
2014-12-01,3,2,Mixed-prokaryote mid-year state,MHW_CumInt,0.0191308705197197,-0.3096955877615925
2015-01-01,3,2,Mixed-prokaryote mid-year state,SST,10.9473,-0.305442354180512
2015-01-01,3,2,Mixed-prokaryote mid-year state,NO3,2.160026,-0.33487460609237674
2015-01-01,3,2,Mixed-prokaryote mid-year state,PO4,0.05534801,-0.21136845960172493
2015-01-01,3,2,Mixed-prokaryote mid-year state,SPCo2,25.7909,-0.4406926231027664
2015-01-01,3,2,Mixed-prokaryote mid-year state,MLD,40.57145,-0.697180728860029
2015-01-01,3,2,Mixed-prokaryote mid-year state,SSS,32.53914,-0.3686778946827418
2015-01-01,3,2,Mixed-prokaryote mid-year state,SSH,0.2603506,-0.18219693272679371
2015-01-01,3,2,Mixed-prokaryote mid-year state,PAR,18.11417,-0.5384059125771772
2015-01-01,3,2,Mixed-prokaryote mid-year state,PDO,1.51,-0.3750970894290129
2015-01-01,3,2,Mixed-prokaryote mid-year state,NINO_3.4,0.59,-0.5016552774917784
2015-01-01,3,2,Mixed-prokaryote mid-year state,WPI,-0.22,-0.01622327200479175
2015-01-01,3,2,Mixed-prokaryote mid-year state,MHW_MeanInt,0.0010490449770578,-0.08495252429005086
2015-01-01,3,2,Mixed-prokaryote mid-year state,MHW_MaxInt,0.0012520400268499,-0.051360893573456905
2015-01-01,3,2,Mixed-prokaryote mid-year state,MHW_CumInt,0.0062942698623468,-0.2849630987876368
2015-02-01,3,2,Mixed-prokaryote mid-year state,SST,9.598001,-0.39278016210064626
2015-02-01,3,2,Mixed-prokaryote mid-year state,NO3,1.893458,-0.32672796553828276
2015-02-01,3,2,Mixed-prokaryote mid-year state,PO4,0.05033891,-0.22308195979945591
2015-02-01,3,2,Mixed-prokaryote mid-year state,SPCo2,25.53375,-0.45013730298270493
2015-02-01,3,2,Mixed-prokaryote mid-year state,MLD,37.6069,-0.837224763855463
2015-02-01,3,2,Mixed-prokaryote mid-year state,SSS,32.57518,-0.41896206183787094
2015-02-01,3,2,Mixed-prokaryote mid-year state,SSH,0.2328704,-0.17936326025787142
2015-02-01,3,2,Mixed-prokaryote mid-year state,PAR,23.7515,-0.5884367744720892
2015-02-01,3,2,Mixed-prokaryote mid-year state,PDO,1.52,-0.39196091892663093
2015-02-01,3,2,Mixed-prokaryote mid-year state,NINO_3.4,0.57,-0.42966424139809345
2015-02-01,3,2,Mixed-prokaryote mid-year state,WPI,-1.37,-0.020822271700936295
2015-02-01,3,2,Mixed-prokaryote mid-year state,MHW_MeanInt,0.1760651215774417,-0.1044607873489789
2015-02-01,3,2,Mixed-prokaryote mid-year state,MHW_MaxInt,0.2367975052930375,-0.11355571744073394
2015-02-01,3,2,Mixed-prokaryote mid-year state,MHW_CumInt,1.339697902277791,-0.2671679238984403
2015-03-01,3,2,Mixed-prokaryote mid-year state,SST,9.94882,-0.4175615369896982
2015-03-01,3,2,Mixed-prokaryote mid-year state,NO3,2.130797,-0.38337643751587835
2015-03-01,3,2,Mixed-prokaryote mid-year state,PO4,0.03462297,-0.21404076831356592
2015-03-01,3,2,Mixed-prokaryote mid-year state,SPCo2,27.03447,-0.48576646433222287
2015-03-01,3,2,Mixed-prokaryote mid-year state,MLD,22.68333,-0.857894240607946
2015-03-01,3,2,Mixed-prokaryote mid-year state,SSS,32.61991,-0.4232622252513033
2015-03-01,3,2,Mixed-prokaryote mid-year state,SSH,0.1904375,0.1740776471168268
2015-03-01,3,2,Mixed-prokaryote mid-year state,PAR,33.73332,-0.47420015976638236
2015-03-01,3,2,Mixed-prokaryote mid-year state,PDO,1.33,-0.27343075401500117
2015-03-01,3,2,Mixed-prokaryote mid-year state,NINO_3.4,0.48,-0.394629563051512
2015-03-01,3,2,Mixed-prokaryote mid-year state,WPI,0.41,-0.11059034009201846
2015-03-01,3,2,Mixed-prokaryote mid-year state,MHW_MeanInt,0.2663513975679584,-0.08575114159666944
2015-03-01,3,2,Mixed-prokaryote mid-year state,MHW_MaxInt,0.3618852606432277,-0.06308896831462606
2015-03-01,3,2,Mixed-prokaryote mid-year state,MHW_CumInt,2.3693981208446355,-0.2298340953660446
2015-04-01,1,2,Mixed-prokaryote mid-year state,SST,12.2354,-0.2919542025454167
2015-04-01,1,2,Mixed-prokaryote mid-year state,NO3,2.644213,-0.16571124697903117
2015-04-01,1,2,Mixed-prokaryote mid-year state,PO4,0.01894304,0.019087879343102746
2015-04-01,1,2,Mixed-prokaryote mid-year state,SPCo2,30.70882,-0.23721161298651502
2015-04-01,1,2,Mixed-prokaryote mid-year state,MLD,12.59683,-0.6012903788992197
2015-04-01,1,2,Mixed-prokaryote mid-year state,SSS,32.30037,-0.14812481708910913
2015-04-01,1,2,Mixed-prokaryote mid-year state,SSH,0.1756203,0.3059981862037016
2015-04-01,1,2,Mixed-prokaryote mid-year state,PAR,39.32323,-0.10007791224763617
2015-04-01,1,2,Mixed-prokaryote mid-year state,PDO,0.9,0.2455971049096645
2015-04-01,1,2,Mixed-prokaryote mid-year state,NINO_3.4,0.9,-0.22017095575651996
2015-04-01,1,2,Mixed-prokaryote mid-year state,WPI,1.23,-0.01939058244978832
2015-04-01,1,2,Mixed-prokaryote mid-year state,MHW_MeanInt,0.3824453299643996,0.04125781171970107
2015-04-01,1,2,Mixed-prokaryote mid-year state,MHW_MaxInt,0.4750848636760531,-0.03708035867685686
2015-04-01,1,2,Mixed-prokaryote mid-year state,MHW_CumInt,3.2324576257286664,-0.022873319278949523
2015-05-01,2,2,Mixed-prokaryote mid-year state,SST,16.21392,-0.054032948795756396
2015-05-01,2,2,Mixed-prokaryote mid-year state,NO3,3.913939,0.22096992847141253
2015-05-01,2,2,Mixed-prokaryote mid-year state,PO4,0.01495124,0.19652018720965572
2015-05-01,2,2,Mixed-prokaryote mid-year state,SPCo2,36.30687,-0.05819374832054746
2015-05-01,2,2,Mixed-prokaryote mid-year state,MLD,10.623,2.3323272984028596
2015-05-01,2,2,Mixed-prokaryote mid-year state,SSS,32.06801,0.30586881871685884
2015-05-01,2,2,Mixed-prokaryote mid-year state,SSH,0.2053789,0.26562916166671496
2015-05-01,2,2,Mixed-prokaryote mid-year state,PAR,44.90139,1.1056620644985862
2015-05-01,2,2,Mixed-prokaryote mid-year state,PDO,0.32,0.13341221460559216
2015-05-01,2,2,Mixed-prokaryote mid-year state,NINO_3.4,1.04,-0.028095193199527555
2015-05-01,2,2,Mixed-prokaryote mid-year state,WPI,2.14,0.03531386358824181
2015-05-01,2,2,Mixed-prokaryote mid-year state,MHW_MeanInt,0.3543159431358407,-0.007985353544344145
2015-05-01,2,2,Mixed-prokaryote mid-year state,MHW_MaxInt,0.438805639200904,-0.032041551154392126
2015-05-01,2,2,Mixed-prokaryote mid-year state,MHW_CumInt,3.394762468438238,0.007865155208096436
2015-06-01,2,2,Mixed-prokaryote mid-year state,SST,20.6311,0.4043384234464961
2015-06-01,2,2,Mixed-prokaryote mid-year state,NO3,5.407985,0.3747787534071454
2015-06-01,2,2,Mixed-prokaryote mid-year state,PO4,0.01948541,0.205402230985275
2015-06-01,2,2,Mixed-prokaryote mid-year state,SPCo2,41.31195,0.31065651569640346
2015-06-01,2,2,Mixed-prokaryote mid-year state,MLD,10.33079,2.5614785303680443
2015-06-01,2,2,Mixed-prokaryote mid-year state,SSS,31.62811,0.3290224416132371
2015-06-01,2,2,Mixed-prokaryote mid-year state,SSH,0.2305327,0.0522422353005345
2015-06-01,2,2,Mixed-prokaryote mid-year state,PAR,42.98227,0.10713250147458163
2015-06-01,2,2,Mixed-prokaryote mid-year state,PDO,0.82,0.09299763260874747
2015-06-01,2,2,Mixed-prokaryote mid-year state,NINO_3.4,1.28,-0.024847461527809745
2015-06-01,2,2,Mixed-prokaryote mid-year state,WPI,-0.03,0.05925089263811696
2015-06-01,2,2,Mixed-prokaryote mid-year state,MHW_MeanInt,0.2050191788655488,-0.012575727266477646
2015-06-01,2,2,Mixed-prokaryote mid-year state,MHW_MaxInt,0.2570421250589931,-0.041783537426338245
2015-06-01,2,2,Mixed-prokaryote mid-year state,MHW_CumInt,1.8967644777580377,-0.17437969897020988
2015-07-01,2,2,Mixed-prokaryote mid-year state,SST,23.69492,0.412688151455298
2015-07-01,2,2,Mixed-prokaryote mid-year state,NO3,5.876713,0.36789596336533964
2015-07-01,2,2,Mixed-prokaryote mid-year state,PO4,0.02517136,0.15895600730175977
2015-07-01,2,2,Mixed-prokaryote mid-year state,SPCo2,42.59361,0.5446447855298412
2015-07-01,2,2,Mixed-prokaryote mid-year state,MLD,10.49055,2.197219373222656
2015-07-01,2,2,Mixed-prokaryote mid-year state,SSS,31.35855,0.3621586358243319
2015-07-01,2,2,Mixed-prokaryote mid-year state,SSH,0.2836265,-0.11428721080940522
2015-07-01,2,2,Mixed-prokaryote mid-year state,PAR,44.54284,1.0289511889167446
2015-07-01,2,2,Mixed-prokaryote mid-year state,PDO,1.41,-0.3847674789967481
2015-07-01,2,2,Mixed-prokaryote mid-year state,NINO_3.4,1.56,0.020863923433363598
2015-07-01,2,2,Mixed-prokaryote mid-year state,WPI,0.77,0.05384480053948347
2015-07-01,2,2,Mixed-prokaryote mid-year state,MHW_MeanInt,0.30798967196514,-0.009931367316457253
2015-07-01,2,2,Mixed-prokaryote mid-year state,MHW_MaxInt,0.4009450914651187,-0.036584489931850185
2015-07-01,2,2,Mixed-prokaryote mid-year state,MHW_CumInt,3.2285423898913965,-0.0935206910957848
2015-08-01,2,2,Mixed-prokaryote mid-year state,SST,26.55558,0.2572832726914908
2015-08-01,2,2,Mixed-prokaryote mid-year state,NO3,6.386711,0.32450899586284654
2015-08-01,2,2,Mixed-prokaryote mid-year state,PO4,0.02111799,0.1709931535336287
2015-08-01,2,2,Mixed-prokaryote mid-year state,SPCo2,44.25109,0.5987074482037955
2015-08-01,2,2,Mixed-prokaryote mid-year state,MLD,11.0856,1.5511351821134387
2015-08-01,2,2,Mixed-prokaryote mid-year state,SSS,31.30486,0.3351004991932695
2015-08-01,2,2,Mixed-prokaryote mid-year state,SSH,0.3411819,-0.11248239493904938
2015-08-01,2,2,Mixed-prokaryote mid-year state,PAR,44.28012,0.9420266742835348
2015-08-01,2,2,Mixed-prokaryote mid-year state,PDO,0.98,0.10260787729592731
2015-08-01,2,2,Mixed-prokaryote mid-year state,NINO_3.4,1.87,0.019880374715790686
2015-08-01,2,2,Mixed-prokaryote mid-year state,WPI,-1.5,-0.04462528037842351
2015-08-01,2,2,Mixed-prokaryote mid-year state,MHW_MeanInt,0.053979383332553,-0.02480506419714107
2015-08-01,2,2,Mixed-prokaryote mid-year state,MHW_MaxInt,0.0601683108041808,-0.025879499643725403
2015-08-01,2,2,Mixed-prokaryote mid-year state,MHW_CumInt,0.3329463680760228,-0.1685813450734417
2015-09-01,3,2,Mixed-prokaryote mid-year state,SST,24.86015,0.15172112633490487
2015-09-01,3,2,Mixed-prokaryote mid-year state,NO3,5.327636,0.13415898555028558
2015-09-01,3,2,Mixed-prokaryote mid-year state,PO4,0.01941781,-0.004587449592757895
2015-09-01,3,2,Mixed-prokaryote mid-year state,SPCo2,40.04376,0.20247817131152526
2015-09-01,3,2,Mixed-prokaryote mid-year state,MLD,14.79201,-1.634111069745539
2015-09-01,3,2,Mixed-prokaryote mid-year state,SSS,31.41575,0.17852989357151375
2015-09-01,3,2,Mixed-prokaryote mid-year state,SSH,0.3908192,0.028475995990712096
2015-09-01,3,2,Mixed-prokaryote mid-year state,PAR,38.37225,-0.5649818498181058
2015-09-01,3,2,Mixed-prokaryote mid-year state,PDO,0.97,0.23694956875446005
2015-09-01,3,2,Mixed-prokaryote mid-year state,NINO_3.4,2.01,-0.4764409286718481
2015-09-01,3,2,Mixed-prokaryote mid-year state,WPI,-1.38,-0.03522092336309372
2015-09-01,3,2,Mixed-prokaryote mid-year state,MHW_MeanInt,0.0209547265023257,-0.0961925162490716
2015-09-01,3,2,Mixed-prokaryote mid-year state,MHW_MaxInt,0.0225415399523814,-0.08670872881255066
2015-09-01,3,2,Mixed-prokaryote mid-year state,MHW_CumInt,0.1291245496297526,-0.2286248729559166
2015-10-01,3,2,Mixed-prokaryote mid-year state,SST,21.63404,0.19170784258611678
2015-10-01,3,2,Mixed-prokaryote mid-year state,NO3,4.721392,-0.018295885142586114
2015-10-01,3,2,Mixed-prokaryote mid-year state,PO4,0.01352879,0.039861199088245466
2015-10-01,3,2,Mixed-prokaryote mid-year state,SPCo2,35.50474,-0.18245911587647112
2015-10-01,3,2,Mixed-prokaryote mid-year state,MLD,21.79475,-1.6943262613717283
2015-10-01,3,2,Mixed-prokaryote mid-year state,SSS,31.84531,0.13330932932769124
2015-10-01,3,2,Mixed-prokaryote mid-year state,SSH,0.3300249,-0.24377656897392663
2015-10-01,3,2,Mixed-prokaryote mid-year state,PAR,30.93319,-0.7033939308364298
2015-10-01,3,2,Mixed-prokaryote mid-year state,PDO,0.84,0.21585718586523442
2015-10-01,3,2,Mixed-prokaryote mid-year state,NINO_3.4,2.21,-0.47828952583777834
2015-10-01,3,2,Mixed-prokaryote mid-year state,WPI,-0.75,-0.002775573709660919
2015-10-01,3,2,Mixed-prokaryote mid-year state,MHW_MeanInt,0.1735341875579815,-0.09375013914665246
2015-10-01,3,2,Mixed-prokaryote mid-year state,MHW_MaxInt,0.2043828920126233,-0.07834747908098234
2015-10-01,3,2,Mixed-prokaryote mid-year state,MHW_CumInt,1.588536510651164,-0.2612469185597264
2015-11-01,3,2,Mixed-prokaryote mid-year state,SST,18.49712,0.36412227849640305
2015-11-01,3,2,Mixed-prokaryote mid-year state,NO3,4.010452,-0.0388824939542559
2015-11-01,3,2,Mixed-prokaryote mid-year state,PO4,0.03388852,-0.02510855633220969
2015-11-01,3,2,Mixed-prokaryote mid-year state,SPCo2,31.92819,-0.08654798386839303
2015-11-01,3,2,Mixed-prokaryote mid-year state,MLD,25.3899,-1.2226939464409161
2015-11-01,3,2,Mixed-prokaryote mid-year state,SSS,32.15792,-0.019236399578984275
2015-11-01,3,2,Mixed-prokaryote mid-year state,SSH,0.3754689,0.13443195927701934
2015-11-01,3,2,Mixed-prokaryote mid-year state,PAR,14.94278,-0.5150456068737259
2015-11-01,3,2,Mixed-prokaryote mid-year state,PDO,0.17,0.0040107473305685155
2015-11-01,3,2,Mixed-prokaryote mid-year state,NINO_3.4,2.57,-0.8732876750995417
2015-11-01,3,2,Mixed-prokaryote mid-year state,WPI,0.77,0.019139397198856507
2015-11-01,3,2,Mixed-prokaryote mid-year state,MHW_MeanInt,0.0514072259683677,-0.09295541224794146
2015-11-01,3,2,Mixed-prokaryote mid-year state,MHW_MaxInt,0.0603108396155922,-0.09022374082024374
2015-11-01,3,2,Mixed-prokaryote mid-year state,MHW_CumInt,0.7039425117037246,-0.28716627634621783
2015-12-01,3,2,Mixed-prokaryote mid-year state,SST,14.177,-0.30778044088470147
2015-12-01,3,2,Mixed-prokaryote mid-year state,NO3,2.843007,-0.19459612225832496
2015-12-01,3,2,Mixed-prokaryote mid-year state,PO4,0.05416248,-0.1827412387614172
2015-12-01,3,2,Mixed-prokaryote mid-year state,SPCo2,28.56054,-0.43193445049599394
2015-12-01,3,2,Mixed-prokaryote mid-year state,MLD,33.29002,-0.8825624827677758
2015-12-01,3,2,Mixed-prokaryote mid-year state,SSS,32.43814,-0.37052939999323536
2015-12-01,3,2,Mixed-prokaryote mid-year state,SSH,0.3074622,-0.1813558251636887
2015-12-01,3,2,Mixed-prokaryote mid-year state,PAR,14.92061,-0.689813845639076
2015-12-01,3,2,Mixed-prokaryote mid-year state,PDO,0.28,0.07109637939243041
2015-12-01,3,2,Mixed-prokaryote mid-year state,NINO_3.4,2.56,-0.6389815553097329
2015-12-01,3,2,Mixed-prokaryote mid-year state,WPI,0.56,-0.1081424012190767
2015-12-01,3,2,Mixed-prokaryote mid-year state,MHW_MeanInt,0.0917502277177729,-0.11441099384089311
2015-12-01,3,2,Mixed-prokaryote mid-year state,MHW_MaxInt,0.1104397527281366,-0.14050842531719432
2015-12-01,3,2,Mixed-prokaryote mid-year state,MHW_CumInt,0.7299285857804427,-0.30786418923698794
2016-01-01,3,2,Mixed-prokaryote mid-year state,SST,11.35939,-0.2896016660548594
2016-01-01,3,2,Mixed-prokaryote mid-year state,NO3,2.193938,-0.32351276118818306
2016-01-01,3,2,Mixed-prokaryote mid-year state,PO4,0.06771446,-0.20112350860923556
2016-01-01,3,2,Mixed-prokaryote mid-year state,SPCo2,26.68014,-0.4491713359065542
2016-01-01,3,2,Mixed-prokaryote mid-year state,MLD,38.2618,-0.7919208295311324
2016-01-01,3,2,Mixed-prokaryote mid-year state,SSS,32.60036,-0.3990740861575405
2016-01-01,3,2,Mixed-prokaryote mid-year state,SSH,0.2521202,-0.18824951028584433
2016-01-01,3,2,Mixed-prokaryote mid-year state,PAR,15.91815,-0.616726167351011
2016-01-01,3,2,Mixed-prokaryote mid-year state,PDO,0.75,0.08598176077586624
2016-01-01,3,2,Mixed-prokaryote mid-year state,NINO_3.4,2.56,-0.6079512461150729
2016-01-01,3,2,Mixed-prokaryote mid-year state,WPI,0.96,-0.14190334832745666
2016-01-01,3,2,Mixed-prokaryote mid-year state,MHW_MeanInt,0.0019937398653711,-0.06083250217339097
2016-01-01,3,2,Mixed-prokaryote mid-year state,MHW_MaxInt,0.0022036812187654,-0.07273276060101624
2016-01-01,3,2,Mixed-prokaryote mid-year state,MHW_CumInt,0.0106247047761775,-0.31589526463571976
2016-02-01,3,2,Mixed-prokaryote mid-year state,SST,9.065997,-0.3663946405661479
2016-02-01,3,2,Mixed-prokaryote mid-year state,NO3,1.724865,-0.34162613476111303
2016-02-01,3,2,Mixed-prokaryote mid-year state,PO4,0.06777366,-0.21920281196196634
2016-02-01,3,2,Mixed-prokaryote mid-year state,SPCo2,26.11281,-0.44565328552345834
2016-02-01,3,2,Mixed-prokaryote mid-year state,MLD,36.26432,-0.8422719096421898
2016-02-01,3,2,Mixed-prokaryote mid-year state,SSS,32.62928,-0.42686942061877703
2016-02-01,3,2,Mixed-prokaryote mid-year state,SSH,0.2196939,-0.15693665312371458
2016-02-01,3,2,Mixed-prokaryote mid-year state,PAR,26.0823,-0.5790830984977202
2016-02-01,3,2,Mixed-prokaryote mid-year state,PDO,1.29,-0.16030238220126228
2016-02-01,3,2,Mixed-prokaryote mid-year state,NINO_3.4,2.11,-0.47243477675677503
2016-02-01,3,2,Mixed-prokaryote mid-year state,WPI,1.61,-0.0895340513048014
2016-02-01,3,2,Mixed-prokaryote mid-year state,MHW_MeanInt,0.0942870505908365,-0.11058221337359726
2016-02-01,3,2,Mixed-prokaryote mid-year state,MHW_MaxInt,0.1233888482030568,-0.12164533543761398
2016-02-01,3,2,Mixed-prokaryote mid-year state,MHW_CumInt,2.412925928812003,-0.2605084735146238
2016-03-01,3,2,Mixed-prokaryote mid-year state,SST,9.826246,-0.4189766930596474
2016-03-01,3,2,Mixed-prokaryote mid-year state,NO3,1.691761,-0.36169241566591076
2016-03-01,3,2,Mixed-prokaryote mid-year state,PO4,0.03755926,-0.21921423232591378
2016-03-01,3,2,Mixed-prokaryote mid-year state,SPCo2,28.07639,-0.40479848649915295
2016-03-01,3,2,Mixed-prokaryote mid-year state,MLD,19.95332,-0.7989093511166695
2016-03-01,3,2,Mixed-prokaryote mid-year state,SSS,32.59669,-0.3973400960255312
2016-03-01,3,2,Mixed-prokaryote mid-year state,SSH,0.2412153,-0.1872029371917065
2016-03-01,3,2,Mixed-prokaryote mid-year state,PAR,35.31681,-0.4284938819094539
2016-03-01,3,2,Mixed-prokaryote mid-year state,PDO,1.56,-0.4433789115675263
2016-03-01,3,2,Mixed-prokaryote mid-year state,NINO_3.4,1.6,-0.410341408993119
2016-03-01,3,2,Mixed-prokaryote mid-year state,WPI,-0.2,-0.024199643788888354
2016-03-01,3,2,Mixed-prokaryote mid-year state,MHW_MeanInt,0.1099560271956869,-0.08899450475318803
2016-03-01,3,2,Mixed-prokaryote mid-year state,MHW_MaxInt,0.1399121429539458,-0.08372950229751047
2016-03-01,3,2,Mixed-prokaryote mid-year state,MHW_CumInt,1.906740845726984,-0.2374810144537779
2016-04-01,3,2,Mixed-prokaryote mid-year state,SST,12.14766,-0.8759237763589609
2016-04-01,3,2,Mixed-prokaryote mid-year state,NO3,2.518899,-0.4427284665274477
2016-04-01,3,2,Mixed-prokaryote mid-year state,PO4,0.01578898,-0.04996242358852237
2016-04-01,3,2,Mixed-prokaryote mid-year state,SPCo2,32.51889,-0.29208399383760214
2016-04-01,3,2,Mixed-prokaryote mid-year state,MLD,11.07572,0.958151977965562
2016-04-01,3,2,Mixed-prokaryote mid-year state,SSS,32.39744,-0.3200594599534514
2016-04-01,3,2,Mixed-prokaryote mid-year state,SSH,0.2633589,-0.1673354870398917
2016-04-01,3,2,Mixed-prokaryote mid-year state,PAR,38.373,-0.3715300455782906
2016-04-01,3,2,Mixed-prokaryote mid-year state,PDO,1.74,-0.6176740482907603
2016-04-01,3,2,Mixed-prokaryote mid-year state,NINO_3.4,1.05,-0.27129124924642284
2016-04-01,3,2,Mixed-prokaryote mid-year state,WPI,-0.26,-0.03744841375359234
2016-04-01,3,2,Mixed-prokaryote mid-year state,MHW_MeanInt,0.350350560763664,-0.0862447501847009
2016-04-01,3,2,Mixed-prokaryote mid-year state,MHW_MaxInt,0.4470663180108907,-0.0885311108626622
2016-04-01,3,2,Mixed-prokaryote mid-year state,MHW_CumInt,4.521550036478437,-0.042878480426797635
2016-05-01,1,2,Mixed-prokaryote mid-year state,SST,16.10254,-0.20962017523880472
2016-05-01,1,2,Mixed-prokaryote mid-year state,NO3,3.421175,0.11102256654207605
2016-05-01,1,2,Mixed-prokaryote mid-year state,PO4,0.01058607,-0.18268793720009602
2016-05-01,1,2,Mixed-prokaryote mid-year state,SPCo2,37.12294,-0.04107181970554152
2016-05-01,1,2,Mixed-prokaryote mid-year state,MLD,10.71238,1.4271412256120815
2016-05-01,1,2,Mixed-prokaryote mid-year state,SSS,32.10969,0.08104968804950337
2016-05-01,1,2,Mixed-prokaryote mid-year state,SSH,0.2616625,-0.09107217575919307
2016-05-01,1,2,Mixed-prokaryote mid-year state,PAR,43.26632,-0.0100469341806683
2016-05-01,1,2,Mixed-prokaryote mid-year state,PDO,1.6,-0.29473050689318675
2016-05-01,1,2,Mixed-prokaryote mid-year state,NINO_3.4,0.45,-0.1176887362940492
2016-05-01,1,2,Mixed-prokaryote mid-year state,WPI,0.62,-0.04856040725769205
2016-05-01,1,2,Mixed-prokaryote mid-year state,MHW_MeanInt,0.3656402965686462,0.00855177625495046
2016-05-01,1,2,Mixed-prokaryote mid-year state,MHW_MaxInt,0.467429863593023,-0.04931413114139631
2016-05-01,1,2,Mixed-prokaryote mid-year state,MHW_CumInt,5.300516750890629,0.03745444472926564
2016-06-01,2,2,Mixed-prokaryote mid-year state,SST,20.85806,0.3942174950013497
2016-06-01,2,2,Mixed-prokaryote mid-year state,NO3,4.992825,0.32229417356655005
2016-06-01,2,2,Mixed-prokaryote mid-year state,PO4,0.01601506,0.21377578032240985
2016-06-01,2,2,Mixed-prokaryote mid-year state,SPCo2,42.74236,0.5283407730037902
2016-06-01,2,2,Mixed-prokaryote mid-year state,MLD,10.32471,2.027841405174658
2016-06-01,2,2,Mixed-prokaryote mid-year state,SSS,31.48161,0.342764576972104
2016-06-01,2,2,Mixed-prokaryote mid-year state,SSH,0.2878778,-0.06303083536593697
2016-06-01,2,2,Mixed-prokaryote mid-year state,PAR,44.62937,0.9258820723154257
2016-06-01,2,2,Mixed-prokaryote mid-year state,PDO,0.86,0.03695391399875274
2016-06-01,2,2,Mixed-prokaryote mid-year state,NINO_3.4,0.06,0.13650607024598793
2016-06-01,2,2,Mixed-prokaryote mid-year state,WPI,-0.62,0.12469712026105051
2016-06-01,2,2,Mixed-prokaryote mid-year state,MHW_MeanInt,1.7267168665638983,0.16782909135849072
2016-06-01,2,2,Mixed-prokaryote mid-year state,MHW_MaxInt,2.344567800383053,0.09028496849931317
2016-06-01,2,2,Mixed-prokaryote mid-year state,MHW_CumInt,40.91532853683242,0.3187018432494335
2016-07-01,2,2,Mixed-prokaryote mid-year state,SST,24.94849,0.38261957202292696
2016-07-01,2,2,Mixed-prokaryote mid-year state,NO3,6.399195,0.3768391422299223
2016-07-01,2,2,Mixed-prokaryote mid-year state,PO4,0.0174332,0.20023717522227852
2016-07-01,2,2,Mixed-prokaryote mid-year state,SPCo2,44.97305,0.5187976255905741
2016-07-01,2,2,Mixed-prokaryote mid-year state,MLD,10.35994,2.1339295525916824
2016-07-01,2,2,Mixed-prokaryote mid-year state,SSS,30.92978,0.36035083991687905
2016-07-01,2,2,Mixed-prokaryote mid-year state,SSH,0.2778104,-0.06804989752056664
2016-07-01,2,2,Mixed-prokaryote mid-year state,PAR,47.64807,0.9596662694650205
2016-07-01,2,2,Mixed-prokaryote mid-year state,PDO,0.57,0.15657135967646152
2016-07-01,2,2,Mixed-prokaryote mid-year state,NINO_3.4,-0.25,0.11675259802423679
2016-07-01,2,2,Mixed-prokaryote mid-year state,WPI,-1.42,-0.0013098581547936307
2016-07-01,2,2,Mixed-prokaryote mid-year state,MHW_MeanInt,0.8284038761468283,0.13710181708716437
2016-07-01,2,2,Mixed-prokaryote mid-year state,MHW_MaxInt,1.145883849220778,0.1602555846603694
2016-07-01,2,2,Mixed-prokaryote mid-year state,MHW_CumInt,14.989883770495211,0.3383192457642917
2016-08-01,2,2,Mixed-prokaryote mid-year state,SST,27.7583,0.23567227991498702
2016-08-01,2,2,Mixed-prokaryote mid-year state,NO3,6.236147,0.35071328922366607
2016-08-01,2,2,Mixed-prokaryote mid-year state,PO4,0.02327478,0.2112487834434046
2016-08-01,2,2,Mixed-prokaryote mid-year state,SPCo2,45.77676,0.5300818875429452
2016-08-01,2,2,Mixed-prokaryote mid-year state,MLD,11.12265,1.4054029180603895
2016-08-01,2,2,Mixed-prokaryote mid-year state,SSS,31.06455,0.33774659610663355
2016-08-01,2,2,Mixed-prokaryote mid-year state,SSH,0.3238319,-0.12401579298410735
2016-08-01,2,2,Mixed-prokaryote mid-year state,PAR,48.67304,0.9829234089687225
2016-08-01,2,2,Mixed-prokaryote mid-year state,PDO,-0.63,0.1361430849236156
2016-08-01,2,2,Mixed-prokaryote mid-year state,NINO_3.4,-0.48,0.369259929150188
2016-08-01,2,2,Mixed-prokaryote mid-year state,WPI,-0.37,0.09060724505179468
2016-08-01,2,2,Mixed-prokaryote mid-year state,MHW_MeanInt,0.2525048904004534,-0.01735709736855993
2016-08-01,2,2,Mixed-prokaryote mid-year state,MHW_MaxInt,0.3094788396661888,-0.030953046212076972
2016-08-01,2,2,Mixed-prokaryote mid-year state,MHW_CumInt,1.5771498111728246,-0.17203365632809395
2016-09-01,2,2,Mixed-prokaryote mid-year state,SST,24.96757,0.4684005634118376
2016-09-01,2,2,Mixed-prokaryote mid-year state,NO3,4.994637,0.29841554909699286
2016-09-01,2,2,Mixed-prokaryote mid-year state,PO4,0.01242297,0.20709350193386647
2016-09-01,2,2,Mixed-prokaryote mid-year state,SPCo2,40.06978,0.4093082912664879
2016-09-01,2,2,Mixed-prokaryote mid-year state,MLD,14.38781,-1.4212174214059592
2016-09-01,2,2,Mixed-prokaryote mid-year state,SSS,31.3941,0.3992658157210427
2016-09-01,2,2,Mixed-prokaryote mid-year state,SSH,0.412248,0.5451170260052018
2016-09-01,2,2,Mixed-prokaryote mid-year state,PAR,36.19117,-0.366370541227006
2016-09-01,2,2,Mixed-prokaryote mid-year state,PDO,-0.8,0.16206441346259234
2016-09-01,2,2,Mixed-prokaryote mid-year state,NINO_3.4,-0.46,0.7316383274509498
2016-09-01,2,2,Mixed-prokaryote mid-year state,WPI,-1.75,0.25014226345433577
2016-09-01,2,2,Mixed-prokaryote mid-year state,MHW_MeanInt,0.3850176335406001,0.10063425618623925
2016-09-01,2,2,Mixed-prokaryote mid-year state,MHW_MaxInt,0.552627588841635,0.19709237597245963
2016-09-01,2,2,Mixed-prokaryote mid-year state,MHW_CumInt,4.05286957798229,0.4399171423237738
2016-10-01,3,2,Mixed-prokaryote mid-year state,SST,22.26512,0.2405931389999788
2016-10-01,3,2,Mixed-prokaryote mid-year state,NO3,4.157681,-0.0390212428906662
2016-10-01,3,2,Mixed-prokaryote mid-year state,PO4,0.0135473,-0.16601780891005982
2016-10-01,3,2,Mixed-prokaryote mid-year state,SPCo2,35.55563,-0.1591392136349641
2016-10-01,3,2,Mixed-prokaryote mid-year state,MLD,19.25989,-1.4959055051492045
2016-10-01,3,2,Mixed-prokaryote mid-year state,SSS,31.82677,0.21728891289795726
2016-10-01,3,2,Mixed-prokaryote mid-year state,SSH,0.4069637,-0.1634301269711179
2016-10-01,3,2,Mixed-prokaryote mid-year state,PAR,23.73625,-0.5177088505642271
2016-10-01,3,2,Mixed-prokaryote mid-year state,PDO,-0.43,0.0494045924245339
2016-10-01,3,2,Mixed-prokaryote mid-year state,NINO_3.4,-0.75,0.39345186644761787
2016-10-01,3,2,Mixed-prokaryote mid-year state,WPI,0.54,-0.08907958178720335
2016-10-01,3,2,Mixed-prokaryote mid-year state,MHW_MeanInt,0.2724505865638043,-0.08885927105438525
2016-10-01,3,2,Mixed-prokaryote mid-year state,MHW_MaxInt,0.3434535500205877,-0.13447786617195281
2016-10-01,3,2,Mixed-prokaryote mid-year state,MHW_CumInt,3.4438051344349856,-0.1063006832198114
2016-11-01,2,2,Mixed-prokaryote mid-year state,SST,17.89845,0.7105711728136728
2016-11-01,2,2,Mixed-prokaryote mid-year state,NO3,3.480409,0.14151535820266528
2016-11-01,2,2,Mixed-prokaryote mid-year state,PO4,0.03325696,0.14959135611206414
2016-11-01,2,2,Mixed-prokaryote mid-year state,SPCo2,31.33846,0.1482601816364391
2016-11-01,2,2,Mixed-prokaryote mid-year state,MLD,27.80135,-0.7347353341900876
2016-11-01,2,2,Mixed-prokaryote mid-year state,SSS,32.15894,0.18443778855143086
2016-11-01,2,2,Mixed-prokaryote mid-year state,SSH,0.3787485,0.3581855342487735
2016-11-01,2,2,Mixed-prokaryote mid-year state,PAR,19.29554,0.23472428389603975
2016-11-01,2,2,Mixed-prokaryote mid-year state,PDO,0.96,0.3935649081699317
2016-11-01,2,2,Mixed-prokaryote mid-year state,NINO_3.4,-0.63,1.181643580479323
2016-11-01,2,2,Mixed-prokaryote mid-year state,WPI,1.01,0.13978494498343283
2016-11-01,2,2,Mixed-prokaryote mid-year state,MHW_MeanInt,0.1831604799064677,0.014288014761493923
2016-11-01,2,2,Mixed-prokaryote mid-year state,MHW_MaxInt,0.2338757901853638,0.042654672076197865
2016-11-01,2,2,Mixed-prokaryote mid-year state,MHW_CumInt,3.637259756555282,0.3377770414225417
2016-12-01,1,2,Mixed-prokaryote mid-year state,SST,14.34439,-0.3955080047314963
2016-12-01,1,2,Mixed-prokaryote mid-year state,NO3,2.711721,-0.12404671840437616
2016-12-01,1,2,Mixed-prokaryote mid-year state,PO4,0.05180753,-0.036476224162469977
2016-12-01,1,2,Mixed-prokaryote mid-year state,SPCo2,28.60183,-0.30700383127394254
2016-12-01,1,2,Mixed-prokaryote mid-year state,MLD,32.62468,-0.6889029760330635
2016-12-01,1,2,Mixed-prokaryote mid-year state,SSS,32.50808,-0.37917962928870214
2016-12-01,1,2,Mixed-prokaryote mid-year state,SSH,0.3184705,-0.028479793860782095
2016-12-01,1,2,Mixed-prokaryote mid-year state,PAR,16.37441,-0.10664269172762511
2016-12-01,1,2,Mixed-prokaryote mid-year state,PDO,0.61,0.29281373862132254
2016-12-01,1,2,Mixed-prokaryote mid-year state,NINO_3.4,-0.51,0.47217365218128804
2016-12-01,1,2,Mixed-prokaryote mid-year state,WPI,0.97,-0.004390871484681555
2016-12-01,1,2,Mixed-prokaryote mid-year state,MHW_MeanInt,0.5111681146547876,0.07987357291872774
2016-12-01,1,2,Mixed-prokaryote mid-year state,MHW_MaxInt,0.6078663840815081,0.11230914244000233
2016-12-01,1,2,Mixed-prokaryote mid-year state,MHW_CumInt,6.985478276693023,0.42926632053531333
2017-01-01,1,2,Mixed-prokaryote mid-year state,SST,11.71392,-0.31503659561008746
2017-01-01,1,2,Mixed-prokaryote mid-year state,NO3,2.131945,-0.2560483514922195
2017-01-01,1,2,Mixed-prokaryote mid-year state,PO4,0.05946314,-0.09820712880650288
2017-01-01,1,2,Mixed-prokaryote mid-year state,SPCo2,27.11736,-0.3248293327782195
2017-01-01,1,2,Mixed-prokaryote mid-year state,MLD,36.72453,-0.7696757331248362
2017-01-01,1,2,Mixed-prokaryote mid-year state,SSS,32.78485,-0.10844735788789701
2017-01-01,1,2,Mixed-prokaryote mid-year state,SSH,0.3070141,-0.04160840194647524
2017-01-01,1,2,Mixed-prokaryote mid-year state,PAR,17.56524,-0.41089764740787066
2017-01-01,1,2,Mixed-prokaryote mid-year state,PDO,-0.05,0.20419899186643087
2017-01-01,1,2,Mixed-prokaryote mid-year state,NINO_3.4,-0.34,-0.11917373801516357
2017-01-01,1,2,Mixed-prokaryote mid-year state,WPI,0.55,-0.03503080420455678
2017-01-01,1,2,Mixed-prokaryote mid-year state,MHW_MeanInt,0.0524053499861864,-0.059860884518963604
2017-01-01,1,2,Mixed-prokaryote mid-year state,MHW_MaxInt,0.0634023300137963,-0.0762382373650347
2017-01-01,1,2,Mixed-prokaryote mid-year state,MHW_CumInt,0.8024572242938768,-0.21509418984791842
2017-02-01,1,2,Mixed-prokaryote mid-year state,SST,10.105,-0.3295483368046403
2017-02-01,1,2,Mixed-prokaryote mid-year state,NO3,1.709883,-0.26292071391568245
2017-02-01,1,2,Mixed-prokaryote mid-year state,PO4,0.05756338,-0.08462329229598449
2017-02-01,1,2,Mixed-prokaryote mid-year state,SPCo2,26.62646,-0.32391049316375203
2017-02-01,1,2,Mixed-prokaryote mid-year state,MLD,38.21252,-0.8364914115465089
2017-02-01,1,2,Mixed-prokaryote mid-year state,SSS,32.83481,-0.07447182381230162
2017-02-01,1,2,Mixed-prokaryote mid-year state,SSH,0.2613109,-0.09392904396430049
2017-02-01,1,2,Mixed-prokaryote mid-year state,PAR,26.1026,-0.4215764628452811
2017-02-01,1,2,Mixed-prokaryote mid-year state,PDO,-0.01,0.1491857268171042
2017-02-01,1,2,Mixed-prokaryote mid-year state,NINO_3.4,-0.01,-0.19809388439571138
2017-02-01,1,2,Mixed-prokaryote mid-year state,WPI,-0.15,0.03624343851378153
2017-02-01,1,2,Mixed-prokaryote mid-year state,MHW_MeanInt,0.1827993719882051,-0.07933191936032562
2017-02-01,1,2,Mixed-prokaryote mid-year state,MHW_MaxInt,0.2369603354790091,-0.07339044823412536
2017-02-01,1,2,Mixed-prokaryote mid-year state,MHW_CumInt,5.971922468025356,0.4657137238346301
2017-03-01,1,2,Mixed-prokaryote mid-year state,SST,10.28231,-0.31436179276803966
2017-03-01,1,2,Mixed-prokaryote mid-year state,NO3,1.74363,-0.26146528234248073
2017-03-01,1,2,Mixed-prokaryote mid-year state,PO4,0.03756849,-0.09757159518124994
2017-03-01,1,2,Mixed-prokaryote mid-year state,SPCo2,28.23891,-0.25537895968616675
2017-03-01,1,2,Mixed-prokaryote mid-year state,MLD,23.43752,-0.9215711723038543
2017-03-01,1,2,Mixed-prokaryote mid-year state,SSS,32.71563,-0.0604045348759448
2017-03-01,1,2,Mixed-prokaryote mid-year state,SSH,0.2634888,-0.10807359378202691
2017-03-01,1,2,Mixed-prokaryote mid-year state,PAR,33.16465,-0.38043537240768727
2017-03-01,1,2,Mixed-prokaryote mid-year state,PDO,0.1,0.15579224779480497
2017-03-01,1,2,Mixed-prokaryote mid-year state,NINO_3.4,-0.09,-0.15607367126778154
2017-03-01,1,2,Mixed-prokaryote mid-year state,WPI,-2.13,0.06024140403410234
2017-03-01,1,2,Mixed-prokaryote mid-year state,MHW_MeanInt,0.3480542448997576,-0.025508237678728975
2017-03-01,1,2,Mixed-prokaryote mid-year state,MHW_MaxInt,0.4322390918852876,-0.03611740939669936
2017-03-01,1,2,Mixed-prokaryote mid-year state,MHW_CumInt,6.135152711224029,0.3557228088851632
2017-04-01,1,2,Mixed-prokaryote mid-year state,SST,12.78148,-0.4316358099346428
2017-04-01,1,2,Mixed-prokaryote mid-year state,NO3,2.599858,-0.25826008913627435
2017-04-01,1,2,Mixed-prokaryote mid-year state,PO4,0.01745433,0.016955035697792557
2017-04-01,1,2,Mixed-prokaryote mid-year state,SPCo2,32.55318,-0.19519398319102915
2017-04-01,1,2,Mixed-prokaryote mid-year state,MLD,12.24226,-0.7988350695153769
2017-04-01,1,2,Mixed-prokaryote mid-year state,SSS,32.48752,-0.2926054723737681
2017-04-01,1,2,Mixed-prokaryote mid-year state,SSH,0.2310806,-0.09933367840894766
2017-04-01,1,2,Mixed-prokaryote mid-year state,PAR,42.43895,-0.24157692614013487
2017-04-01,1,2,Mixed-prokaryote mid-year state,PDO,0.56,0.27737214927129056
2017-04-01,1,2,Mixed-prokaryote mid-year state,NINO_3.4,0.22,-0.04747038988437743
2017-04-01,1,2,Mixed-prokaryote mid-year state,WPI,-0.36,0.04474460766844785
2017-04-01,1,2,Mixed-prokaryote mid-year state,MHW_MeanInt,0.9805278346758728,0.146145110365882
2017-04-01,1,2,Mixed-prokaryote mid-year state,MHW_MaxInt,1.1977620370368731,0.10870844634352207
2017-04-01,1,2,Mixed-prokaryote mid-year state,MHW_CumInt,12.071345548106404,0.20635773099315352
2017-05-01,3,2,Mixed-prokaryote mid-year state,SST,17.25041,-0.06787612213070575
2017-05-01,3,2,Mixed-prokaryote mid-year state,NO3,3.955498,0.06734768506378647
2017-05-01,3,2,Mixed-prokaryote mid-year state,PO4,0.01055112,-1.6976720420781142
2017-05-01,3,2,Mixed-prokaryote mid-year state,SPCo2,38.17262,-0.23674634227719143
2017-05-01,3,2,Mixed-prokaryote mid-year state,MLD,10.71483,1.0617350191316708
2017-05-01,3,2,Mixed-prokaryote mid-year state,SSS,32.07663,-0.09756233684236802
2017-05-01,3,2,Mixed-prokaryote mid-year state,SSH,0.1988708,-0.12032156012315891
2017-05-01,3,2,Mixed-prokaryote mid-year state,PAR,49.04665,0.6297122243488946
2017-05-01,3,2,Mixed-prokaryote mid-year state,PDO,0.45,-0.027006431670391583
2017-05-01,3,2,Mixed-prokaryote mid-year state,NINO_3.4,0.3,-0.06788349690180842
2017-05-01,3,2,Mixed-prokaryote mid-year state,WPI,0.68,-0.31768885791469387
2017-05-01,3,2,Mixed-prokaryote mid-year state,MHW_MeanInt,0.6999618937982074,0.029399964573395766
2017-05-01,3,2,Mixed-prokaryote mid-year state,MHW_MaxInt,0.991079483368382,-0.009284213559693506
2017-05-01,3,2,Mixed-prokaryote mid-year state,MHW_CumInt,30.03848071187255,-0.23889605856723198
2017-06-01,2,2,Mixed-prokaryote mid-year state,SST,21.30556,0.3806518907686396
2017-06-01,2,2,Mixed-prokaryote mid-year state,NO3,4.828549,0.24085887203544123
2017-06-01,2,2,Mixed-prokaryote mid-year state,PO4,0.01537598,0.2109259437554916
2017-06-01,2,2,Mixed-prokaryote mid-year state,SPCo2,42.30684,0.3097799066386513
2017-06-01,2,2,Mixed-prokaryote mid-year state,MLD,10.58879,2.1920582502046306
2017-06-01,2,2,Mixed-prokaryote mid-year state,SSS,31.79012,0.3324647339294736
2017-06-01,2,2,Mixed-prokaryote mid-year state,SSH,0.2460743,0.034571164080354454
2017-06-01,2,2,Mixed-prokaryote mid-year state,PAR,45.51573,0.9508766484665009
2017-06-01,2,2,Mixed-prokaryote mid-year state,PDO,0.35,0.16572311197682618
2017-06-01,2,2,Mixed-prokaryote mid-year state,NINO_3.4,0.22,0.12753481919160797
2017-06-01,2,2,Mixed-prokaryote mid-year state,WPI,-0.75,0.08738079289835025
2017-06-01,2,2,Mixed-prokaryote mid-year state,MHW_MeanInt,1.411816293634742,0.17035923309499215
2017-06-01,2,2,Mixed-prokaryote mid-year state,MHW_MaxInt,1.950262775232028,0.060169475420933066
2017-06-01,2,2,Mixed-prokaryote mid-year state,MHW_CumInt,43.82760152248355,0.30352555070754866
2017-07-01,2,2,Mixed-prokaryote mid-year state,SST,26.08025,0.28673113172558895
2017-07-01,2,2,Mixed-prokaryote mid-year state,NO3,6.695036,0.3662777988226464
2017-07-01,2,2,Mixed-prokaryote mid-year state,PO4,0.01407706,0.21431662314053374
2017-07-01,2,2,Mixed-prokaryote mid-year state,SPCo2,46.61929,0.5552015779605132
2017-07-01,2,2,Mixed-prokaryote mid-year state,MLD,10.26612,2.1869497021850597
2017-07-01,2,2,Mixed-prokaryote mid-year state,SSS,31.09062,0.36717396475063685
2017-07-01,2,2,Mixed-prokaryote mid-year state,SSH,0.2823971,-0.055443405081746264
2017-07-01,2,2,Mixed-prokaryote mid-year state,PAR,48.64865,1.0224469518762953
2017-07-01,2,2,Mixed-prokaryote mid-year state,PDO,-0.43,0.09535014964396052
2017-07-01,2,2,Mixed-prokaryote mid-year state,NINO_3.4,0.22,0.11998964893830494
2017-07-01,2,2,Mixed-prokaryote mid-year state,WPI,0.46,-0.00787199688882179
2017-07-01,2,2,Mixed-prokaryote mid-year state,MHW_MeanInt,0.6529383231148376,0.13803353512201724
2017-07-01,2,2,Mixed-prokaryote mid-year state,MHW_MaxInt,0.8507997215940255,0.15746890991395654
2017-07-01,2,2,Mixed-prokaryote mid-year state,MHW_CumInt,10.694391107176273,0.4014403056767448
2017-08-01,2,2,Mixed-prokaryote mid-year state,SST,27.61112,0.20462975140571918
2017-08-01,2,2,Mixed-prokaryote mid-year state,NO3,6.400773,0.31733566139064434
2017-08-01,2,2,Mixed-prokaryote mid-year state,PO4,0.01821093,0.19885398566962553
2017-08-01,2,2,Mixed-prokaryote mid-year state,SPCo2,45.27369,0.5757710142131011
2017-08-01,2,2,Mixed-prokaryote mid-year state,MLD,10.99319,1.3756717007494472
2017-08-01,2,2,Mixed-prokaryote mid-year state,SSS,31.2753,0.3297978269051789
2017-08-01,2,2,Mixed-prokaryote mid-year state,SSH,0.359781,-0.023522763796173688
2017-08-01,2,2,Mixed-prokaryote mid-year state,PAR,45.83972,0.9488884813957141
2017-08-01,2,2,Mixed-prokaryote mid-year state,PDO,-0.62,0.1105701096116133
2017-08-01,2,2,Mixed-prokaryote mid-year state,NINO_3.4,-0.18,0.10916536510230863
2017-08-01,2,2,Mixed-prokaryote mid-year state,WPI,-1.38,-0.037442985564321685
2017-08-01,2,2,Mixed-prokaryote mid-year state,MHW_MeanInt,0.3336910972387917,-0.03257463429280628
2017-08-01,2,2,Mixed-prokaryote mid-year state,MHW_MaxInt,0.4243464681255257,-0.03274297130773859
2017-08-01,2,2,Mixed-prokaryote mid-year state,MHW_CumInt,6.015821603182653,0.4450202466893459
2017-09-01,3,2,Mixed-prokaryote mid-year state,SST,25.03319,0.17521828371830087
2017-09-01,3,2,Mixed-prokaryote mid-year state,NO3,4.846695,-0.018586751636386845
2017-09-01,3,2,Mixed-prokaryote mid-year state,PO4,0.01436936,-0.06611312362539151
2017-09-01,3,2,Mixed-prokaryote mid-year state,SPCo2,39.75002,0.012270364823884859
2017-09-01,3,2,Mixed-prokaryote mid-year state,MLD,14.63536,-1.754180241278394
2017-09-01,3,2,Mixed-prokaryote mid-year state,SSS,31.36241,0.20798956955940293
2017-09-01,3,2,Mixed-prokaryote mid-year state,SSH,0.3631716,-0.1784804970808766
2017-09-01,3,2,Mixed-prokaryote mid-year state,PAR,36.53032,-0.7089674617935796
2017-09-01,3,2,Mixed-prokaryote mid-year state,PDO,-0.18,0.08477663877464951
2017-09-01,3,2,Mixed-prokaryote mid-year state,NINO_3.4,-0.56,0.5165736288026261
2017-09-01,3,2,Mixed-prokaryote mid-year state,WPI,-1.23,-0.0796782149926839
2017-09-01,3,2,Mixed-prokaryote mid-year state,MHW_MeanInt,0.1697974478111997,-0.08163949373727289
2017-09-01,3,2,Mixed-prokaryote mid-year state,MHW_MaxInt,0.2099785342148843,-0.057591557521823954
2017-09-01,3,2,Mixed-prokaryote mid-year state,MHW_CumInt,2.0697161000639346,-0.23579963576678564
2017-10-01,2,2,Mixed-prokaryote mid-year state,SST,21.92051,0.48504159157747356
2017-10-01,2,2,Mixed-prokaryote mid-year state,NO3,3.772376,0.11147016074186919
2017-10-01,2,2,Mixed-prokaryote mid-year state,PO4,0.01635257,0.12912496326315542
2017-10-01,2,2,Mixed-prokaryote mid-year state,SPCo2,34.89152,0.022606833050540533
2017-10-01,2,2,Mixed-prokaryote mid-year state,MLD,22.12568,-1.1882901125844816
2017-10-01,2,2,Mixed-prokaryote mid-year state,SSS,31.73528,0.3892479741614903
2017-10-01,2,2,Mixed-prokaryote mid-year state,SSH,0.4013067,0.6280691506503779
2017-10-01,2,2,Mixed-prokaryote mid-year state,PAR,27.36834,-0.2752332713409342
2017-10-01,2,2,Mixed-prokaryote mid-year state,PDO,-0.68,0.22290852335366318
2017-10-01,2,2,Mixed-prokaryote mid-year state,NINO_3.4,-0.52,1.2293857564208106
2017-10-01,2,2,Mixed-prokaryote mid-year state,WPI,0.7,0.17715549700129413
2017-10-01,2,2,Mixed-prokaryote mid-year state,MHW_MeanInt,0.0119110103430289,0.2188643582873278
2017-10-01,2,2,Mixed-prokaryote mid-year state,MHW_MaxInt,0.0152011090805805,0.21757254104300813
2017-10-01,2,2,Mixed-prokaryote mid-year state,MHW_CumInt,0.2150915912148259,0.026003503989825115
2017-11-01,2,2,Mixed-prokaryote mid-year state,SST,17.68049,0.758526943455047
2017-11-01,2,2,Mixed-prokaryote mid-year state,NO3,3.102618,0.12309067300631923
2017-11-01,2,2,Mixed-prokaryote mid-year state,PO4,0.02832239,0.15222349899865464
2017-11-01,2,2,Mixed-prokaryote mid-year state,SPCo2,30.84933,0.19758960707420847
2017-11-01,2,2,Mixed-prokaryote mid-year state,MLD,30.83147,-0.747054155050134
2017-11-01,2,2,Mixed-prokaryote mid-year state,SSS,32.0859,0.6323049920301608
2017-11-01,2,2,Mixed-prokaryote mid-year state,SSH,0.2594601,-0.03191857142880802
2017-11-01,2,2,Mixed-prokaryote mid-year state,PAR,20.56907,0.3384870831094169
2017-11-01,2,2,Mixed-prokaryote mid-year state,PDO,-0.59,0.16568316957708185
2017-11-01,2,2,Mixed-prokaryote mid-year state,NINO_3.4,-0.84,1.3577602167430571
2017-11-01,2,2,Mixed-prokaryote mid-year state,WPI,0.7,0.19262106635388376
2017-11-01,2,2,Mixed-prokaryote mid-year state,MHW_MeanInt,0.0282809073972851,0.01898468390339966
2017-11-01,2,2,Mixed-prokaryote mid-year state,MHW_MaxInt,0.0339035710083976,0.002603832940041631
2017-11-01,2,2,Mixed-prokaryote mid-year state,MHW_CumInt,0.3222228550950566,-0.09852903366935148
2017-12-01,1,2,Mixed-prokaryote mid-year state,SST,13.80177,-0.3290215678857884
2017-12-01,1,2,Mixed-prokaryote mid-year state,NO3,2.458957,-0.32090966766332346
2017-12-01,1,2,Mixed-prokaryote mid-year state,PO4,0.04343489,-0.11823322778986863
2017-12-01,1,2,Mixed-prokaryote mid-year state,SPCo2,27.57291,-0.2971942964829155
2017-12-01,1,2,Mixed-prokaryote mid-year state,MLD,36.94318,-0.7268027469812397
2017-12-01,1,2,Mixed-prokaryote mid-year state,SSS,32.44881,-0.4194561560189003
2017-12-01,1,2,Mixed-prokaryote mid-year state,SSH,0.2117888,0.024505063740233157
2017-12-01,1,2,Mixed-prokaryote mid-year state,PAR,17.50418,-0.37359080715085363
2017-12-01,1,2,Mixed-prokaryote mid-year state,PDO,-0.02,0.22641402045877
2017-12-01,1,2,Mixed-prokaryote mid-year state,NINO_3.4,-0.85,0.8966391656690869
2017-12-01,1,2,Mixed-prokaryote mid-year state,WPI,0.33,-0.014302265281769637
2017-12-01,1,2,Mixed-prokaryote mid-year state,MHW_MeanInt,0.0204278573122625,-0.020871458430879234
2017-12-01,1,2,Mixed-prokaryote mid-year state,MHW_MaxInt,0.0266720731414258,-0.061804033619928735
2017-12-01,1,2,Mixed-prokaryote mid-year state,MHW_CumInt,0.140517088096915,-0.17102172344444347
2018-01-01,1,2,Mixed-prokaryote mid-year state,SST,10.81827,-0.35539157349661893
2018-01-01,1,2,Mixed-prokaryote mid-year state,NO3,2.114393,-0.2910530109735683
2018-01-01,1,2,Mixed-prokaryote mid-year state,PO4,0.05381169,-0.0949790431143269
2018-01-01,1,2,Mixed-prokaryote mid-year state,SPCo2,26.16253,-0.32193150598552656
2018-01-01,1,2,Mixed-prokaryote mid-year state,MLD,40.91296,-0.6137759417477122
2018-01-01,1,2,Mixed-prokaryote mid-year state,SSS,32.71786,-0.2959826866243321
2018-01-01,1,2,Mixed-prokaryote mid-year state,SSH,0.2317394,-0.07701507309432531
2018-01-01,1,2,Mixed-prokaryote mid-year state,PAR,16.11736,-0.30297937208414
2018-01-01,1,2,Mixed-prokaryote mid-year state,PDO,0.39,0.2987216285455879
2018-01-01,1,2,Mixed-prokaryote mid-year state,NINO_3.4,-0.86,0.7895616053247452
2018-01-01,1,2,Mixed-prokaryote mid-year state,WPI,0.43,-0.043013963877871896
2018-01-01,1,2,Mixed-prokaryote mid-year state,MHW_MeanInt,0.0393554185157022,-0.03921245280053132
2018-01-01,1,2,Mixed-prokaryote mid-year state,MHW_MaxInt,0.051388912969377,-0.06165167332938451
2018-01-01,1,2,Mixed-prokaryote mid-year state,MHW_CumInt,0.4516758310992334,-0.16094258281816196
2018-02-01,1,2,Mixed-prokaryote mid-year state,SST,8.39501,-0.3872333131663688
2018-02-01,1,2,Mixed-prokaryote mid-year state,NO3,1.676036,-0.3370401466796319
2018-02-01,1,2,Mixed-prokaryote mid-year state,PO4,0.04477121,-0.05924942491300342
2018-02-01,1,2,Mixed-prokaryote mid-year state,SPCo2,25.58652,-0.26467200036053534
2018-02-01,1,2,Mixed-prokaryote mid-year state,MLD,38.10453,-0.6938632007792067
2018-02-01,1,2,Mixed-prokaryote mid-year state,SSS,32.64477,-0.323438574106166
2018-02-01,1,2,Mixed-prokaryote mid-year state,SSH,0.1661376,0.1945548723870911
2018-02-01,1,2,Mixed-prokaryote mid-year state,PAR,24.76389,-0.3068827072189784
2018-02-01,1,2,Mixed-prokaryote mid-year state,PDO,-0.08,0.18730362565095499
2018-02-01,1,2,Mixed-prokaryote mid-year state,NINO_3.4,-0.73,0.5072718512635749
2018-02-01,1,2,Mixed-prokaryote mid-year state,WPI,0.4,-0.05743594424672225
2018-02-01,1,2,Mixed-prokaryote mid-year state,MHW_MeanInt,0.4016424355167917,0.05911216263684496
2018-02-01,1,2,Mixed-prokaryote mid-year state,MHW_MaxInt,0.5467363565236376,0.05977155160293873
2018-02-01,1,2,Mixed-prokaryote mid-year state,MHW_CumInt,5.184884457068304,0.18592026660587807
2018-03-01,1,2,Mixed-prokaryote mid-year state,SST,9.541696,-0.40130620287669005
2018-03-01,1,2,Mixed-prokaryote mid-year state,NO3,1.820406,-0.35196697581483877
2018-03-01,1,2,Mixed-prokaryote mid-year state,PO4,0.02266117,0.006399888407711253
2018-03-01,1,2,Mixed-prokaryote mid-year state,SPCo2,28.30669,-0.20768242684858335
2018-03-01,1,2,Mixed-prokaryote mid-year state,MLD,18.27091,-0.7807995527792363
2018-03-01,1,2,Mixed-prokaryote mid-year state,SSS,32.53083,-0.36705246439182065
2018-03-01,1,2,Mixed-prokaryote mid-year state,SSH,0.1655205,0.23551025952747937
2018-03-01,1,2,Mixed-prokaryote mid-year state,PAR,33.1553,-0.3554031240072635
2018-03-01,1,2,Mixed-prokaryote mid-year state,PDO,-0.71,0.07531338782761236
2018-03-01,1,2,Mixed-prokaryote mid-year state,NINO_3.4,-0.73,0.4355480027792408
2018-03-01,1,2,Mixed-prokaryote mid-year state,WPI,0.84,-0.028721799455448938
2018-03-01,1,2,Mixed-prokaryote mid-year state,MHW_MeanInt,0.3743641674330846,0.025233236609185618
2018-03-01,1,2,Mixed-prokaryote mid-year state,MHW_MaxInt,0.4712545829972355,-0.004481616119993602
2018-03-01,1,2,Mixed-prokaryote mid-year state,MHW_CumInt,5.296141265090313,0.13202832540112425
2018-04-01,3,2,Mixed-prokaryote mid-year state,SST,12.26381,-0.48357336401184026
2018-04-01,3,2,Mixed-prokaryote mid-year state,NO3,2.423023,-0.4783136810920514
2018-04-01,3,2,Mixed-prokaryote mid-year state,PO4,0.01141377,0.016747370369216585
2018-04-01,3,2,Mixed-prokaryote mid-year state,SPCo2,32.93754,-0.19431826526040494
2018-04-01,3,2,Mixed-prokaryote mid-year state,MLD,12.17951,-0.8548610564543465
2018-04-01,3,2,Mixed-prokaryote mid-year state,SSS,32.49966,-0.2999491080823976
2018-04-01,3,2,Mixed-prokaryote mid-year state,SSH,0.1669108,0.15296332651513592
2018-04-01,3,2,Mixed-prokaryote mid-year state,PAR,42.16234,-0.34820608040409656
2018-04-01,3,2,Mixed-prokaryote mid-year state,PDO,-0.81,-0.17012688267719603
2018-04-01,3,2,Mixed-prokaryote mid-year state,NINO_3.4,-0.36,-0.1288858281364861
2018-04-01,3,2,Mixed-prokaryote mid-year state,WPI,-0.67,0.002663363597223967
2018-04-01,3,2,Mixed-prokaryote mid-year state,MHW_MeanInt,0.6275908929493288,-0.00500779007962673
2018-04-01,3,2,Mixed-prokaryote mid-year state,MHW_MaxInt,0.8459992666537223,-0.020427007020358195
2018-04-01,3,2,Mixed-prokaryote mid-year state,MHW_CumInt,9.431018529825227,-0.14539132850820546
2018-05-01,3,2,Mixed-prokaryote mid-year state,SST,16.34415,-0.1572727832867319
2018-05-01,3,2,Mixed-prokaryote mid-year state,NO3,3.422746,0.03928133790385466
2018-05-01,3,2,Mixed-prokaryote mid-year state,PO4,0.009617997,-1.2537243352878316
2018-05-01,3,2,Mixed-prokaryote mid-year state,SPCo2,38.37534,-0.1026318988322032
2018-05-01,3,2,Mixed-prokaryote mid-year state,MLD,10.80109,1.1700240491992762
2018-05-01,3,2,Mixed-prokaryote mid-year state,SSS,32.02203,-0.11812931647411733
2018-05-01,3,2,Mixed-prokaryote mid-year state,SSH,0.2256936,-0.08458641185887375
2018-05-01,3,2,Mixed-prokaryote mid-year state,PAR,42.79467,-0.6307244700741019
2018-05-01,3,2,Mixed-prokaryote mid-year state,PDO,-0.45,-0.0450784207061075
2018-05-01,3,2,Mixed-prokaryote mid-year state,NINO_3.4,-0.12,-0.14241481761424493
2018-05-01,3,2,Mixed-prokaryote mid-year state,WPI,-0.19,-0.0008304211981333245
2018-05-01,3,2,Mixed-prokaryote mid-year state,MHW_MeanInt,0.341441925904261,-0.09400229088298555
2018-05-01,3,2,Mixed-prokaryote mid-year state,MHW_MaxInt,0.424411225461387,-0.11680706709969846
2018-05-01,3,2,Mixed-prokaryote mid-year state,MHW_CumInt,3.48707519779004,-0.2109554461310108
2018-06-01,2,2,Mixed-prokaryote mid-year state,SST,20.87104,0.3765120564961383
2018-06-01,2,2,Mixed-prokaryote mid-year state,NO3,4.692647,0.18159598547502512
2018-06-01,2,2,Mixed-prokaryote mid-year state,PO4,0.01586991,0.19849327178205026
2018-06-01,2,2,Mixed-prokaryote mid-year state,SPCo2,43.23826,0.5590229889953618
2018-06-01,2,2,Mixed-prokaryote mid-year state,MLD,10.76938,1.8251833924625076
2018-06-01,2,2,Mixed-prokaryote mid-year state,SSS,31.81951,0.32430787329588623
2018-06-01,2,2,Mixed-prokaryote mid-year state,SSH,0.276731,-0.0626395810946355
2018-06-01,2,2,Mixed-prokaryote mid-year state,PAR,46.54306,0.9887170436668988
2018-06-01,2,2,Mixed-prokaryote mid-year state,PDO,-0.65,0.1096835746694727
2018-06-01,2,2,Mixed-prokaryote mid-year state,NINO_3.4,0.12,0.12679845989910787
2018-06-01,2,2,Mixed-prokaryote mid-year state,WPI,-0.44,0.1175678704558327
2018-06-01,2,2,Mixed-prokaryote mid-year state,MHW_MeanInt,1.6840052510158994,0.16816693817055486
2018-06-01,2,2,Mixed-prokaryote mid-year state,MHW_MaxInt,2.3617158860606247,0.09568882936515019
2018-06-01,2,2,Mixed-prokaryote mid-year state,MHW_CumInt,44.954996240525816,0.31894215127874986
2018-07-01,2,2,Mixed-prokaryote mid-year state,SST,24.95535,0.3809144196375504
2018-07-01,2,2,Mixed-prokaryote mid-year state,NO3,5.052289,0.33208086237713125
2018-07-01,2,2,Mixed-prokaryote mid-year state,PO4,0.01540432,0.22813146529476733
2018-07-01,2,2,Mixed-prokaryote mid-year state,SPCo2,44.67965,0.5763637333307087
2018-07-01,2,2,Mixed-prokaryote mid-year state,MLD,10.5829,2.2018223344918573
2018-07-01,2,2,Mixed-prokaryote mid-year state,SSS,31.47992,0.3399238334173508
2018-07-01,2,2,Mixed-prokaryote mid-year state,SSH,0.3209659,-0.1000020243435354
2018-07-01,2,2,Mixed-prokaryote mid-year state,PAR,50.18477,0.9780757222780855
2018-07-01,2,2,Mixed-prokaryote mid-year state,PDO,-0.01,0.14268552219434685
2018-07-01,2,2,Mixed-prokaryote mid-year state,NINO_3.4,0.27,0.09576101266134897
2018-07-01,2,2,Mixed-prokaryote mid-year state,WPI,-0.81,0.047952671884611386
2018-07-01,2,2,Mixed-prokaryote mid-year state,MHW_MeanInt,0.5061317696246569,0.09675426879911594
2018-07-01,2,2,Mixed-prokaryote mid-year state,MHW_MaxInt,0.6202320222793107,0.12105959970931643
2018-07-01,2,2,Mixed-prokaryote mid-year state,MHW_CumInt,7.239517113188119,0.43887199590201903
2018-08-01,2,2,Mixed-prokaryote mid-year state,SST,27.43576,0.37318581224230135
2018-08-01,2,2,Mixed-prokaryote mid-year state,NO3,4.458508,0.16914393922592746
2018-08-01,2,2,Mixed-prokaryote mid-year state,PO4,0.0156309,0.2144822215852394
2018-08-01,2,2,Mixed-prokaryote mid-year state,SPCo2,44.56211,0.5576467342561361
2018-08-01,2,2,Mixed-prokaryote mid-year state,MLD,11.80913,-1.5562649285634653
2018-08-01,2,2,Mixed-prokaryote mid-year state,SSS,31.42914,0.28616359360898
2018-08-01,2,2,Mixed-prokaryote mid-year state,SSH,0.3834228,0.2983820913958233
2018-08-01,2,2,Mixed-prokaryote mid-year state,PAR,47.35277,0.9853531348076665
2018-08-01,2,2,Mixed-prokaryote mid-year state,PDO,-0.24,0.20647058176854452
2018-08-01,2,2,Mixed-prokaryote mid-year state,NINO_3.4,0.05,0.14563152362160064
2018-08-01,2,2,Mixed-prokaryote mid-year state,WPI,-1.38,0.09375363232434376
2018-08-01,2,2,Mixed-prokaryote mid-year state,MHW_MeanInt,0.5839794343840706,0.19433711236623308
2018-08-01,2,2,Mixed-prokaryote mid-year state,MHW_MaxInt,0.7039982859907801,0.22465109208676962
2018-08-01,2,2,Mixed-prokaryote mid-year state,MHW_CumInt,5.780090876397553,0.5341904569184486
2018-09-01,3,2,Mixed-prokaryote mid-year state,SST,25.73086,0.08699496457613667
2018-09-01,3,2,Mixed-prokaryote mid-year state,NO3,4.230765,-0.06362278990507424
2018-09-01,3,2,Mixed-prokaryote mid-year state,PO4,0.01444529,0.06738634915774551
2018-09-01,3,2,Mixed-prokaryote mid-year state,SPCo2,39.82151,0.1915892127289746
2018-09-01,3,2,Mixed-prokaryote mid-year state,MLD,14.61408,-1.6308970799959912
2018-09-01,3,2,Mixed-prokaryote mid-year state,SSS,31.4808,0.10149664640666971
2018-09-01,3,2,Mixed-prokaryote mid-year state,SSH,0.3798156,-0.12598106364762718
2018-09-01,3,2,Mixed-prokaryote mid-year state,PAR,37.1953,-0.6309091472244981
2018-09-01,3,2,Mixed-prokaryote mid-year state,PDO,-0.35,0.03172883380280667
2018-09-01,3,2,Mixed-prokaryote mid-year state,NINO_3.4,0.3,-0.12689980569836729
2018-09-01,3,2,Mixed-prokaryote mid-year state,WPI,-1.78,-0.017572802624347766
2018-09-01,3,2,Mixed-prokaryote mid-year state,MHW_MeanInt,0.0048159692406444,-0.08138742882172656
2018-09-01,3,2,Mixed-prokaryote mid-year state,MHW_MaxInt,0.0054693198676547,-0.07874831077734581
2018-09-01,3,2,Mixed-prokaryote mid-year state,MHW_CumInt,0.0247504610505105,-0.3129549917529897
2018-10-01,3,2,Mixed-prokaryote mid-year state,SST,21.54781,0.2534219184187527
2018-10-01,3,2,Mixed-prokaryote mid-year state,NO3,3.206622,-0.0851975808948655
2018-10-01,3,2,Mixed-prokaryote mid-year state,PO4,0.01641703,0.011347344740144294
2018-10-01,3,2,Mixed-prokaryote mid-year state,SPCo2,34.30533,-0.26965622311338455
2018-10-01,3,2,Mixed-prokaryote mid-year state,MLD,24.29105,-1.8329086247591913
2018-10-01,3,2,Mixed-prokaryote mid-year state,SSS,31.95915,0.1301094425160808
2018-10-01,3,2,Mixed-prokaryote mid-year state,SSH,0.3296569,-0.21187964266367815
2018-10-01,3,2,Mixed-prokaryote mid-year state,PAR,30.94508,-0.7505346646021972
2018-10-01,3,2,Mixed-prokaryote mid-year state,PDO,-0.57,-0.010598906381865031
2018-10-01,3,2,Mixed-prokaryote mid-year state,NINO_3.4,0.84,-0.374308539175829
2018-10-01,3,2,Mixed-prokaryote mid-year state,WPI,-1.14,-0.021596913091394436
2018-10-01,3,2,Mixed-prokaryote mid-year state,MHW_MeanInt,0.3129535396548039,-0.10425807126487205
2018-10-01,3,2,Mixed-prokaryote mid-year state,MHW_MaxInt,0.4604752735238746,-0.08371484213463504
2018-10-01,3,2,Mixed-prokaryote mid-year state,MHW_CumInt,5.852421085546238,0.431689352002037
2018-11-01,2,2,Mixed-prokaryote mid-year state,SST,18.05849,0.8346340711536221
2018-11-01,2,2,Mixed-prokaryote mid-year state,NO3,2.781609,0.10507712223781021
2018-11-01,2,2,Mixed-prokaryote mid-year state,PO4,0.02131514,0.10930640956749511
2018-11-01,2,2,Mixed-prokaryote mid-year state,SPCo2,30.79195,0.08365749800812923
2018-11-01,2,2,Mixed-prokaryote mid-year state,MLD,27.91416,-0.9899058443807708
2018-11-01,2,2,Mixed-prokaryote mid-year state,SSS,32.19113,0.1396056858761925
2018-11-01,2,2,Mixed-prokaryote mid-year state,SSH,0.3428391,0.2804713167413353
2018-11-01,2,2,Mixed-prokaryote mid-year state,PAR,20.46143,0.2350605570555323
2018-11-01,2,2,Mixed-prokaryote mid-year state,PDO,-0.69,0.17358499124714075
2018-11-01,2,2,Mixed-prokaryote mid-year state,NINO_3.4,1.0,-0.15754793503302836
2018-11-01,2,2,Mixed-prokaryote mid-year state,WPI,-0.61,0.16510968649095942
2018-11-01,2,2,Mixed-prokaryote mid-year state,MHW_MeanInt,0.5183466505796488,0.22003013196708515
2018-11-01,2,2,Mixed-prokaryote mid-year state,MHW_MaxInt,0.6822626697252815,0.34436401229087876
2018-11-01,2,2,Mixed-prokaryote mid-year state,MHW_CumInt,4.280779773466974,0.6070081591583307
2018-12-01,1,2,Mixed-prokaryote mid-year state,SST,14.78516,-0.3114634480209218
2018-12-01,1,2,Mixed-prokaryote mid-year state,NO3,2.139595,-0.25038144869491796
2018-12-01,1,2,Mixed-prokaryote mid-year state,PO4,0.03777536,-0.09676544010838613
2018-12-01,1,2,Mixed-prokaryote mid-year state,SPCo2,28.21298,-0.33611810780185203
2018-12-01,1,2,Mixed-prokaryote mid-year state,MLD,34.07256,-0.7515980715518191
2018-12-01,1,2,Mixed-prokaryote mid-year state,SSS,32.43575,-0.2807162383577156
2018-12-01,1,2,Mixed-prokaryote mid-year state,SSH,0.3576584,0.22120839657409833
2018-12-01,1,2,Mixed-prokaryote mid-year state,PAR,13.96999,-0.2292751973965076
2018-12-01,1,2,Mixed-prokaryote mid-year state,PDO,-0.21,0.11693338985445197
2018-12-01,1,2,Mixed-prokaryote mid-year state,NINO_3.4,0.97,-0.25039748939345413
2018-12-01,1,2,Mixed-prokaryote mid-year state,WPI,0.11,0.027098383291523462
2018-12-01,1,2,Mixed-prokaryote mid-year state,MHW_MeanInt,0.3956135952696268,0.13126456026090802
2018-12-01,1,2,Mixed-prokaryote mid-year state,MHW_MaxInt,0.5405428998476298,0.09133562767502065
2018-12-01,1,2,Mixed-prokaryote mid-year state,MHW_CumInt,8.909207062072685,0.5766905779222159
2019-01-01,1,2,Mixed-prokaryote mid-year state,SST,11.33342,-0.317766285505512
2019-01-01,1,2,Mixed-prokaryote mid-year state,NO3,1.603832,-0.23096311315020263
2019-01-01,1,2,Mixed-prokaryote mid-year state,PO4,0.05799674,-0.1010550780756397
2019-01-01,1,2,Mixed-prokaryote mid-year state,SPCo2,25.65638,-0.3505986156670437
2019-01-01,1,2,Mixed-prokaryote mid-year state,MLD,41.40893,-0.6513879741997278
2019-01-01,1,2,Mixed-prokaryote mid-year state,SSS,32.55126,-0.3136949088236563
2019-01-01,1,2,Mixed-prokaryote mid-year state,SSH,0.2886494,-0.027997838935845103
2019-01-01,1,2,Mixed-prokaryote mid-year state,PAR,17.91958,-0.19644263071374665
2019-01-01,1,2,Mixed-prokaryote mid-year state,PDO,-0.34,0.12097691288224471
2019-01-01,1,2,Mixed-prokaryote mid-year state,NINO_3.4,0.51,-0.294798786056779
2019-01-01,1,2,Mixed-prokaryote mid-year state,WPI,1.05,-0.024857226445061026
2019-01-01,1,2,Mixed-prokaryote mid-year state,MHW_MeanInt,0.2425090710482615,-0.057977248432345446
2019-01-01,1,2,Mixed-prokaryote mid-year state,MHW_MaxInt,0.3225022720363683,-0.011238772333942694
2019-01-01,1,2,Mixed-prokaryote mid-year state,MHW_CumInt,4.026356406810829,0.32604586061879204
2019-02-01,1,2,Mixed-prokaryote mid-year state,SST,10.04073,-0.3641011750962949
2019-02-01,1,2,Mixed-prokaryote mid-year state,NO3,1.447822,-0.3169227828543901
2019-02-01,1,2,Mixed-prokaryote mid-year state,PO4,0.06111008,-0.0918787289863212
2019-02-01,1,2,Mixed-prokaryote mid-year state,SPCo2,25.33229,-0.32273851946401555
2019-02-01,1,2,Mixed-prokaryote mid-year state,MLD,38.27085,-0.6589278770877695
2019-02-01,1,2,Mixed-prokaryote mid-year state,SSS,32.63404,-0.27515078442067775
2019-02-01,1,2,Mixed-prokaryote mid-year state,SSH,0.2215559,-0.09489132537803979
2019-02-01,1,2,Mixed-prokaryote mid-year state,PAR,20.46027,-0.16524747706170212
2019-02-01,1,2,Mixed-prokaryote mid-year state,PDO,-0.72,0.025150094674299794
2019-02-01,1,2,Mixed-prokaryote mid-year state,NINO_3.4,0.62,-0.17599068377006002
2019-02-01,1,2,Mixed-prokaryote mid-year state,WPI,2.09,-0.02562788408938747
2019-02-01,1,2,Mixed-prokaryote mid-year state,MHW_MeanInt,0.3901975909369933,0.09775747870536168
2019-02-01,1,2,Mixed-prokaryote mid-year state,MHW_MaxInt,0.5252935925098052,0.09736756591983156
2019-02-01,1,2,Mixed-prokaryote mid-year state,MHW_CumInt,10.562843797313612,0.534925142707405
2019-03-01,1,2,Mixed-prokaryote mid-year state,SST,10.47788,-0.30785857398618655
2019-03-01,1,2,Mixed-prokaryote mid-year state,NO3,1.616115,-0.29686195020894585
2019-03-01,1,2,Mixed-prokaryote mid-year state,PO4,0.03943512,-0.11336149832047444
2019-03-01,1,2,Mixed-prokaryote mid-year state,SPCo2,26.71026,-0.33003362098268463
2019-03-01,1,2,Mixed-prokaryote mid-year state,MLD,23.39373,-0.8808840396605279
2019-03-01,1,2,Mixed-prokaryote mid-year state,SSS,32.66556,-0.20720432513581083
2019-03-01,1,2,Mixed-prokaryote mid-year state,SSH,0.2134554,0.00985024582562628
2019-03-01,1,2,Mixed-prokaryote mid-year state,PAR,33.44122,-0.38638492349100356
2019-03-01,1,2,Mixed-prokaryote mid-year state,PDO,-0.39,0.1305887068832809
2019-03-01,1,2,Mixed-prokaryote mid-year state,NINO_3.4,0.81,-0.16507646494685987
2019-03-01,1,2,Mixed-prokaryote mid-year state,WPI,0.88,-0.0018955308958712423
2019-03-01,1,2,Mixed-prokaryote mid-year state,MHW_MeanInt,0.4692214584786899,0.08058817081420452
2019-03-01,1,2,Mixed-prokaryote mid-year state,MHW_MaxInt,0.5933591118586262,0.058626153160742406
2019-03-01,1,2,Mixed-prokaryote mid-year state,MHW_CumInt,5.701033773857812,0.30793084711585855
2019-04-01,1,2,Mixed-prokaryote mid-year state,SST,12.70382,-0.21314883219054767
2019-04-01,1,2,Mixed-prokaryote mid-year state,NO3,1.928897,-0.30672102676421825
2019-04-01,1,2,Mixed-prokaryote mid-year state,PO4,0.02177128,-0.06698085200728433
2019-04-01,1,2,Mixed-prokaryote mid-year state,SPCo2,30.19135,-0.21977827165785815
2019-04-01,1,2,Mixed-prokaryote mid-year state,MLD,13.28528,-0.7670482767175514
2019-04-01,1,2,Mixed-prokaryote mid-year state,SSS,32.42841,-0.25555551631995477
2019-04-01,1,2,Mixed-prokaryote mid-year state,SSH,0.2162941,0.10079796676066961
2019-04-01,1,2,Mixed-prokaryote mid-year state,PAR,39.76662,-0.03730964532005775
2019-04-01,1,2,Mixed-prokaryote mid-year state,PDO,0.1,0.1649842575216257
2019-04-01,1,2,Mixed-prokaryote mid-year state,NINO_3.4,0.67,-0.22729866343666266
2019-04-01,1,2,Mixed-prokaryote mid-year state,WPI,-1.3,0.005450677829256265
2019-04-01,1,2,Mixed-prokaryote mid-year state,MHW_MeanInt,0.1999677101998945,-0.08141408985331913
2019-04-01,1,2,Mixed-prokaryote mid-year state,MHW_MaxInt,0.2616295715508786,-0.07461199704894438
2019-04-01,1,2,Mixed-prokaryote mid-year state,MHW_CumInt,2.648240010165926,-0.08799188665237848
2019-05-01,3,2,Mixed-prokaryote mid-year state,SST,16.50236,0.20290599397132628
2019-05-01,3,2,Mixed-prokaryote mid-year state,NO3,2.55833,-0.503016325142909
2019-05-01,3,2,Mixed-prokaryote mid-year state,PO4,0.01665784,-0.022303869459438196
2019-05-01,3,2,Mixed-prokaryote mid-year state,SPCo2,35.05199,-0.28627104875680237
2019-05-01,3,2,Mixed-prokaryote mid-year state,MLD,11.53117,-1.6399668457781034
2019-05-01,3,2,Mixed-prokaryote mid-year state,SSS,32.11206,0.07257321745026972
2019-05-01,3,2,Mixed-prokaryote mid-year state,SSH,0.2469919,-0.16689232886697541
2019-05-01,3,2,Mixed-prokaryote mid-year state,PAR,48.49501,0.6274471983634123
2019-05-01,3,2,Mixed-prokaryote mid-year state,PDO,0.26,0.04642772217746465
2019-05-01,3,2,Mixed-prokaryote mid-year state,NINO_3.4,0.61,-0.24113938258105289
2019-05-01,3,2,Mixed-prokaryote mid-year state,WPI,-0.63,0.010297714320749909
2019-05-01,3,2,Mixed-prokaryote mid-year state,MHW_MeanInt,0.3218434778198453,-0.10490918309793078
2019-05-01,3,2,Mixed-prokaryote mid-year state,MHW_MaxInt,0.4192784715341252,-0.117325112308084
2019-05-01,3,2,Mixed-prokaryote mid-year state,MHW_CumInt,5.522769423970183,0.08470235367496091
2019-06-01,2,2,Mixed-prokaryote mid-year state,SST,20.34853,0.3757735541121327
2019-06-01,2,2,Mixed-prokaryote mid-year state,NO3,3.265489,0.118703174072213
2019-06-01,2,2,Mixed-prokaryote mid-year state,PO4,0.01678913,0.20551981966276336
2019-06-01,2,2,Mixed-prokaryote mid-year state,SPCo2,40.17868,0.29947048652397923
2019-06-01,2,2,Mixed-prokaryote mid-year state,MLD,10.71416,1.9315882576263295
2019-06-01,2,2,Mixed-prokaryote mid-year state,SSS,31.79374,0.319923048436766
2019-06-01,2,2,Mixed-prokaryote mid-year state,SSH,0.260858,-0.01991534656342324
2019-06-01,2,2,Mixed-prokaryote mid-year state,PAR,47.15538,1.011058999727776
2019-06-01,2,2,Mixed-prokaryote mid-year state,PDO,-0.05,0.17546542720566555
2019-06-01,2,2,Mixed-prokaryote mid-year state,NINO_3.4,0.66,0.05345054244048426
2019-06-01,2,2,Mixed-prokaryote mid-year state,WPI,-1.92,0.0008611295863580248
2019-06-01,2,2,Mixed-prokaryote mid-year state,MHW_MeanInt,0.6486416429352297,0.16246204706169162
2019-06-01,2,2,Mixed-prokaryote mid-year state,MHW_MaxInt,0.8428768731317627,0.14939842459963892
2019-06-01,2,2,Mixed-prokaryote mid-year state,MHW_CumInt,12.662483799703448,0.37349560640906343
2019-07-01,2,2,Mixed-prokaryote mid-year state,SST,24.31108,0.3858430146876321
2019-07-01,2,2,Mixed-prokaryote mid-year state,NO3,4.231383,0.1857204637000637
2019-07-01,2,2,Mixed-prokaryote mid-year state,PO4,0.0152322,0.22854049744458382
2019-07-01,2,2,Mixed-prokaryote mid-year state,SPCo2,43.853,0.5708966239078068
2019-07-01,2,2,Mixed-prokaryote mid-year state,MLD,10.29777,2.1631694790522884
2019-07-01,2,2,Mixed-prokaryote mid-year state,SSS,31.47675,0.35391201730769917
2019-07-01,2,2,Mixed-prokaryote mid-year state,SSH,0.3005702,-0.07204863654652464
2019-07-01,2,2,Mixed-prokaryote mid-year state,PAR,46.24289,1.018066714114657
2019-07-01,2,2,Mixed-prokaryote mid-year state,PDO,0.54,0.11804552586736655
2019-07-01,2,2,Mixed-prokaryote mid-year state,NINO_3.4,0.41,0.08518984794889359
2019-07-01,2,2,Mixed-prokaryote mid-year state,WPI,-0.27,0.09712068930403354
2019-07-01,2,2,Mixed-prokaryote mid-year state,MHW_MeanInt,0.6392787016379742,0.16406344092776162
2019-07-01,2,2,Mixed-prokaryote mid-year state,MHW_MaxInt,0.7872942896240662,0.1670728232377568
2019-07-01,2,2,Mixed-prokaryote mid-year state,MHW_CumInt,6.020508436329557,0.4365858548769954
2019-08-01,3,2,Mixed-prokaryote mid-year state,SST,26.92452,-0.05521972727884114
2019-08-01,3,2,Mixed-prokaryote mid-year state,NO3,4.414184,0.03727346194423368
2019-08-01,3,2,Mixed-prokaryote mid-year state,PO4,0.0136453,0.03510760609316946
2019-08-01,3,2,Mixed-prokaryote mid-year state,SPCo2,44.38897,0.3992827398838719
2019-08-01,3,2,Mixed-prokaryote mid-year state,MLD,11.39305,-1.7901041852856319
2019-08-01,3,2,Mixed-prokaryote mid-year state,SSS,31.23234,0.0980946871238798
2019-08-01,3,2,Mixed-prokaryote mid-year state,SSH,0.3237593,-0.3360749719478116
2019-08-01,3,2,Mixed-prokaryote mid-year state,PAR,45.9396,0.7918513987211016
2019-08-01,3,2,Mixed-prokaryote mid-year state,PDO,0.01,0.02224641608852541
2019-08-01,3,2,Mixed-prokaryote mid-year state,NINO_3.4,0.19,-0.0994300353202722
2019-08-01,3,2,Mixed-prokaryote mid-year state,WPI,-2.19,-0.1880316924679712
2019-08-01,3,2,Mixed-prokaryote mid-year state,MHW_MeanInt,0.2642902177393917,-0.1050278545455935
2019-08-01,3,2,Mixed-prokaryote mid-year state,MHW_MaxInt,0.3154758403127095,-0.13012506164244256
2019-08-01,3,2,Mixed-prokaryote mid-year state,MHW_CumInt,2.3415950849364227,-0.3405943344711869
2019-09-01,3,2,Mixed-prokaryote mid-year state,SST,25.00072,0.12947122320853738
2019-09-01,3,2,Mixed-prokaryote mid-year state,NO3,3.807632,-0.05040748638048644
2019-09-01,3,2,Mixed-prokaryote mid-year state,PO4,0.01137811,-0.24345884475481244
2019-09-01,3,2,Mixed-prokaryote mid-year state,SPCo2,39.94406,0.11338508569626608
2019-09-01,3,2,Mixed-prokaryote mid-year state,MLD,15.22297,-1.7213299006094718
2019-09-01,3,2,Mixed-prokaryote mid-year state,SSS,31.44908,0.06103323554750184
2019-09-01,3,2,Mixed-prokaryote mid-year state,SSH,0.353572,-0.14372033463508613
2019-09-01,3,2,Mixed-prokaryote mid-year state,PAR,37.695,-0.6707539520502467
2019-09-01,3,2,Mixed-prokaryote mid-year state,PDO,0.13,0.03670241175477198
2019-09-01,3,2,Mixed-prokaryote mid-year state,NINO_3.4,0.11,-0.15453923485043464
2019-09-01,3,2,Mixed-prokaryote mid-year state,WPI,0.86,-0.10379531290806734
2019-09-01,3,2,Mixed-prokaryote mid-year state,MHW_MeanInt,0.1862462831087638,-0.10592585606032517
2019-09-01,3,2,Mixed-prokaryote mid-year state,MHW_MaxInt,0.2734686992624994,-0.12480865392581193
2019-09-01,3,2,Mixed-prokaryote mid-year state,MHW_CumInt,5.45128390701948,0.14573388696399175
2019-10-01,3,2,Mixed-prokaryote mid-year state,SST,22.19735,0.16245091811214735
2019-10-01,3,2,Mixed-prokaryote mid-year state,NO3,3.397273,-0.08536791093545372
2019-10-01,3,2,Mixed-prokaryote mid-year state,PO4,0.0178191,0.012701708542509607
2019-10-01,3,2,Mixed-prokaryote mid-year state,SPCo2,35.40394,-0.1991139725759666
2019-10-01,3,2,Mixed-prokaryote mid-year state,MLD,23.80107,-1.751942890791639
2019-10-01,3,2,Mixed-prokaryote mid-year state,SSS,31.74935,0.1381467705322789
2019-10-01,3,2,Mixed-prokaryote mid-year state,SSH,0.3907209,0.03986451814978269
2019-10-01,3,2,Mixed-prokaryote mid-year state,PAR,30.07841,-0.7526920450350095
2019-10-01,3,2,Mixed-prokaryote mid-year state,PDO,-0.9,-0.10878088150102855
2019-10-01,3,2,Mixed-prokaryote mid-year state,NINO_3.4,0.55,-0.3580023314307149
2019-10-01,3,2,Mixed-prokaryote mid-year state,WPI,-0.81,-0.025081543327585117
2019-10-01,3,2,Mixed-prokaryote mid-year state,MHW_MeanInt,0.2278746195403251,-0.11373890842550001
2019-10-01,3,2,Mixed-prokaryote mid-year state,MHW_MaxInt,0.3020362520408734,-0.1347978378806911
2019-10-01,3,2,Mixed-prokaryote mid-year state,MHW_CumInt,2.744408533308567,-0.22239305806911422
2019-11-01,3,2,Mixed-prokaryote mid-year state,SST,18.30969,0.38917983993911764
2019-11-01,3,2,Mixed-prokaryote mid-year state,NO3,3.070642,-0.0937613774036428
2019-11-01,3,2,Mixed-prokaryote mid-year state,PO4,0.02661196,0.0007396382018093916
2019-11-01,3,2,Mixed-prokaryote mid-year state,SPCo2,31.30397,-0.11289738246453405
2019-11-01,3,2,Mixed-prokaryote mid-year state,MLD,30.54651,-1.3157136279790889
2019-11-01,3,2,Mixed-prokaryote mid-year state,SSS,32.12033,0.0017710125901479986
2019-11-01,3,2,Mixed-prokaryote mid-year state,SSH,0.3208446,-0.17265682026754
2019-11-01,3,2,Mixed-prokaryote mid-year state,PAR,21.44509,-0.4770941212375763
2019-11-01,3,2,Mixed-prokaryote mid-year state,PDO,-0.49,-0.029538257302313697
2019-11-01,3,2,Mixed-prokaryote mid-year state,NINO_3.4,0.74,-0.523859792372381
2019-11-01,3,2,Mixed-prokaryote mid-year state,WPI,-0.12,0.02639466772968587
2019-11-01,3,2,Mixed-prokaryote mid-year state,MHW_MeanInt,0.3471760040899174,-0.024023874696482424
2019-11-01,3,2,Mixed-prokaryote mid-year state,MHW_MaxInt,0.4855328773474073,-0.016625726194632935
2019-11-01,3,2,Mixed-prokaryote mid-year state,MHW_CumInt,13.207259284038033,0.4138987697279524
2019-12-01,1,2,Mixed-prokaryote mid-year state,SST,14.55685,-0.3281178493342639
2019-12-01,1,2,Mixed-prokaryote mid-year state,NO3,2.596895,-0.2166666256814294
2019-12-01,1,2,Mixed-prokaryote mid-year state,PO4,0.04730387,-0.07454440855129563
2019-12-01,1,2,Mixed-prokaryote mid-year state,SPCo2,28.03321,-0.37923198925406393
2019-12-01,1,2,Mixed-prokaryote mid-year state,MLD,35.6441,-0.8034803477879923
2019-12-01,1,2,Mixed-prokaryote mid-year state,SSS,32.49611,-0.3031339562001557
2019-12-01,1,2,Mixed-prokaryote mid-year state,SSH,0.2678824,-0.0728921552887368
2019-12-01,1,2,Mixed-prokaryote mid-year state,PAR,16.12826,-0.24149883745190595
2019-12-01,1,2,Mixed-prokaryote mid-year state,PDO,0.0,0.13770427484264117
2019-12-01,1,2,Mixed-prokaryote mid-year state,NINO_3.4,0.51,-0.24901586119301422
2019-12-01,1,2,Mixed-prokaryote mid-year state,WPI,0.74,-0.027549597435606307
2019-12-01,1,2,Mixed-prokaryote mid-year state,MHW_MeanInt,0.7422714398990806,0.1890963183356284
2019-12-01,1,2,Mixed-prokaryote mid-year state,MHW_MaxInt,0.968915388830481,0.1737565659192003
2019-12-01,1,2,Mixed-prokaryote mid-year state,MHW_CumInt,15.661640601662528,0.5806651344152571
2020-01-01,1,2,Mixed-prokaryote mid-year state,SST,12.00291,-0.3383125222431829
2020-01-01,1,2,Mixed-prokaryote mid-year state,NO3,2.313589,-0.2456781895864833
2020-01-01,1,2,Mixed-prokaryote mid-year state,PO4,0.05912294,-0.026824112384883757
2020-01-01,1,2,Mixed-prokaryote mid-year state,SPCo2,26.69917,-0.33934509009257213
2020-01-01,1,2,Mixed-prokaryote mid-year state,MLD,39.62627,-0.6753217850946197
2020-01-01,1,2,Mixed-prokaryote mid-year state,SSS,32.68783,-0.1732693773166936
2020-01-01,1,2,Mixed-prokaryote mid-year state,SSH,0.2971561,-0.018629638001837003
2020-01-01,1,2,Mixed-prokaryote mid-year state,PAR,15.33744,-0.18131305143889326
2020-01-01,1,2,Mixed-prokaryote mid-year state,PDO,-1.41,-0.08698964815061977
2020-01-01,1,2,Mixed-prokaryote mid-year state,NINO_3.4,0.64,-0.16224769757758017
2020-01-01,1,2,Mixed-prokaryote mid-year state,WPI,0.69,-0.04933542966668265
2020-01-01,1,2,Mixed-prokaryote mid-year state,MHW_MeanInt,0.5256908951925741,0.12431533037916588
2020-01-01,1,2,Mixed-prokaryote mid-year state,MHW_MaxInt,0.6961652960013773,0.1608887212577021
2020-01-01,1,2,Mixed-prokaryote mid-year state,MHW_CumInt,11.440019946965377,0.5547434518995392
2020-02-01,1,2,Mixed-prokaryote mid-year state,SST,10.28555,-0.27950251005541654
2020-02-01,1,2,Mixed-prokaryote mid-year state,NO3,2.020594,-0.25509814136807735
2020-02-01,1,2,Mixed-prokaryote mid-year state,PO4,0.04928588,-0.06131733905417214
2020-02-01,1,2,Mixed-prokaryote mid-year state,SPCo2,26.46706,-0.28275377371628924
2020-02-01,1,2,Mixed-prokaryote mid-year state,MLD,34.08411,-0.8128446078491741
2020-02-01,1,2,Mixed-prokaryote mid-year state,SSS,32.83029,-0.10902774212025458
2020-02-01,1,2,Mixed-prokaryote mid-year state,SSH,0.2609283,-0.09602761774299137
2020-02-01,1,2,Mixed-prokaryote mid-year state,PAR,23.66989,-0.34176161076506467
2020-02-01,1,2,Mixed-prokaryote mid-year state,PDO,-1.48,-0.08805881702385367
2020-02-01,1,2,Mixed-prokaryote mid-year state,NINO_3.4,0.48,-0.09006708147345517
2020-02-01,1,2,Mixed-prokaryote mid-year state,WPI,1.46,-0.02460240125287121
2020-02-01,1,2,Mixed-prokaryote mid-year state,MHW_MeanInt,0.8321928858360463,0.17246064670851385
2020-02-01,1,2,Mixed-prokaryote mid-year state,MHW_MaxInt,1.104176748435502,0.1326313294511752
2020-02-01,1,2,Mixed-prokaryote mid-year state,MHW_CumInt,18.596931551635308,0.5109288065538958
2020-03-01,1,2,Mixed-prokaryote mid-year state,SST,10.70586,-0.23703051292910343
2020-03-01,1,2,Mixed-prokaryote mid-year state,NO3,2.013989,-0.29600173188880824
2020-03-01,1,2,Mixed-prokaryote mid-year state,PO4,0.03139725,-0.10004624951561682
2020-03-01,1,2,Mixed-prokaryote mid-year state,SPCo2,28.27134,-0.252081507759015
2020-03-01,1,2,Mixed-prokaryote mid-year state,MLD,24.23719,-0.8579191700921192
2020-03-01,1,2,Mixed-prokaryote mid-year state,SSS,32.73606,-0.11828501966432471
2020-03-01,1,2,Mixed-prokaryote mid-year state,SSH,0.2047682,0.0749772917095941
2020-03-01,1,2,Mixed-prokaryote mid-year state,PAR,34.19953,-0.3635030910988513
2020-03-01,1,2,Mixed-prokaryote mid-year state,PDO,-1.75,-0.03812224629332729
2020-03-01,1,2,Mixed-prokaryote mid-year state,NINO_3.4,0.36,-0.17683832958685372
2020-03-01,1,2,Mixed-prokaryote mid-year state,WPI,1.29,-0.0456721207546123
2020-03-01,1,2,Mixed-prokaryote mid-year state,MHW_MeanInt,0.2797756691786224,-0.060995796071093754
2020-03-01,1,2,Mixed-prokaryote mid-year state,MHW_MaxInt,0.3577870795917012,-0.024567179725933808
2020-03-01,1,2,Mixed-prokaryote mid-year state,MHW_CumInt,2.4477332717122926,-0.0931024818742168
2020-04-01,3,2,Mixed-prokaryote mid-year state,SST,12.73056,-0.5569202656019948
2020-04-01,3,2,Mixed-prokaryote mid-year state,NO3,2.281931,-0.5397412877505157
2020-04-01,3,2,Mixed-prokaryote mid-year state,PO4,0.01686143,-0.06628396724739168
2020-04-01,3,2,Mixed-prokaryote mid-year state,SPCo2,31.15261,-0.29441130509522573
2020-04-01,3,2,Mixed-prokaryote mid-year state,MLD,16.64023,-1.1511027646185032
2020-04-01,3,2,Mixed-prokaryote mid-year state,SSS,32.61213,-0.4491369424658162
2020-04-01,3,2,Mixed-prokaryote mid-year state,SSH,0.2263666,-0.17052764726533576
2020-04-01,3,2,Mixed-prokaryote mid-year state,PAR,45.16571,0.580164680542854
2020-04-01,3,2,Mixed-prokaryote mid-year state,PDO,-1.32,-0.1990768932716831
2020-04-01,3,2,Mixed-prokaryote mid-year state,NINO_3.4,0.49,-0.2322442778330211
2020-04-01,3,2,Mixed-prokaryote mid-year state,WPI,-1.34,-0.10825290271443161
2020-04-01,3,2,Mixed-prokaryote mid-year state,MHW_MeanInt,0.3374958912944072,-0.10066935738898378
2020-04-01,3,2,Mixed-prokaryote mid-year state,MHW_MaxInt,0.4358451094857281,-0.09632147916207068
2020-04-01,3,2,Mixed-prokaryote mid-year state,MHW_CumInt,4.843034359004142,-0.09881947516588876
2020-05-01,2,2,Mixed-prokaryote mid-year state,SST,16.43019,0.020143934785546394
2020-05-01,2,2,Mixed-prokaryote mid-year state,NO3,3.163127,0.12549185600233126
2020-05-01,2,2,Mixed-prokaryote mid-year state,PO4,0.007933331,-0.04733223880161206
2020-05-01,2,2,Mixed-prokaryote mid-year state,SPCo2,36.92435,0.06226691122229891
2020-05-01,2,2,Mixed-prokaryote mid-year state,MLD,10.79582,1.2893227126375488
2020-05-01,2,2,Mixed-prokaryote mid-year state,SSS,32.24253,0.24723492463809316
2020-05-01,2,2,Mixed-prokaryote mid-year state,SSH,0.2517852,-0.0010701943780462425
2020-05-01,2,2,Mixed-prokaryote mid-year state,PAR,44.75827,1.021191489721745
2020-05-01,2,2,Mixed-prokaryote mid-year state,PDO,-0.53,0.14327197525632485
2020-05-01,2,2,Mixed-prokaryote mid-year state,NINO_3.4,-0.12,0.08634104046095534
2020-05-01,2,2,Mixed-prokaryote mid-year state,WPI,0.12,0.10721177411876802
2020-05-01,2,2,Mixed-prokaryote mid-year state,MHW_MeanInt,0.7940898807190295,0.13002595192612187
2020-05-01,2,2,Mixed-prokaryote mid-year state,MHW_MaxInt,1.00006088405389,0.10844098344613458
2020-05-01,2,2,Mixed-prokaryote mid-year state,MHW_CumInt,9.335799560218437,0.21447288604494597
2020-06-01,3,2,Mixed-prokaryote mid-year state,SST,21.18923,0.13795816865435379
2020-06-01,3,2,Mixed-prokaryote mid-year state,NO3,4.227831,-0.01634271951210532
2020-06-01,3,2,Mixed-prokaryote mid-year state,PO4,0.007451985,-1.9238376246782116
2020-06-01,3,2,Mixed-prokaryote mid-year state,SPCo2,42.94586,0.23371291004886982
2020-06-01,3,2,Mixed-prokaryote mid-year state,MLD,10.39636,1.625601787504243
2020-06-01,3,2,Mixed-prokaryote mid-year state,SSS,31.87049,-0.029464629756604854
2020-06-01,3,2,Mixed-prokaryote mid-year state,SSH,0.3262833,-0.31198184251762245
2020-06-01,3,2,Mixed-prokaryote mid-year state,PAR,42.65132,-0.6263956501613086
2020-06-01,3,2,Mixed-prokaryote mid-year state,PDO,-0.76,-0.06946113095092596
2020-06-01,3,2,Mixed-prokaryote mid-year state,NINO_3.4,-0.21,-0.059655754356444525
2020-06-01,3,2,Mixed-prokaryote mid-year state,WPI,-1.25,-0.1407259284306467
2020-06-01,3,2,Mixed-prokaryote mid-year state,MHW_MeanInt,0.0724009169258792,-0.08344601561351357
2020-06-01,3,2,Mixed-prokaryote mid-year state,MHW_MaxInt,0.0893926586101653,-0.07740316678969268
2020-06-01,3,2,Mixed-prokaryote mid-year state,MHW_CumInt,1.047404766631966,-0.2814735953072821
2020-07-01,2,2,Mixed-prokaryote mid-year state,SST,23.63997,0.40240025736047347
2020-07-01,2,2,Mixed-prokaryote mid-year state,NO3,4.755019,0.1735725229666441
2020-07-01,2,2,Mixed-prokaryote mid-year state,PO4,0.01371064,0.19244474254038482
2020-07-01,2,2,Mixed-prokaryote mid-year state,SPCo2,44.55256,0.568213567666309
2020-07-01,2,2,Mixed-prokaryote mid-year state,MLD,10.50308,2.407084703708081
2020-07-01,2,2,Mixed-prokaryote mid-year state,SSS,31.38676,0.3662963026904734
2020-07-01,2,2,Mixed-prokaryote mid-year state,SSH,0.3112281,-0.10403138819503537
2020-07-01,2,2,Mixed-prokaryote mid-year state,PAR,42.27643,-0.44784281874201987
2020-07-01,2,2,Mixed-prokaryote mid-year state,PDO,-0.92,0.02697691432909512
2020-07-01,2,2,Mixed-prokaryote mid-year state,NINO_3.4,-0.04,0.08880238724899953
2020-07-01,2,2,Mixed-prokaryote mid-year state,WPI,-0.54,0.13318136963679209
2020-07-01,2,2,Mixed-prokaryote mid-year state,MHW_MeanInt,0.94816368616153,0.15557864513515798
2020-07-01,2,2,Mixed-prokaryote mid-year state,MHW_MaxInt,1.1874932060463397,0.2094059641656703
2020-07-01,2,2,Mixed-prokaryote mid-year state,MHW_CumInt,9.427780671321928,0.4597524483539028
2020-08-01,2,2,Mixed-prokaryote mid-year state,SST,26.37829,0.2819093172797969
2020-08-01,2,2,Mixed-prokaryote mid-year state,NO3,5.349509,0.32674983530317264
2020-08-01,2,2,Mixed-prokaryote mid-year state,PO4,0.01176344,0.14939482299718357
2020-08-01,2,2,Mixed-prokaryote mid-year state,SPCo2,45.36446,0.546437573226757
2020-08-01,2,2,Mixed-prokaryote mid-year state,MLD,11.04017,1.5456488621770639
2020-08-01,2,2,Mixed-prokaryote mid-year state,SSS,31.30482,0.328261783592993
2020-08-01,2,2,Mixed-prokaryote mid-year state,SSH,0.3501738,-0.06396356395256714
2020-08-01,2,2,Mixed-prokaryote mid-year state,PAR,43.81718,0.8492726966905522
2020-08-01,2,2,Mixed-prokaryote mid-year state,PDO,-1.33,0.04021906719832987
2020-08-01,2,2,Mixed-prokaryote mid-year state,NINO_3.4,-0.42,0.33085757584226594
2020-08-01,2,2,Mixed-prokaryote mid-year state,WPI,-0.21,0.08733959531839744
2020-08-01,2,2,Mixed-prokaryote mid-year state,MHW_MeanInt,0.1802206093788776,-0.02435414247703414
2020-08-01,2,2,Mixed-prokaryote mid-year state,MHW_MaxInt,0.2191604736852247,-0.0014791734914516928
2020-08-01,2,2,Mixed-prokaryote mid-year state,MHW_CumInt,1.789814329212052,-0.17108919768533104
2020-09-01,3,2,Mixed-prokaryote mid-year state,SST,25.02943,0.1487567412811043
2020-09-01,3,2,Mixed-prokaryote mid-year state,NO3,4.564327,-0.02758491789626787
2020-09-01,3,2,Mixed-prokaryote mid-year state,PO4,0.01505502,-0.04800376513361844
2020-09-01,3,2,Mixed-prokaryote mid-year state,SPCo2,41.29739,0.08176217298905683
2020-09-01,3,2,Mixed-prokaryote mid-year state,MLD,16.0516,-1.6514637994635324
2020-09-01,3,2,Mixed-prokaryote mid-year state,SSS,31.49327,0.14996595019669304
2020-09-01,3,2,Mixed-prokaryote mid-year state,SSH,0.3843365,-0.1610315390604372
2020-09-01,3,2,Mixed-prokaryote mid-year state,PAR,36.2772,-0.6834125650017441
2020-09-01,3,2,Mixed-prokaryote mid-year state,PDO,-1.04,-0.15757802690568118
2020-09-01,3,2,Mixed-prokaryote mid-year state,NINO_3.4,-0.66,0.32048892751855995
2020-09-01,3,2,Mixed-prokaryote mid-year state,WPI,-2.44,-0.14899420441216843
2020-09-01,3,2,Mixed-prokaryote mid-year state,MHW_MeanInt,0.0434991943495784,-0.0772472960015707
2020-09-01,3,2,Mixed-prokaryote mid-year state,MHW_MaxInt,0.0528729139719411,-0.053663341515448444
2020-09-01,3,2,Mixed-prokaryote mid-year state,MHW_CumInt,0.3923364189803003,-0.19964114952312806
2020-10-01,3,2,Mixed-prokaryote mid-year state,SST,21.79563,0.18482037188217265
2020-10-01,3,2,Mixed-prokaryote mid-year state,NO3,3.978261,-0.043847875733722126
2020-10-01,3,2,Mixed-prokaryote mid-year state,PO4,0.01563369,-0.03913136976039335
2020-10-01,3,2,Mixed-prokaryote mid-year state,SPCo2,35.9246,-0.27306527401199643
2020-10-01,3,2,Mixed-prokaryote mid-year state,MLD,24.8232,-1.6157926080154692
2020-10-01,3,2,Mixed-prokaryote mid-year state,SSS,31.94177,0.13426492693955058
2020-10-01,3,2,Mixed-prokaryote mid-year state,SSH,0.4132317,-0.09745404859240714
2020-10-01,3,2,Mixed-prokaryote mid-year state,PAR,30.26387,-0.6977888179477914
2020-10-01,3,2,Mixed-prokaryote mid-year state,PDO,-0.62,0.04988709221118282
2020-10-01,3,2,Mixed-prokaryote mid-year state,NINO_3.4,-1.19,-0.3399364255039997
2020-10-01,3,2,Mixed-prokaryote mid-year state,WPI,-1.18,-0.007931201073585734
2020-10-01,3,2,Mixed-prokaryote mid-year state,MHW_MeanInt,0.7744028094968854,0.017566445311144346
2020-10-01,3,2,Mixed-prokaryote mid-year state,MHW_MaxInt,1.0209420343227336,0.019162771318192166
2020-10-01,3,2,Mixed-prokaryote mid-year state,MHW_CumInt,12.603020979793198,0.2096804380108993
2020-11-01,2,2,Mixed-prokaryote mid-year state,SST,18.76778,0.6947081174368742
2020-11-01,2,2,Mixed-prokaryote mid-year state,NO3,3.590241,0.12303786757591825
2020-11-01,2,2,Mixed-prokaryote mid-year state,PO4,0.02220288,0.20787761627544923
2020-11-01,2,2,Mixed-prokaryote mid-year state,SPCo2,31.98554,0.2632968709191738
2020-11-01,2,2,Mixed-prokaryote mid-year state,MLD,28.52605,-0.7341523595165519
2020-11-01,2,2,Mixed-prokaryote mid-year state,SSS,32.07577,0.5823411457773061
2020-11-01,2,2,Mixed-prokaryote mid-year state,SSH,0.3076442,-0.0738015203636775
2020-11-01,2,2,Mixed-prokaryote mid-year state,PAR,20.50158,0.4608812225394331
2020-11-01,2,2,Mixed-prokaryote mid-year state,PDO,-1.59,-0.09939945924282717
2020-11-01,2,2,Mixed-prokaryote mid-year state,NINO_3.4,-1.01,0.9306579889645435
2020-11-01,2,2,Mixed-prokaryote mid-year state,WPI,0.72,0.20510722996606473
2020-11-01,2,2,Mixed-prokaryote mid-year state,MHW_MeanInt,0.1908941414366261,0.049415817725206486
2020-11-01,2,2,Mixed-prokaryote mid-year state,MHW_MaxInt,0.2415478220284728,0.05039075149446872
2020-11-01,2,2,Mixed-prokaryote mid-year state,MHW_CumInt,2.107421790467584,-0.010234624663246726
2020-12-01,1,2,Mixed-prokaryote mid-year state,SST,14.62928,-0.2980171263544673
2020-12-01,1,2,Mixed-prokaryote mid-year state,NO3,2.917962,0.13955335130040636
2020-12-01,1,2,Mixed-prokaryote mid-year state,PO4,0.04018504,-0.02350192182011412
2020-12-01,1,2,Mixed-prokaryote mid-year state,SPCo2,28.44594,-0.30363768848027867
2020-12-01,1,2,Mixed-prokaryote mid-year state,MLD,36.09906,-0.6587115116393657
2020-12-01,1,2,Mixed-prokaryote mid-year state,SSS,32.45898,-0.36456397542570773
2020-12-01,1,2,Mixed-prokaryote mid-year state,SSH,0.285929,-0.05939842191089109
2020-12-01,1,2,Mixed-prokaryote mid-year state,PAR,16.35313,-0.09652511494975723
2020-12-01,1,2,Mixed-prokaryote mid-year state,PDO,-0.99,-0.07470885423966543
2020-12-01,1,2,Mixed-prokaryote mid-year state,NINO_3.4,-0.98,0.6428487945188047
2020-12-01,1,2,Mixed-prokaryote mid-year state,WPI,0.99,0.03891767893082907
2020-12-01,1,2,Mixed-prokaryote mid-year state,MHW_MeanInt,0.1658906944122733,-0.03803968659851493
2020-12-01,1,2,Mixed-prokaryote mid-year state,MHW_MaxInt,0.2414711780523054,-0.010717778249300204
2020-12-01,1,2,Mixed-prokaryote mid-year state,MHW_CumInt,6.1518022532866015,0.44026265096374534
2021-01-01,1,2,Mixed-prokaryote mid-year state,SST,10.80729,-0.36174854714100146
2021-01-01,1,2,Mixed-prokaryote mid-year state,NO3,2.440934,-0.30131769447382684
2021-01-01,1,2,Mixed-prokaryote mid-year state,PO4,0.05411195,-0.029980520154760947
2021-01-01,1,2,Mixed-prokaryote mid-year state,SPCo2,26.34422,-0.3231293411112178
2021-01-01,1,2,Mixed-prokaryote mid-year state,MLD,40.6021,-0.556622626606744
2021-01-01,1,2,Mixed-prokaryote mid-year state,SSS,32.62071,-0.36285484847930277
2021-01-01,1,2,Mixed-prokaryote mid-year state,SSH,0.2332231,-0.0711509403619301
2021-01-01,1,2,Mixed-prokaryote mid-year state,PAR,19.22805,-0.04975568463092683
2021-01-01,1,2,Mixed-prokaryote mid-year state,PDO,-0.61,0.06775994486958523
2021-01-01,1,2,Mixed-prokaryote mid-year state,NINO_3.4,-1.04,0.5584223606124064
2021-01-01,1,2,Mixed-prokaryote mid-year state,WPI,2.45,-0.0020506029245893785
2021-01-01,1,2,Mixed-prokaryote mid-year state,MHW_MeanInt,0.3507812874328232,0.02286608941108911
2021-01-01,1,2,Mixed-prokaryote mid-year state,MHW_MaxInt,0.4853081415556199,0.0420620764818975
2021-01-01,1,2,Mixed-prokaryote mid-year state,MHW_CumInt,10.82682901881152,0.4036294728603263
2021-02-01,1,2,Mixed-prokaryote mid-year state,SST,10.24799,-0.3064923918346551
2021-02-01,1,2,Mixed-prokaryote mid-year state,NO3,2.294553,-0.3079504635629695
2021-02-01,1,2,Mixed-prokaryote mid-year state,PO4,0.03708983,-0.030157463226700473
2021-02-01,1,2,Mixed-prokaryote mid-year state,SPCo2,26.8354,-0.2742709820320627
2021-02-01,1,2,Mixed-prokaryote mid-year state,MLD,32.32248,-0.6810256761919746
2021-02-01,1,2,Mixed-prokaryote mid-year state,SSS,32.63594,-0.3024164453802212
2021-02-01,1,2,Mixed-prokaryote mid-year state,SSH,0.2342308,-0.10744673515035949
2021-02-01,1,2,Mixed-prokaryote mid-year state,PAR,25.95026,-0.30809058044170273
2021-02-01,1,2,Mixed-prokaryote mid-year state,PDO,-1.1,-0.06551429611028958
2021-02-01,1,2,Mixed-prokaryote mid-year state,NINO_3.4,-0.94,0.3887749219528831
2021-02-01,1,2,Mixed-prokaryote mid-year state,WPI,0.76,0.007875797849243964
2021-02-01,1,2,Mixed-prokaryote mid-year state,MHW_MeanInt,0.5379185642697876,0.0773927682020255
2021-02-01,1,2,Mixed-prokaryote mid-year state,MHW_MaxInt,0.7337442323637492,0.08354410728206439
2021-02-01,1,2,Mixed-prokaryote mid-year state,MHW_CumInt,14.603808588498657,0.30740081262250374
2021-03-01,1,2,Mixed-prokaryote mid-year state,SST,11.16464,-0.34367031525070524
2021-03-01,1,2,Mixed-prokaryote mid-year state,NO3,2.216884,-0.34384997794996375
2021-03-01,1,2,Mixed-prokaryote mid-year state,PO4,0.02164487,0.02132892168942276
2021-03-01,1,2,Mixed-prokaryote mid-year state,SPCo2,29.11419,-0.19849122347892964
2021-03-01,1,2,Mixed-prokaryote mid-year state,MLD,19.04887,-0.8086353297030136
2021-03-01,1,2,Mixed-prokaryote mid-year state,SSS,32.64798,-0.2830708578826326
2021-03-01,1,2,Mixed-prokaryote mid-year state,SSH,0.2088337,0.04607817099560229
2021-03-01,1,2,Mixed-prokaryote mid-year state,PAR,32.28797,-0.36500701185942125
2021-03-01,1,2,Mixed-prokaryote mid-year state,PDO,-1.68,-0.20894242979687136
2021-03-01,1,2,Mixed-prokaryote mid-year state,NINO_3.4,-0.72,0.3032805421894773
2021-03-01,1,2,Mixed-prokaryote mid-year state,WPI,2.05,-0.03495874874999596
2021-03-01,1,2,Mixed-prokaryote mid-year state,MHW_MeanInt,0.5441863452316908,0.05304010643056278
2021-03-01,1,2,Mixed-prokaryote mid-year state,MHW_MaxInt,0.6683248730109358,0.034113243843308876
2021-03-01,1,2,Mixed-prokaryote mid-year state,MHW_CumInt,5.593746996306826,0.15814910051365386
2021-04-01,3,2,Mixed-prokaryote mid-year state,SST,13.15914,-0.4104422769175063
2021-04-01,3,2,Mixed-prokaryote mid-year state,NO3,2.576523,-0.3573400471452952
2021-04-01,3,2,Mixed-prokaryote mid-year state,PO4,0.01114767,0.009285365412024961
2021-04-01,3,2,Mixed-prokaryote mid-year state,SPCo2,32.87018,-0.16904109578204748
2021-04-01,3,2,Mixed-prokaryote mid-year state,MLD,13.97375,-1.0515191619345348
2021-04-01,3,2,Mixed-prokaryote mid-year state,SSS,32.47428,-0.29144961487723775
2021-04-01,3,2,Mixed-prokaryote mid-year state,SSH,0.2477978,-0.1505521500752094
2021-04-01,3,2,Mixed-prokaryote mid-year state,PAR,40.59227,-0.4121927171285684
2021-04-01,3,2,Mixed-prokaryote mid-year state,PDO,-1.85,-0.33134421815845594
2021-04-01,3,2,Mixed-prokaryote mid-year state,NINO_3.4,-0.55,0.0884250229780568
2021-04-01,3,2,Mixed-prokaryote mid-year state,WPI,-0.12,-0.0029090477835411604
2021-04-01,3,2,Mixed-prokaryote mid-year state,MHW_MeanInt,0.4786379679358469,-0.04389593990827988
2021-04-01,3,2,Mixed-prokaryote mid-year state,MHW_MaxInt,0.6216029002586254,-0.02030420312589254
2021-04-01,3,2,Mixed-prokaryote mid-year state,MHW_CumInt,5.99516368209282,-0.08759250407758881
2021-05-01,3,2,Mixed-prokaryote mid-year state,SST,16.5973,-0.07231621471924299
2021-05-01,3,2,Mixed-prokaryote mid-year state,NO3,3.536114,0.04474776127376929
2021-05-01,3,2,Mixed-prokaryote mid-year state,PO4,0.007842562,-1.5185730281390828
2021-05-01,3,2,Mixed-prokaryote mid-year state,SPCo2,38.02328,-0.23809441167988235
2021-05-01,3,2,Mixed-prokaryote mid-year state,MLD,11.01019,0.7011451992309969
2021-05-01,3,2,Mixed-prokaryote mid-year state,SSS,32.11223,-0.10012180526940519
2021-05-01,3,2,Mixed-prokaryote mid-year state,SSH,0.2245314,-0.12384797142062991
2021-05-01,3,2,Mixed-prokaryote mid-year state,PAR,43.67931,0.31515479660647233
2021-05-01,3,2,Mixed-prokaryote mid-year state,PDO,-2.01,-0.316810949582197
2021-05-01,3,2,Mixed-prokaryote mid-year state,NINO_3.4,-0.41,-0.044947552114433006
2021-05-01,3,2,Mixed-prokaryote mid-year state,WPI,0.18,-0.1059987942599943
2021-05-01,3,2,Mixed-prokaryote mid-year state,MHW_MeanInt,1.0572061697617838,0.013599156102128427
2021-05-01,3,2,Mixed-prokaryote mid-year state,MHW_MaxInt,1.380299232330639,-0.16519943782347593
2021-05-01,3,2,Mixed-prokaryote mid-year state,MHW_CumInt,14.173381931958993,-0.16625161337307884
2021-06-01,2,2,Mixed-prokaryote mid-year state,SST,21.35476,0.3036755156628376
2021-06-01,2,2,Mixed-prokaryote mid-year state,NO3,4.550197,0.1524283260212731
2021-06-01,2,2,Mixed-prokaryote mid-year state,PO4,0.01067023,-0.70474340879449
2021-06-01,2,2,Mixed-prokaryote mid-year state,SPCo2,43.4409,0.4913495580092327
2021-06-01,2,2,Mixed-prokaryote mid-year state,MLD,10.45174,1.8828998334794698
2021-06-01,2,2,Mixed-prokaryote mid-year state,SSS,31.64684,0.2165538365154299
2021-06-01,2,2,Mixed-prokaryote mid-year state,SSH,0.3273057,-0.06664537749461481
2021-06-01,2,2,Mixed-prokaryote mid-year state,PAR,44.9095,0.9058862046503695
2021-06-01,2,2,Mixed-prokaryote mid-year state,PDO,-1.81,-0.10242983428890277
2021-06-01,2,2,Mixed-prokaryote mid-year state,NINO_3.4,-0.06,0.13881409824338306
2021-06-01,2,2,Mixed-prokaryote mid-year state,WPI,-0.82,0.12848164027919154
2021-06-01,2,2,Mixed-prokaryote mid-year state,MHW_MeanInt,1.2633069721386343,0.14363079119687974
2021-06-01,2,2,Mixed-prokaryote mid-year state,MHW_MaxInt,1.681558063919622,0.15601022259441957
2021-06-01,2,2,Mixed-prokaryote mid-year state,MHW_CumInt,22.23367694327686,0.3624848526969796
2021-07-01,2,2,Mixed-prokaryote mid-year state,SST,25.39187,0.35238769240884177
2021-07-01,2,2,Mixed-prokaryote mid-year state,NO3,5.013104,0.31734329275345413
2021-07-01,2,2,Mixed-prokaryote mid-year state,PO4,0.01839172,0.19075567592945533
2021-07-01,2,2,Mixed-prokaryote mid-year state,SPCo2,46.51037,0.5757428677905478
2021-07-01,2,2,Mixed-prokaryote mid-year state,MLD,11.09692,1.2598878953470907
2021-07-01,2,2,Mixed-prokaryote mid-year state,SSS,31.37255,0.3272835762521213
2021-07-01,2,2,Mixed-prokaryote mid-year state,SSH,0.3930641,-0.07229776688132884
2021-07-01,2,2,Mixed-prokaryote mid-year state,PAR,46.81764,0.9170682198831945
2021-07-01,2,2,Mixed-prokaryote mid-year state,PDO,-1.96,-0.1520349282586818
2021-07-01,2,2,Mixed-prokaryote mid-year state,NINO_3.4,-0.2,0.16021717930530785
2021-07-01,2,2,Mixed-prokaryote mid-year state,WPI,-0.44,0.08848778532513739
2021-07-01,2,2,Mixed-prokaryote mid-year state,MHW_MeanInt,0.5092630884446672,0.02260249445697514
2021-07-01,2,2,Mixed-prokaryote mid-year state,MHW_MaxInt,0.6498531456544163,0.11076998879402773
2021-07-01,2,2,Mixed-prokaryote mid-year state,MHW_CumInt,7.261755424712592,0.40153894554327924
2021-08-01,3,2,Mixed-prokaryote mid-year state,SST,26.98162,0.03541867528384597
2021-08-01,3,2,Mixed-prokaryote mid-year state,NO3,4.67959,0.044848828194734125
2021-08-01,3,2,Mixed-prokaryote mid-year state,PO4,0.01764725,-0.019814329036168955
2021-08-01,3,2,Mixed-prokaryote mid-year state,SPCo2,45.48413,0.357617176602349
2021-08-01,3,2,Mixed-prokaryote mid-year state,MLD,11.57255,-1.7792293437362845
2021-08-01,3,2,Mixed-prokaryote mid-year state,SSS,31.01357,0.13593659412935005
2021-08-01,3,2,Mixed-prokaryote mid-year state,SSH,0.3871253,-0.01909653895336612
2021-08-01,3,2,Mixed-prokaryote mid-year state,PAR,43.45911,-0.26237909759881756
2021-08-01,3,2,Mixed-prokaryote mid-year state,PDO,-0.94,-0.16667213468994954
2021-08-01,3,2,Mixed-prokaryote mid-year state,NINO_3.4,-0.38,-0.04262267910906803
2021-08-01,3,2,Mixed-prokaryote mid-year state,WPI,-1.94,-0.11595090409559948
2021-08-01,3,2,Mixed-prokaryote mid-year state,MHW_MeanInt,1.2680363063931213,0.07568518448191114
2021-08-01,3,2,Mixed-prokaryote mid-year state,MHW_MaxInt,1.7881470334423335,-0.027763141173483517
2021-08-01,3,2,Mixed-prokaryote mid-year state,MHW_CumInt,33.22460029946446,0.19011023435323726
2021-09-01,3,2,Mixed-prokaryote mid-year state,SST,25.86352,0.1812576544845786
2021-09-01,3,2,Mixed-prokaryote mid-year state,NO3,4.764706,0.0025711394450805337
2021-09-01,3,2,Mixed-prokaryote mid-year state,PO4,0.01010444,-0.6482175220247416
2021-09-01,3,2,Mixed-prokaryote mid-year state,SPCo2,41.72075,0.07311396611512319
2021-09-01,3,2,Mixed-prokaryote mid-year state,MLD,13.25896,-1.314753803599768
2021-09-01,3,2,Mixed-prokaryote mid-year state,SSS,31.16697,-0.0120100647779458
2021-09-01,3,2,Mixed-prokaryote mid-year state,SSH,0.4416628,-0.020490057646169246
2021-09-01,3,2,Mixed-prokaryote mid-year state,PAR,37.09822,-0.6532641017259055
2021-09-01,3,2,Mixed-prokaryote mid-year state,PDO,-1.96,-0.30747088998744604
2021-09-01,3,2,Mixed-prokaryote mid-year state,NINO_3.4,-0.5,0.16441859029945724
2021-09-01,3,2,Mixed-prokaryote mid-year state,WPI,-0.65,0.022139118942925397
2021-09-01,3,2,Mixed-prokaryote mid-year state,MHW_MeanInt,0.4750017453219455,0.0058797363264813645
2021-09-01,3,2,Mixed-prokaryote mid-year state,MHW_MaxInt,0.6443926458282395,0.06126649632460406
2021-09-01,3,2,Mixed-prokaryote mid-year state,MHW_CumInt,7.959948290164006,0.1718070249481093
2021-10-01,3,2,Mixed-prokaryote mid-year state,SST,23.13065,0.14222505280255332
2021-10-01,3,2,Mixed-prokaryote mid-year state,NO3,4.191145,-0.03901837070409938
2021-10-01,3,2,Mixed-prokaryote mid-year state,PO4,0.01011765,-0.6247682392475947
2021-10-01,3,2,Mixed-prokaryote mid-year state,SPCo2,37.00387,-0.14569796729131942
2021-10-01,3,2,Mixed-prokaryote mid-year state,MLD,20.63019,-1.2346941103297424
2021-10-01,3,2,Mixed-prokaryote mid-year state,SSS,31.77347,-0.017493814755060257
2021-10-01,3,2,Mixed-prokaryote mid-year state,SSH,0.4186193,-0.17054758626781968
2021-10-01,3,2,Mixed-prokaryote mid-year state,PAR,28.61113,-0.6636670845532916
2021-10-01,3,2,Mixed-prokaryote mid-year state,PDO,-3.11,-0.1362582329022554
2021-10-01,3,2,Mixed-prokaryote mid-year state,NINO_3.4,-0.78,0.12736841413638647
2021-10-01,3,2,Mixed-prokaryote mid-year state,WPI,1.74,-0.14997459405821406
2021-10-01,3,2,Mixed-prokaryote mid-year state,MHW_MeanInt,0.2435298085833968,-0.07354881766029851
2021-10-01,3,2,Mixed-prokaryote mid-year state,MHW_MaxInt,0.3068498764343668,-0.07657150710994863
2021-10-01,3,2,Mixed-prokaryote mid-year state,MHW_CumInt,4.6895767698707305,0.12121313652230029
2021-11-01,2,2,Mixed-prokaryote mid-year state,SST,18.88909,0.6800607638524667
2021-11-01,2,2,Mixed-prokaryote mid-year state,NO3,3.679976,0.13881637383170656
2021-11-01,2,2,Mixed-prokaryote mid-year state,PO4,0.02431657,0.24165149149425447
2021-11-01,2,2,Mixed-prokaryote mid-year state,SPCo2,31.72246,0.15359879954349215
2021-11-01,2,2,Mixed-prokaryote mid-year state,MLD,26.67451,-0.8447879668172457
2021-11-01,2,2,Mixed-prokaryote mid-year state,SSS,31.97965,0.4987342140923275
2021-11-01,2,2,Mixed-prokaryote mid-year state,SSH,0.2736525,-0.025957652799912436
2021-11-01,2,2,Mixed-prokaryote mid-year state,PAR,21.58293,-0.03155061998414159
2021-11-01,2,2,Mixed-prokaryote mid-year state,PDO,-2.75,0.22330182660827624
2021-11-01,2,2,Mixed-prokaryote mid-year state,NINO_3.4,-0.88,1.020155650025168
2021-11-01,2,2,Mixed-prokaryote mid-year state,WPI,-0.15,0.14802029504048703
2021-11-01,2,2,Mixed-prokaryote mid-year state,MHW_MeanInt,0.3201348810702897,0.05548376113306638
2021-11-01,2,2,Mixed-prokaryote mid-year state,MHW_MaxInt,0.4046143721695898,0.0560670029104256
2021-11-01,2,2,Mixed-prokaryote mid-year state,MHW_CumInt,4.668512036651848,0.4167266229296874
2021-12-01,1,2,Mixed-prokaryote mid-year state,SST,15.32241,-0.2565703481127833
2021-12-01,1,2,Mixed-prokaryote mid-year state,NO3,3.126501,0.15387995748660896
2021-12-01,1,2,Mixed-prokaryote mid-year state,PO4,0.03900724,-0.006886380786094326
2021-12-01,1,2,Mixed-prokaryote mid-year state,SPCo2,28.56598,-0.32235367524587816
2021-12-01,1,2,Mixed-prokaryote mid-year state,MLD,32.8611,-0.6415578986849216
2021-12-01,1,2,Mixed-prokaryote mid-year state,SSS,32.3418,-0.2947127253991777
2021-12-01,1,2,Mixed-prokaryote mid-year state,SSH,0.2664266,-0.04099767867538876
2021-12-01,1,2,Mixed-prokaryote mid-year state,PAR,18.31401,-0.03657153185413717
2021-12-01,1,2,Mixed-prokaryote mid-year state,PDO,-2.71,0.038084652486834646
2021-12-01,1,2,Mixed-prokaryote mid-year state,NINO_3.4,-1.07,0.5660616148459784
2021-12-01,1,2,Mixed-prokaryote mid-year state,WPI,0.48,-0.04579603539377388
2021-12-01,1,2,Mixed-prokaryote mid-year state,MHW_MeanInt,0.2796598752164767,0.0010624745145390569
2021-12-01,1,2,Mixed-prokaryote mid-year state,MHW_MaxInt,0.3520927700338486,0.034072162754803445
2021-12-01,1,2,Mixed-prokaryote mid-year state,MHW_CumInt,4.5712353776444425,0.3257537911618707
2022-01-01,1,2,Mixed-prokaryote mid-year state,SST,12.14894,-0.42823985013097227
2022-01-01,1,2,Mixed-prokaryote mid-year state,NO3,2.554552,-0.2691303297113189
2022-01-01,1,2,Mixed-prokaryote mid-year state,PO4,0.05500105,-0.0038689353311946407
2022-01-01,1,2,Mixed-prokaryote mid-year state,SPCo2,26.65482,-0.3469189100671369
2022-01-01,1,2,Mixed-prokaryote mid-year state,MLD,39.81907,-0.573481609732757
2022-01-01,1,2,Mixed-prokaryote mid-year state,SSS,32.42841,-0.38781748315207765
2022-01-01,1,2,Mixed-prokaryote mid-year state,SSH,0.3028846,-0.004875506332833873
2022-01-01,1,2,Mixed-prokaryote mid-year state,PAR,17.41686,-0.05140819916307931
2022-01-01,1,2,Mixed-prokaryote mid-year state,PDO,-2.4,-0.028394164463843356
2022-01-01,1,2,Mixed-prokaryote mid-year state,NINO_3.4,-0.77,0.6433515885991079
2022-01-01,1,2,Mixed-prokaryote mid-year state,WPI,-1.44,-0.02994513280148802
2022-01-01,1,2,Mixed-prokaryote mid-year state,MHW_MeanInt,0.2057588357302494,-0.026918047069295275
2022-01-01,1,2,Mixed-prokaryote mid-year state,MHW_MaxInt,0.279697959797919,0.004811740390295484
2022-01-01,1,2,Mixed-prokaryote mid-year state,MHW_CumInt,3.975506011790062,0.28933061442573943
2022-02-01,1,2,Mixed-prokaryote mid-year state,SST,10.3435,-0.36779086299903413
2022-02-01,1,2,Mixed-prokaryote mid-year state,NO3,2.094321,-0.320433433276719
2022-02-01,1,2,Mixed-prokaryote mid-year state,PO4,0.05495315,-0.004629283176898238
2022-02-01,1,2,Mixed-prokaryote mid-year state,SPCo2,26.13487,-0.2595758801951894
2022-02-01,1,2,Mixed-prokaryote mid-year state,MLD,40.40937,-0.6594788741227082
2022-02-01,1,2,Mixed-prokaryote mid-year state,SSS,32.59806,-0.3843395582901554
2022-02-01,1,2,Mixed-prokaryote mid-year state,SSH,0.3081189,-0.02126729938441312
2022-02-01,1,2,Mixed-prokaryote mid-year state,PAR,23.98489,-0.2903888087504763
2022-02-01,1,2,Mixed-prokaryote mid-year state,PDO,-1.91,-0.1150521913743401
2022-02-01,1,2,Mixed-prokaryote mid-year state,NINO_3.4,-0.68,0.33492876477869576
2022-02-01,1,2,Mixed-prokaryote mid-year state,WPI,-0.39,0.07379981973250649
2022-02-01,1,2,Mixed-prokaryote mid-year state,MHW_MeanInt,0.5674379165705397,0.08097801248715147
2022-02-01,1,2,Mixed-prokaryote mid-year state,MHW_MaxInt,0.7836762887238001,0.10494193501766377
2022-02-01,1,2,Mixed-prokaryote mid-year state,MHW_CumInt,12.09230363763467,0.3239392846146436
2022-03-01,3,2,Mixed-prokaryote mid-year state,SST,10.73785,-0.42978047250522666
2022-03-01,3,2,Mixed-prokaryote mid-year state,NO3,2.143173,-0.436741827915097
2022-03-01,3,2,Mixed-prokaryote mid-year state,PO4,0.02803214,-0.056222095606286375
2022-03-01,3,2,Mixed-prokaryote mid-year state,SPCo2,27.99734,-0.3135930814069063
2022-03-01,3,2,Mixed-prokaryote mid-year state,MLD,20.29333,-0.9603174578152008
2022-03-01,3,2,Mixed-prokaryote mid-year state,SSS,32.53326,-0.42130021339308615
2022-03-01,3,2,Mixed-prokaryote mid-year state,SSH,0.2468455,-0.1756870780622123
2022-03-01,3,2,Mixed-prokaryote mid-year state,PAR,32.93742,-0.4507510937902325
2022-03-01,3,2,Mixed-prokaryote mid-year state,PDO,-1.67,-0.26982155856012213
2022-03-01,3,2,Mixed-prokaryote mid-year state,NINO_3.4,-0.84,0.050411598784296824
2022-03-01,3,2,Mixed-prokaryote mid-year state,WPI,0.58,-0.13624908442769584
2022-03-01,3,2,Mixed-prokaryote mid-year state,MHW_MeanInt,0.8993756772121343,0.008073840740807246
2022-03-01,3,2,Mixed-prokaryote mid-year state,MHW_MaxInt,1.265618830159137,-0.09316271908506267
2022-03-01,3,2,Mixed-prokaryote mid-year state,MHW_CumInt,14.256373507497656,0.06286263969322295
2022-04-01,3,2,Mixed-prokaryote mid-year state,SST,13.25727,-0.46350784079789575
2022-04-01,3,2,Mixed-prokaryote mid-year state,NO3,2.407028,-0.501373579962447
2022-04-01,3,2,Mixed-prokaryote mid-year state,PO4,0.01542087,-0.09556761646974557
2022-04-01,3,2,Mixed-prokaryote mid-year state,SPCo2,32.32346,-0.24003184311386655
2022-04-01,3,2,Mixed-prokaryote mid-year state,MLD,12.85954,-0.971039646486242
2022-04-01,3,2,Mixed-prokaryote mid-year state,SSS,32.24624,-0.235199054392256
2022-04-01,3,2,Mixed-prokaryote mid-year state,SSH,0.2064492,0.01499694001369169
2022-04-01,3,2,Mixed-prokaryote mid-year state,PAR,42.96676,-0.2014174406868949
2022-04-01,3,2,Mixed-prokaryote mid-year state,PDO,-2.1,-0.312456187160482
2022-04-01,3,2,Mixed-prokaryote mid-year state,NINO_3.4,-0.9,-0.06617897959083957
2022-04-01,3,2,Mixed-prokaryote mid-year state,WPI,0.31,-0.047623057530832194
2022-04-01,3,2,Mixed-prokaryote mid-year state,MHW_MeanInt,0.5354560562256253,-0.035041761779675024
2022-04-01,3,2,Mixed-prokaryote mid-year state,MHW_MaxInt,0.6991688832901323,-0.0608331333705735
2022-04-01,3,2,Mixed-prokaryote mid-year state,MHW_CumInt,5.492713928437884,-0.13406141072660133
2022-05-01,3,2,Mixed-prokaryote mid-year state,SST,16.72705,0.04678853660813738
2022-05-01,3,2,Mixed-prokaryote mid-year state,NO3,3.150229,-0.1192267902337037
2022-05-01,3,2,Mixed-prokaryote mid-year state,PO4,0.01344969,-0.057873113563747185
2022-05-01,3,2,Mixed-prokaryote mid-year state,SPCo2,37.4152,-0.2708580602145218
2022-05-01,3,2,Mixed-prokaryote mid-year state,MLD,11.25072,-0.9744593769789884
2022-05-01,3,2,Mixed-prokaryote mid-year state,SSS,31.5627,0.14168622195823594
2022-05-01,3,2,Mixed-prokaryote mid-year state,SSH,0.2722823,-0.13987656515616972
2022-05-01,3,2,Mixed-prokaryote mid-year state,PAR,48.03013,0.42284670196470486
2022-05-01,3,2,Mixed-prokaryote mid-year state,PDO,-2.25,-0.3280748918328026
2022-05-01,3,2,Mixed-prokaryote mid-year state,NINO_3.4,-1.02,-0.5878168127445343
2022-05-01,3,2,Mixed-prokaryote mid-year state,WPI,-1.38,-0.060844775483949176
2022-05-01,3,2,Mixed-prokaryote mid-year state,MHW_MeanInt,0.9799731723637052,0.03878538151832518
2022-05-01,3,2,Mixed-prokaryote mid-year state,MHW_MaxInt,1.3687648168383566,-0.1086644849389841
2022-05-01,3,2,Mixed-prokaryote mid-year state,MHW_CumInt,25.01976498745725,0.06016481674798835
2022-06-01,2,2,Mixed-prokaryote mid-year state,SST,21.08089,0.2957669757607802
2022-06-01,2,2,Mixed-prokaryote mid-year state,NO3,4.199473,0.16329584138977626
2022-06-01,2,2,Mixed-prokaryote mid-year state,PO4,0.01152559,-0.4841486126542385
2022-06-01,2,2,Mixed-prokaryote mid-year state,SPCo2,42.47479,0.45621603088424495
2022-06-01,2,2,Mixed-prokaryote mid-year state,MLD,10.33225,1.9163692497826295
2022-06-01,2,2,Mixed-prokaryote mid-year state,SSS,31.21168,0.2618112747070581
2022-06-01,2,2,Mixed-prokaryote mid-year state,SSH,0.3088113,-0.04400962556695181
2022-06-01,2,2,Mixed-prokaryote mid-year state,PAR,46.10513,0.8141996965801098
2022-06-01,2,2,Mixed-prokaryote mid-year state,PDO,-1.34,0.022402309862927173
2022-06-01,2,2,Mixed-prokaryote mid-year state,NINO_3.4,-0.77,-0.17066334790420154
2022-06-01,2,2,Mixed-prokaryote mid-year state,WPI,-1.66,0.06542649665209385
2022-06-01,2,2,Mixed-prokaryote mid-year state,MHW_MeanInt,1.3602922069336003,0.1656671955832477
2022-06-01,2,2,Mixed-prokaryote mid-year state,MHW_MaxInt,1.8764004903779763,0.12768675027531537
2022-06-01,2,2,Mixed-prokaryote mid-year state,MHW_CumInt,28.23146366904732,0.35631114527723917
2022-07-01,2,2,Mixed-prokaryote mid-year state,SST,26.06562,0.2763122279627312
2022-07-01,2,2,Mixed-prokaryote mid-year state,NO3,5.035843,0.2934557915920691
2022-07-01,2,2,Mixed-prokaryote mid-year state,PO4,0.01332403,0.14883113236273987
2022-07-01,2,2,Mixed-prokaryote mid-year state,SPCo2,47.11713,0.4188598074714407
2022-07-01,2,2,Mixed-prokaryote mid-year state,MLD,10.33486,2.037974794027335
2022-07-01,2,2,Mixed-prokaryote mid-year state,SSS,30.77983,0.32975092585598503
2022-07-01,2,2,Mixed-prokaryote mid-year state,SSH,0.3445247,0.01809691955721538
2022-07-01,2,2,Mixed-prokaryote mid-year state,PAR,49.57646,0.7824618966300418
2022-07-01,2,2,Mixed-prokaryote mid-year state,PDO,-2.62,-0.10266055096704664
2022-07-01,2,2,Mixed-prokaryote mid-year state,NINO_3.4,-0.56,0.04794742312049869
2022-07-01,2,2,Mixed-prokaryote mid-year state,WPI,-0.52,0.13392889407288341
2022-07-01,2,2,Mixed-prokaryote mid-year state,MHW_MeanInt,0.9008160553608004,0.12541237863149765
2022-07-01,2,2,Mixed-prokaryote mid-year state,MHW_MaxInt,1.1718738221284546,0.15740658006051875
2022-07-01,2,2,Mixed-prokaryote mid-year state,MHW_CumInt,11.665287942474146,0.3350401920060498
2022-08-01,3,2,Mixed-prokaryote mid-year state,SST,27.4845,-0.21233403075558066
2022-08-01,3,2,Mixed-prokaryote mid-year state,NO3,5.283041,0.13906271541434645
2022-08-01,3,2,Mixed-prokaryote mid-year state,PO4,0.01145695,-0.9707252062464017
2022-08-01,3,2,Mixed-prokaryote mid-year state,SPCo2,46.68492,0.14326627928698304
2022-08-01,3,2,Mixed-prokaryote mid-year state,MLD,11.00023,0.919479065767334
2022-08-01,3,2,Mixed-prokaryote mid-year state,SSS,31.15098,0.058145793432949504
2022-08-01,3,2,Mixed-prokaryote mid-year state,SSH,0.3371069,-0.2650061023932519
2022-08-01,3,2,Mixed-prokaryote mid-year state,PAR,45.85601,0.542727470506344
2022-08-01,3,2,Mixed-prokaryote mid-year state,PDO,-2.38,-0.2898283710089085
2022-08-01,3,2,Mixed-prokaryote mid-year state,NINO_3.4,-0.96,-0.7632384825455915
2022-08-01,3,2,Mixed-prokaryote mid-year state,WPI,-0.41,-0.016082540367705036
2022-08-01,3,2,Mixed-prokaryote mid-year state,MHW_MeanInt,0.1154164384721498,-0.0723283630412156
2022-08-01,3,2,Mixed-prokaryote mid-year state,MHW_MaxInt,0.1411171880122858,-0.08971450669984389
2022-08-01,3,2,Mixed-prokaryote mid-year state,MHW_CumInt,0.9476107784301984,-0.27158496213094396
2022-09-01,3,2,Mixed-prokaryote mid-year state,SST,24.54202,0.13703218337334336
2022-09-01,3,2,Mixed-prokaryote mid-year state,NO3,4.102106,-0.04821905233002441
2022-09-01,3,2,Mixed-prokaryote mid-year state,PO4,0.01395138,-0.1118082686572955
2022-09-01,3,2,Mixed-prokaryote mid-year state,SPCo2,40.70458,0.06441080640410644
2022-09-01,3,2,Mixed-prokaryote mid-year state,MLD,16.87301,-1.5327216529090713
2022-09-01,3,2,Mixed-prokaryote mid-year state,SSS,31.43904,0.15118661233292563
2022-09-01,3,2,Mixed-prokaryote mid-year state,SSH,0.4279191,-0.17612513005054883
2022-09-01,3,2,Mixed-prokaryote mid-year state,PAR,38.39801,-0.6592177962625431
2022-09-01,3,2,Mixed-prokaryote mid-year state,PDO,-2.29,-0.2530162073455051
2022-09-01,3,2,Mixed-prokaryote mid-year state,NINO_3.4,-1.06,-0.2809231832745433
2022-09-01,3,2,Mixed-prokaryote mid-year state,WPI,1.82,-0.01943896311934136
2022-09-01,3,2,Mixed-prokaryote mid-year state,MHW_MeanInt,0.071581319009287,-0.07289590572213184
2022-09-01,3,2,Mixed-prokaryote mid-year state,MHW_MaxInt,0.0879026245892987,-0.03082694393301514
2022-09-01,3,2,Mixed-prokaryote mid-year state,MHW_CumInt,0.4659260094241794,-0.16704474990483917
2022-10-01,3,2,Mixed-prokaryote mid-year state,SST,21.46513,0.2143478640925255
2022-10-01,3,2,Mixed-prokaryote mid-year state,NO3,3.569538,-0.007038219447121467
2022-10-01,3,2,Mixed-prokaryote mid-year state,PO4,0.01643616,-0.012846208156696686
2022-10-01,3,2,Mixed-prokaryote mid-year state,SPCo2,35.38271,-0.25451673672841707
2022-10-01,3,2,Mixed-prokaryote mid-year state,MLD,24.71697,-1.6008719869019952
2022-10-01,3,2,Mixed-prokaryote mid-year state,SSS,31.59851,0.15695527597955217
2022-10-01,3,2,Mixed-prokaryote mid-year state,SSH,0.3735748,-0.011053193037602098
2022-10-01,3,2,Mixed-prokaryote mid-year state,PAR,29.67984,-0.6883199955867276
2022-10-01,3,2,Mixed-prokaryote mid-year state,PDO,-1.8,-0.2500662427094216
2022-10-01,3,2,Mixed-prokaryote mid-year state,NINO_3.4,-0.99,-0.08775901511584881
2022-10-01,3,2,Mixed-prokaryote mid-year state,WPI,1.04,-0.07117125924024201
2022-10-01,3,2,Mixed-prokaryote mid-year state,MHW_MeanInt,0.8958207386438475,-0.016387504567973235
2022-10-01,3,2,Mixed-prokaryote mid-year state,MHW_MaxInt,1.156329160959606,0.014110167101196077
2022-10-01,3,2,Mixed-prokaryote mid-year state,MHW_CumInt,12.302733969992266,0.1792067241057851
2022-11-01,2,2,Mixed-prokaryote mid-year state,SST,18.68626,0.7305610858278521
2022-11-01,2,2,Mixed-prokaryote mid-year state,NO3,3.320945,0.11222975542744178
2022-11-01,2,2,Mixed-prokaryote mid-year state,PO4,0.02305966,0.22416368578465176
2022-11-01,2,2,Mixed-prokaryote mid-year state,SPCo2,32.0809,0.2676583543700225
2022-11-01,2,2,Mixed-prokaryote mid-year state,MLD,27.33835,-0.7241467242129642
2022-11-01,2,2,Mixed-prokaryote mid-year state,SSS,31.83529,0.568346505311046
2022-11-01,2,2,Mixed-prokaryote mid-year state,SSH,0.3581005,0.11853454542817882
2022-11-01,2,2,Mixed-prokaryote mid-year state,PAR,19.828,0.43619449267339727
2022-11-01,2,2,Mixed-prokaryote mid-year state,PDO,-2.41,0.12080754626048777
2022-11-01,2,2,Mixed-prokaryote mid-year state,NINO_3.4,-0.76,1.1485848900880926
2022-11-01,2,2,Mixed-prokaryote mid-year state,WPI,0.34,0.042612359849471225
2022-11-01,2,2,Mixed-prokaryote mid-year state,MHW_MeanInt,0.148593568342343,0.04899814736760635
2022-11-01,2,2,Mixed-prokaryote mid-year state,MHW_MaxInt,0.1830841712396291,0.05506572592979782
2022-11-01,2,2,Mixed-prokaryote mid-year state,MHW_CumInt,1.38760698697554,-0.024375261424821656
2022-12-01,1,2,Mixed-prokaryote mid-year state,SST,14.90764,-0.30756285549546075
2022-12-01,1,2,Mixed-prokaryote mid-year state,NO3,2.857501,0.13275916970521426
2022-12-01,1,2,Mixed-prokaryote mid-year state,PO4,0.0480772,-0.03398671499991739
2022-12-01,1,2,Mixed-prokaryote mid-year state,SPCo2,28.6872,-0.31910126737978833
2022-12-01,1,2,Mixed-prokaryote mid-year state,MLD,36.14372,-0.724254168204998
2022-12-01,1,2,Mixed-prokaryote mid-year state,SSS,32.20572,-0.24434108013626565
2022-12-01,1,2,Mixed-prokaryote mid-year state,SSH,0.2193665,0.022748746462154308
2022-12-01,1,2,Mixed-prokaryote mid-year state,PAR,15.89925,-0.2093995127353406
2022-12-01,1,2,Mixed-prokaryote mid-year state,PDO,-2.21,-0.0693667357989127
2022-12-01,1,2,Mixed-prokaryote mid-year state,NINO_3.4,-0.86,0.8504625398391925
2022-12-01,1,2,Mixed-prokaryote mid-year state,WPI,-0.02,0.04142278966923364
2022-12-01,1,2,Mixed-prokaryote mid-year state,MHW_MeanInt,0.255370443826112,0.005033590706930969
2022-12-01,1,2,Mixed-prokaryote mid-year state,MHW_MaxInt,0.3191525244122382,0.01812529333005122
2022-12-01,1,2,Mixed-prokaryote mid-year state,MHW_CumInt,2.5821476807133754,-0.08598593362977656
2003-01-01,1,3,Prokaryote-dominated late-year state,SST,10.6536,-0.0059371968555114755
2003-01-01,1,3,Prokaryote-dominated late-year state,NO3,2.066182,0.006993181176996018
2003-01-01,1,3,Prokaryote-dominated late-year state,PO4,0.05948071,0.0064234410660972616
2003-01-01,1,3,Prokaryote-dominated late-year state,SPCo2,23.79095,-0.015739548440613753
2003-01-01,1,3,Prokaryote-dominated late-year state,MLD,43.70361,0.0032050496997179895
2003-01-01,1,3,Prokaryote-dominated late-year state,SSS,32.569,0.005826689379218327
2003-01-01,1,3,Prokaryote-dominated late-year state,SSH,0.1942705,0.0020901348766849425
2003-01-01,1,3,Prokaryote-dominated late-year state,PAR,18.2643,0.0004187713218735083
2003-01-01,1,3,Prokaryote-dominated late-year state,PDO,1.45,-0.008193373708620381
2003-01-01,1,3,Prokaryote-dominated late-year state,NINO_3.4,0.98,0.0027689039537990294
2003-01-01,1,3,Prokaryote-dominated late-year state,WPI,-0.14,0.0007406997088308809
2003-01-01,1,3,Prokaryote-dominated late-year state,MHW_MeanInt,0.0131404711513522,0.001477014592902993
2003-01-01,1,3,Prokaryote-dominated late-year state,MHW_MaxInt,0.0143618905291345,-0.0018329388682297662
2003-01-01,1,3,Prokaryote-dominated late-year state,MHW_CumInt,0.0881562968539932,0.0017591720968544305
2003-02-01,1,3,Prokaryote-dominated late-year state,SST,9.226859,-0.007122971035498839
2003-02-01,1,3,Prokaryote-dominated late-year state,NO3,1.872806,0.004531213024940675
2003-02-01,1,3,Prokaryote-dominated late-year state,PO4,0.04826096,0.00585449863221157
2003-02-01,1,3,Prokaryote-dominated late-year state,SPCo2,23.73429,-0.016763659702484213
2003-02-01,1,3,Prokaryote-dominated late-year state,MLD,36.24125,0.005454079813222773
2003-02-01,1,3,Prokaryote-dominated late-year state,SSS,32.64018,0.0023637368003719883
2003-02-01,1,3,Prokaryote-dominated late-year state,SSH,0.234562,0.0023522296729246756
2003-02-01,1,3,Prokaryote-dominated late-year state,PAR,23.45697,0.001823195413422216
2003-02-01,1,3,Prokaryote-dominated late-year state,PDO,1.23,-0.0020620203308092597
2003-02-01,1,3,Prokaryote-dominated late-year state,NINO_3.4,0.64,0.0016632702415735174
2003-02-01,1,3,Prokaryote-dominated late-year state,WPI,0.17,0.0005398738274898548
2003-02-01,1,3,Prokaryote-dominated late-year state,MHW_MeanInt,0.0171045352936157,-0.0004295549259755748
2003-02-01,1,3,Prokaryote-dominated late-year state,MHW_MaxInt,0.0203522111820129,0.0009318432263441417
2003-02-01,1,3,Prokaryote-dominated late-year state,MHW_CumInt,0.0855226764680788,0.0008642653422664692
2003-03-01,1,3,Prokaryote-dominated late-year state,SST,9.888013,-0.009232512462049126
2003-03-01,1,3,Prokaryote-dominated late-year state,NO3,1.789827,0.0036588566488821
2003-03-01,1,3,Prokaryote-dominated late-year state,PO4,0.03192817,0.0026349304161175286
2003-03-01,1,3,Prokaryote-dominated late-year state,SPCo2,25.29116,0.0007556661286322291
2003-03-01,1,3,Prokaryote-dominated late-year state,MLD,26.85569,0.004292953160083422
2003-03-01,1,3,Prokaryote-dominated late-year state,SSS,32.66323,-0.0006133514721334071
2003-03-01,1,3,Prokaryote-dominated late-year state,SSH,0.1915937,0.0014344550723974492
2003-03-01,1,3,Prokaryote-dominated late-year state,PAR,31.66549,0.00020600947544202996
2003-03-01,1,3,Prokaryote-dominated late-year state,PDO,1.01,-0.0019546223871833085
2003-03-01,1,3,Prokaryote-dominated late-year state,NINO_3.4,0.48,0.001489357087567894
2003-03-01,1,3,Prokaryote-dominated late-year state,WPI,-1.01,-0.0004250642211206994
2003-03-01,1,3,Prokaryote-dominated late-year state,MHW_MeanInt,0.0046435915267579,0.003029864476638562
2003-03-01,1,3,Prokaryote-dominated late-year state,MHW_MaxInt,0.0054977391704626,-0.0031070250886184848
2003-03-01,1,3,Prokaryote-dominated late-year state,MHW_CumInt,0.0232179576337899,-0.0021695168346561816
2003-04-01,1,3,Prokaryote-dominated late-year state,SST,11.75001,-0.010856712961422675
2003-04-01,1,3,Prokaryote-dominated late-year state,NO3,2.553677,0.0010087558616723336
2003-04-01,1,3,Prokaryote-dominated late-year state,PO4,0.01375037,0.0013273312372075721
2003-04-01,1,3,Prokaryote-dominated late-year state,SPCo2,29.56994,0.0021138348184810605
2003-04-01,1,3,Prokaryote-dominated late-year state,MLD,12.03047,0.0016908101975002647
2003-04-01,1,3,Prokaryote-dominated late-year state,SSS,32.55077,0.00030210593799062093
2003-04-01,1,3,Prokaryote-dominated late-year state,SSH,0.1350424,0.0004999169754577337
2003-04-01,1,3,Prokaryote-dominated late-year state,PAR,38.72302,-2.6355055537271092e-05
2003-04-01,1,3,Prokaryote-dominated late-year state,PDO,0.36,0.000205721070698416
2003-04-01,1,3,Prokaryote-dominated late-year state,NINO_3.4,-0.03,0.0014051736398969985
2003-04-01,1,3,Prokaryote-dominated late-year state,WPI,1.58,-0.0001507344986658107
2003-04-01,1,3,Prokaryote-dominated late-year state,MHW_MeanInt,0.2725131959791815,0.0006730594514167729
2003-04-01,1,3,Prokaryote-dominated late-year state,MHW_MaxInt,0.306854244801655,0.000861332999766446
2003-04-01,1,3,Prokaryote-dominated late-year state,MHW_CumInt,1.8472360378628687,0.0009457603255375363
2003-05-01,2,3,Prokaryote-dominated late-year state,SST,16.08669,-0.013933472466697268
2003-05-01,2,3,Prokaryote-dominated late-year state,NO3,3.514215,0.0018800349923556844
2003-05-01,2,3,Prokaryote-dominated late-year state,PO4,0.01084706,0.0012835134671662957
2003-05-01,2,3,Prokaryote-dominated late-year state,SPCo2,34.8829,0.004840229236054923
2003-05-01,2,3,Prokaryote-dominated late-year state,MLD,10.88174,-0.0067101029203214466
2003-05-01,2,3,Prokaryote-dominated late-year state,SSS,32.30488,0.001449326643710306
2003-05-01,2,3,Prokaryote-dominated late-year state,SSH,0.2281191,0.0029861272673954125
2003-05-01,2,3,Prokaryote-dominated late-year state,PAR,44.47189,0.0011897835479548996
2003-05-01,2,3,Prokaryote-dominated late-year state,PDO,0.21,0.001483886830311743
2003-05-01,2,3,Prokaryote-dominated late-year state,NINO_3.4,-0.52,0.001423368943167363
2003-05-01,2,3,Prokaryote-dominated late-year state,WPI,0.03,0.002001829581010447
2003-05-01,2,3,Prokaryote-dominated late-year state,MHW_MeanInt,0.0215705614341163,0.0009427241164719983
2003-05-01,2,3,Prokaryote-dominated late-year state,MHW_MaxInt,0.0238242966565038,0.0004458419530919718
2003-05-01,2,3,Prokaryote-dominated late-year state,MHW_CumInt,0.1439373695860644,0.0007169088083276606
2003-06-01,2,3,Prokaryote-dominated late-year state,SST,19.74573,-0.008443076784344179
2003-06-01,2,3,Prokaryote-dominated late-year state,NO3,4.782942,0.007119113695723031
2003-06-01,2,3,Prokaryote-dominated late-year state,PO4,0.01973093,0.0018181037739487301
2003-06-01,2,3,Prokaryote-dominated late-year state,SPCo2,39.29079,0.0005424081339257442
2003-06-01,2,3,Prokaryote-dominated late-year state,MLD,10.70942,-0.011572445069410901
2003-06-01,2,3,Prokaryote-dominated late-year state,SSS,31.93707,0.00606752686171226
2003-06-01,2,3,Prokaryote-dominated late-year state,SSH,0.2159175,0.00023581442528868121
2003-06-01,2,3,Prokaryote-dominated late-year state,PAR,43.89837,0.0011229290752237005
2003-06-01,2,3,Prokaryote-dominated late-year state,PDO,-0.42,0.0008232790320863233
2003-06-01,2,3,Prokaryote-dominated late-year state,NINO_3.4,-0.19,0.0028084784675911816
2003-06-01,2,3,Prokaryote-dominated late-year state,WPI,0.76,-0.0009439231295167917
2003-06-01,2,3,Prokaryote-dominated late-year state,MHW_MeanInt,0.086527782011138,0.00012731339211296584
2003-06-01,2,3,Prokaryote-dominated late-year state,MHW_MaxInt,0.095358425735349,-0.00018208812959815744
2003-06-01,2,3,Prokaryote-dominated late-year state,MHW_CumInt,0.6060330550069817,0.0004765662552573935
2003-07-01,2,3,Prokaryote-dominated late-year state,SST,23.4168,-0.007780867377915442
2003-07-01,2,3,Prokaryote-dominated late-year state,NO3,6.44504,0.0028021894677737014
2003-07-01,2,3,Prokaryote-dominated late-year state,PO4,0.0197171,0.0022601241367878537
2003-07-01,2,3,Prokaryote-dominated late-year state,SPCo2,41.09243,-0.0006546254006685208
2003-07-01,2,3,Prokaryote-dominated late-year state,MLD,10.28391,-0.01227681983799269
2003-07-01,2,3,Prokaryote-dominated late-year state,SSS,31.59149,0.00848311477612637
2003-07-01,2,3,Prokaryote-dominated late-year state,SSH,0.2527651,0.0010457946201639801
2003-07-01,2,3,Prokaryote-dominated late-year state,PAR,43.4742,0.0023572940661020438
2003-07-01,2,3,Prokaryote-dominated late-year state,PDO,0.37,0.0006918021834872834
2003-07-01,2,3,Prokaryote-dominated late-year state,NINO_3.4,0.14,0.0031163528602177974
2003-07-01,2,3,Prokaryote-dominated late-year state,WPI,-1.94,-0.0004464218782597655
2003-07-01,2,3,Prokaryote-dominated late-year state,MHW_MeanInt,0.1200739796195724,0.00012880761965744
2003-07-01,2,3,Prokaryote-dominated late-year state,MHW_MaxInt,0.1350950391818477,3.91170989191952e-05
2003-07-01,2,3,Prokaryote-dominated late-year state,MHW_CumInt,0.7938286167281388,0.00023413766560074993
2003-08-01,3,3,Prokaryote-dominated late-year state,SST,26.00336,-0.009442141567586132
2003-08-01,3,3,Prokaryote-dominated late-year state,NO3,6.747303,-0.010378882064417186
2003-08-01,3,3,Prokaryote-dominated late-year state,PO4,0.01895659,0.00299005376402862
2003-08-01,3,3,Prokaryote-dominated late-year state,SPCo2,41.42951,-0.002153981889137134
2003-08-01,3,3,Prokaryote-dominated late-year state,MLD,10.77536,-0.006016507083232799
2003-08-01,3,3,Prokaryote-dominated late-year state,SSS,31.44741,0.01086200476164846
2003-08-01,3,3,Prokaryote-dominated late-year state,SSH,0.3014184,0.0018320754249585673
2003-08-01,3,3,Prokaryote-dominated late-year state,PAR,42.03368,0.00496250156982931
2003-08-01,3,3,Prokaryote-dominated late-year state,PDO,0.63,0.00043987752684667195
2003-08-01,3,3,Prokaryote-dominated late-year state,NINO_3.4,0.05,0.003589224541795974
2003-08-01,3,3,Prokaryote-dominated late-year state,WPI,-0.9,0.001164865086250126
2003-08-01,3,3,Prokaryote-dominated late-year state,MHW_MeanInt,0.3628347578339257,0.00031558018675276563
2003-08-01,3,3,Prokaryote-dominated late-year state,MHW_MaxInt,0.411082859812034,0.0009091431893375276
2003-08-01,3,3,Prokaryote-dominated late-year state,MHW_CumInt,2.2605519257653826,0.0009261865529252063
2003-09-01,3,3,Prokaryote-dominated late-year state,SST,24.95572,-0.00950318817035342
2003-09-01,3,3,Prokaryote-dominated late-year state,NO3,5.868157,0.00048564372532653474
2003-09-01,3,3,Prokaryote-dominated late-year state,PO4,0.01896781,0.0019057095705379424
2003-09-01,3,3,Prokaryote-dominated late-year state,SPCo2,38.03652,-0.00021515527061819929
2003-09-01,3,3,Prokaryote-dominated late-year state,MLD,13.07886,-0.0013082996900686576
2003-09-01,3,3,Prokaryote-dominated late-year state,SSS,31.56733,0.004863881751815508
2003-09-01,3,3,Prokaryote-dominated late-year state,SSH,0.3381976,0.001265253793792262
2003-09-01,3,3,Prokaryote-dominated late-year state,PAR,37.95425,-0.0003267425288644947
2003-09-01,3,3,Prokaryote-dominated late-year state,PDO,-0.17,0.0006934721594372943
2003-09-01,3,3,Prokaryote-dominated late-year state,NINO_3.4,0.15,0.0018309205708311278
2003-09-01,3,3,Prokaryote-dominated late-year state,WPI,-2.17,-0.00043202089642854394
2003-09-01,3,3,Prokaryote-dominated late-year state,MHW_MeanInt,0.0317860579222881,-0.00010521700257962138
2003-09-01,3,3,Prokaryote-dominated late-year state,MHW_MaxInt,0.0346954744085692,0.0001599161481273743
2003-09-01,3,3,Prokaryote-dominated late-year state,MHW_CumInt,0.25940113727433,0.0006858258390448812
2003-10-01,3,3,Prokaryote-dominated late-year state,SST,21.49835,-0.012135486585744884
2003-10-01,3,3,Prokaryote-dominated late-year state,NO3,4.553604,0.004443205270912274
2003-10-01,3,3,Prokaryote-dominated late-year state,PO4,0.01595329,0.0022487216082273716
2003-10-01,3,3,Prokaryote-dominated late-year state,SPCo2,32.8923,0.00024770980243169486
2003-10-01,3,3,Prokaryote-dominated late-year state,MLD,22.12526,-0.00039668945157546656
2003-10-01,3,3,Prokaryote-dominated late-year state,SSS,31.88859,0.004348424979145228
2003-10-01,3,3,Prokaryote-dominated late-year state,SSH,0.3535486,0.00016733258967094244
2003-10-01,3,3,Prokaryote-dominated late-year state,PAR,30.67915,-0.00012053072805886478
2003-10-01,3,3,Prokaryote-dominated late-year state,PDO,0.74,-0.0007845152776685062
2003-10-01,3,3,Prokaryote-dominated late-year state,NINO_3.4,0.46,0.0011476957446656378
2003-10-01,3,3,Prokaryote-dominated late-year state,WPI,-0.42,0.00014632072869170463
2003-10-01,3,3,Prokaryote-dominated late-year state,MHW_MeanInt,0.0291644833871338,7.987236875661018e-05
2003-10-01,3,3,Prokaryote-dominated late-year state,MHW_MaxInt,0.0317398388561604,0.00030630289069392654
2003-10-01,3,3,Prokaryote-dominated late-year state,MHW_CumInt,0.176513936748717,0.0003016360598523204
2003-11-01,3,3,Prokaryote-dominated late-year state,SST,18.29269,-0.012893639613049282
2003-11-01,3,3,Prokaryote-dominated late-year state,NO3,3.699384,0.003674131576710337
2003-11-01,3,3,Prokaryote-dominated late-year state,PO4,0.02276026,0.001947963982288486
2003-11-01,3,3,Prokaryote-dominated late-year state,SPCo2,29.37968,-0.002090359614439888
2003-11-01,3,3,Prokaryote-dominated late-year state,MLD,25.82172,0.0014727651738334353
2003-11-01,3,3,Prokaryote-dominated late-year state,SSS,32.146,0.002958769818247995
2003-11-01,3,3,Prokaryote-dominated late-year state,SSH,0.3094546,0.001891553026994891
2003-11-01,3,3,Prokaryote-dominated late-year state,PAR,19.52595,-0.0014349995695861592
2003-11-01,3,3,Prokaryote-dominated late-year state,PDO,-0.23,0.0008426278911383515
2003-11-01,3,3,Prokaryote-dominated late-year state,NINO_3.4,0.39,0.001087763682901524
2003-11-01,3,3,Prokaryote-dominated late-year state,WPI,0.69,1.7497970680583464e-05
2003-11-01,3,3,Prokaryote-dominated late-year state,MHW_MeanInt,0.0347127636809647,0.0006835317088816157
2003-11-01,3,3,Prokaryote-dominated late-year state,MHW_MaxInt,0.0410262867207363,0.001034323377317557
2003-11-01,3,3,Prokaryote-dominated late-year state,MHW_CumInt,0.2889259208268783,0.0008080705880805372
2003-12-01,3,3,Prokaryote-dominated late-year state,SST,14.18948,-0.011350591490578934
2003-12-01,3,3,Prokaryote-dominated late-year state,NO3,2.481625,0.0012102814147476884
2003-12-01,3,3,Prokaryote-dominated late-year state,PO4,0.03871807,0.002067216649850073
2003-12-01,3,3,Prokaryote-dominated late-year state,SPCo2,26.20514,0.0008174208931460409
2003-12-01,3,3,Prokaryote-dominated late-year state,MLD,37.02884,0.0034584300873550643
2003-12-01,3,3,Prokaryote-dominated late-year state,SSS,32.3822,0.0023080662225322783
2003-12-01,3,3,Prokaryote-dominated late-year state,SSH,0.1997933,0.00023791195300328368
2003-12-01,3,3,Prokaryote-dominated late-year state,PAR,17.37022,-0.0018559369990900855
2003-12-01,3,3,Prokaryote-dominated late-year state,PDO,-0.6,0.001211895985566252
2003-12-01,3,3,Prokaryote-dominated late-year state,NINO_3.4,0.32,0.00034448316434754233
2003-12-01,3,3,Prokaryote-dominated late-year state,WPI,0.8,0.00017614128443239668
2003-12-01,3,3,Prokaryote-dominated late-year state,MHW_MeanInt,0.0305836895785291,0.00030448204980877827
2003-12-01,3,3,Prokaryote-dominated late-year state,MHW_MaxInt,0.0357636532173325,0.00036442580029268486
2003-12-01,3,3,Prokaryote-dominated late-year state,MHW_CumInt,0.1671471642657015,0.0007057729845869398
2004-01-01,1,3,Prokaryote-dominated late-year state,SST,10.96138,-0.005908669294034535
2004-01-01,1,3,Prokaryote-dominated late-year state,NO3,2.073107,0.00507950860783303
2004-01-01,1,3,Prokaryote-dominated late-year state,PO4,0.05104483,0.005137082962959674
2004-01-01,1,3,Prokaryote-dominated late-year state,SPCo2,24.43506,-0.01674125059164159
2004-01-01,1,3,Prokaryote-dominated late-year state,MLD,41.40466,0.0034398714357053136
2004-01-01,1,3,Prokaryote-dominated late-year state,SSS,32.54317,0.0050173488471738
2004-01-01,1,3,Prokaryote-dominated late-year state,SSH,0.2006977,0.0014460220885140831
2004-01-01,1,3,Prokaryote-dominated late-year state,PAR,18.0528,-0.0003403105212563417
2004-01-01,1,3,Prokaryote-dominated late-year state,PDO,-0.55,0.0013316397194629806
2004-01-01,1,3,Prokaryote-dominated late-year state,NINO_3.4,0.26,0.00039981362376625805
2004-01-01,1,3,Prokaryote-dominated late-year state,WPI,-1.58,-0.0010238548200117012
2004-01-01,1,3,Prokaryote-dominated late-year state,MHW_MeanInt,0.0896650927657766,0.0004779080299078166
2004-01-01,1,3,Prokaryote-dominated late-year state,MHW_MaxInt,0.1065944246269022,0.0006727810802628091
2004-01-01,1,3,Prokaryote-dominated late-year state,MHW_CumInt,0.7076375976351985,0.001012108831358397
2004-02-01,1,3,Prokaryote-dominated late-year state,SST,9.451482,-0.0064073034494859845
2004-02-01,1,3,Prokaryote-dominated late-year state,NO3,1.997658,0.004473344696090036
2004-02-01,1,3,Prokaryote-dominated late-year state,PO4,0.04368897,0.004699505207604796
2004-02-01,1,3,Prokaryote-dominated late-year state,SPCo2,24.0791,-0.01572304114132594
2004-02-01,1,3,Prokaryote-dominated late-year state,MLD,32.8154,0.005395374847622311
2004-02-01,1,3,Prokaryote-dominated late-year state,SSS,32.65039,0.002294472230060162
2004-02-01,1,3,Prokaryote-dominated late-year state,SSH,0.1383744,0.0018685589023745327
2004-02-01,1,3,Prokaryote-dominated late-year state,PAR,27.39863,0.0017601902902359189
2004-02-01,1,3,Prokaryote-dominated late-year state,PDO,-0.21,0.0012514228869426312
2004-02-01,1,3,Prokaryote-dominated late-year state,NINO_3.4,0.17,0.0010497596927710768
2004-02-01,1,3,Prokaryote-dominated late-year state,WPI,0.6,0.00046497607496616037
2004-02-01,1,3,Prokaryote-dominated late-year state,MHW_MeanInt,0.0144829530394947,0.0008018612762921757
2004-02-01,1,3,Prokaryote-dominated late-year state,MHW_MaxInt,0.0161240420251843,-0.0029262271818298992
2004-02-01,1,3,Prokaryote-dominated late-year state,MHW_CumInt,0.0798289664429455,0.0009971056676820178
2004-03-01,1,3,Prokaryote-dominated late-year state,SST,9.93364,-0.008472135473131913
2004-03-01,1,3,Prokaryote-dominated late-year state,NO3,1.945145,0.0007025354257173051
2004-03-01,1,3,Prokaryote-dominated late-year state,PO4,0.02656696,0.0014192749186643526
2004-03-01,1,3,Prokaryote-dominated late-year state,SPCo2,25.9697,2.8964831933993513e-05
2004-03-01,1,3,Prokaryote-dominated late-year state,MLD,22.75871,0.003215402720275147
2004-03-01,1,3,Prokaryote-dominated late-year state,SSS,32.66227,-0.0013593331662456827
2004-03-01,1,3,Prokaryote-dominated late-year state,SSH,0.1673723,0.0013588583710421407
2004-03-01,1,3,Prokaryote-dominated late-year state,PAR,33.84466,5.3900554775010404e-05
2004-03-01,1,3,Prokaryote-dominated late-year state,PDO,-0.15,0.0007108713039526586
2004-03-01,1,3,Prokaryote-dominated late-year state,NINO_3.4,-0.1,0.0008728048517409667
2004-03-01,1,3,Prokaryote-dominated late-year state,WPI,0.13,0.0003149177260761456
2004-03-01,1,3,Prokaryote-dominated late-year state,MHW_MeanInt,0.0889921173083223,0.00043152845384755804
2004-03-01,1,3,Prokaryote-dominated late-year state,MHW_MaxInt,0.0987277079031283,0.00037903248547093267
2004-03-01,1,3,Prokaryote-dominated late-year state,MHW_CumInt,0.5079852691607409,0.00034337699588140593
2004-04-01,1,3,Prokaryote-dominated late-year state,SST,12.11376,-0.01077010035579402
2004-04-01,1,3,Prokaryote-dominated late-year state,NO3,2.413163,0.0006787167583614501
2004-04-01,1,3,Prokaryote-dominated late-year state,PO4,0.01413774,0.001456180637521636
2004-04-01,1,3,Prokaryote-dominated late-year state,SPCo2,29.96865,0.0020472812031004676
2004-04-01,1,3,Prokaryote-dominated late-year state,MLD,13.00257,0.0017284640094513445
2004-04-01,1,3,Prokaryote-dominated late-year state,SSS,32.58536,0.0004186954360803931
2004-04-01,1,3,Prokaryote-dominated late-year state,SSH,0.1543983,0.0006770613627615804
2004-04-01,1,3,Prokaryote-dominated late-year state,PAR,42.58654,-2.0118064502269543e-05
2004-04-01,1,3,Prokaryote-dominated late-year state,PDO,0.0,0.000591953061019238
2004-04-01,1,3,Prokaryote-dominated late-year state,NINO_3.4,0.06,0.0013418792933793584
2004-04-01,1,3,Prokaryote-dominated late-year state,WPI,0.49,0.00010277283139323063
2004-04-01,1,3,Prokaryote-dominated late-year state,MHW_MeanInt,0.1521171883776541,0.0004126434672479583
2004-04-01,1,3,Prokaryote-dominated late-year state,MHW_MaxInt,0.1748654234978583,0.0004147200124714559
2004-04-01,1,3,Prokaryote-dominated late-year state,MHW_CumInt,0.904777400033762,0.0009198503475081821
2004-05-01,1,3,Prokaryote-dominated late-year state,SST,16.42801,-0.012489378342476697
2004-05-01,1,3,Prokaryote-dominated late-year state,NO3,3.841927,0.0023221537158824523
2004-05-01,1,3,Prokaryote-dominated late-year state,PO4,0.01084378,0.0018798948106786629
2004-05-01,1,3,Prokaryote-dominated late-year state,SPCo2,34.93535,0.002893869260014354
2004-05-01,1,3,Prokaryote-dominated late-year state,MLD,10.60486,-0.014234157182839628
2004-05-01,1,3,Prokaryote-dominated late-year state,SSS,32.29169,-0.0005885543395175954
2004-05-01,1,3,Prokaryote-dominated late-year state,SSH,0.2026526,0.0012142605422569323
2004-05-01,1,3,Prokaryote-dominated late-year state,PAR,43.02498,0.004830989964359634
2004-05-01,1,3,Prokaryote-dominated late-year state,PDO,0.61,0.003369052400294298
2004-05-01,1,3,Prokaryote-dominated late-year state,NINO_3.4,0.1,0.005364341656370119
2004-05-01,1,3,Prokaryote-dominated late-year state,WPI,0.4,0.0016182092301635887
2004-05-01,1,3,Prokaryote-dominated late-year state,MHW_MeanInt,0.4103467719988746,0.0010472128201704535
2004-05-01,1,3,Prokaryote-dominated late-year state,MHW_MaxInt,0.4672688396756965,0.0013931856034890317
2004-05-01,1,3,Prokaryote-dominated late-year state,MHW_CumInt,2.5824005545023456,0.0013789198611543953
2004-06-01,2,3,Prokaryote-dominated late-year state,SST,20.89214,-0.009731380397926408
2004-06-01,2,3,Prokaryote-dominated late-year state,NO3,4.724819,0.006179345270897228
2004-06-01,2,3,Prokaryote-dominated late-year state,PO4,0.01717499,0.001650850019860092
2004-06-01,2,3,Prokaryote-dominated late-year state,SPCo2,40.20191,-0.0017218119003025094
2004-06-01,2,3,Prokaryote-dominated late-year state,MLD,10.81542,-0.006523178648790245
2004-06-01,2,3,Prokaryote-dominated late-year state,SSS,31.92266,0.006489870197085611
2004-06-01,2,3,Prokaryote-dominated late-year state,SSH,0.2117204,-0.0007686570025897581
2004-06-01,2,3,Prokaryote-dominated late-year state,PAR,44.87814,0.0012545377260392268
2004-06-01,2,3,Prokaryote-dominated late-year state,PDO,-0.11,0.0005008554104613001
2004-06-01,2,3,Prokaryote-dominated late-year state,NINO_3.4,0.14,0.003207827564102032
2004-06-01,2,3,Prokaryote-dominated late-year state,WPI,2.08,-0.0011945821932381605
2004-06-01,2,3,Prokaryote-dominated late-year state,MHW_MeanInt,0.7052243039103672,0.000529183828131274
2004-06-01,2,3,Prokaryote-dominated late-year state,MHW_MaxInt,0.825713052696114,0.001048062084958057
2004-06-01,2,3,Prokaryote-dominated late-year state,MHW_CumInt,8.225532063302692,-0.0009209219586877462
2004-07-01,2,3,Prokaryote-dominated late-year state,SST,24.48953,-0.0073401487923715454
2004-07-01,2,3,Prokaryote-dominated late-year state,NO3,6.028406,0.0021130979906586913
2004-07-01,2,3,Prokaryote-dominated late-year state,PO4,0.01383416,0.0021398728582921597
2004-07-01,2,3,Prokaryote-dominated late-year state,SPCo2,42.20972,-0.0010130594210290833
2004-07-01,2,3,Prokaryote-dominated late-year state,MLD,10.43177,-0.011375943426625415
2004-07-01,2,3,Prokaryote-dominated late-year state,SSS,31.63861,0.008592221996415128
2004-07-01,2,3,Prokaryote-dominated late-year state,SSH,0.3046883,0.0014597877123011629
2004-07-01,2,3,Prokaryote-dominated late-year state,PAR,47.94345,0.001589518927016383
2004-07-01,2,3,Prokaryote-dominated late-year state,PDO,0.04,0.00028489044811500267
2004-07-01,2,3,Prokaryote-dominated late-year state,NINO_3.4,0.41,0.002863974649703535
2004-07-01,2,3,Prokaryote-dominated late-year state,WPI,0.34,8.979873167666216e-06
2004-07-01,2,3,Prokaryote-dominated late-year state,MHW_MeanInt,0.440318993464901,0.0005395594061886686
2004-07-01,2,3,Prokaryote-dominated late-year state,MHW_MaxInt,0.511544179146927,-5.6221863904234454e-05
2004-07-01,2,3,Prokaryote-dominated late-year state,MHW_CumInt,3.044725152229759,0.00019346964207185498
2004-08-01,3,3,Prokaryote-dominated late-year state,SST,27.28089,-0.014474023719916471
2004-08-01,3,3,Prokaryote-dominated late-year state,NO3,6.00083,0.0030976594018751968
2004-08-01,3,3,Prokaryote-dominated late-year state,PO4,0.02014996,0.0027232416362514647
2004-08-01,3,3,Prokaryote-dominated late-year state,SPCo2,42.2198,-0.003477687571570676
2004-08-01,3,3,Prokaryote-dominated late-year state,MLD,11.41334,-0.001145909795532954
2004-08-01,3,3,Prokaryote-dominated late-year state,SSS,31.47626,0.009444292701539033
2004-08-01,3,3,Prokaryote-dominated late-year state,SSH,0.3600362,0.0007388831653537243
2004-08-01,3,3,Prokaryote-dominated late-year state,PAR,44.73951,-0.002045138018960733
2004-08-01,3,3,Prokaryote-dominated late-year state,PDO,0.24,0.0013508482448290405
2004-08-01,3,3,Prokaryote-dominated late-year state,NINO_3.4,0.66,0.002871744351089683
2004-08-01,3,3,Prokaryote-dominated late-year state,WPI,-0.03,0.00019060237940603274
2004-08-01,3,3,Prokaryote-dominated late-year state,MHW_MeanInt,0.0257680290153294,-2.7236612311560614e-05
2004-08-01,3,3,Prokaryote-dominated late-year state,MHW_MaxInt,0.0289674897487251,0.000243127858955512
2004-08-01,3,3,Prokaryote-dominated late-year state,MHW_CumInt,0.2004430528505677,0.0005095959789926972
2004-09-01,3,3,Prokaryote-dominated late-year state,SST,24.63984,-0.010346610112419136
2004-09-01,3,3,Prokaryote-dominated late-year state,NO3,4.70664,0.005240982624755857
2004-09-01,3,3,Prokaryote-dominated late-year state,PO4,0.01426346,0.0018841647548335362
2004-09-01,3,3,Prokaryote-dominated late-year state,SPCo2,37.38408,-0.00013134403335137966
2004-09-01,3,3,Prokaryote-dominated late-year state,MLD,15.42297,0.0013201873920464257
2004-09-01,3,3,Prokaryote-dominated late-year state,SSS,31.62282,0.003936922498069767
2004-09-01,3,3,Prokaryote-dominated late-year state,SSH,0.345729,-0.00017653309186514926
2004-09-01,3,3,Prokaryote-dominated late-year state,PAR,35.61415,-0.0010475146978897354
2004-09-01,3,3,Prokaryote-dominated late-year state,PDO,0.02,0.0006842259218877519
2004-09-01,3,3,Prokaryote-dominated late-year state,NINO_3.4,0.67,0.0013528037345895342
2004-09-01,3,3,Prokaryote-dominated late-year state,WPI,0.26,0.00031672220809512736
2004-09-01,3,3,Prokaryote-dominated late-year state,MHW_MeanInt,0.0,0.002752475866457079
2004-09-01,3,3,Prokaryote-dominated late-year state,MHW_MaxInt,0.0,-0.0037918940592564505
2004-09-01,3,3,Prokaryote-dominated late-year state,MHW_CumInt,0.0,-0.001994589005953236
2004-10-01,3,3,Prokaryote-dominated late-year state,SST,21.5269,-0.011804892006693555
2004-10-01,3,3,Prokaryote-dominated late-year state,NO3,3.753388,0.0035593532257114785
2004-10-01,3,3,Prokaryote-dominated late-year state,PO4,0.01845098,0.001657493606151878
2004-10-01,3,3,Prokaryote-dominated late-year state,SPCo2,32.82095,0.00021121199737235175
2004-10-01,3,3,Prokaryote-dominated late-year state,MLD,23.89636,-0.0005275391837807923
2004-10-01,3,3,Prokaryote-dominated late-year state,SSS,31.94041,0.0029480123181988248
2004-10-01,3,3,Prokaryote-dominated late-year state,SSH,0.3262095,0.0017026406188104615
2004-10-01,3,3,Prokaryote-dominated late-year state,PAR,31.95409,-0.0003533585193626301
2004-10-01,3,3,Prokaryote-dominated late-year state,PDO,-0.72,0.0008179292133085732
2004-10-01,3,3,Prokaryote-dominated late-year state,NINO_3.4,0.73,0.0007108993839613465
2004-10-01,3,3,Prokaryote-dominated late-year state,WPI,0.89,-0.0003304197652355288
2004-10-01,3,3,Prokaryote-dominated late-year state,MHW_MeanInt,0.2316462288261515,0.0005431805636570837
2004-10-01,3,3,Prokaryote-dominated late-year state,MHW_MaxInt,0.2561818053616116,0.0006782396258586137
2004-10-01,3,3,Prokaryote-dominated late-year state,MHW_CumInt,1.973895998423072,0.00018724892204188245
2004-11-01,3,3,Prokaryote-dominated late-year state,SST,18.65132,-0.013239998805329695
2004-11-01,3,3,Prokaryote-dominated late-year state,NO3,3.491994,0.003481724463591865
2004-11-01,3,3,Prokaryote-dominated late-year state,PO4,0.02362705,0.0021899713029393452
2004-11-01,3,3,Prokaryote-dominated late-year state,SPCo2,29.38143,-0.0027680985038269
2004-11-01,3,3,Prokaryote-dominated late-year state,MLD,28.74349,0.0017416145097011232
2004-11-01,3,3,Prokaryote-dominated late-year state,SSS,32.20064,0.0022877431119546062
2004-11-01,3,3,Prokaryote-dominated late-year state,SSH,0.2840581,0.0020797489589996286
2004-11-01,3,3,Prokaryote-dominated late-year state,PAR,22.29022,0.0014056309939720108
2004-11-01,3,3,Prokaryote-dominated late-year state,PDO,-1.22,0.001835967668784831
2004-11-01,3,3,Prokaryote-dominated late-year state,NINO_3.4,0.62,0.0012365431907523827
2004-11-01,3,3,Prokaryote-dominated late-year state,WPI,0.65,9.938925139030611e-05
2004-11-01,3,3,Prokaryote-dominated late-year state,MHW_MeanInt,0.6080709565738308,-0.00010068002877014965
2004-11-01,3,3,Prokaryote-dominated late-year state,MHW_MaxInt,0.6839806635153076,-0.00033057690686381805
2004-11-01,3,3,Prokaryote-dominated late-year state,MHW_CumInt,5.134639752536748,8.102079270445707e-05
2004-12-01,3,3,Prokaryote-dominated late-year state,SST,15.45889,-0.011942019640486749
2004-12-01,3,3,Prokaryote-dominated late-year state,NO3,2.70595,0.0007301108233517831
2004-12-01,3,3,Prokaryote-dominated late-year state,PO4,0.0378954,0.0025848235968787664
2004-12-01,3,3,Prokaryote-dominated late-year state,SPCo2,26.61039,0.0008416956982215092
2004-12-01,3,3,Prokaryote-dominated late-year state,MLD,35.698,0.0039869881671099425
2004-12-01,3,3,Prokaryote-dominated late-year state,SSS,32.41623,0.002025857212017969
2004-12-01,3,3,Prokaryote-dominated late-year state,SSH,0.2969101,0.0006519769350689928
2004-12-01,3,3,Prokaryote-dominated late-year state,PAR,16.03355,-0.0015843737097739907
2004-12-01,3,3,Prokaryote-dominated late-year state,PDO,-0.64,0.0008022485444029256
2004-12-01,3,3,Prokaryote-dominated late-year state,NINO_3.4,0.71,0.00012481483342578837
2004-12-01,3,3,Prokaryote-dominated late-year state,WPI,0.2,0.000336795611393491
2004-12-01,3,3,Prokaryote-dominated late-year state,MHW_MeanInt,0.0884463851870533,0.0005986318729847912
2004-12-01,3,3,Prokaryote-dominated late-year state,MHW_MaxInt,0.1023935057547741,0.00038333577331032637
2004-12-01,3,3,Prokaryote-dominated late-year state,MHW_CumInt,0.5038920422085512,0.00045911428209444833
2005-01-01,1,3,Prokaryote-dominated late-year state,SST,11.36995,-0.005633689043420803
2005-01-01,1,3,Prokaryote-dominated late-year state,NO3,1.795859,0.0060009115348695205
2005-01-01,1,3,Prokaryote-dominated late-year state,PO4,0.05949871,0.004755871280771475
2005-01-01,1,3,Prokaryote-dominated late-year state,SPCo2,24.11662,-0.01639884054080825
2005-01-01,1,3,Prokaryote-dominated late-year state,MLD,44.78685,0.0035351991552906433
2005-01-01,1,3,Prokaryote-dominated late-year state,SSS,32.56802,0.005244706599211288
2005-01-01,1,3,Prokaryote-dominated late-year state,SSH,0.2318924,0.0018465515024794592
2005-01-01,1,3,Prokaryote-dominated late-year state,PAR,17.39421,-7.510985270392928e-05
2005-01-01,1,3,Prokaryote-dominated late-year state,PDO,-0.15,0.0015544562715873026
2005-01-01,1,3,Prokaryote-dominated late-year state,NINO_3.4,0.56,0.0003491880676785614
2005-01-01,1,3,Prokaryote-dominated late-year state,WPI,-0.93,-0.0007029494657926245
2005-01-01,1,3,Prokaryote-dominated late-year state,MHW_MeanInt,0.0070767362045926,0.003533205350796681
2005-01-01,1,3,Prokaryote-dominated late-year state,MHW_MaxInt,0.0076803033718412,-0.0025748263184752554
2005-01-01,1,3,Prokaryote-dominated late-year state,MHW_CumInt,0.0353836810229631,-0.0014346745414840485
2005-02-01,1,3,Prokaryote-dominated late-year state,SST,9.251629,-0.005483496818084428
2005-02-01,1,3,Prokaryote-dominated late-year state,NO3,1.451779,-0.003540179174697564
2005-02-01,1,3,Prokaryote-dominated late-year state,PO4,0.06191359,0.0046306894970097705
2005-02-01,1,3,Prokaryote-dominated late-year state,SPCo2,23.73619,-0.014019567678314951
2005-02-01,1,3,Prokaryote-dominated late-year state,MLD,41.38416,0.003956880845239285
2005-02-01,1,3,Prokaryote-dominated late-year state,SSS,32.66693,0.007323221028936972
2005-02-01,1,3,Prokaryote-dominated late-year state,SSH,0.2228227,0.002771120236288823
2005-02-01,1,3,Prokaryote-dominated late-year state,PAR,21.11561,0.0014818108977675633
2005-02-01,1,3,Prokaryote-dominated late-year state,PDO,-0.01,0.001672796980591062
2005-02-01,1,3,Prokaryote-dominated late-year state,NINO_3.4,0.26,0.000821699221798006
2005-02-01,1,3,Prokaryote-dominated late-year state,WPI,0.34,0.0007803019123033052
2005-02-01,1,3,Prokaryote-dominated late-year state,MHW_MeanInt,0.0,0.0033748498473568462
2005-02-01,1,3,Prokaryote-dominated late-year state,MHW_MaxInt,0.0,-0.002478337729523748
2005-02-01,1,3,Prokaryote-dominated late-year state,MHW_CumInt,0.0,-0.0012917890666709522
2005-03-01,1,3,Prokaryote-dominated late-year state,SST,9.172435,-0.00633165536720426
2005-03-01,1,3,Prokaryote-dominated late-year state,NO3,1.41001,-0.004480743267906256
2005-03-01,1,3,Prokaryote-dominated late-year state,PO4,0.04224682,0.004905409021597169
2005-03-01,1,3,Prokaryote-dominated late-year state,SPCo2,24.74672,-0.014706962792691281
2005-03-01,1,3,Prokaryote-dominated late-year state,MLD,28.92896,0.005823896870504381
2005-03-01,1,3,Prokaryote-dominated late-year state,SSS,32.67717,0.006508498768016372
2005-03-01,1,3,Prokaryote-dominated late-year state,SSH,0.1302211,0.0031280330713555427
2005-03-01,1,3,Prokaryote-dominated late-year state,PAR,34.69415,0.0020525244471191377
2005-03-01,1,3,Prokaryote-dominated late-year state,PDO,0.7,-0.0009130789306530435
2005-03-01,1,3,Prokaryote-dominated late-year state,NINO_3.4,0.28,0.0010689395842127848
2005-03-01,1,3,Prokaryote-dominated late-year state,WPI,-0.22,0.00021525283679813348
2005-03-01,1,3,Prokaryote-dominated late-year state,MHW_MeanInt,0.0903592270932822,0.000569800069969098
2005-03-01,1,3,Prokaryote-dominated late-year state,MHW_MaxInt,0.1020311938332123,0.0006092618653781203
2005-03-01,1,3,Prokaryote-dominated late-year state,MHW_CumInt,0.4906887207195745,0.0015508238235040987
2005-04-01,1,3,Prokaryote-dominated late-year state,SST,12.12134,-0.010887327493852827
2005-04-01,1,3,Prokaryote-dominated late-year state,NO3,2.284747,0.0004492428826941814
2005-04-01,1,3,Prokaryote-dominated late-year state,PO4,0.01654009,0.0014956106311031668
2005-04-01,1,3,Prokaryote-dominated late-year state,SPCo2,29.38609,0.001722636649576834
2005-04-01,1,3,Prokaryote-dominated late-year state,MLD,12.126,0.0016357132474091882
2005-04-01,1,3,Prokaryote-dominated late-year state,SSS,32.58884,0.0007689148759849902
2005-04-01,1,3,Prokaryote-dominated late-year state,SSH,0.1494421,0.0005795335357688721
2005-04-01,1,3,Prokaryote-dominated late-year state,PAR,43.46757,-0.0016392526560069477
2005-04-01,1,3,Prokaryote-dominated late-year state,PDO,0.28,0.0010199349650094848
2005-04-01,1,3,Prokaryote-dominated late-year state,NINO_3.4,0.28,0.0021732005165996673
2005-04-01,1,3,Prokaryote-dominated late-year state,WPI,-0.18,0.0007766903208944172
2005-04-01,1,3,Prokaryote-dominated late-year state,MHW_MeanInt,0.1376989232599323,0.0003935156359607133
2005-04-01,1,3,Prokaryote-dominated late-year state,MHW_MaxInt,0.1618379842464297,0.0005068649542707319
2005-04-01,1,3,Prokaryote-dominated late-year state,MHW_CumInt,1.0606384452723097,0.0010047219345875275
2005-05-01,2,3,Prokaryote-dominated late-year state,SST,16.07727,-0.013723205401952293
2005-05-01,2,3,Prokaryote-dominated late-year state,NO3,3.266682,0.0026048191160945983
2005-05-01,2,3,Prokaryote-dominated late-year state,PO4,0.007891181,-0.012617689436556442
2005-05-01,2,3,Prokaryote-dominated late-year state,SPCo2,35.09027,0.003623486756308204
2005-05-01,2,3,Prokaryote-dominated late-year state,MLD,11.24856,0.0017953207503460444
2005-05-01,2,3,Prokaryote-dominated late-year state,SSS,32.33849,0.006035454394145592
2005-05-01,2,3,Prokaryote-dominated late-year state,SSH,0.1730454,-0.00011226077007352606
2005-05-01,2,3,Prokaryote-dominated late-year state,PAR,46.94984,0.0023027286831669978
2005-05-01,2,3,Prokaryote-dominated late-year state,PDO,1.36,-0.006630803552453663
2005-05-01,2,3,Prokaryote-dominated late-year state,NINO_3.4,0.3,0.006673604988325051
2005-05-01,2,3,Prokaryote-dominated late-year state,WPI,-0.08,0.002370031981900242
2005-05-01,2,3,Prokaryote-dominated late-year state,MHW_MeanInt,0.8050716181956712,0.0021876346954950356
2005-05-01,2,3,Prokaryote-dominated late-year state,MHW_MaxInt,0.9618602975959668,0.002387865838082298
2005-05-01,2,3,Prokaryote-dominated late-year state,MHW_CumInt,7.614702264606939,0.003103011957171856
2005-06-01,2,3,Prokaryote-dominated late-year state,SST,21.15738,-0.009700889901346507
2005-06-01,2,3,Prokaryote-dominated late-year state,NO3,4.886552,0.005533554506056012
2005-06-01,2,3,Prokaryote-dominated late-year state,PO4,0.01192773,0.0027226586892742303
2005-06-01,2,3,Prokaryote-dominated late-year state,SPCo2,40.80405,-8.450263784699535e-05
2005-06-01,2,3,Prokaryote-dominated late-year state,MLD,10.50786,-0.00950658348959586
2005-06-01,2,3,Prokaryote-dominated late-year state,SSS,31.97551,0.008872586386345947
2005-06-01,2,3,Prokaryote-dominated late-year state,SSH,0.1820762,-0.0035597856019042116
2005-06-01,2,3,Prokaryote-dominated late-year state,PAR,48.35837,0.0013706505453749307
2005-06-01,2,3,Prokaryote-dominated late-year state,PDO,0.85,-0.002148686010439754
2005-06-01,2,3,Prokaryote-dominated late-year state,NINO_3.4,0.22,0.0054163793167442366
2005-06-01,2,3,Prokaryote-dominated late-year state,WPI,0.79,-0.0009635025207311486
2005-06-01,2,3,Prokaryote-dominated late-year state,MHW_MeanInt,0.6196661990232305,0.000996816760228965
2005-06-01,2,3,Prokaryote-dominated late-year state,MHW_MaxInt,0.7315935663225134,0.0008293573121722392
2005-06-01,2,3,Prokaryote-dominated late-year state,MHW_CumInt,5.66507086379786,0.00022194664566791631
2005-07-01,2,3,Prokaryote-dominated late-year state,SST,25.00492,-0.007922261913182077
2005-07-01,2,3,Prokaryote-dominated late-year state,NO3,5.622714,0.003323472911260704
2005-07-01,2,3,Prokaryote-dominated late-year state,PO4,0.01803099,0.0020872991069029487
2005-07-01,2,3,Prokaryote-dominated late-year state,SPCo2,43.18962,-0.0035182752632954926
2005-07-01,2,3,Prokaryote-dominated late-year state,MLD,10.65074,-0.010812127056763593
2005-07-01,2,3,Prokaryote-dominated late-year state,SSS,31.66777,0.010008164689584457
2005-07-01,2,3,Prokaryote-dominated late-year state,SSH,0.2218496,0.0005046021945191728
2005-07-01,2,3,Prokaryote-dominated late-year state,PAR,46.90637,0.0021065449608341285
2005-07-01,2,3,Prokaryote-dominated late-year state,PDO,0.11,0.000520126953363308
2005-07-01,2,3,Prokaryote-dominated late-year state,NINO_3.4,-0.01,0.0029588257266414874
2005-07-01,2,3,Prokaryote-dominated late-year state,WPI,-1.2,0.0006338175156795086
2005-07-01,2,3,Prokaryote-dominated late-year state,MHW_MeanInt,0.0489205153532956,-8.581212637333688e-05
2005-07-01,2,3,Prokaryote-dominated late-year state,MHW_MaxInt,0.055510036519155,-0.00010104308805074623
2005-07-01,2,3,Prokaryote-dominated late-year state,MHW_CumInt,0.2636814498907717,0.0002966653888795214
2005-08-01,3,3,Prokaryote-dominated late-year state,SST,25.84355,-0.010914639572437955
2005-08-01,3,3,Prokaryote-dominated late-year state,NO3,4.697174,0.004453078961708005
2005-08-01,3,3,Prokaryote-dominated late-year state,PO4,0.01695296,0.0015311554625598706
2005-08-01,3,3,Prokaryote-dominated late-year state,SPCo2,41.25824,-0.004689629026281846
2005-08-01,3,3,Prokaryote-dominated late-year state,MLD,11.25694,-0.0021288746195250547
2005-08-01,3,3,Prokaryote-dominated late-year state,SSS,31.50635,0.005782846900836913
2005-08-01,3,3,Prokaryote-dominated late-year state,SSH,0.3075328,0.0014113054249915173
2005-08-01,3,3,Prokaryote-dominated late-year state,PAR,41.5795,0.0011723959213773086
2005-08-01,3,3,Prokaryote-dominated late-year state,PDO,-0.42,0.0005802321901115068
2005-08-01,3,3,Prokaryote-dominated late-year state,NINO_3.4,-0.04,0.0016558594812735668
2005-08-01,3,3,Prokaryote-dominated late-year state,WPI,0.35,-6.699895723120248e-05
2005-08-01,3,3,Prokaryote-dominated late-year state,MHW_MeanInt,0.3158427165287703,0.0001363390452282722
2005-08-01,3,3,Prokaryote-dominated late-year state,MHW_MaxInt,0.3568982554055841,0.0009132952987553561
2005-08-01,3,3,Prokaryote-dominated late-year state,MHW_CumInt,2.061121535122356,0.00016363348863372332
2005-09-01,3,3,Prokaryote-dominated late-year state,SST,24.64657,-0.011080813078643103
2005-09-01,3,3,Prokaryote-dominated late-year state,NO3,4.071968,0.004129165285020414
2005-09-01,3,3,Prokaryote-dominated late-year state,PO4,0.01441261,0.0013570419031792309
2005-09-01,3,3,Prokaryote-dominated late-year state,SPCo2,37.69049,0.0003478534186446909
2005-09-01,3,3,Prokaryote-dominated late-year state,MLD,14.34584,-0.0006585576947515365
2005-09-01,3,3,Prokaryote-dominated late-year state,SSS,31.60373,0.0028459747367724666
2005-09-01,3,3,Prokaryote-dominated late-year state,SSH,0.3370972,0.001466163763500183
2005-09-01,3,3,Prokaryote-dominated late-year state,PAR,38.15133,-0.001014757128917104
2005-09-01,3,3,Prokaryote-dominated late-year state,PDO,-0.99,0.0008252890050471055
2005-09-01,3,3,Prokaryote-dominated late-year state,NINO_3.4,-0.08,0.0010257923366793742
2005-09-01,3,3,Prokaryote-dominated late-year state,WPI,0.57,-0.00017226361658492103
2005-09-01,3,3,Prokaryote-dominated late-year state,MHW_MeanInt,0.3025560220964315,0.0003617404864908094
2005-09-01,3,3,Prokaryote-dominated late-year state,MHW_MaxInt,0.3431352510503049,0.000500198281213398
2005-09-01,3,3,Prokaryote-dominated late-year state,MHW_CumInt,2.420406598871706,6.717230234898552e-05
2005-10-01,3,3,Prokaryote-dominated late-year state,SST,21.94504,-0.01222829823016758
2005-10-01,3,3,Prokaryote-dominated late-year state,NO3,3.572884,0.0050963564250702115
2005-10-01,3,3,Prokaryote-dominated late-year state,PO4,0.01382904,0.0011365826331054625
2005-10-01,3,3,Prokaryote-dominated late-year state,SPCo2,33.54042,0.00036005268809859327
2005-10-01,3,3,Prokaryote-dominated late-year state,MLD,21.9892,-0.0006649357048415147
2005-10-01,3,3,Prokaryote-dominated late-year state,SSS,31.90244,0.0033081454522779566
2005-10-01,3,3,Prokaryote-dominated late-year state,SSH,0.2754064,0.001276126341314197
2005-10-01,3,3,Prokaryote-dominated late-year state,PAR,30.274,-0.00022720281402275878
2005-10-01,3,3,Prokaryote-dominated late-year state,PDO,-2.0,-5.840058894678212e-05
2005-10-01,3,3,Prokaryote-dominated late-year state,NINO_3.4,-0.15,0.0006547310116207346
2005-10-01,3,3,Prokaryote-dominated late-year state,WPI,1.0,-0.0003109248191925438
2005-10-01,3,3,Prokaryote-dominated late-year state,MHW_MeanInt,0.2271543126202431,0.000639709615166437
2005-10-01,3,3,Prokaryote-dominated late-year state,MHW_MaxInt,0.2548782400946817,0.0008563538370967423
2005-10-01,3,3,Prokaryote-dominated late-year state,MHW_CumInt,1.7601509761135428,0.00016170415342083683
2005-11-01,3,3,Prokaryote-dominated late-year state,SST,18.40416,-0.012285974141115782
2005-11-01,3,3,Prokaryote-dominated late-year state,NO3,3.471994,0.004724297046957796
2005-11-01,3,3,Prokaryote-dominated late-year state,PO4,0.02193196,0.001902880136764341
2005-11-01,3,3,Prokaryote-dominated late-year state,SPCo2,29.79199,-0.0024545749256467725
2005-11-01,3,3,Prokaryote-dominated late-year state,MLD,27.85691,0.001050293818072419
2005-11-01,3,3,Prokaryote-dominated late-year state,SSS,32.18135,0.0024624186680342985
2005-11-01,3,3,Prokaryote-dominated late-year state,SSH,0.305071,0.0023295280136759852
2005-11-01,3,3,Prokaryote-dominated late-year state,PAR,21.60209,0.0013380936626821722
2005-11-01,3,3,Prokaryote-dominated late-year state,PDO,-1.89,0.0006711827467622633
2005-11-01,3,3,Prokaryote-dominated late-year state,NINO_3.4,-0.44,0.0006616255041779072
2005-11-01,3,3,Prokaryote-dominated late-year state,WPI,-1.84,-0.0009237149623332727
2005-11-01,3,3,Prokaryote-dominated late-year state,MHW_MeanInt,0.0196541761752092,0.00010284957429118312
2005-11-01,3,3,Prokaryote-dominated late-year state,MHW_MaxInt,0.0231729454279486,0.0005454173901174816
2005-11-01,3,3,Prokaryote-dominated late-year state,MHW_CumInt,0.1273743918630271,-0.0001243225324400355
2005-12-01,1,3,Prokaryote-dominated late-year state,SST,13.54506,-0.010645030187735719
2005-12-01,1,3,Prokaryote-dominated late-year state,NO3,2.295146,0.002587065712123538
2005-12-01,1,3,Prokaryote-dominated late-year state,PO4,0.04205306,0.0031017810793976153
2005-12-01,1,3,Prokaryote-dominated late-year state,SPCo2,25.61899,-0.0002966255040250807
2005-12-01,1,3,Prokaryote-dominated late-year state,MLD,40.11207,0.0019167227329454383
2005-12-01,1,3,Prokaryote-dominated late-year state,SSS,32.38639,0.00267340182226091
2005-12-01,1,3,Prokaryote-dominated late-year state,SSH,0.2334034,0.0019799546616081853
2005-12-01,1,3,Prokaryote-dominated late-year state,PAR,16.51735,-0.0010264022813488171
2005-12-01,1,3,Prokaryote-dominated late-year state,PDO,-0.1,0.000859605486303466
2005-12-01,1,3,Prokaryote-dominated late-year state,NINO_3.4,-0.75,-0.0005858649401432399
2005-12-01,1,3,Prokaryote-dominated late-year state,WPI,-2.04,-0.0016902891916387496
2005-12-01,1,3,Prokaryote-dominated late-year state,MHW_MeanInt,0.0218528262007835,0.00024197371708734833
2005-12-01,1,3,Prokaryote-dominated late-year state,MHW_MaxInt,0.0260749001750415,0.0007379200489478062
2005-12-01,1,3,Prokaryote-dominated late-year state,MHW_CumInt,0.1108019963513942,0.0001457868442173073
2006-01-01,1,3,Prokaryote-dominated late-year state,SST,10.25276,-0.007582818774831906
2006-01-01,1,3,Prokaryote-dominated late-year state,NO3,1.824656,0.006073070395281889
2006-01-01,1,3,Prokaryote-dominated late-year state,PO4,0.05710575,0.005797918525194287
2006-01-01,1,3,Prokaryote-dominated late-year state,SPCo2,24.22316,-0.016538025332494734
2006-01-01,1,3,Prokaryote-dominated late-year state,MLD,39.22375,0.004519018567431722
2006-01-01,1,3,Prokaryote-dominated late-year state,SSS,32.56746,0.005258233296549655
2006-01-01,1,3,Prokaryote-dominated late-year state,SSH,0.2773191,0.00103653389504804
2006-01-01,1,3,Prokaryote-dominated late-year state,PAR,16.91236,0.0022485964290883467
2006-01-01,1,3,Prokaryote-dominated late-year state,PDO,0.54,-0.0004415516999670918
2006-01-01,1,3,Prokaryote-dominated late-year state,NINO_3.4,-0.98,-0.0014480891887830773
2006-01-01,1,3,Prokaryote-dominated late-year state,WPI,0.71,0.0005679042071518644
2006-01-01,1,3,Prokaryote-dominated late-year state,MHW_MeanInt,0.0018255295493478,0.004186260637996838
2006-01-01,1,3,Prokaryote-dominated late-year state,MHW_MaxInt,0.0019627768693183,-0.0028272508477382445
2006-01-01,1,3,Prokaryote-dominated late-year state,MHW_CumInt,0.009127647746739,-0.0008498001099275924
2006-02-01,1,3,Prokaryote-dominated late-year state,SST,9.190073,-0.006397312539092223
2006-02-01,1,3,Prokaryote-dominated late-year state,NO3,1.470138,-0.0048520776059195496
2006-02-01,1,3,Prokaryote-dominated late-year state,PO4,0.04870109,0.005562891477353426
2006-02-01,1,3,Prokaryote-dominated late-year state,SPCo2,24.33807,-0.015068293878669111
2006-02-01,1,3,Prokaryote-dominated late-year state,MLD,36.88166,0.005364889338500397
2006-02-01,1,3,Prokaryote-dominated late-year state,SSS,32.67122,0.00656758172986153
2006-02-01,1,3,Prokaryote-dominated late-year state,SSH,0.1571238,0.0035289887783114945
2006-02-01,1,3,Prokaryote-dominated late-year state,PAR,22.65199,0.0025481837108686455
2006-02-01,1,3,Prokaryote-dominated late-year state,PDO,0.38,-0.00045889189784221215
2006-02-01,1,3,Prokaryote-dominated late-year state,NINO_3.4,-0.71,-0.000424181983220687
2006-02-01,1,3,Prokaryote-dominated late-year state,WPI,2.06,0.00025434737888041807
2006-02-01,1,3,Prokaryote-dominated late-year state,MHW_MeanInt,0.0850230962501679,0.0007768927049433421
2006-02-01,1,3,Prokaryote-dominated late-year state,MHW_MaxInt,0.0960116484796797,0.0008108847455364171
2006-02-01,1,3,Prokaryote-dominated late-year state,MHW_CumInt,0.557077579402452,0.0017860980404881056
2006-03-01,1,3,Prokaryote-dominated late-year state,SST,9.62146,-0.008510839694522801
2006-03-01,1,3,Prokaryote-dominated late-year state,NO3,1.563969,-0.0076455333848201015
2006-03-01,1,3,Prokaryote-dominated late-year state,PO4,0.02608196,0.0018108877556706326
2006-03-01,1,3,Prokaryote-dominated late-year state,SPCo2,26.02783,0.00281410150958519
2006-03-01,1,3,Prokaryote-dominated late-year state,MLD,22.58713,0.002710032869431518
2006-03-01,1,3,Prokaryote-dominated late-year state,SSS,32.67604,0.0032048420312003685
2006-03-01,1,3,Prokaryote-dominated late-year state,SSH,0.1175928,0.002787593393362047
2006-03-01,1,3,Prokaryote-dominated late-year state,PAR,35.18167,0.00036983727342391565
2006-03-01,1,3,Prokaryote-dominated late-year state,PDO,-0.74,0.000869103729454615
2006-03-01,1,3,Prokaryote-dominated late-year state,NINO_3.4,-0.73,-0.0005389931020742212
2006-03-01,1,3,Prokaryote-dominated late-year state,WPI,0.49,0.0003670940674381446
2006-03-01,1,3,Prokaryote-dominated late-year state,MHW_MeanInt,0.1263913328118691,0.0005399656553131043
2006-03-01,1,3,Prokaryote-dominated late-year state,MHW_MaxInt,0.1417198609250102,0.0003765965154522182
2006-03-01,1,3,Prokaryote-dominated late-year state,MHW_CumInt,0.7610797789928063,0.0008453113810853888
2006-04-01,1,3,Prokaryote-dominated late-year state,SST,11.45833,-0.010268471132703677
2006-04-01,1,3,Prokaryote-dominated late-year state,NO3,2.05737,0.0008185573802855562
2006-04-01,1,3,Prokaryote-dominated late-year state,PO4,0.01179004,0.0011103654495505408
2006-04-01,1,3,Prokaryote-dominated late-year state,SPCo2,29.7351,0.003594278941666209
2006-04-01,1,3,Prokaryote-dominated late-year state,MLD,13.59295,0.0027173390558710275
2006-04-01,1,3,Prokaryote-dominated late-year state,SSS,32.58027,0.0006683078760541405
2006-04-01,1,3,Prokaryote-dominated late-year state,SSH,0.164509,0.0010882454110187215
2006-04-01,1,3,Prokaryote-dominated late-year state,PAR,40.84451,5.8459453800260096e-05
2006-04-01,1,3,Prokaryote-dominated late-year state,PDO,-0.54,0.0013202298337789905
2006-04-01,1,3,Prokaryote-dominated late-year state,NINO_3.4,-0.3,0.0009868289577573655
2006-04-01,1,3,Prokaryote-dominated late-year state,WPI,0.56,0.00020752166873905847
2006-04-01,1,3,Prokaryote-dominated late-year state,MHW_MeanInt,0.0,0.003128466740660262
2006-04-01,1,3,Prokaryote-dominated late-year state,MHW_MaxInt,0.0,-0.002985604715115008
2006-04-01,1,3,Prokaryote-dominated late-year state,MHW_CumInt,0.0,-0.002444524921363441
2006-05-01,1,3,Prokaryote-dominated late-year state,SST,15.90524,-0.016122108683005548
2006-05-01,1,3,Prokaryote-dominated late-year state,NO3,3.074099,0.00019510310409147014
2006-05-01,1,3,Prokaryote-dominated late-year state,PO4,0.007898293,-0.009260232406347765
2006-05-01,1,3,Prokaryote-dominated late-year state,SPCo2,35.00154,0.0015997672045814223
2006-05-01,1,3,Prokaryote-dominated late-year state,MLD,11.19547,-0.0017198757190003842
2006-05-01,1,3,Prokaryote-dominated late-year state,SSS,32.31292,0.002680963662502832
2006-05-01,1,3,Prokaryote-dominated late-year state,SSH,0.1871949,0.0021827841820683436
2006-05-01,1,3,Prokaryote-dominated late-year state,PAR,42.48072,0.0036408829789803714
2006-05-01,1,3,Prokaryote-dominated late-year state,PDO,-0.37,0.003580588849625334
2006-05-01,1,3,Prokaryote-dominated late-year state,NINO_3.4,-0.11,0.005926996340070926
2006-05-01,1,3,Prokaryote-dominated late-year state,WPI,0.19,0.0020226077200137687
2006-05-01,1,3,Prokaryote-dominated late-year state,MHW_MeanInt,0.2992232777977992,0.0017229938474398734
2006-05-01,1,3,Prokaryote-dominated late-year state,MHW_MaxInt,0.3382232530201923,0.0019017276324358274
2006-05-01,1,3,Prokaryote-dominated late-year state,MHW_CumInt,2.1731700777149885,0.0016478012865435551
2006-06-01,2,3,Prokaryote-dominated late-year state,SST,20.01962,-0.00997323487715543
2006-06-01,2,3,Prokaryote-dominated late-year state,NO3,4.761292,0.00791488922580493
2006-06-01,2,3,Prokaryote-dominated late-year state,PO4,0.0117632,0.001318601806958718
2006-06-01,2,3,Prokaryote-dominated late-year state,SPCo2,40.0344,-0.0011865193152149392
2006-06-01,2,3,Prokaryote-dominated late-year state,MLD,10.57313,-0.012930532381739492
2006-06-01,2,3,Prokaryote-dominated late-year state,SSS,31.98178,0.007040884342401754
2006-06-01,2,3,Prokaryote-dominated late-year state,SSH,0.1970306,-0.003041401075631258
2006-06-01,2,3,Prokaryote-dominated late-year state,PAR,43.12234,0.004271220457738422
2006-06-01,2,3,Prokaryote-dominated late-year state,PDO,0.21,0.001338979960047426
2006-06-01,2,3,Prokaryote-dominated late-year state,NINO_3.4,0.09,0.004092722576759063
2006-06-01,2,3,Prokaryote-dominated late-year state,WPI,-1.15,0.0006983515435555348
2006-06-01,2,3,Prokaryote-dominated late-year state,MHW_MeanInt,0.0741829362813271,0.00014895930962156756
2006-06-01,2,3,Prokaryote-dominated late-year state,MHW_MaxInt,0.0826370703388625,0.00020882790875655698
2006-06-01,2,3,Prokaryote-dominated late-year state,MHW_CumInt,0.3879315979990207,9.825051809714394e-05
2006-07-01,2,3,Prokaryote-dominated late-year state,SST,24.27946,-0.0073062500705732844
2006-07-01,2,3,Prokaryote-dominated late-year state,NO3,5.575527,0.0024565237075950697
2006-07-01,2,3,Prokaryote-dominated late-year state,PO4,0.01805096,0.001594561940730725
2006-07-01,2,3,Prokaryote-dominated late-year state,SPCo2,42.31735,-0.004139144798028767
2006-07-01,2,3,Prokaryote-dominated late-year state,MLD,10.65521,-0.01021148534878059
2006-07-01,2,3,Prokaryote-dominated late-year state,SSS,31.62271,0.009738842493288234
2006-07-01,2,3,Prokaryote-dominated late-year state,SSH,0.2448569,0.0007238590756536213
2006-07-01,2,3,Prokaryote-dominated late-year state,PAR,42.87661,0.00368719555779784
2006-07-01,2,3,Prokaryote-dominated late-year state,PDO,0.39,0.00040624981995585166
2006-07-01,2,3,Prokaryote-dominated late-year state,NINO_3.4,0.03,0.003822556172526305
2006-07-01,2,3,Prokaryote-dominated late-year state,WPI,-1.0,0.0008669049383919211
2006-07-01,2,3,Prokaryote-dominated late-year state,MHW_MeanInt,1.3131253509323573,0.0010512455563137966
2006-07-01,2,3,Prokaryote-dominated late-year state,MHW_MaxInt,1.6349535179945711,-0.0023135133428105552
2006-07-01,2,3,Prokaryote-dominated late-year state,MHW_CumInt,22.20132767465229,-0.00037754570206016474
2006-08-01,2,3,Prokaryote-dominated late-year state,SST,27.3431,-0.012852207973939043
2006-08-01,2,3,Prokaryote-dominated late-year state,NO3,5.629235,0.0047826690533866135
2006-08-01,2,3,Prokaryote-dominated late-year state,PO4,0.02118731,0.001961747431989656
2006-08-01,2,3,Prokaryote-dominated late-year state,SPCo2,43.13448,-0.0020833400803827256
2006-08-01,2,3,Prokaryote-dominated late-year state,MLD,10.66718,-0.011205302814247222
2006-08-01,2,3,Prokaryote-dominated late-year state,SSS,31.51476,0.01163345686887417
2006-08-01,2,3,Prokaryote-dominated late-year state,SSH,0.3451092,0.00022627033420802252
2006-08-01,2,3,Prokaryote-dominated late-year state,PAR,47.18871,0.0029220479675427305
2006-08-01,2,3,Prokaryote-dominated late-year state,PDO,-0.85,0.0006477813465827546
2006-08-01,2,3,Prokaryote-dominated late-year state,NINO_3.4,0.37,0.0026630684729993513
2006-08-01,2,3,Prokaryote-dominated late-year state,WPI,-0.16,0.0005085841690235369
2006-08-01,2,3,Prokaryote-dominated late-year state,MHW_MeanInt,0.0951682639132925,0.0002371042730300047
2006-08-01,2,3,Prokaryote-dominated late-year state,MHW_MaxInt,0.1080525518419943,-1.5785033497369574e-05
2006-08-01,2,3,Prokaryote-dominated late-year state,MHW_CumInt,1.1947421776604308,0.0005739059844295235
2006-09-01,3,3,Prokaryote-dominated late-year state,SST,24.75643,-0.010996474580175358
2006-09-01,3,3,Prokaryote-dominated late-year state,NO3,4.426077,0.00369967067000928
2006-09-01,3,3,Prokaryote-dominated late-year state,PO4,0.01726973,0.0019205981663478122
2006-09-01,3,3,Prokaryote-dominated late-year state,SPCo2,38.38696,-6.457198944750165e-05
2006-09-01,3,3,Prokaryote-dominated late-year state,MLD,15.40674,-0.0007396338570927571
2006-09-01,3,3,Prokaryote-dominated late-year state,SSS,31.6093,0.0029709392249674914
2006-09-01,3,3,Prokaryote-dominated late-year state,SSH,0.3204224,0.001723948490978014
2006-09-01,3,3,Prokaryote-dominated late-year state,PAR,37.06337,-2.7620166571467363e-05
2006-09-01,3,3,Prokaryote-dominated late-year state,PDO,-1.54,0.00043231013590526234
2006-09-01,3,3,Prokaryote-dominated late-year state,NINO_3.4,0.63,0.0011728662410972627
2006-09-01,3,3,Prokaryote-dominated late-year state,WPI,0.05,0.0002326236596784321
2006-09-01,3,3,Prokaryote-dominated late-year state,MHW_MeanInt,0.9662453764735216,0.00024441216624078546
2006-09-01,3,3,Prokaryote-dominated late-year state,MHW_MaxInt,1.1726177192525575,0.0012428955395031166
2006-09-01,3,3,Prokaryote-dominated late-year state,MHW_CumInt,18.34873104503788,-0.0018119637014403877
2006-10-01,3,3,Prokaryote-dominated late-year state,SST,22.84066,-0.011814787585229284
2006-10-01,3,3,Prokaryote-dominated late-year state,NO3,4.298798,0.003312842735264132
2006-10-01,3,3,Prokaryote-dominated late-year state,PO4,0.01385227,0.0012985145686347235
2006-10-01,3,3,Prokaryote-dominated late-year state,SPCo2,34.90073,0.0003838386712290862
2006-10-01,3,3,Prokaryote-dominated late-year state,MLD,19.95092,-0.000611886354073198
2006-10-01,3,3,Prokaryote-dominated late-year state,SSS,31.91567,0.0033625248708178336
2006-10-01,3,3,Prokaryote-dominated late-year state,SSH,0.3278981,0.0017052047349344344
2006-10-01,3,3,Prokaryote-dominated late-year state,PAR,31.82335,-0.0005501963546942775
2006-10-01,3,3,Prokaryote-dominated late-year state,PDO,-0.46,0.000712516623060028
2006-10-01,3,3,Prokaryote-dominated late-year state,NINO_3.4,0.76,0.001046878061498845
2006-10-01,3,3,Prokaryote-dominated late-year state,WPI,0.67,-0.00016616536195828755
2006-10-01,3,3,Prokaryote-dominated late-year state,MHW_MeanInt,0.3619758807190497,0.00043545494198956355
2006-10-01,3,3,Prokaryote-dominated late-year state,MHW_MaxInt,0.4104976060547843,0.0009056352223258669
2006-10-01,3,3,Prokaryote-dominated late-year state,MHW_CumInt,3.49504141968689,-2.0374773799477393e-05
2006-11-01,3,3,Prokaryote-dominated late-year state,SST,18.73112,-0.012742049377356339
2006-11-01,3,3,Prokaryote-dominated late-year state,NO3,3.525753,0.002758747594082478
2006-11-01,3,3,Prokaryote-dominated late-year state,PO4,0.02569495,0.0022138142696681894
2006-11-01,3,3,Prokaryote-dominated late-year state,SPCo2,30.54263,-0.0025262134190425414
2006-11-01,3,3,Prokaryote-dominated late-year state,MLD,28.28891,0.0015481055639726133
2006-11-01,3,3,Prokaryote-dominated late-year state,SSS,32.19823,0.0035436535350435562
2006-11-01,3,3,Prokaryote-dominated late-year state,SSH,0.2564802,0.002116214724388864
2006-11-01,3,3,Prokaryote-dominated late-year state,PAR,20.33555,-0.0009609239207128734
2006-11-01,3,3,Prokaryote-dominated late-year state,PDO,-0.81,0.0025900974345170616
2006-11-01,3,3,Prokaryote-dominated late-year state,NINO_3.4,0.98,0.0010226051886851701
2006-11-01,3,3,Prokaryote-dominated late-year state,WPI,-1.84,-0.0009450310178642502
2006-11-01,3,3,Prokaryote-dominated late-year state,MHW_MeanInt,0.3914560273329588,0.0005026928904531692
2006-11-01,3,3,Prokaryote-dominated late-year state,MHW_MaxInt,0.438204099679333,0.0004979820371555351
2006-11-01,3,3,Prokaryote-dominated late-year state,MHW_CumInt,3.481877945233093,0.00038030449700935146
2006-12-01,3,3,Prokaryote-dominated late-year state,SST,14.60835,-0.011646568892948562
2006-12-01,3,3,Prokaryote-dominated late-year state,NO3,2.623521,0.0014037554842864304
2006-12-01,3,3,Prokaryote-dominated late-year state,PO4,0.04135088,0.002494671228296238
2006-12-01,3,3,Prokaryote-dominated late-year state,SPCo2,26.7291,0.0006103920820850902
2006-12-01,3,3,Prokaryote-dominated late-year state,MLD,35.36552,0.0033524164313619357
2006-12-01,3,3,Prokaryote-dominated late-year state,SSS,32.39705,0.002160764891667659
2006-12-01,3,3,Prokaryote-dominated late-year state,SSH,0.2438219,0.0012957180098069876
2006-12-01,3,3,Prokaryote-dominated late-year state,PAR,16.29278,-0.0016318147387766224
2006-12-01,3,3,Prokaryote-dominated late-year state,PDO,-0.42,0.0008701259471922294
2006-12-01,3,3,Prokaryote-dominated late-year state,NINO_3.4,1.1,-0.0009340583953123692
2006-12-01,3,3,Prokaryote-dominated late-year state,WPI,1.18,0.0002707357484125577
2006-12-01,3,3,Prokaryote-dominated late-year state,MHW_MeanInt,0.2170639511547936,0.0006451880633362674
2006-12-01,3,3,Prokaryote-dominated late-year state,MHW_MaxInt,0.2405464459452174,0.0005027915316336963
2006-12-01,3,3,Prokaryote-dominated late-year state,MHW_CumInt,2.8162799473405906,0.0006058826089584575
2007-01-01,1,3,Prokaryote-dominated late-year state,SST,11.20717,-0.005846008370957639
2007-01-01,1,3,Prokaryote-dominated late-year state,NO3,1.865525,0.005837825636280262
2007-01-01,1,3,Prokaryote-dominated late-year state,PO4,0.05535916,0.00542149084648004
2007-01-01,1,3,Prokaryote-dominated late-year state,SPCo2,24.66743,-0.0175565793069574
2007-01-01,1,3,Prokaryote-dominated late-year state,MLD,41.01209,0.004360355461326461
2007-01-01,1,3,Prokaryote-dominated late-year state,SSS,32.58288,0.005080345272921678
2007-01-01,1,3,Prokaryote-dominated late-year state,SSH,0.2147105,0.0031875314606008122
2007-01-01,1,3,Prokaryote-dominated late-year state,PAR,17.82913,0.0012256586334777578
2007-01-01,1,3,Prokaryote-dominated late-year state,PDO,-0.69,0.0015895777881438334
2007-01-01,1,3,Prokaryote-dominated late-year state,NINO_3.4,0.59,0.002038050933301726
2007-01-01,1,3,Prokaryote-dominated late-year state,WPI,1.81,8.685560942700267e-05
2007-01-01,1,3,Prokaryote-dominated late-year state,MHW_MeanInt,1.3421859943540977,5.164409644707691e-05
2007-01-01,1,3,Prokaryote-dominated late-year state,MHW_MaxInt,1.5553207691570878,-0.003530847344484081
2007-01-01,1,3,Prokaryote-dominated late-year state,MHW_CumInt,24.332453481803256,-0.0019459007160075364
2007-02-01,1,3,Prokaryote-dominated late-year state,SST,10.52907,-0.0049137382229719195
2007-02-01,1,3,Prokaryote-dominated late-year state,NO3,1.774265,0.0036203276160350173
2007-02-01,1,3,Prokaryote-dominated late-year state,PO4,0.04452466,0.004425535175572824
2007-02-01,1,3,Prokaryote-dominated late-year state,SPCo2,24.44026,-0.017855490830796374
2007-02-01,1,3,Prokaryote-dominated late-year state,MLD,33.12623,0.00505694554730117
2007-02-01,1,3,Prokaryote-dominated late-year state,SSS,32.67064,0.001839275426269415
2007-02-01,1,3,Prokaryote-dominated late-year state,SSH,0.146254,0.0021547978722982943
2007-02-01,1,3,Prokaryote-dominated late-year state,PAR,26.39737,0.0018000846914508332
2007-02-01,1,3,Prokaryote-dominated late-year state,PDO,-0.71,0.0011570481999604325
2007-02-01,1,3,Prokaryote-dominated late-year state,NINO_3.4,0.12,0.001107389896696977
2007-02-01,1,3,Prokaryote-dominated late-year state,WPI,0.15,0.0004064907881013693
2007-02-01,1,3,Prokaryote-dominated late-year state,MHW_MeanInt,0.3669761293527712,-0.0002849564329337171
2007-02-01,1,3,Prokaryote-dominated late-year state,MHW_MaxInt,0.4068758818507528,0.000611953039174455
2007-02-01,1,3,Prokaryote-dominated late-year state,MHW_CumInt,2.502832286987369,0.0008743372338412021
2007-03-01,1,3,Prokaryote-dominated late-year state,SST,10.88319,-0.008360182102629647
2007-03-01,1,3,Prokaryote-dominated late-year state,NO3,1.827618,0.0017040511946358513
2007-03-01,1,3,Prokaryote-dominated late-year state,PO4,0.0335563,0.0011218074780340239
2007-03-01,1,3,Prokaryote-dominated late-year state,SPCo2,25.95523,3.0487768643975123e-05
2007-03-01,1,3,Prokaryote-dominated late-year state,MLD,23.61643,0.003822342551176287
2007-03-01,1,3,Prokaryote-dominated late-year state,SSS,32.67501,-0.0015296771891055647
2007-03-01,1,3,Prokaryote-dominated late-year state,SSH,0.2065463,0.001918786149210201
2007-03-01,1,3,Prokaryote-dominated late-year state,PAR,31.47466,-0.0002245427146711556
2007-03-01,1,3,Prokaryote-dominated late-year state,PDO,-1.1,0.0005680313493937191
2007-03-01,1,3,Prokaryote-dominated late-year state,NINO_3.4,-0.15,0.0006296971697132471
2007-03-01,1,3,Prokaryote-dominated late-year state,WPI,-1.06,-0.0005194919843249951
2007-03-01,1,3,Prokaryote-dominated late-year state,MHW_MeanInt,0.0523647331757439,0.00034625437684472046
2007-03-01,1,3,Prokaryote-dominated late-year state,MHW_MaxInt,0.0558190612424921,0.00026409409991359436
2007-03-01,1,3,Prokaryote-dominated late-year state,MHW_CumInt,0.4023756233956552,0.00022834185316575407
2007-04-01,1,3,Prokaryote-dominated late-year state,SST,12.42657,-0.010204930471741374
2007-04-01,1,3,Prokaryote-dominated late-year state,NO3,2.309976,0.0012762267044165354
2007-04-01,1,3,Prokaryote-dominated late-year state,PO4,0.0186423,0.0011039140857068265
2007-04-01,1,3,Prokaryote-dominated late-year state,SPCo2,29.08679,0.002382203279617023
2007-04-01,1,3,Prokaryote-dominated late-year state,MLD,14.71737,0.003331423997363319
2007-04-01,1,3,Prokaryote-dominated late-year state,SSS,32.61337,-1.9781059634067347e-05
2007-04-01,1,3,Prokaryote-dominated late-year state,SSH,0.165553,0.00032605212497136194
2007-04-01,1,3,Prokaryote-dominated late-year state,PAR,40.34549,-0.0004884641301836962
2007-04-01,1,3,Prokaryote-dominated late-year state,PDO,-0.46,0.0005382063238960713
2007-04-01,1,3,Prokaryote-dominated late-year state,NINO_3.4,-0.16,0.0009900538442237268
2007-04-01,1,3,Prokaryote-dominated late-year state,WPI,-1.61,-0.0007304505969880264
2007-04-01,1,3,Prokaryote-dominated late-year state,MHW_MeanInt,0.2847224754752958,0.0004188707263964325
2007-04-01,1,3,Prokaryote-dominated late-year state,MHW_MaxInt,0.3283234635785101,0.0006590888244752269
2007-04-01,1,3,Prokaryote-dominated late-year state,MHW_CumInt,1.7674988684262103,0.0004175863474806519
2007-05-01,2,3,Prokaryote-dominated late-year state,SST,16.44182,-0.012188890587830747
2007-05-01,2,3,Prokaryote-dominated late-year state,NO3,3.470253,0.004969496464287195
2007-05-01,2,3,Prokaryote-dominated late-year state,PO4,0.009857457,-0.008524415687411451
2007-05-01,2,3,Prokaryote-dominated late-year state,SPCo2,33.95785,0.003155769162075427
2007-05-01,2,3,Prokaryote-dominated late-year state,MLD,10.82759,-0.0016724417630941725
2007-05-01,2,3,Prokaryote-dominated late-year state,SSS,32.31501,0.00310287753369885
2007-05-01,2,3,Prokaryote-dominated late-year state,SSH,0.1768028,-0.001818218169335546
2007-05-01,2,3,Prokaryote-dominated late-year state,PAR,46.6361,0.0015318925447770084
2007-05-01,2,3,Prokaryote-dominated late-year state,PDO,-0.29,0.0020945914544504146
2007-05-01,2,3,Prokaryote-dominated late-year state,NINO_3.4,-0.39,0.004969844769104576
2007-05-01,2,3,Prokaryote-dominated late-year state,WPI,-0.66,0.0011674473855104496
2007-05-01,2,3,Prokaryote-dominated late-year state,MHW_MeanInt,0.2826331560622055,0.0005516699233506037
2007-05-01,2,3,Prokaryote-dominated late-year state,MHW_MaxInt,0.3204338091248662,0.001473735854934856
2007-05-01,2,3,Prokaryote-dominated late-year state,MHW_CumInt,1.856260552831901,0.0011866411154825315
2007-06-01,2,3,Prokaryote-dominated late-year state,SST,20.45933,-0.009728781940779928
2007-06-01,2,3,Prokaryote-dominated late-year state,NO3,4.642597,0.0058377750478800835
2007-06-01,2,3,Prokaryote-dominated late-year state,PO4,0.01534503,0.001882835756319679
2007-06-01,2,3,Prokaryote-dominated late-year state,SPCo2,39.61281,0.00045750424959327326
2007-06-01,2,3,Prokaryote-dominated late-year state,MLD,10.4016,-0.01062166274523276
2007-06-01,2,3,Prokaryote-dominated late-year state,SSS,32.0024,0.007180096850571264
2007-06-01,2,3,Prokaryote-dominated late-year state,SSH,0.1996933,-0.0022377827938864503
2007-06-01,2,3,Prokaryote-dominated late-year state,PAR,46.0014,0.0011620224837831973
2007-06-01,2,3,Prokaryote-dominated late-year state,PDO,-0.07,0.0006286008778199791
2007-06-01,2,3,Prokaryote-dominated late-year state,NINO_3.4,-0.16,0.004206388444720918
2007-06-01,2,3,Prokaryote-dominated late-year state,WPI,-0.17,0.0006709868155541082
2007-06-01,2,3,Prokaryote-dominated late-year state,MHW_MeanInt,0.4829212157186215,0.0006918768756383414
2007-06-01,2,3,Prokaryote-dominated late-year state,MHW_MaxInt,0.5761822606414964,0.0005851427563224468
2007-06-01,2,3,Prokaryote-dominated late-year state,MHW_CumInt,5.920009128962959,-0.0007150026783041724
2007-07-01,2,3,Prokaryote-dominated late-year state,SST,24.51655,-0.007226597115522509
2007-07-01,2,3,Prokaryote-dominated late-year state,NO3,5.822251,0.0023125955719230148
2007-07-01,2,3,Prokaryote-dominated late-year state,PO4,0.02469809,0.0013286145357531026
2007-07-01,2,3,Prokaryote-dominated late-year state,SPCo2,42.66946,-0.00360527325596398
2007-07-01,2,3,Prokaryote-dominated late-year state,MLD,10.33064,-0.01036192263580081
2007-07-01,2,3,Prokaryote-dominated late-year state,SSS,31.68085,0.009882099613736409
2007-07-01,2,3,Prokaryote-dominated late-year state,SSH,0.2373758,0.0008417124895538255
2007-07-01,2,3,Prokaryote-dominated late-year state,PAR,45.90391,0.0028297911352048863
2007-07-01,2,3,Prokaryote-dominated late-year state,PDO,0.43,-0.0003209368830400419
2007-07-01,2,3,Prokaryote-dominated late-year state,NINO_3.4,-0.37,0.0022336170577948325
2007-07-01,2,3,Prokaryote-dominated late-year state,WPI,-0.09,0.0004937493639950787
2007-07-01,2,3,Prokaryote-dominated late-year state,MHW_MeanInt,0.8909216292651344,0.0009509073173191343
2007-07-01,2,3,Prokaryote-dominated late-year state,MHW_MaxInt,1.0275554480902926,0.0011739596954049092
2007-07-01,2,3,Prokaryote-dominated late-year state,MHW_CumInt,7.457765134134007,-0.0005323168903578782
2007-08-01,2,3,Prokaryote-dominated late-year state,SST,26.72836,-0.010412163988331547
2007-08-01,2,3,Prokaryote-dominated late-year state,NO3,6.719602,-0.008903893672202724
2007-08-01,2,3,Prokaryote-dominated late-year state,PO4,0.01599815,0.0028069755454361565
2007-08-01,2,3,Prokaryote-dominated late-year state,SPCo2,42.34357,-0.0026956545961923342
2007-08-01,2,3,Prokaryote-dominated late-year state,MLD,10.96235,-0.0038926256084409055
2007-08-01,2,3,Prokaryote-dominated late-year state,SSS,31.53442,0.012875493275105033
2007-08-01,2,3,Prokaryote-dominated late-year state,SSH,0.2866586,0.002261017775112708
2007-08-01,2,3,Prokaryote-dominated late-year state,PAR,43.70644,0.004990312465533191
2007-08-01,2,3,Prokaryote-dominated late-year state,PDO,0.09,0.0009379059646835933
2007-08-01,2,3,Prokaryote-dominated late-year state,NINO_3.4,-0.57,-0.0006083622623013335
2007-08-01,2,3,Prokaryote-dominated late-year state,WPI,0.02,0.0005719184437877354
2007-08-01,2,3,Prokaryote-dominated late-year state,MHW_MeanInt,0.1967207167944852,0.0005639804420718974
2007-08-01,2,3,Prokaryote-dominated late-year state,MHW_MaxInt,0.2528957114781789,0.00036754512110083427
2007-08-01,2,3,Prokaryote-dominated late-year state,MHW_CumInt,2.447323865458765,0.0011375510946376943
2007-09-01,3,3,Prokaryote-dominated late-year state,SST,25.10263,-0.00995745699526242
2007-09-01,3,3,Prokaryote-dominated late-year state,NO3,5.285509,0.0015632564054239924
2007-09-01,3,3,Prokaryote-dominated late-year state,PO4,0.01295209,0.002282434801235519
2007-09-01,3,3,Prokaryote-dominated late-year state,SPCo2,38.14229,-0.0013267583877666993
2007-09-01,3,3,Prokaryote-dominated late-year state,MLD,13.17772,-0.0016791504352344736
2007-09-01,3,3,Prokaryote-dominated late-year state,SSS,31.61355,0.0050912694195306306
2007-09-01,3,3,Prokaryote-dominated late-year state,SSH,0.3211495,0.0029614106540560544
2007-09-01,3,3,Prokaryote-dominated late-year state,PAR,35.02799,-0.0009697464625798434
2007-09-01,3,3,Prokaryote-dominated late-year state,PDO,-0.97,0.0014671117980534535
2007-09-01,3,3,Prokaryote-dominated late-year state,NINO_3.4,-1.04,-0.002948339874569899
2007-09-01,3,3,Prokaryote-dominated late-year state,WPI,1.2,-0.00025123999849516567
2007-09-01,3,3,Prokaryote-dominated late-year state,MHW_MeanInt,0.2831064159481005,0.0013002100276710263
2007-09-01,3,3,Prokaryote-dominated late-year state,MHW_MaxInt,0.3559957984874523,0.0012160325050708774
2007-09-01,3,3,Prokaryote-dominated late-year state,MHW_CumInt,2.130864800574984,0.0012509665428669496
2007-10-01,3,3,Prokaryote-dominated late-year state,SST,21.9488,-0.01264530707731733
2007-10-01,3,3,Prokaryote-dominated late-year state,NO3,4.417446,0.005953147104543366
2007-10-01,3,3,Prokaryote-dominated late-year state,PO4,0.01404054,0.0013894482132432865
2007-10-01,3,3,Prokaryote-dominated late-year state,SPCo2,33.59973,-1.730444015530168e-05
2007-10-01,3,3,Prokaryote-dominated late-year state,MLD,21.02272,-4.3703442275790025e-05
2007-10-01,3,3,Prokaryote-dominated late-year state,SSS,31.93431,0.003908537640270435
2007-10-01,3,3,Prokaryote-dominated late-year state,SSH,0.2882391,0.0023361526628322272
2007-10-01,3,3,Prokaryote-dominated late-year state,PAR,29.19779,0.0002080765683090443
2007-10-01,3,3,Prokaryote-dominated late-year state,PDO,-2.33,0.0005541319739981831
2007-10-01,3,3,Prokaryote-dominated late-year state,NINO_3.4,-1.4,-0.0030902886069747626
2007-10-01,3,3,Prokaryote-dominated late-year state,WPI,0.4,-2.356659849826529e-05
2007-10-01,3,3,Prokaryote-dominated late-year state,MHW_MeanInt,0.0212580891932778,0.0002504119844573274
2007-10-01,3,3,Prokaryote-dominated late-year state,MHW_MaxInt,0.0299988936756699,0.0005947801388884837
2007-10-01,3,3,Prokaryote-dominated late-year state,MHW_CumInt,0.4052037402765224,0.0006254838786790967
2007-11-01,3,3,Prokaryote-dominated late-year state,SST,17.88752,-0.013373923205260697
2007-11-01,3,3,Prokaryote-dominated late-year state,NO3,3.552208,0.0043452454209270686
2007-11-01,3,3,Prokaryote-dominated late-year state,PO4,0.02604395,0.0016525817624277572
2007-11-01,3,3,Prokaryote-dominated late-year state,SPCo2,29.31777,-0.002045162850816258
2007-11-01,3,3,Prokaryote-dominated late-year state,MLD,30.22313,0.001854400924617868
2007-11-01,3,3,Prokaryote-dominated late-year state,SSS,32.18146,0.002064217221523168
2007-11-01,3,3,Prokaryote-dominated late-year state,SSH,0.2989783,0.0026233750473983273
2007-11-01,3,3,Prokaryote-dominated late-year state,PAR,22.13538,0.0018613864531586012
2007-11-01,3,3,Prokaryote-dominated late-year state,PDO,-1.46,0.0016140092871413548
2007-11-01,3,3,Prokaryote-dominated late-year state,NINO_3.4,-1.58,-0.0027169314493041725
2007-11-01,3,3,Prokaryote-dominated late-year state,WPI,-0.04,0.00040357647061004773
2007-11-01,3,3,Prokaryote-dominated late-year state,MHW_MeanInt,0.1910089171176959,0.0008024237578714686
2007-11-01,3,3,Prokaryote-dominated late-year state,MHW_MaxInt,0.2336674104487641,0.0004967170901480375
2007-11-01,3,3,Prokaryote-dominated late-year state,MHW_CumInt,2.7725360468428457,0.0004180840695574295
2007-12-01,1,3,Prokaryote-dominated late-year state,SST,14.30564,-0.01460257849722344
2007-12-01,1,3,Prokaryote-dominated late-year state,NO3,2.875592,-0.0012049496499971764
2007-12-01,1,3,Prokaryote-dominated late-year state,PO4,0.03602836,0.002810585238403137
2007-12-01,1,3,Prokaryote-dominated late-year state,SPCo2,26.40459,0.0007556103946352151
2007-12-01,1,3,Prokaryote-dominated late-year state,MLD,36.1739,0.005854023003912097
2007-12-01,1,3,Prokaryote-dominated late-year state,SSS,32.38774,0.0019907973347718867
2007-12-01,1,3,Prokaryote-dominated late-year state,SSH,0.2380445,0.002649475021103428
2007-12-01,1,3,Prokaryote-dominated late-year state,PAR,15.85815,-0.0008849234452051061
2007-12-01,1,3,Prokaryote-dominated late-year state,PDO,-0.87,0.0015116077981657434
2007-12-01,1,3,Prokaryote-dominated late-year state,NINO_3.4,-1.61,-0.0005496443183032281
2007-12-01,1,3,Prokaryote-dominated late-year state,WPI,0.37,0.0018195050601535715
2007-12-01,1,3,Prokaryote-dominated late-year state,MHW_MeanInt,0.5885230310911163,0.00014001817649938818
2007-12-01,1,3,Prokaryote-dominated late-year state,MHW_MaxInt,0.8011031688397368,-0.0003701967929782845
2007-12-01,1,3,Prokaryote-dominated late-year state,MHW_CumInt,5.012849322427098,8.067067606275572e-05
2008-01-01,3,3,Prokaryote-dominated late-year state,SST,10.85685,-0.007857122165297388
2008-01-01,3,3,Prokaryote-dominated late-year state,NO3,2.037807,0.003987864164621882
2008-01-01,3,3,Prokaryote-dominated late-year state,PO4,0.05615972,0.004686398018548737
2008-01-01,3,3,Prokaryote-dominated late-year state,SPCo2,24.87666,-0.00140149764093002
2008-01-01,3,3,Prokaryote-dominated late-year state,MLD,40.77784,0.004874402109630519
2008-01-01,3,3,Prokaryote-dominated late-year state,SSS,32.57262,0.003919643098905421
2008-01-01,3,3,Prokaryote-dominated late-year state,SSH,0.2036234,0.0017890032225704189
2008-01-01,3,3,Prokaryote-dominated late-year state,PAR,15.46411,-0.00014550169536035185
2008-01-01,3,3,Prokaryote-dominated late-year state,PDO,-1.5,0.0018292035951055867
2008-01-01,3,3,Prokaryote-dominated late-year state,NINO_3.4,-1.79,-0.016148599710653015
2008-01-01,3,3,Prokaryote-dominated late-year state,WPI,0.92,-1.4236483016789026e-06
2008-01-01,3,3,Prokaryote-dominated late-year state,MHW_MeanInt,0.1346960260339588,0.0008256299288318085
2008-01-01,3,3,Prokaryote-dominated late-year state,MHW_MaxInt,0.1787159708984016,0.001153853818428858
2008-01-01,3,3,Prokaryote-dominated late-year state,MHW_CumInt,0.967506193766878,0.002488146903899221
2008-02-01,1,3,Prokaryote-dominated late-year state,SST,9.153059,-0.0037593436684072675
2008-02-01,1,3,Prokaryote-dominated late-year state,NO3,1.455023,-0.001995689480295933
2008-02-01,1,3,Prokaryote-dominated late-year state,PO4,0.05570071,0.005693042388382912
2008-02-01,1,3,Prokaryote-dominated late-year state,SPCo2,23.96267,-0.011833885650481697
2008-02-01,1,3,Prokaryote-dominated late-year state,MLD,42.73908,0.004546067658048212
2008-02-01,1,3,Prokaryote-dominated late-year state,SSS,32.6525,0.0074544890946137395
2008-02-01,1,3,Prokaryote-dominated late-year state,SSH,0.1556007,0.0046962193956031455
2008-02-01,1,3,Prokaryote-dominated late-year state,PAR,26.48835,0.002328516494670673
2008-02-01,1,3,Prokaryote-dominated late-year state,PDO,-1.46,0.001438187619281805
2008-02-01,1,3,Prokaryote-dominated late-year state,NINO_3.4,-1.7,-0.014329631288818118
2008-02-01,1,3,Prokaryote-dominated late-year state,WPI,0.01,0.0008754165899973573
2008-02-01,1,3,Prokaryote-dominated late-year state,MHW_MeanInt,0.1772862132372879,0.0010216383483259153
2008-02-01,1,3,Prokaryote-dominated late-year state,MHW_MaxInt,0.2304262651034306,0.001265385734038148
2008-02-01,1,3,Prokaryote-dominated late-year state,MHW_CumInt,1.403552029459009,0.0025995867650411065
2008-03-01,1,3,Prokaryote-dominated late-year state,SST,9.525187,-0.009639165151630541
2008-03-01,1,3,Prokaryote-dominated late-year state,NO3,1.758864,0.0030289140229993626
2008-03-01,1,3,Prokaryote-dominated late-year state,PO4,0.02884287,0.0017836094976234195
2008-03-01,1,3,Prokaryote-dominated late-year state,SPCo2,26.02903,-0.00010282364584428142
2008-03-01,1,3,Prokaryote-dominated late-year state,MLD,20.72254,0.0046482749255757965
2008-03-01,1,3,Prokaryote-dominated late-year state,SSS,32.68032,-0.002133818261779738
2008-03-01,1,3,Prokaryote-dominated late-year state,SSH,0.1523019,0.003002599876093316
2008-03-01,1,3,Prokaryote-dominated late-year state,PAR,35.61345,0.0002021676255692246
2008-03-01,1,3,Prokaryote-dominated late-year state,PDO,-1.26,0.0011777478048699474
2008-03-01,1,3,Prokaryote-dominated late-year state,NINO_3.4,-1.17,-0.0018646673339619555
2008-03-01,1,3,Prokaryote-dominated late-year state,WPI,-1.35,-0.00020932611929389445
2008-03-01,1,3,Prokaryote-dominated late-year state,MHW_MeanInt,0.5457949446306228,5.3174773780063226e-05
2008-03-01,1,3,Prokaryote-dominated late-year state,MHW_MaxInt,0.6934475594782531,0.00014035972843659113
2008-03-01,1,3,Prokaryote-dominated late-year state,MHW_CumInt,3.84732863451242,-8.704774243730428e-05
2008-04-01,1,3,Prokaryote-dominated late-year state,SST,11.90121,-0.011237956329260487
2008-04-01,1,3,Prokaryote-dominated late-year state,NO3,2.405792,0.001026148940089992
2008-04-01,1,3,Prokaryote-dominated late-year state,PO4,0.01312351,0.0012914398242523102
2008-04-01,1,3,Prokaryote-dominated late-year state,SPCo2,30.24962,0.0025179794229462887
2008-04-01,1,3,Prokaryote-dominated late-year state,MLD,12.6103,0.001531550223488032
2008-04-01,1,3,Prokaryote-dominated late-year state,SSS,32.55141,0.000985497030743454
2008-04-01,1,3,Prokaryote-dominated late-year state,SSH,0.1934475,0.0014535791700678376
2008-04-01,1,3,Prokaryote-dominated late-year state,PAR,39.37224,-0.00010265756433283261
2008-04-01,1,3,Prokaryote-dominated late-year state,PDO,-1.79,-0.000190933805299845
2008-04-01,1,3,Prokaryote-dominated late-year state,NINO_3.4,-0.89,-0.0003607764811966427
2008-04-01,1,3,Prokaryote-dominated late-year state,WPI,0.28,0.00047022162577054595
2008-04-01,1,3,Prokaryote-dominated late-year state,MHW_MeanInt,0.0588901626272673,0.0006968212087061974
2008-04-01,1,3,Prokaryote-dominated late-year state,MHW_MaxInt,0.0751360560709242,0.0004950928984387866
2008-04-01,1,3,Prokaryote-dominated late-year state,MHW_CumInt,0.4258024220362237,0.0014239938355863637
2008-05-01,2,3,Prokaryote-dominated late-year state,SST,16.151,-0.012185427129334738
2008-05-01,2,3,Prokaryote-dominated late-year state,NO3,3.477464,0.0027479693604728337
2008-05-01,2,3,Prokaryote-dominated late-year state,PO4,0.008078892,-0.00979259557656731
2008-05-01,2,3,Prokaryote-dominated late-year state,SPCo2,34.83271,0.00472675103042486
2008-05-01,2,3,Prokaryote-dominated late-year state,MLD,11.24879,0.0020655229108984337
2008-05-01,2,3,Prokaryote-dominated late-year state,SSS,32.32788,0.0062522551646826945
2008-05-01,2,3,Prokaryote-dominated late-year state,SSH,0.2033094,0.0012599756595860988
2008-05-01,2,3,Prokaryote-dominated late-year state,PAR,46.6053,0.001247162152686743
2008-05-01,2,3,Prokaryote-dominated late-year state,PDO,-1.62,0.002145353645886257
2008-05-01,2,3,Prokaryote-dominated late-year state,NINO_3.4,-0.64,0.0019660954484657846
2008-05-01,2,3,Prokaryote-dominated late-year state,WPI,-0.66,0.002407657061360015
2008-05-01,2,3,Prokaryote-dominated late-year state,MHW_MeanInt,0.0053703536486181,-0.001205268432895197
2008-05-01,2,3,Prokaryote-dominated late-year state,MHW_MaxInt,0.007341578322515,-0.0035162488794951434
2008-05-01,2,3,Prokaryote-dominated late-year state,MHW_CumInt,0.0445969275132429,0.0018807975838286868
2008-06-01,2,3,Prokaryote-dominated late-year state,SST,20.15845,-0.00902388941131869
2008-06-01,2,3,Prokaryote-dominated late-year state,NO3,4.632925,0.006752485488110794
2008-06-01,2,3,Prokaryote-dominated late-year state,PO4,0.01344156,0.0016418212441514154
2008-06-01,2,3,Prokaryote-dominated late-year state,SPCo2,39.13628,-0.0009116138971100638
2008-06-01,2,3,Prokaryote-dominated late-year state,MLD,10.54115,-0.012901532579602238
2008-06-01,2,3,Prokaryote-dominated late-year state,SSS,31.94921,0.006114549746424899
2008-06-01,2,3,Prokaryote-dominated late-year state,SSH,0.2309363,0.0005979325466072236
2008-06-01,2,3,Prokaryote-dominated late-year state,PAR,40.54742,0.003817446365287531
2008-06-01,2,3,Prokaryote-dominated late-year state,PDO,-1.85,3.3664104126345193e-06
2008-06-01,2,3,Prokaryote-dominated late-year state,NINO_3.4,-0.44,0.0023792705505006916
2008-06-01,2,3,Prokaryote-dominated late-year state,WPI,-0.36,0.0005422913594923189
2008-06-01,2,3,Prokaryote-dominated late-year state,MHW_MeanInt,0.7524007812057909,0.0006652918964123286
2008-06-01,2,3,Prokaryote-dominated late-year state,MHW_MaxInt,0.9558590780922516,0.0009357199274152184
2008-06-01,2,3,Prokaryote-dominated late-year state,MHW_CumInt,6.3843911531777335,-0.0006131396467840678
2008-07-01,2,3,Prokaryote-dominated late-year state,SST,24.67235,-0.007095040602969339
2008-07-01,2,3,Prokaryote-dominated late-year state,NO3,6.073542,0.0030391234802007493
2008-07-01,2,3,Prokaryote-dominated late-year state,PO4,0.01460345,0.0022573408411001978
2008-07-01,2,3,Prokaryote-dominated late-year state,SPCo2,42.62746,-0.0036178869744575813
2008-07-01,2,3,Prokaryote-dominated late-year state,MLD,10.45675,-0.010201961304636364
2008-07-01,2,3,Prokaryote-dominated late-year state,SSS,31.6737,0.009772479448494307
2008-07-01,2,3,Prokaryote-dominated late-year state,SSH,0.2394875,0.0008815244640523324
2008-07-01,2,3,Prokaryote-dominated late-year state,PAR,47.43447,0.0018479495262512017
2008-07-01,2,3,Prokaryote-dominated late-year state,PDO,-1.96,-0.0003404318227497444
2008-07-01,2,3,Prokaryote-dominated late-year state,NINO_3.4,-0.04,0.002527944944167844
2008-07-01,2,3,Prokaryote-dominated late-year state,WPI,0.02,0.0003763978943026505
2008-07-01,2,3,Prokaryote-dominated late-year state,MHW_MeanInt,0.4652034048384031,0.0004022076517858
2008-07-01,2,3,Prokaryote-dominated late-year state,MHW_MaxInt,0.565028368318662,4.4384622101728605e-05
2008-07-01,2,3,Prokaryote-dominated late-year state,MHW_CumInt,3.0494316709953746,0.00010596783235620733
2008-08-01,3,3,Prokaryote-dominated late-year state,SST,26.72248,-0.014019164293274933
2008-08-01,3,3,Prokaryote-dominated late-year state,NO3,5.606761,0.002455095424815267
2008-08-01,3,3,Prokaryote-dominated late-year state,PO4,0.02109727,0.0023547701786891056
2008-08-01,3,3,Prokaryote-dominated late-year state,SPCo2,42.27939,-0.0032887359260689326
2008-08-01,3,3,Prokaryote-dominated late-year state,MLD,11.2099,-0.0019433750776002212
2008-08-01,3,3,Prokaryote-dominated late-year state,SSS,31.49276,0.008125542849729947
2008-08-01,3,3,Prokaryote-dominated late-year state,SSH,0.2747711,0.0015795139532411423
2008-08-01,3,3,Prokaryote-dominated late-year state,PAR,45.29633,-0.00013457886367419902
2008-08-01,3,3,Prokaryote-dominated late-year state,PDO,-1.85,0.0003819674593502691
2008-08-01,3,3,Prokaryote-dominated late-year state,NINO_3.4,-0.04,0.0023085334082987912
2008-08-01,3,3,Prokaryote-dominated late-year state,WPI,-1.32,0.0005102864145137496
2008-08-01,3,3,Prokaryote-dominated late-year state,MHW_MeanInt,0.3970739919017811,0.0006466570442972021
2008-08-01,3,3,Prokaryote-dominated late-year state,MHW_MaxInt,0.4840184020769286,0.0006366476269789892
2008-08-01,3,3,Prokaryote-dominated late-year state,MHW_CumInt,2.670017716827173,0.00038683980070382685
2008-09-01,3,3,Prokaryote-dominated late-year state,SST,25.17165,-0.01170788969457048
2008-09-01,3,3,Prokaryote-dominated late-year state,NO3,4.696881,0.004962699136415638
2008-09-01,3,3,Prokaryote-dominated late-year state,PO4,0.01763775,0.0013392725002769447
2008-09-01,3,3,Prokaryote-dominated late-year state,SPCo2,38.81409,-0.0004949457499243572
2008-09-01,3,3,Prokaryote-dominated late-year state,MLD,13.49127,-0.000813148541631588
2008-09-01,3,3,Prokaryote-dominated late-year state,SSS,31.59743,0.0035149754444290075
2008-09-01,3,3,Prokaryote-dominated late-year state,SSH,0.2709088,0.0013862476123220186
2008-09-01,3,3,Prokaryote-dominated late-year state,PAR,37.42095,-0.0003567088211969952
2008-09-01,3,3,Prokaryote-dominated late-year state,PDO,-1.87,0.0001448567206605081
2008-09-01,3,3,Prokaryote-dominated late-year state,NINO_3.4,-0.28,0.0010880750307218881
2008-09-01,3,3,Prokaryote-dominated late-year state,WPI,-0.83,3.400772230311414e-05
2008-09-01,3,3,Prokaryote-dominated late-year state,MHW_MeanInt,0.1733083283956032,0.00011122835070112943
2008-09-01,3,3,Prokaryote-dominated late-year state,MHW_MaxInt,0.2221931062652008,0.0003884251247657237
2008-09-01,3,3,Prokaryote-dominated late-year state,MHW_CumInt,1.732077477682666,0.0004029051647274386
2008-10-01,3,3,Prokaryote-dominated late-year state,SST,22.15999,-0.011881948755436168
2008-10-01,3,3,Prokaryote-dominated late-year state,NO3,4.197331,0.004344927204627077
2008-10-01,3,3,Prokaryote-dominated late-year state,PO4,0.01193336,0.0009699053383518885
2008-10-01,3,3,Prokaryote-dominated late-year state,SPCo2,34.06417,0.00013153507966551464
2008-10-01,3,3,Prokaryote-dominated late-year state,MLD,19.87343,-0.0007484664795277541
2008-10-01,3,3,Prokaryote-dominated late-year state,SSS,31.91862,0.0034993438397542213
2008-10-01,3,3,Prokaryote-dominated late-year state,SSH,0.2892448,0.001342312606864251
2008-10-01,3,3,Prokaryote-dominated late-year state,PAR,29.08485,-0.00010111014715501349
2008-10-01,3,3,Prokaryote-dominated late-year state,PDO,-1.9,1.571252915143559e-05
2008-10-01,3,3,Prokaryote-dominated late-year state,NINO_3.4,-0.3,0.0006932318332583407
2008-10-01,3,3,Prokaryote-dominated late-year state,WPI,0.19,-2.391383229312964e-05
2008-10-01,3,3,Prokaryote-dominated late-year state,MHW_MeanInt,0.3141360590610229,0.0006641865591871654
2008-10-01,3,3,Prokaryote-dominated late-year state,MHW_MaxInt,0.3926747339348722,0.0008703475275566526
2008-10-01,3,3,Prokaryote-dominated late-year state,MHW_CumInt,2.43991784234964,0.00022393669599551604
2008-11-01,3,3,Prokaryote-dominated late-year state,SST,18.23831,-0.012884153231344096
2008-11-01,3,3,Prokaryote-dominated late-year state,NO3,3.482705,0.004667540190385311
2008-11-01,3,3,Prokaryote-dominated late-year state,PO4,0.02302186,0.001991528571258859
2008-11-01,3,3,Prokaryote-dominated late-year state,SPCo2,30.04029,-0.002300511766429971
2008-11-01,3,3,Prokaryote-dominated late-year state,MLD,26.67353,0.0014428717844883554
2008-11-01,3,3,Prokaryote-dominated late-year state,SSS,32.15402,0.0028599585452883532
2008-11-01,3,3,Prokaryote-dominated late-year state,SSH,0.2555335,0.0015116317316805654
2008-11-01,3,3,Prokaryote-dominated late-year state,PAR,20.27732,-0.0010953462600635441
2008-11-01,3,3,Prokaryote-dominated late-year state,PDO,-1.59,0.0008914541912258806
2008-11-01,3,3,Prokaryote-dominated late-year state,NINO_3.4,-0.37,0.0002271410270544314
2008-11-01,3,3,Prokaryote-dominated late-year state,WPI,0.33,0.00032163235901358365
2008-11-01,3,3,Prokaryote-dominated late-year state,MHW_MeanInt,0.1154350625823871,0.0010462758320350727
2008-11-01,3,3,Prokaryote-dominated late-year state,MHW_MaxInt,0.1326746176567272,0.000724090499621443
2008-11-01,3,3,Prokaryote-dominated late-year state,MHW_CumInt,1.0707257943810706,0.0005958865257857547
2008-12-01,1,3,Prokaryote-dominated late-year state,SST,13.74592,-0.01183192227428468
2008-12-01,1,3,Prokaryote-dominated late-year state,NO3,2.650269,0.0005249814325147347
2008-12-01,1,3,Prokaryote-dominated late-year state,PO4,0.03515482,0.0021458664353022103
2008-12-01,1,3,Prokaryote-dominated late-year state,SPCo2,26.41239,0.0005724400110737211
2008-12-01,1,3,Prokaryote-dominated late-year state,MLD,34.30258,0.004127412973959583
2008-12-01,1,3,Prokaryote-dominated late-year state,SSS,32.4073,0.0016163184781762389
2008-12-01,1,3,Prokaryote-dominated late-year state,SSH,0.2133887,0.0012282748555611923
2008-12-01,1,3,Prokaryote-dominated late-year state,PAR,17.47706,-0.0009646074292221522
2008-12-01,1,3,Prokaryote-dominated late-year state,PDO,-1.31,0.0008883089168294231
2008-12-01,1,3,Prokaryote-dominated late-year state,NINO_3.4,-0.9,-0.0004819968363982007
2008-12-01,1,3,Prokaryote-dominated late-year state,WPI,1.01,0.00039809925353520657
2008-12-01,1,3,Prokaryote-dominated late-year state,MHW_MeanInt,0.0811330759972956,0.000634358328632426
2008-12-01,1,3,Prokaryote-dominated late-year state,MHW_MaxInt,0.0919385090725022,0.0005066951080778092
2008-12-01,1,3,Prokaryote-dominated late-year state,MHW_CumInt,0.6997261727687922,0.000635770746242491
2009-01-01,1,3,Prokaryote-dominated late-year state,SST,10.56733,-0.006598214535247498
2009-01-01,1,3,Prokaryote-dominated late-year state,NO3,1.829847,0.004394151075482039
2009-01-01,1,3,Prokaryote-dominated late-year state,PO4,0.05358773,0.005212326796519947
2009-01-01,1,3,Prokaryote-dominated late-year state,SPCo2,24.46998,-0.017298132553271364
2009-01-01,1,3,Prokaryote-dominated late-year state,MLD,40.70953,0.003863511212867754
2009-01-01,1,3,Prokaryote-dominated late-year state,SSS,32.5541,0.00507738099750086
2009-01-01,1,3,Prokaryote-dominated late-year state,SSH,0.1727764,0.0014081570800536082
2009-01-01,1,3,Prokaryote-dominated late-year state,PAR,18.4399,-2.174789456698382e-05
2009-01-01,1,3,Prokaryote-dominated late-year state,PDO,-1.81,-0.00041575606549914103
2009-01-01,1,3,Prokaryote-dominated late-year state,NINO_3.4,-1.0,0.0007337537065839158
2009-01-01,1,3,Prokaryote-dominated late-year state,WPI,0.01,0.00034876582384676523
2009-01-01,1,3,Prokaryote-dominated late-year state,MHW_MeanInt,0.2378509949681276,0.0007041177558815596
2009-01-01,1,3,Prokaryote-dominated late-year state,MHW_MaxInt,0.2977935508219341,0.0009527331332827447
2009-01-01,1,3,Prokaryote-dominated late-year state,MHW_CumInt,2.1213992159988297,0.0016389534665657744
2009-02-01,1,3,Prokaryote-dominated late-year state,SST,9.965669,-0.00865495056725972
2009-02-01,1,3,Prokaryote-dominated late-year state,NO3,1.742423,0.001028084176097815
2009-02-01,1,3,Prokaryote-dominated late-year state,PO4,0.04397479,0.0026666368010802364
2009-02-01,1,3,Prokaryote-dominated late-year state,SPCo2,24.91635,-0.0029656061553723907
2009-02-01,1,3,Prokaryote-dominated late-year state,MLD,31.99934,0.00388941179791609
2009-02-01,1,3,Prokaryote-dominated late-year state,SSS,32.6598,-0.00048772877335614485
2009-02-01,1,3,Prokaryote-dominated late-year state,SSH,0.1858674,0.0012987452105346854
2009-02-01,1,3,Prokaryote-dominated late-year state,PAR,21.59292,0.0010121331376553874
2009-02-01,1,3,Prokaryote-dominated late-year state,PDO,-1.78,-0.0007091558994559023
2009-02-01,1,3,Prokaryote-dominated late-year state,NINO_3.4,-0.71,0.0009577888568287679
2009-02-01,1,3,Prokaryote-dominated late-year state,WPI,1.71,0.00010147300694767029
2009-02-01,1,3,Prokaryote-dominated late-year state,MHW_MeanInt,0.3039776502718948,0.0005525414520551393
2009-02-01,1,3,Prokaryote-dominated late-year state,MHW_MaxInt,0.3947245758017037,0.0005533034430563849
2009-02-01,1,3,Prokaryote-dominated late-year state,MHW_CumInt,2.5439850395452788,0.0007573235132719993
2009-03-01,1,3,Prokaryote-dominated late-year state,SST,10.3221,-0.008446014402756953
2009-03-01,1,3,Prokaryote-dominated late-year state,NO3,1.650761,-0.0003644648378454796
2009-03-01,1,3,Prokaryote-dominated late-year state,PO4,0.03261236,0.0016484475882730767
2009-03-01,1,3,Prokaryote-dominated late-year state,SPCo2,26.40809,0.001205920668656452
2009-03-01,1,3,Prokaryote-dominated late-year state,MLD,25.45867,0.0038192275334984027
2009-03-01,1,3,Prokaryote-dominated late-year state,SSS,32.67359,-0.0010994367691088294
2009-03-01,1,3,Prokaryote-dominated late-year state,SSH,0.140122,0.001008830260901221
2009-03-01,1,3,Prokaryote-dominated late-year state,PAR,32.23164,0.0010377705926009242
2009-03-01,1,3,Prokaryote-dominated late-year state,PDO,-2.06,-0.0005637197304934421
2009-03-01,1,3,Prokaryote-dominated late-year state,NINO_3.4,-0.72,0.00023851973173511794
2009-03-01,1,3,Prokaryote-dominated late-year state,WPI,0.22,0.0006137551190702814
2009-03-01,1,3,Prokaryote-dominated late-year state,MHW_MeanInt,0.388911893358531,0.00033048576559539035
2009-03-01,1,3,Prokaryote-dominated late-year state,MHW_MaxInt,0.4951802951745518,5.469782016886111e-05
2009-03-01,1,3,Prokaryote-dominated late-year state,MHW_CumInt,2.8046752894523843,0.00051598065970499
2009-04-01,1,3,Prokaryote-dominated late-year state,SST,13.10787,-0.01135409089363022
2009-04-01,1,3,Prokaryote-dominated late-year state,NO3,2.230048,0.0009265402237232613
2009-04-01,1,3,Prokaryote-dominated late-year state,PO4,0.01952928,0.0013892735397128511
2009-04-01,1,3,Prokaryote-dominated late-year state,SPCo2,29.9361,0.0016411478449778459
2009-04-01,1,3,Prokaryote-dominated late-year state,MLD,14.13868,0.003878316203135269
2009-04-01,1,3,Prokaryote-dominated late-year state,SSS,32.56193,0.0009205827953585637
2009-04-01,1,3,Prokaryote-dominated late-year state,SSH,0.170954,0.0004680206763713263
2009-04-01,1,3,Prokaryote-dominated late-year state,PAR,42.95202,-0.0007950573796264097
2009-04-01,1,3,Prokaryote-dominated late-year state,PDO,-2.23,-0.0010427199880826026
2009-04-01,1,3,Prokaryote-dominated late-year state,NINO_3.4,-0.25,0.0020169592533232582
2009-04-01,1,3,Prokaryote-dominated late-year state,WPI,0.02,0.0010299134667658665
2009-04-01,1,3,Prokaryote-dominated late-year state,MHW_MeanInt,0.4161540588369243,0.0001545439829443831
2009-04-01,1,3,Prokaryote-dominated late-year state,MHW_MaxInt,0.5322080234808598,0.00022165479619848014
2009-04-01,1,3,Prokaryote-dominated late-year state,MHW_CumInt,2.5272331491769022,0.0005449154788281299
2009-05-01,2,3,Prokaryote-dominated late-year state,SST,16.72519,-0.011118101305422002
2009-05-01,2,3,Prokaryote-dominated late-year state,NO3,3.289662,0.005291758757910669
2009-05-01,2,3,Prokaryote-dominated late-year state,PO4,0.01284137,0.00241848346174177
2009-05-01,2,3,Prokaryote-dominated late-year state,SPCo2,34.94796,0.0031957977510806233
2009-05-01,2,3,Prokaryote-dominated late-year state,MLD,11.15864,-0.004680636786128724
2009-05-01,2,3,Prokaryote-dominated late-year state,SSS,32.31105,0.001590439375132399
2009-05-01,2,3,Prokaryote-dominated late-year state,SSH,0.1916929,-0.002304663800037583
2009-05-01,2,3,Prokaryote-dominated late-year state,PAR,49.61242,-0.0018372360312825663
2009-05-01,2,3,Prokaryote-dominated late-year state,PDO,-1.32,0.0010947414160824619
2009-05-01,2,3,Prokaryote-dominated late-year state,NINO_3.4,0.17,0.0034931253917541583
2009-05-01,2,3,Prokaryote-dominated late-year state,WPI,-0.67,0.0010983426029354203
2009-05-01,2,3,Prokaryote-dominated late-year state,MHW_MeanInt,0.0770455003131202,0.00043261552509734903
2009-05-01,2,3,Prokaryote-dominated late-year state,MHW_MaxInt,0.0961152486375653,0.0007987297188744843
2009-05-01,2,3,Prokaryote-dominated late-year state,MHW_CumInt,0.6210073715327548,0.0005266039222615375
2009-06-01,2,3,Prokaryote-dominated late-year state,SST,20.44709,-0.007797277844806256
2009-06-01,2,3,Prokaryote-dominated late-year state,NO3,4.863413,0.004092686233778251
2009-06-01,2,3,Prokaryote-dominated late-year state,PO4,0.01234454,0.0019099157306030966
2009-06-01,2,3,Prokaryote-dominated late-year state,SPCo2,40.04809,-0.0008649073522088245
2009-06-01,2,3,Prokaryote-dominated late-year state,MLD,10.62812,-0.011238735853455814
2009-06-01,2,3,Prokaryote-dominated late-year state,SSS,31.99682,0.008283205191094158
2009-06-01,2,3,Prokaryote-dominated late-year state,SSH,0.2224203,0.0009252075998607373
2009-06-01,2,3,Prokaryote-dominated late-year state,PAR,47.69398,0.0008489074076616369
2009-06-01,2,3,Prokaryote-dominated late-year state,PDO,-0.73,0.000747372659936624
2009-06-01,2,3,Prokaryote-dominated late-year state,NINO_3.4,0.49,0.002497195354365785
2009-06-01,2,3,Prokaryote-dominated late-year state,WPI,-1.74,-0.0005256755037779258
2009-06-01,2,3,Prokaryote-dominated late-year state,MHW_MeanInt,0.1916036418083938,0.0002619740577603745
2009-06-01,2,3,Prokaryote-dominated late-year state,MHW_MaxInt,0.2405601903249845,0.00017854428605860727
2009-06-01,2,3,Prokaryote-dominated late-year state,MHW_CumInt,1.99136828317128,0.0006815880331295504
2009-07-01,2,3,Prokaryote-dominated late-year state,SST,24.01626,-0.00750814679814672
2009-07-01,2,3,Prokaryote-dominated late-year state,NO3,5.917418,0.002967854051277853
2009-07-01,2,3,Prokaryote-dominated late-year state,PO4,0.01671528,0.0022915287496059608
2009-07-01,2,3,Prokaryote-dominated late-year state,SPCo2,42.46432,-0.003411759685836159
2009-07-01,2,3,Prokaryote-dominated late-year state,MLD,10.43759,-0.01067475006426394
2009-07-01,2,3,Prokaryote-dominated late-year state,SSS,31.58459,0.009592688855538772
2009-07-01,2,3,Prokaryote-dominated late-year state,SSH,0.2248385,0.0008644388600153677
2009-07-01,2,3,Prokaryote-dominated late-year state,PAR,44.97459,0.002696359800794196
2009-07-01,2,3,Prokaryote-dominated late-year state,PDO,-0.71,0.0003922633509920885
2009-07-01,2,3,Prokaryote-dominated late-year state,NINO_3.4,0.69,0.003017352718738988
2009-07-01,2,3,Prokaryote-dominated late-year state,WPI,1.2,-0.001109315622986924
2009-07-01,2,3,Prokaryote-dominated late-year state,MHW_MeanInt,0.430807568008436,0.0003696358867703476
2009-07-01,2,3,Prokaryote-dominated late-year state,MHW_MaxInt,0.5527462718742084,0.00014917128424826902
2009-07-01,2,3,Prokaryote-dominated late-year state,MHW_CumInt,4.608710661552521,0.00036267861325187697
2009-08-01,2,3,Prokaryote-dominated late-year state,SST,25.82717,-0.007498827715470834
2009-08-01,2,3,Prokaryote-dominated late-year state,NO3,5.723061,0.0018110571758902367
2009-08-01,2,3,Prokaryote-dominated late-year state,PO4,0.02314663,0.0012210992298431755
2009-08-01,2,3,Prokaryote-dominated late-year state,SPCo2,42.26756,-0.002041609717872087
2009-08-01,2,3,Prokaryote-dominated late-year state,MLD,11.02272,-0.005903555620445058
2009-08-01,2,3,Prokaryote-dominated late-year state,SSS,31.42508,0.006275929860760768
2009-08-01,2,3,Prokaryote-dominated late-year state,SSH,0.3127087,0.001556087052004834
2009-08-01,2,3,Prokaryote-dominated late-year state,PAR,44.64119,0.0015322759108955324
2009-08-01,2,3,Prokaryote-dominated late-year state,PDO,-0.49,0.0006452890667458921
2009-08-01,2,3,Prokaryote-dominated late-year state,NINO_3.4,0.62,0.0023568870445576833
2009-08-01,2,3,Prokaryote-dominated late-year state,WPI,0.66,-0.0006476666942364743
2009-08-01,2,3,Prokaryote-dominated late-year state,MHW_MeanInt,0.1010078652656766,0.0001737506879572315
2009-08-01,2,3,Prokaryote-dominated late-year state,MHW_MaxInt,0.1168925816031281,3.9260781594248144e-05
2009-08-01,2,3,Prokaryote-dominated late-year state,MHW_CumInt,0.8015783967045559,0.0004800229377748407
2009-09-01,3,3,Prokaryote-dominated late-year state,SST,24.78023,-0.00960096413761404
2009-09-01,3,3,Prokaryote-dominated late-year state,NO3,5.010671,0.0012182084531599479
2009-09-01,3,3,Prokaryote-dominated late-year state,PO4,0.01500423,0.0017085287559178404
2009-09-01,3,3,Prokaryote-dominated late-year state,SPCo2,38.29243,-0.0002950103056137006
2009-09-01,3,3,Prokaryote-dominated late-year state,MLD,15.2265,7.240773491713007e-05
2009-09-01,3,3,Prokaryote-dominated late-year state,SSS,31.59405,0.004863492822349038
2009-09-01,3,3,Prokaryote-dominated late-year state,SSH,0.37324,-0.0011757728024123018
2009-09-01,3,3,Prokaryote-dominated late-year state,PAR,36.99078,-0.00041199651883633813
2009-09-01,3,3,Prokaryote-dominated late-year state,PDO,0.33,0.000516574801444482
2009-09-01,3,3,Prokaryote-dominated late-year state,NINO_3.4,0.68,0.0015412779462231968
2009-09-01,3,3,Prokaryote-dominated late-year state,WPI,-1.02,0.00020143627564552506
2009-09-01,3,3,Prokaryote-dominated late-year state,MHW_MeanInt,0.2649707912542517,0.0004793118280238985
2009-09-01,3,3,Prokaryote-dominated late-year state,MHW_MaxInt,0.3317771566537492,0.0005600016192848943
2009-09-01,3,3,Prokaryote-dominated late-year state,MHW_CumInt,1.5782998525086236,0.00032250352751041146
2009-10-01,3,3,Prokaryote-dominated late-year state,SST,22.0396,-0.01177148567785856
2009-10-01,3,3,Prokaryote-dominated late-year state,NO3,4.689354,0.0033189653884161444
2009-10-01,3,3,Prokaryote-dominated late-year state,PO4,0.01473548,0.001568031942739741
2009-10-01,3,3,Prokaryote-dominated late-year state,SPCo2,33.93439,0.0001345035903052734
2009-10-01,3,3,Prokaryote-dominated late-year state,MLD,22.55996,-0.0003827924885548459
2009-10-01,3,3,Prokaryote-dominated late-year state,SSS,31.88766,0.003468214470445739
2009-10-01,3,3,Prokaryote-dominated late-year state,SSH,0.3258369,0.001759757951911303
2009-10-01,3,3,Prokaryote-dominated late-year state,PAR,31.64962,-0.00048447246083547536
2009-10-01,3,3,Prokaryote-dominated late-year state,PDO,-0.13,0.0006306421506694759
2009-10-01,3,3,Prokaryote-dominated late-year state,NINO_3.4,0.96,0.0012182363136624727
2009-10-01,3,3,Prokaryote-dominated late-year state,WPI,-2.05,-0.000769034513132849
2009-10-01,3,3,Prokaryote-dominated late-year state,MHW_MeanInt,0.2057089297840367,0.0005711030567106064
2009-10-01,3,3,Prokaryote-dominated late-year state,MHW_MaxInt,0.2603131150493665,0.0004982848657116656
2009-10-01,3,3,Prokaryote-dominated late-year state,MHW_CumInt,1.632396927764749,0.00024004540980928973
2009-11-01,3,3,Prokaryote-dominated late-year state,SST,17.8215,-0.012325569928262793
2009-11-01,3,3,Prokaryote-dominated late-year state,NO3,3.589816,0.0030419199530164324
2009-11-01,3,3,Prokaryote-dominated late-year state,PO4,0.03133217,0.002043305648018466
2009-11-01,3,3,Prokaryote-dominated late-year state,SPCo2,29.67754,-0.0010364472751408468
2009-11-01,3,3,Prokaryote-dominated late-year state,MLD,30.25666,0.0016072919044280022
2009-11-01,3,3,Prokaryote-dominated late-year state,SSS,32.17666,0.0030042487958519314
2009-11-01,3,3,Prokaryote-dominated late-year state,SSH,0.2893158,0.001997675773583597
2009-11-01,3,3,Prokaryote-dominated late-year state,PAR,17.66857,-0.0007527881314992043
2009-11-01,3,3,Prokaryote-dominated late-year state,PDO,-0.94,0.0014545224796311134
2009-11-01,3,3,Prokaryote-dominated late-year state,NINO_3.4,1.49,-0.000623906449882328
2009-11-01,3,3,Prokaryote-dominated late-year state,WPI,1.27,-0.00015232585435715653
2009-11-01,3,3,Prokaryote-dominated late-year state,MHW_MeanInt,0.0243436227048627,0.0006086022764863518
2009-11-01,3,3,Prokaryote-dominated late-year state,MHW_MaxInt,0.0315147352176697,0.0010568595859565036
2009-11-01,3,3,Prokaryote-dominated late-year state,MHW_CumInt,0.136375637470358,7.661122216990953e-05
2009-12-01,1,3,Prokaryote-dominated late-year state,SST,13.39651,-0.011132652815356902
2009-12-01,1,3,Prokaryote-dominated late-year state,NO3,2.563715,0.005062594996080246
2009-12-01,1,3,Prokaryote-dominated late-year state,PO4,0.04635568,0.0031955251548578694
2009-12-01,1,3,Prokaryote-dominated late-year state,SPCo2,26.33494,0.0014253816537161072
2009-12-01,1,3,Prokaryote-dominated late-year state,MLD,38.53873,0.0017286534978232415
2009-12-01,1,3,Prokaryote-dominated late-year state,SSS,32.40301,0.0034016006219281057
2009-12-01,1,3,Prokaryote-dominated late-year state,SSH,0.2670951,0.0016623903339308174
2009-12-01,1,3,Prokaryote-dominated late-year state,PAR,15.67848,-0.002009126718226874
2009-12-01,1,3,Prokaryote-dominated late-year state,PDO,-0.51,0.00173934947181168
2009-12-01,1,3,Prokaryote-dominated late-year state,NINO_3.4,1.81,-0.0036016642884733087
2009-12-01,1,3,Prokaryote-dominated late-year state,WPI,-1.07,-0.000643035055289693
2009-12-01,1,3,Prokaryote-dominated late-year state,MHW_MeanInt,0.005259331137109,0.003245094629328339
2009-12-01,1,3,Prokaryote-dominated late-year state,MHW_MaxInt,0.0057109665878036,-0.0026275751987492875
2009-12-01,1,3,Prokaryote-dominated late-year state,MHW_CumInt,0.0262966556855453,-0.0014465362833803543
2010-01-01,1,3,Prokaryote-dominated late-year state,SST,10.2186,-0.005471888522603046
2010-01-01,1,3,Prokaryote-dominated late-year state,NO3,1.900383,0.005028810263606918
2010-01-01,1,3,Prokaryote-dominated late-year state,PO4,0.06019795,0.00463819619428377
2010-01-01,1,3,Prokaryote-dominated late-year state,SPCo2,24.30549,-0.016752659196880997
2010-01-01,1,3,Prokaryote-dominated late-year state,MLD,42.30539,0.0031180283642514963
2010-01-01,1,3,Prokaryote-dominated late-year state,SSS,32.56844,0.004759145022347192
2010-01-01,1,3,Prokaryote-dominated late-year state,SSH,0.2046967,0.0017256144651668066
2010-01-01,1,3,Prokaryote-dominated late-year state,PAR,17.88068,0.00020100711720143823
2010-01-01,1,3,Prokaryote-dominated late-year state,PDO,0.05,0.0013411351005628155
2010-01-01,1,3,Prokaryote-dominated late-year state,NINO_3.4,1.43,-0.0012283840390881434
2010-01-01,1,3,Prokaryote-dominated late-year state,WPI,0.47,0.0005982140013234775
2010-01-01,1,3,Prokaryote-dominated late-year state,MHW_MeanInt,0.0295923308382362,0.00017795730705185876
2010-01-01,1,3,Prokaryote-dominated late-year state,MHW_MaxInt,0.0359435728663569,0.0007705189229425297
2010-01-01,1,3,Prokaryote-dominated late-year state,MHW_CumInt,0.2141182419850772,0.0010943049998338697
2010-02-01,1,3,Prokaryote-dominated late-year state,SST,8.796714,-0.00715480823551901
2010-02-01,1,3,Prokaryote-dominated late-year state,NO3,1.735985,0.004804461189450348
2010-02-01,1,3,Prokaryote-dominated late-year state,PO4,0.05531385,0.005260590338284137
2010-02-01,1,3,Prokaryote-dominated late-year state,SPCo2,24.55688,-0.01598346873436874
2010-02-01,1,3,Prokaryote-dominated late-year state,MLD,34.16289,0.005716671989824363
2010-02-01,1,3,Prokaryote-dominated late-year state,SSS,32.66602,0.002682257968281373
2010-02-01,1,3,Prokaryote-dominated late-year state,SSH,0.2491098,0.001440870544781063
2010-02-01,1,3,Prokaryote-dominated late-year state,PAR,20.94246,0.0019558650860049456
2010-02-01,1,3,Prokaryote-dominated late-year state,PDO,0.25,0.0017204514019030822
2010-02-01,1,3,Prokaryote-dominated late-year state,NINO_3.4,1.18,-0.0006537960145641811
2010-02-01,1,3,Prokaryote-dominated late-year state,WPI,0.23,0.0010879974364145682
2010-02-01,1,3,Prokaryote-dominated late-year state,MHW_MeanInt,0.0125793921430819,0.000285708080212815
2010-02-01,1,3,Prokaryote-dominated late-year state,MHW_MaxInt,0.0145817238427007,-0.002845662683384277
2010-02-01,1,3,Prokaryote-dominated late-year state,MHW_CumInt,0.0825488064207244,0.0016828616326795063
2010-03-01,1,3,Prokaryote-dominated late-year state,SST,9.088304,-0.009199364463664978
2010-03-01,1,3,Prokaryote-dominated late-year state,NO3,1.591832,-0.005113314489907362
2010-03-01,1,3,Prokaryote-dominated late-year state,PO4,0.03611907,0.00198749919737644
2010-03-01,1,3,Prokaryote-dominated late-year state,SPCo2,26.09678,0.004003056860213243
2010-03-01,1,3,Prokaryote-dominated late-year state,MLD,26.98267,0.004446378107298246
2010-03-01,1,3,Prokaryote-dominated late-year state,SSS,32.69419,0.002322469119958461
2010-03-01,1,3,Prokaryote-dominated late-year state,SSH,0.191109,0.0021556032935764126
2010-03-01,1,3,Prokaryote-dominated late-year state,PAR,29.98847,0.0006016891748757049
2010-03-01,1,3,Prokaryote-dominated late-year state,PDO,-0.16,0.0014616294086795365
2010-03-01,1,3,Prokaryote-dominated late-year state,NINO_3.4,1.07,-0.000983841393562044
2010-03-01,1,3,Prokaryote-dominated late-year state,WPI,1.83,0.0007114375873275953
2010-03-01,1,3,Prokaryote-dominated late-year state,MHW_MeanInt,0.0014163949825914,0.003118763428066975
2010-03-01,1,3,Prokaryote-dominated late-year state,MHW_MaxInt,0.0016187736612182,-0.0027772567256368072
2010-03-01,1,3,Prokaryote-dominated late-year state,MHW_CumInt,0.0070819749129572,-0.0027347491046014125
2010-04-01,1,3,Prokaryote-dominated late-year state,SST,11.15974,-0.009490516895616
2010-04-01,1,3,Prokaryote-dominated late-year state,NO3,2.025447,0.0012479215579257717
2010-04-01,1,3,Prokaryote-dominated late-year state,PO4,0.01827536,0.0014344332800152583
2010-04-01,1,3,Prokaryote-dominated late-year state,SPCo2,29.12605,0.004353117472271541
2010-04-01,1,3,Prokaryote-dominated late-year state,MLD,15.6813,0.003527919848482095
2010-04-01,1,3,Prokaryote-dominated late-year state,SSS,32.64836,-0.0016171323632398643
2010-04-01,1,3,Prokaryote-dominated late-year state,SSH,0.1952679,0.0018853420955032057
2010-04-01,1,3,Prokaryote-dominated late-year state,PAR,37.86516,-0.0008258722945091885
2010-04-01,1,3,Prokaryote-dominated late-year state,PDO,-0.04,0.0009207105953868341
2010-04-01,1,3,Prokaryote-dominated late-year state,NINO_3.4,0.56,0.0009839495253663115
2010-04-01,1,3,Prokaryote-dominated late-year state,WPI,0.88,-9.038062081031327e-05
2010-04-01,1,3,Prokaryote-dominated late-year state,MHW_MeanInt,0.0077174740105249,0.003435763928926769
2010-04-01,1,3,Prokaryote-dominated late-year state,MHW_MaxInt,0.0090935654019174,-0.003050365548429307
2010-04-01,1,3,Prokaryote-dominated late-year state,MHW_CumInt,0.0437621241618737,-0.002714890581273114
2010-05-01,1,3,Prokaryote-dominated late-year state,SST,15.07052,-0.016106355918699498
2010-05-01,1,3,Prokaryote-dominated late-year state,NO3,3.191687,-0.0014009423648092992
2010-05-01,1,3,Prokaryote-dominated late-year state,PO4,0.01298422,0.0020593247583626036
2010-05-01,1,3,Prokaryote-dominated late-year state,SPCo2,34.46811,0.0019451974779620576
2010-05-01,1,3,Prokaryote-dominated late-year state,MLD,11.30014,0.0017701914829723637
2010-05-01,1,3,Prokaryote-dominated late-year state,SSS,32.36586,0.0029824036582644466
2010-05-01,1,3,Prokaryote-dominated late-year state,SSH,0.1900635,6.76106522865773e-05
2010-05-01,1,3,Prokaryote-dominated late-year state,PAR,44.90027,-0.0016892809638276922
2010-05-01,1,3,Prokaryote-dominated late-year state,PDO,-0.18,0.002366634154478901
2010-05-01,1,3,Prokaryote-dominated late-year state,NINO_3.4,-0.15,0.00425428246985666
2010-05-01,1,3,Prokaryote-dominated late-year state,WPI,-2.5,-5.4282970741738905e-05
2010-05-01,1,3,Prokaryote-dominated late-year state,MHW_MeanInt,0.2414159092623645,0.0011058418136816461
2010-05-01,1,3,Prokaryote-dominated late-year state,MHW_MaxInt,0.3161260411675853,0.0016398330485300906
2010-05-01,1,3,Prokaryote-dominated late-year state,MHW_CumInt,2.139027991741322,0.0010595427016828914
2010-06-01,2,3,Prokaryote-dominated late-year state,SST,19.9422,-0.008000097074510663
2010-06-01,2,3,Prokaryote-dominated late-year state,NO3,4.691751,0.007188232206192876
2010-06-01,2,3,Prokaryote-dominated late-year state,PO4,0.02158329,0.0015491078256665448
2010-06-01,2,3,Prokaryote-dominated late-year state,SPCo2,41.26215,-0.0005511577976646678
2010-06-01,2,3,Prokaryote-dominated late-year state,MLD,10.71185,-0.010778562657449885
2010-06-01,2,3,Prokaryote-dominated late-year state,SSS,31.95698,0.0072361580686341135
2010-06-01,2,3,Prokaryote-dominated late-year state,SSH,0.2146049,0.0006134557846632035
2010-06-01,2,3,Prokaryote-dominated late-year state,PAR,44.20998,0.00273019070473264
2010-06-01,2,3,Prokaryote-dominated late-year state,PDO,-0.79,0.0009217018212848369
2010-06-01,2,3,Prokaryote-dominated late-year state,NINO_3.4,-0.62,-0.0019409156228896336
2010-06-01,2,3,Prokaryote-dominated late-year state,WPI,-0.08,0.0003447183808763875
2010-06-01,2,3,Prokaryote-dominated late-year state,MHW_MeanInt,0.408291326348769,0.0002799487291431858
2010-06-01,2,3,Prokaryote-dominated late-year state,MHW_MaxInt,0.4959725800354509,8.670713517438286e-05
2010-06-01,2,3,Prokaryote-dominated late-year state,MHW_CumInt,2.5933985597182043,0.0003205124961466667
2010-07-01,2,3,Prokaryote-dominated late-year state,SST,24.16658,-0.006049636085995961
2010-07-01,2,3,Prokaryote-dominated late-year state,NO3,6.518647,0.0022308256586468663
2010-07-01,2,3,Prokaryote-dominated late-year state,PO4,0.02190173,0.001938598094817784
2010-07-01,2,3,Prokaryote-dominated late-year state,SPCo2,44.90723,-0.003211848171663077
2010-07-01,2,3,Prokaryote-dominated late-year state,MLD,10.27925,-0.0112464060661491
2010-07-01,2,3,Prokaryote-dominated late-year state,SSS,31.63332,0.01013076564728717
2010-07-01,2,3,Prokaryote-dominated late-year state,SSH,0.2608065,0.0024109979291987984
2010-07-01,2,3,Prokaryote-dominated late-year state,PAR,44.13834,0.004213116289376757
2010-07-01,2,3,Prokaryote-dominated late-year state,PDO,-1.99,0.0006607016345215985
2010-07-01,2,3,Prokaryote-dominated late-year state,NINO_3.4,-0.89,-0.0037756960549276833
2010-07-01,2,3,Prokaryote-dominated late-year state,WPI,-2.38,-0.0004112328128818596
2010-07-01,2,3,Prokaryote-dominated late-year state,MHW_MeanInt,0.7677384342870498,0.0010951005512172206
2010-07-01,2,3,Prokaryote-dominated late-year state,MHW_MaxInt,0.9096309731545452,0.0015664056330163
2010-07-01,2,3,Prokaryote-dominated late-year state,MHW_CumInt,7.142416152212906,0.00044830775353518326
2010-08-01,2,3,Prokaryote-dominated late-year state,SST,26.56218,-0.011986375065289056
2010-08-01,2,3,Prokaryote-dominated late-year state,NO3,6.624375,0.004208151530860763
2010-08-01,2,3,Prokaryote-dominated late-year state,PO4,0.01751439,0.002945608946774993
2010-08-01,2,3,Prokaryote-dominated late-year state,SPCo2,44.41868,-0.0017705933116844406
2010-08-01,2,3,Prokaryote-dominated late-year state,MLD,10.50511,-0.011659297049655177
2010-08-01,2,3,Prokaryote-dominated late-year state,SSS,31.5333,0.011502641657933046
2010-08-01,2,3,Prokaryote-dominated late-year state,SSH,0.2745191,0.002684414241615184
2010-08-01,2,3,Prokaryote-dominated late-year state,PAR,44.308,0.004689364589772141
2010-08-01,2,3,Prokaryote-dominated late-year state,PDO,-2.21,0.0007944551843608843
2010-08-01,2,3,Prokaryote-dominated late-year state,NINO_3.4,-1.33,-0.004968299414966665
2010-08-01,2,3,Prokaryote-dominated late-year state,WPI,0.41,0.00014670045675643092
2010-08-01,2,3,Prokaryote-dominated late-year state,MHW_MeanInt,0.9297469501863304,0.001514805258137626
2010-08-01,2,3,Prokaryote-dominated late-year state,MHW_MaxInt,1.1805450954309702,0.0015407697573468744
2010-08-01,2,3,Prokaryote-dominated late-year state,MHW_CumInt,7.259293997928109,0.0003576532180374147
2010-09-01,3,3,Prokaryote-dominated late-year state,SST,25.16753,-0.009575671759185504
2010-09-01,3,3,Prokaryote-dominated late-year state,NO3,5.572701,0.0014107645529056053
2010-09-01,3,3,Prokaryote-dominated late-year state,PO4,0.01905244,0.0019370401293318724
2010-09-01,3,3,Prokaryote-dominated late-year state,SPCo2,40.14954,-0.00534083084186137
2010-09-01,3,3,Prokaryote-dominated late-year state,MLD,13.27631,-0.000275051956133368
2010-09-01,3,3,Prokaryote-dominated late-year state,SSS,31.68244,0.007733723604136825
2010-09-01,3,3,Prokaryote-dominated late-year state,SSH,0.3242905,0.0036351263651887714
2010-09-01,3,3,Prokaryote-dominated late-year state,PAR,36.26759,0.0021276697758509035
2010-09-01,3,3,Prokaryote-dominated late-year state,PDO,-2.45,-0.000959236413785483
2010-09-01,3,3,Prokaryote-dominated late-year state,NINO_3.4,-1.56,-0.0035863901870833216
2010-09-01,3,3,Prokaryote-dominated late-year state,WPI,0.05,0.000968680085360673
2010-09-01,3,3,Prokaryote-dominated late-year state,MHW_MeanInt,0.052911620311301,0.0005328705182695707
2010-09-01,3,3,Prokaryote-dominated late-year state,MHW_MaxInt,0.0652981714225575,0.0005139347482426127
2010-09-01,3,3,Prokaryote-dominated late-year state,MHW_CumInt,0.3756953200657379,0.0008773713787622052
2010-10-01,3,3,Prokaryote-dominated late-year state,SST,21.63019,-0.01211047209348312
2010-10-01,3,3,Prokaryote-dominated late-year state,NO3,4.100891,0.008244454180893073
2010-10-01,3,3,Prokaryote-dominated late-year state,PO4,0.01885317,0.0027170227573485944
2010-10-01,3,3,Prokaryote-dominated late-year state,SPCo2,34.06274,0.0016292992211905167
2010-10-01,3,3,Prokaryote-dominated late-year state,MLD,21.30025,0.004020203205490409
2010-10-01,3,3,Prokaryote-dominated late-year state,SSS,31.88478,0.0047058041993969235
2010-10-01,3,3,Prokaryote-dominated late-year state,SSH,0.350316,0.002312555147780191
2010-10-01,3,3,Prokaryote-dominated late-year state,PAR,28.24248,0.002163626662104783
2010-10-01,3,3,Prokaryote-dominated late-year state,PDO,-1.6,0.002484359740341053
2010-10-01,3,3,Prokaryote-dominated late-year state,NINO_3.4,-1.65,-0.018912643774449765
2010-10-01,3,3,Prokaryote-dominated late-year state,WPI,0.67,0.0005768570943448674
2010-10-01,3,3,Prokaryote-dominated late-year state,MHW_MeanInt,0.00167974549429,0.003270663798766668
2010-10-01,3,3,Prokaryote-dominated late-year state,MHW_MaxInt,0.0021494849300791,-0.002305936726790154
2010-10-01,3,3,Prokaryote-dominated late-year state,MHW_CumInt,0.0083987274714503,0.0012042065870659575
2010-11-01,3,3,Prokaryote-dominated late-year state,SST,17.44055,-0.013409404802126572
2010-11-01,3,3,Prokaryote-dominated late-year state,NO3,3.199481,0.004732843542279955
2010-11-01,3,3,Prokaryote-dominated late-year state,PO4,0.02770189,0.0024230781668581644
2010-11-01,3,3,Prokaryote-dominated late-year state,SPCo2,29.45495,-0.0014417919980690853
2010-11-01,3,3,Prokaryote-dominated late-year state,MLD,29.05849,0.0034019909292686374
2010-11-01,3,3,Prokaryote-dominated late-year state,SSS,32.18362,0.002381120738009623
2010-11-01,3,3,Prokaryote-dominated late-year state,SSH,0.3105007,0.0025894234420444687
2010-11-01,3,3,Prokaryote-dominated late-year state,PAR,22.66409,0.0015800787580175304
2010-11-01,3,3,Prokaryote-dominated late-year state,PDO,-1.57,0.0018240721569922139
2010-11-01,3,3,Prokaryote-dominated late-year state,NINO_3.4,-1.57,-0.002752861981979208
2010-11-01,3,3,Prokaryote-dominated late-year state,WPI,-0.33,0.000631445890703332
2010-11-01,3,3,Prokaryote-dominated late-year state,MHW_MeanInt,0.0033714751551761,0.003381772134578131
2010-11-01,3,3,Prokaryote-dominated late-year state,MHW_MaxInt,0.0039178504514303,-0.0032654836616753877
2010-11-01,3,3,Prokaryote-dominated late-year state,MHW_CumInt,0.0185524857567168,-0.0020762833149018034
2010-12-01,3,3,Prokaryote-dominated late-year state,SST,13.74267,-0.009847781315529304
2010-12-01,3,3,Prokaryote-dominated late-year state,NO3,2.618837,0.0036916076128365944
2010-12-01,3,3,Prokaryote-dominated late-year state,PO4,0.04059074,0.004331233849109083
2010-12-01,3,3,Prokaryote-dominated late-year state,SPCo2,26.84156,0.0024786971405773256
2010-12-01,3,3,Prokaryote-dominated late-year state,MLD,36.55366,0.004936014816091115
2010-12-01,3,3,Prokaryote-dominated late-year state,SSS,32.41536,0.0035799852722108705
2010-12-01,3,3,Prokaryote-dominated late-year state,SSH,0.1613614,-0.0004323441489249674
2010-12-01,3,3,Prokaryote-dominated late-year state,PAR,18.18857,0.0008316606333663353
2010-12-01,3,3,Prokaryote-dominated late-year state,PDO,-2.04,0.0010370737483296729
2010-12-01,3,3,Prokaryote-dominated late-year state,NINO_3.4,-1.63,-0.01440616066471872
2010-12-01,3,3,Prokaryote-dominated late-year state,WPI,-1.26,-0.0005718240410918293
2010-12-01,3,3,Prokaryote-dominated late-year state,MHW_MeanInt,0.0648121195455695,0.0007434277200834195
2010-12-01,3,3,Prokaryote-dominated late-year state,MHW_MaxInt,0.0793235428171235,0.0009749320039376731
2010-12-01,3,3,Prokaryote-dominated late-year state,MHW_CumInt,0.7056346336740866,0.0026534773737227277
2011-01-01,1,3,Prokaryote-dominated late-year state,SST,9.66562,-0.0049947327351940116
2011-01-01,1,3,Prokaryote-dominated late-year state,NO3,1.643209,0.0053791106602129315
2011-01-01,1,3,Prokaryote-dominated late-year state,PO4,0.06546502,-0.00018561537504339166
2011-01-01,1,3,Prokaryote-dominated late-year state,SPCo2,24.63671,-0.013111936529378681
2011-01-01,1,3,Prokaryote-dominated late-year state,MLD,46.2741,0.005882832272794202
2011-01-01,1,3,Prokaryote-dominated late-year state,SSS,32.56516,0.0072328893289225465
2011-01-01,1,3,Prokaryote-dominated late-year state,SSH,0.1869675,0.003616908245830226
2011-01-01,1,3,Prokaryote-dominated late-year state,PAR,17.25359,0.0014061072403795689
2011-01-01,1,3,Prokaryote-dominated late-year state,PDO,-1.8,0.0004024579875813912
2011-01-01,1,3,Prokaryote-dominated late-year state,NINO_3.4,-1.7,-0.011296794540873019
2011-01-01,1,3,Prokaryote-dominated late-year state,WPI,-1.37,-0.00018168726480404342
2011-01-01,1,3,Prokaryote-dominated late-year state,MHW_MeanInt,0.1257694873642273,0.0010463518791995875
2011-01-01,1,3,Prokaryote-dominated late-year state,MHW_MaxInt,0.1563199055856554,0.001398557255534485
2011-01-01,1,3,Prokaryote-dominated late-year state,MHW_CumInt,0.9801504427489196,0.0034055515748381868
2011-02-01,1,3,Prokaryote-dominated late-year state,SST,8.777107,-0.00631335133129155
2011-02-01,1,3,Prokaryote-dominated late-year state,NO3,1.39087,-0.011813537354014391
2011-02-01,1,3,Prokaryote-dominated late-year state,PO4,0.05432264,0.0055942669172572785
2011-02-01,1,3,Prokaryote-dominated late-year state,SPCo2,24.3816,-0.01285035374903047
2011-02-01,1,3,Prokaryote-dominated late-year state,MLD,36.00455,0.006957978343090192
2011-02-01,1,3,Prokaryote-dominated late-year state,SSS,32.66889,0.007316742241423202
2011-02-01,1,3,Prokaryote-dominated late-year state,SSH,0.1851358,0.005426650715310104
2011-02-01,1,3,Prokaryote-dominated late-year state,PAR,24.62485,0.002499689448160778
2011-02-01,1,3,Prokaryote-dominated late-year state,PDO,-1.46,0.0015347920528393628
2011-02-01,1,3,Prokaryote-dominated late-year state,NINO_3.4,-1.26,0.000539814898013817
2011-02-01,1,3,Prokaryote-dominated late-year state,WPI,-0.13,0.0012235983636338338
2011-02-01,1,3,Prokaryote-dominated late-year state,MHW_MeanInt,0.0014548866600609,0.003875153132936249
2011-02-01,1,3,Prokaryote-dominated late-year state,MHW_MaxInt,0.0015483184531666,-0.002805001357130651
2011-02-01,1,3,Prokaryote-dominated late-year state,MHW_CumInt,0.0072744333003045,-0.001186442321197764
2011-03-01,1,3,Prokaryote-dominated late-year state,SST,8.888328,-0.010231121610574085
2011-03-01,1,3,Prokaryote-dominated late-year state,NO3,1.417785,-0.007687120114480307
2011-03-01,1,3,Prokaryote-dominated late-year state,PO4,0.03281865,0.0019042494469998822
2011-03-01,1,3,Prokaryote-dominated late-year state,SPCo2,26.13365,0.0054550670391184065
2011-03-01,1,3,Prokaryote-dominated late-year state,MLD,29.14421,0.004853319779935881
2011-03-01,1,3,Prokaryote-dominated late-year state,SSS,32.6614,0.003843030579139545
2011-03-01,1,3,Prokaryote-dominated late-year state,SSH,0.1287647,0.0031906131343465735
2011-03-01,1,3,Prokaryote-dominated late-year state,PAR,36.56836,-0.0009763682924865717
2011-03-01,1,3,Prokaryote-dominated late-year state,PDO,-1.28,0.00157552375163779
2011-03-01,1,3,Prokaryote-dominated late-year state,NINO_3.4,-0.98,-0.0014733851424507493
2011-03-01,1,3,Prokaryote-dominated late-year state,WPI,-0.1,0.0007891814575762665
2011-03-01,1,3,Prokaryote-dominated late-year state,MHW_MeanInt,0.0,0.003633482576794385
2011-03-01,1,3,Prokaryote-dominated late-year state,MHW_MaxInt,0.0,-0.003156471866366937
2011-03-01,1,3,Prokaryote-dominated late-year state,MHW_CumInt,0.0,-0.0017200007391900785
2011-04-01,1,3,Prokaryote-dominated late-year state,SST,11.29099,-0.010506368163069336
2011-04-01,1,3,Prokaryote-dominated late-year state,NO3,1.898793,0.0017767613863185416
2011-04-01,1,3,Prokaryote-dominated late-year state,PO4,0.01777379,0.0012391001051665481
2011-04-01,1,3,Prokaryote-dominated late-year state,SPCo2,29.84111,0.00406057002256945
2011-04-01,1,3,Prokaryote-dominated late-year state,MLD,13.49117,0.0032579864704703936
2011-04-01,1,3,Prokaryote-dominated late-year state,SSS,32.60658,0.0012914821010266743
2011-04-01,1,3,Prokaryote-dominated late-year state,SSH,0.1332981,0.0016688342762874843
2011-04-01,1,3,Prokaryote-dominated late-year state,PAR,42.43427,7.459227821621251e-05
2011-04-01,1,3,Prokaryote-dominated late-year state,PDO,-1.02,0.0013536161932077276
2011-04-01,1,3,Prokaryote-dominated late-year state,NINO_3.4,-0.74,-0.0005040373768340032
2011-04-01,1,3,Prokaryote-dominated late-year state,WPI,-1.93,-0.0017168435247187398
2011-04-01,1,3,Prokaryote-dominated late-year state,MHW_MeanInt,0.0030260116229809,0.002969781065123018
2011-04-01,1,3,Prokaryote-dominated late-year state,MHW_MaxInt,0.0041927945504784,-0.003216289909303004
2011-04-01,1,3,Prokaryote-dominated late-year state,MHW_CumInt,0.0258863802476312,-0.0017491849244609592
2011-05-01,2,3,Prokaryote-dominated late-year state,SST,15.11786,-0.015231458172000188
2011-05-01,2,3,Prokaryote-dominated late-year state,NO3,2.836673,-0.0005628256547986591
2011-05-01,2,3,Prokaryote-dominated late-year state,PO4,0.01109871,0.0036334019891722416
2011-05-01,2,3,Prokaryote-dominated late-year state,SPCo2,35.35616,0.004858134975783679
2011-05-01,2,3,Prokaryote-dominated late-year state,MLD,10.75449,-0.011831829592404378
2011-05-01,2,3,Prokaryote-dominated late-year state,SSS,32.31359,0.0031069898327635826
2011-05-01,2,3,Prokaryote-dominated late-year state,SSH,0.2056485,0.0039057135331947465
2011-05-01,2,3,Prokaryote-dominated late-year state,PAR,43.64163,0.0017242399531860542
2011-05-01,2,3,Prokaryote-dominated late-year state,PDO,-0.66,0.004362630744920704
2011-05-01,2,3,Prokaryote-dominated late-year state,NINO_3.4,-0.53,0.0026238864460386207
2011-05-01,2,3,Prokaryote-dominated late-year state,WPI,0.38,0.0020057791216201415
2011-05-01,2,3,Prokaryote-dominated late-year state,MHW_MeanInt,0.0063089641107794,0.0035883750080476615
2011-05-01,2,3,Prokaryote-dominated late-year state,MHW_MaxInt,0.0081058070449554,-0.0018568042781179797
2011-05-01,2,3,Prokaryote-dominated late-year state,MHW_CumInt,0.0408850639049629,-0.00032623390740622995
2011-06-01,2,3,Prokaryote-dominated late-year state,SST,19.42791,-0.008799204998235223
2011-06-01,2,3,Prokaryote-dominated late-year state,NO3,4.287622,0.007952269417868542
2011-06-01,2,3,Prokaryote-dominated late-year state,PO4,0.01350287,0.0014298466633152886
2011-06-01,2,3,Prokaryote-dominated late-year state,SPCo2,40.51891,-0.0017778446924028774
2011-06-01,2,3,Prokaryote-dominated late-year state,MLD,10.29064,-0.013627525522535018
2011-06-01,2,3,Prokaryote-dominated late-year state,SSS,31.91584,0.006485641905809309
2011-06-01,2,3,Prokaryote-dominated late-year state,SSH,0.2093349,-0.00047769945055086424
2011-06-01,2,3,Prokaryote-dominated late-year state,PAR,40.61892,0.003955834232376054
2011-06-01,2,3,Prokaryote-dominated late-year state,PDO,-1.08,0.0009170053831067803
2011-06-01,2,3,Prokaryote-dominated late-year state,NINO_3.4,-0.25,0.0034396627190823727
2011-06-01,2,3,Prokaryote-dominated late-year state,WPI,0.81,-0.0007506750600562177
2011-06-01,2,3,Prokaryote-dominated late-year state,MHW_MeanInt,0.1617210910893889,0.00017417598397904456
2011-06-01,2,3,Prokaryote-dominated late-year state,MHW_MaxInt,0.1960627645187697,7.797105827461154e-05
2011-06-01,2,3,Prokaryote-dominated late-year state,MHW_CumInt,1.0317175651415944,0.001000542359968192
2011-07-01,2,3,Prokaryote-dominated late-year state,SST,23.82733,-0.006223442722746639
2011-07-01,2,3,Prokaryote-dominated late-year state,NO3,5.717331,0.0032109634223103237
2011-07-01,2,3,Prokaryote-dominated late-year state,PO4,0.01744472,0.0027046847078569893
2011-07-01,2,3,Prokaryote-dominated late-year state,SPCo2,43.18626,-0.0032848818245255944
2011-07-01,2,3,Prokaryote-dominated late-year state,MLD,10.28893,-0.011101244492115052
2011-07-01,2,3,Prokaryote-dominated late-year state,SSS,31.4318,0.008682874897894453
2011-07-01,2,3,Prokaryote-dominated late-year state,SSH,0.2464277,0.0012356661207021283
2011-07-01,2,3,Prokaryote-dominated late-year state,PAR,44.55813,0.0030590468875330117
2011-07-01,2,3,Prokaryote-dominated late-year state,PDO,-2.3,8.501277006619601e-05
2011-07-01,2,3,Prokaryote-dominated late-year state,NINO_3.4,-0.23,0.0025754553125906816
2011-07-01,2,3,Prokaryote-dominated late-year state,WPI,-0.27,0.001134454393839187
2011-07-01,2,3,Prokaryote-dominated late-year state,MHW_MeanInt,0.0168827755032423,-0.002570148954175489
2011-07-01,2,3,Prokaryote-dominated late-year state,MHW_MaxInt,0.0198811343423548,-0.0004097392275518868
2011-07-01,2,3,Prokaryote-dominated late-year state,MHW_CumInt,0.0976484633702458,0.0009012987083216802
2011-08-01,2,3,Prokaryote-dominated late-year state,SST,24.87282,-0.00747427148916666
2011-08-01,2,3,Prokaryote-dominated late-year state,NO3,5.299949,0.0032488958223408663
2011-08-01,2,3,Prokaryote-dominated late-year state,PO4,0.01902178,0.0018163610638994
2011-08-01,2,3,Prokaryote-dominated late-year state,SPCo2,42.43574,-0.006126174091804403
2011-08-01,2,3,Prokaryote-dominated late-year state,MLD,11.05684,-0.007508918583954972
2011-08-01,2,3,Prokaryote-dominated late-year state,SSS,31.47265,0.007103318910474249
2011-08-01,2,3,Prokaryote-dominated late-year state,SSH,0.3100654,0.002311269729024316
2011-08-01,2,3,Prokaryote-dominated late-year state,PAR,40.71592,0.006157077193850412
2011-08-01,2,3,Prokaryote-dominated late-year state,PDO,-2.37,0.00044967209377543027
2011-08-01,2,3,Prokaryote-dominated late-year state,NINO_3.4,-0.66,-0.0009382463393243455
2011-08-01,2,3,Prokaryote-dominated late-year state,WPI,-0.51,0.0007058931953354597
2011-08-01,2,3,Prokaryote-dominated late-year state,MHW_MeanInt,0.0266049588104725,-0.00021966152804778641
2011-08-01,2,3,Prokaryote-dominated late-year state,MHW_MaxInt,0.0303048198714922,0.0003864266137979234
2011-08-01,2,3,Prokaryote-dominated late-year state,MHW_CumInt,0.1565934403386568,8.835740980008314e-05
2011-09-01,3,3,Prokaryote-dominated late-year state,SST,23.81514,-0.01071429312567932
2011-09-01,3,3,Prokaryote-dominated late-year state,NO3,4.26396,0.007389549956480305
2011-09-01,3,3,Prokaryote-dominated late-year state,PO4,0.01498286,0.0018983885991250772
2011-09-01,3,3,Prokaryote-dominated late-year state,SPCo2,38.63392,-0.000448969747128943
2011-09-01,3,3,Prokaryote-dominated late-year state,MLD,15.3377,0.0030220523744201346
2011-09-01,3,3,Prokaryote-dominated late-year state,SSS,31.70886,0.0043500665218946435
2011-09-01,3,3,Prokaryote-dominated late-year state,SSH,0.3643636,6.140414881235594e-05
2011-09-01,3,3,Prokaryote-dominated late-year state,PAR,37.97459,-0.00013544717321483803
2011-09-01,3,3,Prokaryote-dominated late-year state,PDO,-2.5,-0.0015034668016188646
2011-09-01,3,3,Prokaryote-dominated late-year state,NINO_3.4,-0.76,-0.0016544784999477492
2011-09-01,3,3,Prokaryote-dominated late-year state,WPI,0.51,0.000318329422067838
2011-09-01,3,3,Prokaryote-dominated late-year state,MHW_MeanInt,0.0,0.0027664094395500397
2011-09-01,3,3,Prokaryote-dominated late-year state,MHW_MaxInt,0.0,-0.0032460862531945144
2011-09-01,3,3,Prokaryote-dominated late-year state,MHW_CumInt,0.0,-0.0021034588615661616
2011-10-01,3,3,Prokaryote-dominated late-year state,SST,21.14091,-0.01260001289254998
2011-10-01,3,3,Prokaryote-dominated late-year state,NO3,3.654976,0.005668083357251359
2011-10-01,3,3,Prokaryote-dominated late-year state,PO4,0.01353873,0.0009726259400449198
2011-10-01,3,3,Prokaryote-dominated late-year state,SPCo2,33.66519,0.0001268539970041411
2011-10-01,3,3,Prokaryote-dominated late-year state,MLD,21.80725,-0.00041822839969918833
2011-10-01,3,3,Prokaryote-dominated late-year state,SSS,32.03296,0.0035893709478999627
2011-10-01,3,3,Prokaryote-dominated late-year state,SSH,0.3226783,0.0022442310285655247
2011-10-01,3,3,Prokaryote-dominated late-year state,PAR,29.13334,0.00025341660389921103
2011-10-01,3,3,Prokaryote-dominated late-year state,PDO,-1.92,0.0007810753337173259
2011-10-01,3,3,Prokaryote-dominated late-year state,NINO_3.4,-0.93,-0.0020523624596779167
2011-10-01,3,3,Prokaryote-dominated late-year state,WPI,1.06,-0.00033425403050274603
2011-10-01,3,3,Prokaryote-dominated late-year state,MHW_MeanInt,0.1163151360485518,0.0005951047431418371
2011-10-01,3,3,Prokaryote-dominated late-year state,MHW_MaxInt,0.1423732989987322,0.0007921937067227973
2011-10-01,3,3,Prokaryote-dominated late-year state,MHW_CumInt,0.8286382906806566,0.0003819021241827512
2011-11-01,3,3,Prokaryote-dominated late-year state,SST,18.24443,-0.011881947422488838
2011-11-01,3,3,Prokaryote-dominated late-year state,NO3,3.174246,0.006320873210380804
2011-11-01,3,3,Prokaryote-dominated late-year state,PO4,0.02317196,0.003252263788954843
2011-11-01,3,3,Prokaryote-dominated late-year state,SPCo2,31.01872,-2.7390299945483033e-05
2011-11-01,3,3,Prokaryote-dominated late-year state,MLD,24.13856,0.002106180086412245
2011-11-01,3,3,Prokaryote-dominated late-year state,SSS,32.18117,0.002516187707744718
2011-11-01,3,3,Prokaryote-dominated late-year state,SSH,0.3102497,0.003156505694726407
2011-11-01,3,3,Prokaryote-dominated late-year state,PAR,18.80546,-0.0014423672933507666
2011-11-01,3,3,Prokaryote-dominated late-year state,PDO,-2.95,-0.002021179465336497
2011-11-01,3,3,Prokaryote-dominated late-year state,NINO_3.4,-1.09,-0.0012438884443286189
2011-11-01,3,3,Prokaryote-dominated late-year state,WPI,0.39,0.0008600879715293913
2011-11-01,3,3,Prokaryote-dominated late-year state,MHW_MeanInt,0.0056655523756837,0.003317383713518061
2011-11-01,3,3,Prokaryote-dominated late-year state,MHW_MaxInt,0.0061317102866291,-0.0030426015533059235
2011-11-01,3,3,Prokaryote-dominated late-year state,MHW_CumInt,0.0283277618784187,-0.0018701076945103427
2011-12-01,1,3,Prokaryote-dominated late-year state,SST,14.34846,-0.01264647171185366
2011-12-01,1,3,Prokaryote-dominated late-year state,NO3,2.103608,0.0008258671411481245
2011-12-01,1,3,Prokaryote-dominated late-year state,PO4,0.04424512,0.0027062372544011167
2011-12-01,1,3,Prokaryote-dominated late-year state,SPCo2,27.46875,0.0019489777163704998
2011-12-01,1,3,Prokaryote-dominated late-year state,MLD,36.68302,0.004738674940686423
2011-12-01,1,3,Prokaryote-dominated late-year state,SSS,32.3735,0.0022753353416568338
2011-12-01,1,3,Prokaryote-dominated late-year state,SSH,0.2745175,0.001725432797933446
2011-12-01,1,3,Prokaryote-dominated late-year state,PAR,15.54731,-0.0019177319563053624
2011-12-01,1,3,Prokaryote-dominated late-year state,PDO,-2.4,-0.0012298787929527898
2011-12-01,1,3,Prokaryote-dominated late-year state,NINO_3.4,-1.05,3.401541195774421e-05
2011-12-01,1,3,Prokaryote-dominated late-year state,WPI,-0.39,0.0005338813243109828
2011-12-01,1,3,Prokaryote-dominated late-year state,MHW_MeanInt,0.0176184065958364,0.0001610991768932428
2011-12-01,1,3,Prokaryote-dominated late-year state,MHW_MaxInt,0.0216265358818749,0.0007075685936633654
2011-12-01,1,3,Prokaryote-dominated late-year state,MHW_CumInt,0.1195592265960885,0.00013699276209003732
2012-01-01,1,3,Prokaryote-dominated late-year state,SST,10.88351,-0.008490943894447545
2012-01-01,1,3,Prokaryote-dominated late-year state,NO3,1.460958,-0.008629094509000363
2012-01-01,1,3,Prokaryote-dominated late-year state,PO4,0.06478158,0.003748976694447577
2012-01-01,1,3,Prokaryote-dominated late-year state,SPCo2,25.26833,0.0011984252405519093
2012-01-01,1,3,Prokaryote-dominated late-year state,MLD,43.47984,0.003047466537491253
2012-01-01,1,3,Prokaryote-dominated late-year state,SSS,32.56332,0.0030162750849327103
2012-01-01,1,3,Prokaryote-dominated late-year state,SSH,0.2654225,0.0028421893483151347
2012-01-01,1,3,Prokaryote-dominated late-year state,PAR,16.48059,8.51706313965742e-05
2012-01-01,1,3,Prokaryote-dominated late-year state,PDO,-1.85,2.478449427207309e-05
2012-01-01,1,3,Prokaryote-dominated late-year state,NINO_3.4,-0.93,0.0012694187384495758
2012-01-01,1,3,Prokaryote-dominated late-year state,WPI,-1.58,-0.0009568436187066786
2012-01-01,1,3,Prokaryote-dominated late-year state,MHW_MeanInt,0.0588355922414269,0.0006469711899368345
2012-01-01,1,3,Prokaryote-dominated late-year state,MHW_MaxInt,0.0724626255217395,0.0008599798801180214
2012-01-01,1,3,Prokaryote-dominated late-year state,MHW_CumInt,0.4519926892491573,0.0013372241822429307
2012-02-01,3,3,Prokaryote-dominated late-year state,SST,9.027214,-0.007342873406643709
2012-02-01,3,3,Prokaryote-dominated late-year state,NO3,1.177713,-0.013512864242195142
2012-02-01,3,3,Prokaryote-dominated late-year state,PO4,0.06504237,-0.00230187187386277
2012-02-01,3,3,Prokaryote-dominated late-year state,SPCo2,24.87035,0.00019030719310893178
2012-02-01,3,3,Prokaryote-dominated late-year state,MLD,40.293,0.005395951166680344
2012-02-01,3,3,Prokaryote-dominated late-year state,SSS,32.6609,0.00495411616060131
2012-02-01,3,3,Prokaryote-dominated late-year state,SSH,0.2270972,0.002337882013386057
2012-02-01,3,3,Prokaryote-dominated late-year state,PAR,22.2201,0.0025704791599882987
2012-02-01,3,3,Prokaryote-dominated late-year state,PDO,-1.35,0.0016752714883035327
2012-02-01,3,3,Prokaryote-dominated late-year state,NINO_3.4,-0.61,0.0018593402895013891
2012-02-01,3,3,Prokaryote-dominated late-year state,WPI,1.01,0.0009795377635452782
2012-02-01,3,3,Prokaryote-dominated late-year state,MHW_MeanInt,0.1083696669239158,0.0009497141971435349
2012-02-01,3,3,Prokaryote-dominated late-year state,MHW_MaxInt,0.1399796739101803,0.0009484522343011269
2012-02-01,3,3,Prokaryote-dominated late-year state,MHW_CumInt,0.8982441314169186,0.0012965578561418228
2012-03-01,3,3,Prokaryote-dominated late-year state,SST,9.297169,-0.008055242148140265
2012-03-01,3,3,Prokaryote-dominated late-year state,NO3,1.145063,-0.01947975063074172
2012-03-01,3,3,Prokaryote-dominated late-year state,PO4,0.04297915,0.003034781434317953
2012-03-01,3,3,Prokaryote-dominated late-year state,SPCo2,26.27322,0.00405064321209498
2012-03-01,3,3,Prokaryote-dominated late-year state,MLD,24.78451,0.005958767755467797
2012-03-01,3,3,Prokaryote-dominated late-year state,SSS,32.67755,0.0026429022896373258
2012-03-01,3,3,Prokaryote-dominated late-year state,SSH,0.2026753,0.003700207687628192
2012-03-01,3,3,Prokaryote-dominated late-year state,PAR,31.5692,0.0020193936316411617
2012-03-01,3,3,Prokaryote-dominated late-year state,PDO,-1.66,0.0014842260893781253
2012-03-01,3,3,Prokaryote-dominated late-year state,NINO_3.4,-0.48,0.0013913486884924299
2012-03-01,3,3,Prokaryote-dominated late-year state,WPI,0.82,0.0013833928611389778
2012-03-01,3,3,Prokaryote-dominated late-year state,MHW_MeanInt,0.3246209408723235,0.0010778162929729277
2012-03-01,3,3,Prokaryote-dominated late-year state,MHW_MaxInt,0.4390499576007809,0.001024539616634854
2012-03-01,3,3,Prokaryote-dominated late-year state,MHW_CumInt,3.8529362546857593,-0.00023302678052271932
2012-04-01,1,3,Prokaryote-dominated late-year state,SST,11.76779,-0.01092282385839814
2012-04-01,1,3,Prokaryote-dominated late-year state,NO3,1.971534,0.00042547582414727926
2012-04-01,1,3,Prokaryote-dominated late-year state,PO4,0.0178418,0.0006714106540893494
2012-04-01,1,3,Prokaryote-dominated late-year state,SPCo2,30.72828,0.001330146862278025
2012-04-01,1,3,Prokaryote-dominated late-year state,MLD,13.54246,0.0046722130339648905
2012-04-01,1,3,Prokaryote-dominated late-year state,SSS,32.48924,0.0013449757572507406
2012-04-01,1,3,Prokaryote-dominated late-year state,SSH,0.1432402,0.0002500678364826549
2012-04-01,1,3,Prokaryote-dominated late-year state,PAR,40.89522,-0.00033546561926376273
2012-04-01,1,3,Prokaryote-dominated late-year state,PDO,-1.01,0.0008015535062298068
2012-04-01,1,3,Prokaryote-dominated late-year state,NINO_3.4,-0.29,0.0015666015579143583
2012-04-01,1,3,Prokaryote-dominated late-year state,WPI,-0.29,0.00016947441540650542
2012-04-01,1,3,Prokaryote-dominated late-year state,MHW_MeanInt,0.6409088915391538,0.0005021716618142285
2012-04-01,1,3,Prokaryote-dominated late-year state,MHW_MaxInt,0.8430544102548653,0.0007094500357748833
2012-04-01,1,3,Prokaryote-dominated late-year state,MHW_CumInt,10.655406032645969,-0.0011852516676908223
2012-05-01,1,3,Prokaryote-dominated late-year state,SST,16.14271,-0.014395465959859164
2012-05-01,1,3,Prokaryote-dominated late-year state,NO3,3.151459,0.0022968923561282276
2012-05-01,1,3,Prokaryote-dominated late-year state,PO4,0.01109423,0.001388586406733804
2012-05-01,1,3,Prokaryote-dominated late-year state,SPCo2,37.56075,8.301827525482301e-05
2012-05-01,1,3,Prokaryote-dominated late-year state,MLD,11.19129,-0.0015688030936226235
2012-05-01,1,3,Prokaryote-dominated late-year state,SSS,32.31433,0.0009179593963538785
2012-05-01,1,3,Prokaryote-dominated late-year state,SSH,0.2297182,0.0025456749334651415
2012-05-01,1,3,Prokaryote-dominated late-year state,PAR,47.59941,-0.0004120561101183231
2012-05-01,1,3,Prokaryote-dominated late-year state,PDO,-2.12,-0.0002737975695577856
2012-05-01,1,3,Prokaryote-dominated late-year state,NINO_3.4,-0.18,0.004885030361006527
2012-05-01,1,3,Prokaryote-dominated late-year state,WPI,-1.66,0.0006462970495801783
2012-05-01,1,3,Prokaryote-dominated late-year state,MHW_MeanInt,0.3458750167729783,0.0011369222989515836
2012-05-01,1,3,Prokaryote-dominated late-year state,MHW_MaxInt,0.4222519765500476,0.0014083879235060768
2012-05-01,1,3,Prokaryote-dominated late-year state,MHW_CumInt,2.8240870021859763,0.0013413537321776527
2012-06-01,2,3,Prokaryote-dominated late-year state,SST,20.95829,-0.008351944463897231
2012-06-01,2,3,Prokaryote-dominated late-year state,NO3,4.321533,0.004585317422916294
2012-06-01,2,3,Prokaryote-dominated late-year state,PO4,0.01701666,0.0016902118400145562
2012-06-01,2,3,Prokaryote-dominated late-year state,SPCo2,41.66386,-0.0024010509638932257
2012-06-01,2,3,Prokaryote-dominated late-year state,MLD,10.74303,-0.007577260778801238
2012-06-01,2,3,Prokaryote-dominated late-year state,SSS,31.95987,0.005709183154973152
2012-06-01,2,3,Prokaryote-dominated late-year state,SSH,0.2728722,0.0012835011082120904
2012-06-01,2,3,Prokaryote-dominated late-year state,PAR,44.52618,0.002013031657738277
2012-06-01,2,3,Prokaryote-dominated late-year state,PDO,-1.63,0.00012052007016980645
2012-06-01,2,3,Prokaryote-dominated late-year state,NINO_3.4,0.14,0.0020251853443404
2012-06-01,2,3,Prokaryote-dominated late-year state,WPI,-1.39,0.0003531333255896835
2012-06-01,2,3,Prokaryote-dominated late-year state,MHW_MeanInt,0.7153671725005032,0.0003675738810958788
2012-06-01,2,3,Prokaryote-dominated late-year state,MHW_MaxInt,0.9009572039702324,0.0008584517825652011
2012-06-01,2,3,Prokaryote-dominated late-year state,MHW_CumInt,8.66995470679293,-0.0006758533810236393
2012-07-01,2,3,Prokaryote-dominated late-year state,SST,24.8509,-0.006578950801458819
2012-07-01,2,3,Prokaryote-dominated late-year state,NO3,5.705082,0.002528283677180182
2012-07-01,2,3,Prokaryote-dominated late-year state,PO4,0.01974539,0.0021436178051028733
2012-07-01,2,3,Prokaryote-dominated late-year state,SPCo2,43.35188,-0.00336186673283762
2012-07-01,2,3,Prokaryote-dominated late-year state,MLD,10.3183,-0.011420443606637415
2012-07-01,2,3,Prokaryote-dominated late-year state,SSS,31.49327,0.009900273081627373
2012-07-01,2,3,Prokaryote-dominated late-year state,SSH,0.2989205,0.0017545868616271226
2012-07-01,2,3,Prokaryote-dominated late-year state,PAR,45.82146,0.0031040154894203162
2012-07-01,2,3,Prokaryote-dominated late-year state,PDO,-2.4,-0.0012737881652630423
2012-07-01,2,3,Prokaryote-dominated late-year state,NINO_3.4,0.44,0.0022731846985954377
2012-07-01,2,3,Prokaryote-dominated late-year state,WPI,0.58,-0.00029937930865059744
2012-07-01,2,3,Prokaryote-dominated late-year state,MHW_MeanInt,0.2175468117170019,4.7442994784438856e-05
2012-07-01,2,3,Prokaryote-dominated late-year state,MHW_MaxInt,0.2782671757003327,0.0004878230054501263
2012-07-01,2,3,Prokaryote-dominated late-year state,MHW_CumInt,1.7429175128219774,0.0006952010010596098
2012-08-01,2,3,Prokaryote-dominated late-year state,SST,25.9811,-0.007237745744145553
2012-08-01,2,3,Prokaryote-dominated late-year state,NO3,4.986777,0.0031462902946586277
2012-08-01,2,3,Prokaryote-dominated late-year state,PO4,0.01610047,0.0031742395178804166
2012-08-01,2,3,Prokaryote-dominated late-year state,SPCo2,42.36792,-0.0053181955500588695
2012-08-01,2,3,Prokaryote-dominated late-year state,MLD,11.27336,-0.0015220667385498906
2012-08-01,2,3,Prokaryote-dominated late-year state,SSS,31.42534,0.008872835343793418
2012-08-01,2,3,Prokaryote-dominated late-year state,SSH,0.3647806,-0.0017590563778595322
2012-08-01,2,3,Prokaryote-dominated late-year state,PAR,44.08653,-0.0012756434772230644
2012-08-01,2,3,Prokaryote-dominated late-year state,PDO,-2.6,-0.002386024309406427
2012-08-01,2,3,Prokaryote-dominated late-year state,NINO_3.4,0.66,0.0020613986645177476
2012-08-01,2,3,Prokaryote-dominated late-year state,WPI,-0.07,0.00112708396472978
2012-08-01,2,3,Prokaryote-dominated late-year state,MHW_MeanInt,0.0627515834393966,0.000365773246851336
2012-08-01,2,3,Prokaryote-dominated late-year state,MHW_MaxInt,0.0821314960104519,0.0004100246089887873
2012-08-01,2,3,Prokaryote-dominated late-year state,MHW_CumInt,0.4449421908687969,0.0003410865558232199
2012-09-01,3,3,Prokaryote-dominated late-year state,SST,24.05809,-0.01019677414131957
2012-09-01,3,3,Prokaryote-dominated late-year state,NO3,4.376772,0.006643113066916958
2012-09-01,3,3,Prokaryote-dominated late-year state,PO4,0.0157522,0.0019708224491815115
2012-09-01,3,3,Prokaryote-dominated late-year state,SPCo2,38.05367,-0.00023742920868296966
2012-09-01,3,3,Prokaryote-dominated late-year state,MLD,15.05735,0.0023565147773922687
2012-09-01,3,3,Prokaryote-dominated late-year state,SSS,31.60948,0.004090495979812658
2012-09-01,3,3,Prokaryote-dominated late-year state,SSH,0.3543789,0.0002886186133226496
2012-09-01,3,3,Prokaryote-dominated late-year state,PAR,37.58197,0.00014649219011323344
2012-09-01,3,3,Prokaryote-dominated late-year state,PDO,-2.99,-0.0032126069413560077
2012-09-01,3,3,Prokaryote-dominated late-year state,NINO_3.4,0.44,0.0008596277793959684
2012-09-01,3,3,Prokaryote-dominated late-year state,WPI,0.69,0.00031045210761189776
2012-09-01,3,3,Prokaryote-dominated late-year state,MHW_MeanInt,0.0,0.002654810204033489
2012-09-01,3,3,Prokaryote-dominated late-year state,MHW_MaxInt,0.0,-0.0032394364967917124
2012-09-01,3,3,Prokaryote-dominated late-year state,MHW_CumInt,0.0,-0.0024347003796303846
2012-10-01,3,3,Prokaryote-dominated late-year state,SST,21.42516,-0.010716081090370897
2012-10-01,3,3,Prokaryote-dominated late-year state,NO3,3.771073,0.00560991608292919
2012-10-01,3,3,Prokaryote-dominated late-year state,PO4,0.01433741,0.0020880718020101115
2012-10-01,3,3,Prokaryote-dominated late-year state,SPCo2,33.54488,-0.00016310623727888693
2012-10-01,3,3,Prokaryote-dominated late-year state,MLD,22.92317,0.00320846874486867
2012-10-01,3,3,Prokaryote-dominated late-year state,SSS,31.88247,0.004327642967867814
2012-10-01,3,3,Prokaryote-dominated late-year state,SSH,0.3794134,-0.001494350570609139
2012-10-01,3,3,Prokaryote-dominated late-year state,PAR,31.97255,0.00027405283188107146
2012-10-01,3,3,Prokaryote-dominated late-year state,PDO,-1.22,0.0006954998300952308
2012-10-01,3,3,Prokaryote-dominated late-year state,NINO_3.4,0.23,0.0009137993330303907
2012-10-01,3,3,Prokaryote-dominated late-year state,WPI,-2.53,-0.0013813676745534922
2012-10-01,3,3,Prokaryote-dominated late-year state,MHW_MeanInt,0.0017140661938744,0.0027109166553247457
2012-10-01,3,3,Prokaryote-dominated late-year state,MHW_MaxInt,0.0026075041100159,-0.003853156990578349
2012-10-01,3,3,Prokaryote-dominated late-year state,MHW_CumInt,0.0360754392952601,-0.002220305684616464
2012-11-01,3,3,Prokaryote-dominated late-year state,SST,16.90897,-0.01204305077696273
2012-11-01,3,3,Prokaryote-dominated late-year state,NO3,3.200921,0.0030472405774424503
2012-11-01,3,3,Prokaryote-dominated late-year state,PO4,0.02155026,0.0023023334621875722
2012-11-01,3,3,Prokaryote-dominated late-year state,SPCo2,29.50118,-0.0005603943037856701
2012-11-01,3,3,Prokaryote-dominated late-year state,MLD,30.03124,0.0021256369214428562
2012-11-01,3,3,Prokaryote-dominated late-year state,SSS,32.15796,0.003478478964506679
2012-11-01,3,3,Prokaryote-dominated late-year state,SSH,0.3118863,0.0024953325789300626
2012-11-01,3,3,Prokaryote-dominated late-year state,PAR,19.48916,-0.0018309838557516208
2012-11-01,3,3,Prokaryote-dominated late-year state,PDO,-0.66,0.001845998333896079
2012-11-01,3,3,Prokaryote-dominated late-year state,NINO_3.4,0.33,0.0011345306313040964
2012-11-01,3,3,Prokaryote-dominated late-year state,WPI,-2.02,-0.001002074160497484
2012-11-01,3,3,Prokaryote-dominated late-year state,MHW_MeanInt,0.0129418944962168,-0.00218376487706349
2012-11-01,3,3,Prokaryote-dominated late-year state,MHW_MaxInt,0.0174491084634149,0.00014788602847374136
2012-11-01,3,3,Prokaryote-dominated late-year state,MHW_CumInt,0.178253378121265,0.0010428304758774392
2012-12-01,3,3,Prokaryote-dominated late-year state,SST,12.9698,-0.010865285226547743
2012-12-01,3,3,Prokaryote-dominated late-year state,NO3,2.468201,0.0020808126311454116
2012-12-01,3,3,Prokaryote-dominated late-year state,PO4,0.04391852,0.0020568154647923258
2012-12-01,3,3,Prokaryote-dominated late-year state,SPCo2,26.40781,0.00151255484629717
2012-12-01,3,3,Prokaryote-dominated late-year state,MLD,35.75925,0.0041943558286762495
2012-12-01,3,3,Prokaryote-dominated late-year state,SSS,32.37355,0.0023273847433306865
2012-12-01,3,3,Prokaryote-dominated late-year state,SSH,0.2379788,0.0013382833338147434
2012-12-01,3,3,Prokaryote-dominated late-year state,PAR,14.44504,-0.005053272899305309
2012-12-01,3,3,Prokaryote-dominated late-year state,PDO,-1.31,0.0007356237676951523
2012-12-01,3,3,Prokaryote-dominated late-year state,NINO_3.4,-0.13,0.0007296387932632518
2012-12-01,3,3,Prokaryote-dominated late-year state,WPI,-0.58,-0.00046175414771832665
2012-12-01,3,3,Prokaryote-dominated late-year state,MHW_MeanInt,0.0322393917742403,0.0004856078419092471
2012-12-01,3,3,Prokaryote-dominated late-year state,MHW_MaxInt,0.0427967597973631,0.000573722894698065
2012-12-01,3,3,Prokaryote-dominated late-year state,MHW_CumInt,0.2752810920795177,0.0003455121279490754
2013-01-01,1,3,Prokaryote-dominated late-year state,SST,10.0581,-0.006532280394591532
2013-01-01,1,3,Prokaryote-dominated late-year state,NO3,1.85929,0.004609093791993207
2013-01-01,1,3,Prokaryote-dominated late-year state,PO4,0.05759186,0.00524478697851455
2013-01-01,1,3,Prokaryote-dominated late-year state,SPCo2,24.74442,-0.01619393633180007
2013-01-01,1,3,Prokaryote-dominated late-year state,MLD,38.61397,0.004934985406842343
2013-01-01,1,3,Prokaryote-dominated late-year state,SSS,32.54625,0.004479523191107268
2013-01-01,1,3,Prokaryote-dominated late-year state,SSH,0.2463276,0.001622541326427761
2013-01-01,1,3,Prokaryote-dominated late-year state,PAR,17.56065,0.0007559294801786513
2013-01-01,1,3,Prokaryote-dominated late-year state,PDO,-1.1,0.0012786022348440509
2013-01-01,1,3,Prokaryote-dominated late-year state,NINO_3.4,-0.42,-0.00023227390744768724
2013-01-01,1,3,Prokaryote-dominated late-year state,WPI,0.07,0.0006982982386679366
2013-01-01,1,3,Prokaryote-dominated late-year state,MHW_MeanInt,0.0026825745760852,0.0036478071872971013
2013-01-01,1,3,Prokaryote-dominated late-year state,MHW_MaxInt,0.0032023613176269,-0.0028393368270544397
2013-01-01,1,3,Prokaryote-dominated late-year state,MHW_CumInt,0.0170349361643676,-0.0014737403749791674
2013-02-01,3,3,Prokaryote-dominated late-year state,SST,9.240296,-0.010975751823881079
2013-02-01,3,3,Prokaryote-dominated late-year state,NO3,1.652196,0.0006397773649747537
2013-02-01,3,3,Prokaryote-dominated late-year state,PO4,0.0537794,0.0034691025152070276
2013-02-01,3,3,Prokaryote-dominated late-year state,SPCo2,24.92982,-0.0013938443328693393
2013-02-01,3,3,Prokaryote-dominated late-year state,MLD,35.99725,0.004680173045623257
2013-02-01,3,3,Prokaryote-dominated late-year state,SSS,32.51694,0.0015335520316261083
2013-02-01,3,3,Prokaryote-dominated late-year state,SSH,0.2190596,0.0020085230202082304
2013-02-01,3,3,Prokaryote-dominated late-year state,PAR,21.53218,0.0008176585094517205
2013-02-01,3,3,Prokaryote-dominated late-year state,PDO,-1.42,0.00032308634275802193
2013-02-01,3,3,Prokaryote-dominated late-year state,NINO_3.4,-0.4,0.00031188815854432195
2013-02-01,3,3,Prokaryote-dominated late-year state,WPI,1.49,0.0005435594198538292
2013-02-01,3,3,Prokaryote-dominated late-year state,MHW_MeanInt,0.0117579157751357,0.0004083364189615281
2013-02-01,3,3,Prokaryote-dominated late-year state,MHW_MaxInt,0.0143890822006011,-0.0027998334338076507
2013-02-01,3,3,Prokaryote-dominated late-year state,MHW_CumInt,0.1278281047038635,0.00043377276334927894
2013-03-01,3,3,Prokaryote-dominated late-year state,SST,9.718316,-0.009418464446089408
2013-03-01,3,3,Prokaryote-dominated late-year state,NO3,1.591981,-0.006518134492671301
2013-03-01,3,3,Prokaryote-dominated late-year state,PO4,0.03114325,0.002021116393919237
2013-03-01,3,3,Prokaryote-dominated late-year state,SPCo2,26.52185,0.004102190659531862
2013-03-01,3,3,Prokaryote-dominated late-year state,MLD,23.62805,0.003994731932739706
2013-03-01,3,3,Prokaryote-dominated late-year state,SSS,32.6809,0.0017240488102436787
2013-03-01,3,3,Prokaryote-dominated late-year state,SSH,0.1536501,0.0028294770711585495
2013-03-01,3,3,Prokaryote-dominated late-year state,PAR,35.09188,0.0006547806524325094
2013-03-01,3,3,Prokaryote-dominated late-year state,PDO,-1.48,-0.00028237692553895964
2013-03-01,3,3,Prokaryote-dominated late-year state,NINO_3.4,-0.14,0.0008329259953055751
2013-03-01,3,3,Prokaryote-dominated late-year state,WPI,0.59,0.0010781357525621784
2013-03-01,3,3,Prokaryote-dominated late-year state,MHW_MeanInt,0.0147824654083506,-0.0018447390304108073
2013-03-01,3,3,Prokaryote-dominated late-year state,MHW_MaxInt,0.018450564415395,0.00016421400475149107
2013-03-01,3,3,Prokaryote-dominated late-year state,MHW_CumInt,0.2017940432436514,0.0006620936220656852
2013-04-01,1,3,Prokaryote-dominated late-year state,SST,11.21947,-0.0107450144345597
2013-04-01,1,3,Prokaryote-dominated late-year state,NO3,1.999425,0.0004568931779089745
2013-04-01,1,3,Prokaryote-dominated late-year state,PO4,0.01778871,0.0010729034353463688
2013-04-01,1,3,Prokaryote-dominated late-year state,SPCo2,29.50529,0.0031623591067297526
2013-04-01,1,3,Prokaryote-dominated late-year state,MLD,15.6091,0.003215541947184991
2013-04-01,1,3,Prokaryote-dominated late-year state,SSS,32.54106,0.0006844021723831266
2013-04-01,1,3,Prokaryote-dominated late-year state,SSH,0.2004749,0.0011110585145373616
2013-04-01,1,3,Prokaryote-dominated late-year state,PAR,42.8396,-0.0018282782324682018
2013-04-01,1,3,Prokaryote-dominated late-year state,PDO,-0.72,0.0009372755773290795
2013-04-01,1,3,Prokaryote-dominated late-year state,NINO_3.4,-0.08,0.0015028660305035951
2013-04-01,1,3,Prokaryote-dominated late-year state,WPI,-1.86,-0.0005872915892506236
2013-04-01,1,3,Prokaryote-dominated late-year state,MHW_MeanInt,0.1143419082115285,0.00042764423125977644
2013-04-01,1,3,Prokaryote-dominated late-year state,MHW_MaxInt,0.1345192016734933,0.00023660189153638296
2013-04-01,1,3,Prokaryote-dominated late-year state,MHW_CumInt,0.7401577160222823,0.00035303817155912196
2013-05-01,1,3,Prokaryote-dominated late-year state,SST,15.94189,-0.017481666951629955
2013-05-01,1,3,Prokaryote-dominated late-year state,NO3,3.372037,0.00011839069788595634
2013-05-01,1,3,Prokaryote-dominated late-year state,PO4,0.01200175,0.003176169752679851
2013-05-01,1,3,Prokaryote-dominated late-year state,SPCo2,35.85254,0.0023061551139545843
2013-05-01,1,3,Prokaryote-dominated late-year state,MLD,10.81819,-0.007749743928635576
2013-05-01,1,3,Prokaryote-dominated late-year state,SSS,32.27205,0.0014247739913909705
2013-05-01,1,3,Prokaryote-dominated late-year state,SSH,0.2787566,0.0018269546481232118
2013-05-01,1,3,Prokaryote-dominated late-year state,PAR,45.23904,0.0032085969559859217
2013-05-01,1,3,Prokaryote-dominated late-year state,PDO,-0.4,0.003154210155262388
2013-05-01,1,3,Prokaryote-dominated late-year state,NINO_3.4,-0.28,0.00553440038867475
2013-05-01,1,3,Prokaryote-dominated late-year state,WPI,-1.13,0.0008035632796528836
2013-05-01,1,3,Prokaryote-dominated late-year state,MHW_MeanInt,0.202485598450066,0.001084821449852337
2013-05-01,1,3,Prokaryote-dominated late-year state,MHW_MaxInt,0.2553866846278816,0.0013183102585033982
2013-05-01,1,3,Prokaryote-dominated late-year state,MHW_CumInt,1.9763250987361305,0.0012750641882992924
2013-06-01,2,3,Prokaryote-dominated late-year state,SST,20.33818,-0.008515878415398153
2013-06-01,2,3,Prokaryote-dominated late-year state,NO3,4.428969,0.0060715452457782764
2013-06-01,2,3,Prokaryote-dominated late-year state,PO4,0.0181937,0.0014097107486544527
2013-06-01,2,3,Prokaryote-dominated late-year state,SPCo2,41.53366,-0.0014854835147380455
2013-06-01,2,3,Prokaryote-dominated late-year state,MLD,10.33597,-0.01313475552205733
2013-06-01,2,3,Prokaryote-dominated late-year state,SSS,31.88635,0.0068729024883192975
2013-06-01,2,3,Prokaryote-dominated late-year state,SSH,0.2440405,0.0006846113222789232
2013-06-01,2,3,Prokaryote-dominated late-year state,PAR,43.22112,0.004413408100914778
2013-06-01,2,3,Prokaryote-dominated late-year state,PDO,-1.19,0.0005734510201434837
2013-06-01,2,3,Prokaryote-dominated late-year state,NINO_3.4,-0.33,0.0022190460530864885
2013-06-01,2,3,Prokaryote-dominated late-year state,WPI,-0.47,0.0004959635498456303
2013-06-01,2,3,Prokaryote-dominated late-year state,MHW_MeanInt,0.6436380006577703,0.0007340786215464431
2013-06-01,2,3,Prokaryote-dominated late-year state,MHW_MaxInt,0.8377370909705248,0.0012308608593054632
2013-06-01,2,3,Prokaryote-dominated late-year state,MHW_CumInt,13.348391495137458,-0.0015694605576797224
2013-07-01,2,3,Prokaryote-dominated late-year state,SST,24.83241,-0.006453721178696439
2013-07-01,2,3,Prokaryote-dominated late-year state,NO3,5.683077,0.0017679091329545424
2013-07-01,2,3,Prokaryote-dominated late-year state,PO4,0.0149803,0.002069576315626139
2013-07-01,2,3,Prokaryote-dominated late-year state,SPCo2,43.8593,-0.0028009018525895976
2013-07-01,2,3,Prokaryote-dominated late-year state,MLD,10.61327,-0.00967045067873458
2013-07-01,2,3,Prokaryote-dominated late-year state,SSS,31.53158,0.009576118480277602
2013-07-01,2,3,Prokaryote-dominated late-year state,SSH,0.2719962,0.0016387744743151295
2013-07-01,2,3,Prokaryote-dominated late-year state,PAR,47.80894,0.0017749122000827748
2013-07-01,2,3,Prokaryote-dominated late-year state,PDO,-1.34,0.0003681729655483396
2013-07-01,2,3,Prokaryote-dominated late-year state,NINO_3.4,-0.28,0.0021942988438506993
2013-07-01,2,3,Prokaryote-dominated late-year state,WPI,-0.88,0.0007135824282377404
2013-07-01,2,3,Prokaryote-dominated late-year state,MHW_MeanInt,0.9847968639385748,0.0008728220612118141
2013-07-01,2,3,Prokaryote-dominated late-year state,MHW_MaxInt,1.2374811556392449,-0.0020323277942727674
2013-07-01,2,3,Prokaryote-dominated late-year state,MHW_CumInt,14.165808207182344,-1.8765397811403387e-05
2013-08-01,2,3,Prokaryote-dominated late-year state,SST,27.49409,-0.013316501870723401
2013-08-01,2,3,Prokaryote-dominated late-year state,NO3,5.691285,0.0034472608938166654
2013-08-01,2,3,Prokaryote-dominated late-year state,PO4,0.01616579,0.0020931975212235276
2013-08-01,2,3,Prokaryote-dominated late-year state,SPCo2,44.36195,-0.0035518053036905405
2013-08-01,2,3,Prokaryote-dominated late-year state,MLD,10.78457,-0.00591535702804431
2013-08-01,2,3,Prokaryote-dominated late-year state,SSS,31.29611,0.009301548917823308
2013-08-01,2,3,Prokaryote-dominated late-year state,SSH,0.3250987,0.0017304358185697983
2013-08-01,2,3,Prokaryote-dominated late-year state,PAR,48.66373,0.0025293579992495883
2013-08-01,2,3,Prokaryote-dominated late-year state,PDO,-1.56,0.0003203315546066423
2013-08-01,2,3,Prokaryote-dominated late-year state,NINO_3.4,-0.29,0.0020828251335180408
2013-08-01,2,3,Prokaryote-dominated late-year state,WPI,-0.17,0.0005959767564001781
2013-08-01,2,3,Prokaryote-dominated late-year state,MHW_MeanInt,0.0704359765413394,0.00023481795024781927
2013-08-01,2,3,Prokaryote-dominated late-year state,MHW_MaxInt,0.0821101653767128,0.00012498027272287576
2013-08-01,2,3,Prokaryote-dominated late-year state,MHW_CumInt,0.4711684224830428,0.0003229313842797943
2013-09-01,3,3,Prokaryote-dominated late-year state,SST,25.13302,-0.011402887088169432
2013-09-01,3,3,Prokaryote-dominated late-year state,NO3,4.242201,0.006831773190588549
2013-09-01,3,3,Prokaryote-dominated late-year state,PO4,0.01609499,0.0019343884904833677
2013-09-01,3,3,Prokaryote-dominated late-year state,SPCo2,38.75266,-0.0005130932649348245
2013-09-01,3,3,Prokaryote-dominated late-year state,MLD,14.85085,0.00120742478006075
2013-09-01,3,3,Prokaryote-dominated late-year state,SSS,31.44139,0.0026468677344870543
2013-09-01,3,3,Prokaryote-dominated late-year state,SSH,0.3413573,0.0007210912410525982
2013-09-01,3,3,Prokaryote-dominated late-year state,PAR,38.70431,-8.417255271687706e-05
2013-09-01,3,3,Prokaryote-dominated late-year state,PDO,-1.0,0.0008428800050377589
2013-09-01,3,3,Prokaryote-dominated late-year state,NINO_3.4,-0.09,0.0010689150664536888
2013-09-01,3,3,Prokaryote-dominated late-year state,WPI,1.93,-0.0002668177418193245
2013-09-01,3,3,Prokaryote-dominated late-year state,MHW_MeanInt,0.0076883651628608,0.002777040622645837
2013-09-01,3,3,Prokaryote-dominated late-year state,MHW_MaxInt,0.0085492250045681,-0.0033939316273246803
2013-09-01,3,3,Prokaryote-dominated late-year state,MHW_CumInt,0.0421040691671182,-0.0023694788558444833
2013-10-01,3,3,Prokaryote-dominated late-year state,SST,22.07721,-0.011387173132711694
2013-10-01,3,3,Prokaryote-dominated late-year state,NO3,3.504446,0.0059534392938461606
2013-10-01,3,3,Prokaryote-dominated late-year state,PO4,0.01783757,0.002046905421027619
2013-10-01,3,3,Prokaryote-dominated late-year state,SPCo2,34.33633,-0.00015786484596779895
2013-10-01,3,3,Prokaryote-dominated late-year state,MLD,23.37055,0.0026671969636101636
2013-10-01,3,3,Prokaryote-dominated late-year state,SSS,31.97758,0.004143306026737415
2013-10-01,3,3,Prokaryote-dominated late-year state,SSH,0.3745617,-0.002115389517874922
2013-10-01,3,3,Prokaryote-dominated late-year state,PAR,30.95163,0.000260202927814313
2013-10-01,3,3,Prokaryote-dominated late-year state,PDO,-1.65,0.00023513589615571816
2013-10-01,3,3,Prokaryote-dominated late-year state,NINO_3.4,-0.24,0.0005967531242259883
2013-10-01,3,3,Prokaryote-dominated late-year state,WPI,-0.09,0.0005015476370388146
2013-10-01,3,3,Prokaryote-dominated late-year state,MHW_MeanInt,0.0,0.0031053411404920986
2013-10-01,3,3,Prokaryote-dominated late-year state,MHW_MaxInt,0.0,-0.0036113109433012127
2013-10-01,3,3,Prokaryote-dominated late-year state,MHW_CumInt,0.0,-0.0022380899910926684
2013-11-01,3,3,Prokaryote-dominated late-year state,SST,17.8986,-0.01394135880545868
2013-11-01,3,3,Prokaryote-dominated late-year state,NO3,3.135605,0.005635570014024423
2013-11-01,3,3,Prokaryote-dominated late-year state,PO4,0.02977752,0.0023575888098451864
2013-11-01,3,3,Prokaryote-dominated late-year state,SPCo2,30.18839,-0.001603138671164454
2013-11-01,3,3,Prokaryote-dominated late-year state,MLD,30.7696,0.0026279814605835936
2013-11-01,3,3,Prokaryote-dominated late-year state,SSS,32.17886,0.0020513041208611114
2013-11-01,3,3,Prokaryote-dominated late-year state,SSH,0.2315284,0.0009145226304667917
2013-11-01,3,3,Prokaryote-dominated late-year state,PAR,21.19913,0.0009249665111717742
2013-11-01,3,3,Prokaryote-dominated late-year state,PDO,-1.09,0.0015441687927003444
2013-11-01,3,3,Prokaryote-dominated late-year state,NINO_3.4,-0.02,0.0009893172115447801
2013-11-01,3,3,Prokaryote-dominated late-year state,WPI,-0.04,0.0005065029099055388
2013-11-01,3,3,Prokaryote-dominated late-year state,MHW_MeanInt,0.0,0.0031067569515175354
2013-11-01,3,3,Prokaryote-dominated late-year state,MHW_MaxInt,0.0,-0.0031395896365165616
2013-11-01,3,3,Prokaryote-dominated late-year state,MHW_CumInt,0.0,-0.0019745922994814065
2013-12-01,3,3,Prokaryote-dominated late-year state,SST,13.98345,-0.011640729866895055
2013-12-01,3,3,Prokaryote-dominated late-year state,NO3,2.505222,0.001387895373377029
2013-12-01,3,3,Prokaryote-dominated late-year state,PO4,0.04622364,0.002313513988449383
2013-12-01,3,3,Prokaryote-dominated late-year state,SPCo2,26.77407,0.0011264593228404128
2013-12-01,3,3,Prokaryote-dominated late-year state,MLD,36.92234,0.00461883750282844
2013-12-01,3,3,Prokaryote-dominated late-year state,SSS,32.39284,0.002299690517049555
2013-12-01,3,3,Prokaryote-dominated late-year state,SSH,0.2197811,0.0012229082184808963
2013-12-01,3,3,Prokaryote-dominated late-year state,PAR,17.84313,-0.002417004584829694
2013-12-01,3,3,Prokaryote-dominated late-year state,PDO,-1.04,0.0007806587365283906
2013-12-01,3,3,Prokaryote-dominated late-year state,NINO_3.4,-0.09,0.0003639159474096805
2013-12-01,3,3,Prokaryote-dominated late-year state,WPI,-2.01,-0.001446700119616499
2013-12-01,3,3,Prokaryote-dominated late-year state,MHW_MeanInt,0.072246801745303,0.0006792284507504068
2013-12-01,3,3,Prokaryote-dominated late-year state,MHW_MaxInt,0.0919550058752775,0.00041954540124770933
2013-12-01,3,3,Prokaryote-dominated late-year state,MHW_CumInt,0.4342501002015349,0.00029178111237935215
2014-01-01,3,3,Prokaryote-dominated late-year state,SST,11.27123,-0.008244477583742695
2014-01-01,3,3,Prokaryote-dominated late-year state,NO3,1.889344,0.002468087991798574
2014-01-01,3,3,Prokaryote-dominated late-year state,PO4,0.05868909,0.0022477451625240136
2014-01-01,3,3,Prokaryote-dominated late-year state,SPCo2,25.19709,-0.0025235832999486864
2014-01-01,3,3,Prokaryote-dominated late-year state,MLD,40.72722,0.0015313271777368774
2014-01-01,3,3,Prokaryote-dominated late-year state,SSS,32.58432,0.0022189842408935415
2014-01-01,3,3,Prokaryote-dominated late-year state,SSH,0.2047565,0.00122006478039641
2014-01-01,3,3,Prokaryote-dominated late-year state,PAR,20.64507,-5.89425171582143e-05
2014-01-01,3,3,Prokaryote-dominated late-year state,PDO,-0.57,0.0010075949096024395
2014-01-01,3,3,Prokaryote-dominated late-year state,NINO_3.4,-0.42,9.05704789738425e-05
2014-01-01,3,3,Prokaryote-dominated late-year state,WPI,0.54,0.0005398639063438681
2014-01-01,3,3,Prokaryote-dominated late-year state,MHW_MeanInt,0.0138901885538036,-0.0016075868653319771
2014-01-01,3,3,Prokaryote-dominated late-year state,MHW_MaxInt,0.0163395731926932,0.00020410840739659784
2014-01-01,3,3,Prokaryote-dominated late-year state,MHW_CumInt,0.0841979795656474,0.0009062432105154098
2014-02-01,3,3,Prokaryote-dominated late-year state,SST,10.13121,-0.00744925872780336
2014-02-01,3,3,Prokaryote-dominated late-year state,NO3,1.489239,-0.007994072875448595
2014-02-01,3,3,Prokaryote-dominated late-year state,PO4,0.05794939,0.002743400995650189
2014-02-01,3,3,Prokaryote-dominated late-year state,SPCo2,25.3521,0.0021920768187607136
2014-02-01,3,3,Prokaryote-dominated late-year state,MLD,35.96181,0.004048246899254262
2014-02-01,3,3,Prokaryote-dominated late-year state,SSS,32.65193,0.0022568189523314796
2014-02-01,3,3,Prokaryote-dominated late-year state,SSH,0.2864045,0.0006088393660220036
2014-02-01,3,3,Prokaryote-dominated late-year state,PAR,21.40236,0.0006033323978402783
2014-02-01,3,3,Prokaryote-dominated late-year state,PDO,-0.42,0.0009433272724462996
2014-02-01,3,3,Prokaryote-dominated late-year state,NINO_3.4,-0.45,0.0003175906026764367
2014-02-01,3,3,Prokaryote-dominated late-year state,WPI,-1.37,-0.0006200483672891096
2014-02-01,3,3,Prokaryote-dominated late-year state,MHW_MeanInt,0.1828358502184803,0.0007226003090760693
2014-02-01,3,3,Prokaryote-dominated late-year state,MHW_MaxInt,0.2498212159153643,0.0008649444374354305
2014-02-01,3,3,Prokaryote-dominated late-year state,MHW_CumInt,3.314095086472725,0.0007622019190479163
2014-03-01,3,3,Prokaryote-dominated late-year state,SST,10.25016,-0.008896012766361707
2014-03-01,3,3,Prokaryote-dominated late-year state,NO3,1.505233,-0.007792518338175819
2014-03-01,3,3,Prokaryote-dominated late-year state,PO4,0.03619288,0.002136415835461703
2014-03-01,3,3,Prokaryote-dominated late-year state,SPCo2,26.96835,0.003045764865953636
2014-03-01,3,3,Prokaryote-dominated late-year state,MLD,24.13649,0.004916415285293333
2014-03-01,3,3,Prokaryote-dominated late-year state,SSS,32.69115,0.0016751324375169731
2014-03-01,3,3,Prokaryote-dominated late-year state,SSH,0.258782,0.0008727034427410183
2014-03-01,3,3,Prokaryote-dominated late-year state,PAR,34.24438,0.000857574121893155
2014-03-01,3,3,Prokaryote-dominated late-year state,PDO,0.3,0.0006958479901342657
2014-03-01,3,3,Prokaryote-dominated late-year state,NINO_3.4,-0.07,0.0021400789184093712
2014-03-01,3,3,Prokaryote-dominated late-year state,WPI,-0.43,0.00014923096149845055
2014-03-01,3,3,Prokaryote-dominated late-year state,MHW_MeanInt,0.5530395696152379,3.2644016619107764e-05
2014-03-01,3,3,Prokaryote-dominated late-year state,MHW_MaxInt,0.6797794443120697,9.354870930461714e-06
2014-03-01,3,3,Prokaryote-dominated late-year state,MHW_CumInt,5.462266864953252,0.00015736835808605036
2014-04-01,1,3,Prokaryote-dominated late-year state,SST,13.00473,-0.01214691520836387
2014-04-01,1,3,Prokaryote-dominated late-year state,NO3,2.275622,0.001340710244250855
2014-04-01,1,3,Prokaryote-dominated late-year state,PO4,0.01495199,0.0013844206502263816
2014-04-01,1,3,Prokaryote-dominated late-year state,SPCo2,31.70635,0.0009263086219446003
2014-04-01,1,3,Prokaryote-dominated late-year state,MLD,12.09413,0.002458754282734097
2014-04-01,1,3,Prokaryote-dominated late-year state,SSS,32.48189,0.0011261607232791132
2014-04-01,1,3,Prokaryote-dominated late-year state,SSH,0.2396917,0.0016646831473180477
2014-04-01,1,3,Prokaryote-dominated late-year state,PAR,39.32692,0.0001393246011413234
2014-04-01,1,3,Prokaryote-dominated late-year state,PDO,0.36,0.0005714800957868714
2014-04-01,1,3,Prokaryote-dominated late-year state,NINO_3.4,0.28,0.0011992118689155556
2014-04-01,1,3,Prokaryote-dominated late-year state,WPI,-1.36,-0.00022234333937918015
2014-04-01,1,3,Prokaryote-dominated late-year state,MHW_MeanInt,0.1464575798895066,0.0005289470031394132
2014-04-01,1,3,Prokaryote-dominated late-year state,MHW_MaxInt,0.1808587758677439,0.00029682451774664905
2014-04-01,1,3,Prokaryote-dominated late-year state,MHW_CumInt,1.4481984446075669,0.0007324327912601403
2014-05-01,1,3,Prokaryote-dominated late-year state,SST,16.0446,-0.01851293963806933
2014-05-01,1,3,Prokaryote-dominated late-year state,NO3,3.260475,0.0010293271616883058
2014-05-01,1,3,Prokaryote-dominated late-year state,PO4,0.01168032,0.004549239749108855
2014-05-01,1,3,Prokaryote-dominated late-year state,SPCo2,36.22061,0.0019083713880882524
2014-05-01,1,3,Prokaryote-dominated late-year state,MLD,10.9176,-0.004621228645068521
2014-05-01,1,3,Prokaryote-dominated late-year state,SSS,32.26253,0.0024852788281170424
2014-05-01,1,3,Prokaryote-dominated late-year state,SSH,0.2223855,0.0025453331220755774
2014-05-01,1,3,Prokaryote-dominated late-year state,PAR,47.78525,-8.153688279411747e-05
2014-05-01,1,3,Prokaryote-dominated late-year state,PDO,1.27,-0.001983520794075028
2014-05-01,1,3,Prokaryote-dominated late-year state,NINO_3.4,0.45,0.007032603896205413
2014-05-01,1,3,Prokaryote-dominated late-year state,WPI,-0.85,0.001459498921460966
2014-05-01,1,3,Prokaryote-dominated late-year state,MHW_MeanInt,0.515771541225262,0.001677773044779083
2014-05-01,1,3,Prokaryote-dominated late-year state,MHW_MaxInt,0.6675087353539205,0.0017540705633501464
2014-05-01,1,3,Prokaryote-dominated late-year state,MHW_CumInt,7.37567996233819,0.0007577292851333653
2014-06-01,2,3,Prokaryote-dominated late-year state,SST,20.6141,-0.00830615001536415
2014-06-01,2,3,Prokaryote-dominated late-year state,NO3,4.427966,0.0063363420361129885
2014-06-01,2,3,Prokaryote-dominated late-year state,PO4,0.02344926,0.0008889331640202169
2014-06-01,2,3,Prokaryote-dominated late-year state,SPCo2,41.75652,-0.0007162117025817889
2014-06-01,2,3,Prokaryote-dominated late-year state,MLD,10.36191,-0.012097850445873635
2014-06-01,2,3,Prokaryote-dominated late-year state,SSS,31.8717,0.007206844949383883
2014-06-01,2,3,Prokaryote-dominated late-year state,SSH,0.2398993,0.0007803981846335548
2014-06-01,2,3,Prokaryote-dominated late-year state,PAR,44.05859,0.0017534800732393594
2014-06-01,2,3,Prokaryote-dominated late-year state,PDO,-0.28,0.00044826258757065787
2014-06-01,2,3,Prokaryote-dominated late-year state,NINO_3.4,0.48,0.0028962986576700047
2014-06-01,2,3,Prokaryote-dominated late-year state,WPI,-0.3,0.0004974229899099507
2014-06-01,2,3,Prokaryote-dominated late-year state,MHW_MeanInt,0.4363236742072758,0.00039499932582437897
2014-06-01,2,3,Prokaryote-dominated late-year state,MHW_MaxInt,0.56513623005126,5.9830230383015116e-05
2014-06-01,2,3,Prokaryote-dominated late-year state,MHW_CumInt,3.915426197541744,-0.00014260003492844826
2014-07-01,2,3,Prokaryote-dominated late-year state,SST,23.55093,-0.006962899082817711
2014-07-01,2,3,Prokaryote-dominated late-year state,NO3,5.575015,0.001994816981799035
2014-07-01,2,3,Prokaryote-dominated late-year state,PO4,0.01890092,0.0022099857372207578
2014-07-01,2,3,Prokaryote-dominated late-year state,SPCo2,43.77967,-0.003391733022682735
2014-07-01,2,3,Prokaryote-dominated late-year state,MLD,10.28548,-0.011069971249099163
2014-07-01,2,3,Prokaryote-dominated late-year state,SSS,31.4401,0.008786622741162129
2014-07-01,2,3,Prokaryote-dominated late-year state,SSH,0.2456003,0.000936647321534706
2014-07-01,2,3,Prokaryote-dominated late-year state,PAR,45.27071,0.0030169058390368715
2014-07-01,2,3,Prokaryote-dominated late-year state,PDO,0.25,0.00043271078357576606
2014-07-01,2,3,Prokaryote-dominated late-year state,NINO_3.4,0.13,0.0032964296150637643
2014-07-01,2,3,Prokaryote-dominated late-year state,WPI,-1.63,7.272959316605271e-05
2014-07-01,2,3,Prokaryote-dominated late-year state,MHW_MeanInt,0.2554090270115723,9.133475437966304e-05
2014-07-01,2,3,Prokaryote-dominated late-year state,MHW_MaxInt,0.3420341341279099,0.000631109182080637
2014-07-01,2,3,Prokaryote-dominated late-year state,MHW_CumInt,4.698975158104316,-4.4689194419778106e-05
2014-08-01,2,3,Prokaryote-dominated late-year state,SST,25.62738,-0.007520458427452441
2014-08-01,2,3,Prokaryote-dominated late-year state,NO3,5.411727,0.003544597795622305
2014-08-01,2,3,Prokaryote-dominated late-year state,PO4,0.02077968,0.0015021562899910671
2014-08-01,2,3,Prokaryote-dominated late-year state,SPCo2,42.95845,-0.004354988119344872
2014-08-01,2,3,Prokaryote-dominated late-year state,MLD,10.65967,-0.013382061781603213
2014-08-01,2,3,Prokaryote-dominated late-year state,SSS,31.44185,0.008885349127990293
2014-08-01,2,3,Prokaryote-dominated late-year state,SSH,0.3311163,0.0013544249240931936
2014-08-01,2,3,Prokaryote-dominated late-year state,PAR,40.7916,0.004662863711675986
2014-08-01,2,3,Prokaryote-dominated late-year state,PDO,0.34,0.0009187304926748212
2014-08-01,2,3,Prokaryote-dominated late-year state,NINO_3.4,0.14,0.0031251210520792383
2014-08-01,2,3,Prokaryote-dominated late-year state,WPI,-0.77,0.0008698596247985261
2014-08-01,2,3,Prokaryote-dominated late-year state,MHW_MeanInt,0.0666690149495813,7.875096901483822e-05
2014-08-01,2,3,Prokaryote-dominated late-year state,MHW_MaxInt,0.0817439554351556,3.1175397961237364e-07
2014-08-01,2,3,Prokaryote-dominated late-year state,MHW_CumInt,0.6824496352949047,0.0003153425864806386
2014-09-01,2,3,Prokaryote-dominated late-year state,SST,25.12296,-0.007600432810440439
2014-09-01,2,3,Prokaryote-dominated late-year state,NO3,5.536932,0.003294094714404733
2014-09-01,2,3,Prokaryote-dominated late-year state,PO4,0.01496245,0.0033013071744215612
2014-09-01,2,3,Prokaryote-dominated late-year state,SPCo2,39.77181,-0.0047834253963696055
2014-09-01,2,3,Prokaryote-dominated late-year state,MLD,13.20464,0.0010723322119736973
2014-09-01,2,3,Prokaryote-dominated late-year state,SSS,31.49209,0.008596340635730285
2014-09-01,2,3,Prokaryote-dominated late-year state,SSH,0.3881725,-0.007493267313632042
2014-09-01,2,3,Prokaryote-dominated late-year state,PAR,35.84796,0.0004319296287472639
2014-09-01,2,3,Prokaryote-dominated late-year state,PDO,0.76,-0.0007924026542792145
2014-09-01,2,3,Prokaryote-dominated late-year state,NINO_3.4,0.37,0.0037864865345451316
2014-09-01,2,3,Prokaryote-dominated late-year state,WPI,-1.23,0.0016058069911233954
2014-09-01,2,3,Prokaryote-dominated late-year state,MHW_MeanInt,0.0062855582321937,-0.0005777624287748439
2014-09-01,2,3,Prokaryote-dominated late-year state,MHW_MaxInt,0.0070013147047267,-0.0027273442956094315
2014-09-01,2,3,Prokaryote-dominated late-year state,MHW_CumInt,0.0714146181115257,0.0018863370081594931
2014-10-01,3,3,Prokaryote-dominated late-year state,SST,21.40834,-0.010841024101557082
2014-10-01,3,3,Prokaryote-dominated late-year state,NO3,4.39926,0.007369665167630842
2014-10-01,3,3,Prokaryote-dominated late-year state,PO4,0.01405345,0.003242361566213338
2014-10-01,3,3,Prokaryote-dominated late-year state,SPCo2,34.74911,0.0016851445578382003
2014-10-01,3,3,Prokaryote-dominated late-year state,MLD,22.19799,0.0015733487915619523
2014-10-01,3,3,Prokaryote-dominated late-year state,SSS,31.92996,0.007275694785255746
2014-10-01,3,3,Prokaryote-dominated late-year state,SSH,0.4306352,-0.010608807880039877
2014-10-01,3,3,Prokaryote-dominated late-year state,PAR,31.03512,0.0015639654152718196
2014-10-01,3,3,Prokaryote-dominated late-year state,PDO,1.43,-0.009295434770136085
2014-10-01,3,3,Prokaryote-dominated late-year state,NINO_3.4,0.48,0.003619698940434399
2014-10-01,3,3,Prokaryote-dominated late-year state,WPI,-0.32,0.0007328936665008292
2014-10-01,3,3,Prokaryote-dominated late-year state,MHW_MeanInt,0.0322293601957385,0.0013050545350133296
2014-10-01,3,3,Prokaryote-dominated late-year state,MHW_MaxInt,0.036707823636989,0.001020709170595443
2014-10-01,3,3,Prokaryote-dominated late-year state,MHW_CumInt,0.2107637450382355,0.0013567301554171483
2014-11-01,3,3,Prokaryote-dominated late-year state,SST,18.01021,-0.013366824747389879
2014-11-01,3,3,Prokaryote-dominated late-year state,NO3,3.847916,0.006535625779901933
2014-11-01,3,3,Prokaryote-dominated late-year state,PO4,0.02458723,0.0035320331696972592
2014-11-01,3,3,Prokaryote-dominated late-year state,SPCo2,30.96502,0.000297315157768314
2014-11-01,3,3,Prokaryote-dominated late-year state,MLD,27.93111,0.0009472701443996829
2014-11-01,3,3,Prokaryote-dominated late-year state,SSS,32.16928,0.004146649505666794
2014-11-01,3,3,Prokaryote-dominated late-year state,SSH,0.3129542,0.0022010164523195044
2014-11-01,3,3,Prokaryote-dominated late-year state,PAR,21.08372,0.0014199376041104177
2014-11-01,3,3,Prokaryote-dominated late-year state,PDO,1.35,-0.009032651711107481
2014-11-01,3,3,Prokaryote-dominated late-year state,NINO_3.4,0.89,0.003540214333364078
2014-11-01,3,3,Prokaryote-dominated late-year state,WPI,0.13,0.001202729788835134
2014-11-01,3,3,Prokaryote-dominated late-year state,MHW_MeanInt,0.0,0.0020931338714560276
2014-11-01,3,3,Prokaryote-dominated late-year state,MHW_MaxInt,0.0,-0.002806325138287973
2014-11-01,3,3,Prokaryote-dominated late-year state,MHW_CumInt,0.0,-0.0007101242107338222
2014-12-01,3,3,Prokaryote-dominated late-year state,SST,13.88696,-0.01175466164326864
2014-12-01,3,3,Prokaryote-dominated late-year state,NO3,2.733043,0.003801196336390945
2014-12-01,3,3,Prokaryote-dominated late-year state,PO4,0.04303123,0.0032499333854509164
2014-12-01,3,3,Prokaryote-dominated late-year state,SPCo2,27.38779,0.0026846221247626297
2014-12-01,3,3,Prokaryote-dominated late-year state,MLD,37.38982,0.003415389260387947
2014-12-01,3,3,Prokaryote-dominated late-year state,SSS,32.40302,0.004045769243371969
2014-12-01,3,3,Prokaryote-dominated late-year state,SSH,0.2264712,0.0015268427578053298
2014-12-01,3,3,Prokaryote-dominated late-year state,PAR,17.05835,0.0010988096653708032
2014-12-01,3,3,Prokaryote-dominated late-year state,PDO,1.86,-0.014680096199981276
2014-12-01,3,3,Prokaryote-dominated late-year state,NINO_3.4,0.77,0.004861343755873461
2014-12-01,3,3,Prokaryote-dominated late-year state,WPI,-0.13,0.0013532919225964389
2014-12-01,3,3,Prokaryote-dominated late-year state,MHW_MeanInt,0.0027329815028171,0.0031252252998064107
2014-12-01,3,3,Prokaryote-dominated late-year state,MHW_MaxInt,0.0035584981840003,-0.001950078345342876
2014-12-01,3,3,Prokaryote-dominated late-year state,MHW_CumInt,0.0191308705197197,-0.0007775875632240663
2015-01-01,3,3,Prokaryote-dominated late-year state,SST,10.9473,-0.009701929547054918
2015-01-01,3,3,Prokaryote-dominated late-year state,NO3,2.160026,0.004410019015864352
2015-01-01,3,3,Prokaryote-dominated late-year state,PO4,0.05534801,0.003696863698202853
2015-01-01,3,3,Prokaryote-dominated late-year state,SPCo2,25.7909,0.0012151067626022959
2015-01-01,3,3,Prokaryote-dominated late-year state,MLD,40.57145,0.0011264998393224037
2015-01-01,3,3,Prokaryote-dominated late-year state,SSS,32.53914,0.00477526070132501
2015-01-01,3,3,Prokaryote-dominated late-year state,SSH,0.2603506,0.0012367801804955983
2015-01-01,3,3,Prokaryote-dominated late-year state,PAR,18.11417,0.0013673160018731264
2015-01-01,3,3,Prokaryote-dominated late-year state,PDO,1.51,-0.014744761113186683
2015-01-01,3,3,Prokaryote-dominated late-year state,NINO_3.4,0.59,0.005202283684580677
2015-01-01,3,3,Prokaryote-dominated late-year state,WPI,-0.22,0.0010431942418980288
2015-01-01,3,3,Prokaryote-dominated late-year state,MHW_MeanInt,0.0010490449770578,0.0032886531791249773
2015-01-01,3,3,Prokaryote-dominated late-year state,MHW_MaxInt,0.0012520400268499,-0.0021511656856903092
2015-01-01,3,3,Prokaryote-dominated late-year state,MHW_CumInt,0.0062942698623468,-0.0007641209593574276
2015-02-01,3,3,Prokaryote-dominated late-year state,SST,9.598001,-0.010588388620589048
2015-02-01,3,3,Prokaryote-dominated late-year state,NO3,1.893458,0.004388148852986315
2015-02-01,3,3,Prokaryote-dominated late-year state,PO4,0.05033891,0.0033607000289540825
2015-02-01,3,3,Prokaryote-dominated late-year state,SPCo2,25.53375,-0.0011860814851756155
2015-02-01,3,3,Prokaryote-dominated late-year state,MLD,37.6069,0.002787579942870908
2015-02-01,3,3,Prokaryote-dominated late-year state,SSS,32.57518,0.002533579452528243
2015-02-01,3,3,Prokaryote-dominated late-year state,SSH,0.2328704,0.0018199335208005216
2015-02-01,3,3,Prokaryote-dominated late-year state,PAR,23.7515,0.002035059145237006
2015-02-01,3,3,Prokaryote-dominated late-year state,PDO,1.52,-0.013969736520093106
2015-02-01,3,3,Prokaryote-dominated late-year state,NINO_3.4,0.57,0.0050286015947732165
2015-02-01,3,3,Prokaryote-dominated late-year state,WPI,-1.37,-0.00017181369172950502
2015-02-01,3,3,Prokaryote-dominated late-year state,MHW_MeanInt,0.1760651215774417,0.0011080713744397134
2015-02-01,3,3,Prokaryote-dominated late-year state,MHW_MaxInt,0.2367975052930375,0.0013755433124311833
2015-02-01,3,3,Prokaryote-dominated late-year state,MHW_CumInt,1.339697902277791,0.0014788030925660907
2015-03-01,3,3,Prokaryote-dominated late-year state,SST,9.94882,-0.010697392290191062
2015-03-01,3,3,Prokaryote-dominated late-year state,NO3,2.130797,0.003066633876851073
2015-03-01,3,3,Prokaryote-dominated late-year state,PO4,0.03462297,0.002141647753699853
2015-03-01,3,3,Prokaryote-dominated late-year state,SPCo2,27.03447,0.001253455009225503
2015-03-01,3,3,Prokaryote-dominated late-year state,MLD,22.68333,0.002785774030041697
2015-03-01,3,3,Prokaryote-dominated late-year state,SSS,32.61991,0.000279305503698656
2015-03-01,3,3,Prokaryote-dominated late-year state,SSH,0.1904375,0.0008578365693931803
2015-03-01,3,3,Prokaryote-dominated late-year state,PAR,33.73332,0.0011698937754749611
2015-03-01,3,3,Prokaryote-dominated late-year state,PDO,1.33,-0.0074892699948871854
2015-03-01,3,3,Prokaryote-dominated late-year state,NINO_3.4,0.48,0.003044563503350643
2015-03-01,3,3,Prokaryote-dominated late-year state,WPI,0.41,0.0004174611034846267
2015-03-01,3,3,Prokaryote-dominated late-year state,MHW_MeanInt,0.2663513975679584,0.0007044865576605978
2015-03-01,3,3,Prokaryote-dominated late-year state,MHW_MaxInt,0.3618852606432277,0.001079407875464895
2015-03-01,3,3,Prokaryote-dominated late-year state,MHW_CumInt,2.3693981208446355,0.0013861967267325707
2015-04-01,1,3,Prokaryote-dominated late-year state,SST,12.2354,-0.01157397006820019
2015-04-01,1,3,Prokaryote-dominated late-year state,NO3,2.644213,0.002283162872141988
2015-04-01,1,3,Prokaryote-dominated late-year state,PO4,0.01894304,0.001234174739360913
2015-04-01,1,3,Prokaryote-dominated late-year state,SPCo2,30.70882,0.0008989416409204855
2015-04-01,1,3,Prokaryote-dominated late-year state,MLD,12.59683,0.001200232183138719
2015-04-01,1,3,Prokaryote-dominated late-year state,SSS,32.30037,0.0017566168019894897
2015-04-01,1,3,Prokaryote-dominated late-year state,SSH,0.1756203,0.0005965866754340648
2015-04-01,1,3,Prokaryote-dominated late-year state,PAR,39.32323,0.0001759810882869705
2015-04-01,1,3,Prokaryote-dominated late-year state,PDO,0.9,-0.0013721950539081155
2015-04-01,1,3,Prokaryote-dominated late-year state,NINO_3.4,0.9,0.003001319928182913
2015-04-01,1,3,Prokaryote-dominated late-year state,WPI,1.23,-0.0001734000425554683
2015-04-01,1,3,Prokaryote-dominated late-year state,MHW_MeanInt,0.3824453299643996,0.000755435522982752
2015-04-01,1,3,Prokaryote-dominated late-year state,MHW_MaxInt,0.4750848636760531,0.0002937828370515063
2015-04-01,1,3,Prokaryote-dominated late-year state,MHW_CumInt,3.2324576257286664,0.0009233308751739733
2015-05-01,2,3,Prokaryote-dominated late-year state,SST,16.21392,-0.010965327179398902
2015-05-01,2,3,Prokaryote-dominated late-year state,NO3,3.913939,0.004877302394163074
2015-05-01,2,3,Prokaryote-dominated late-year state,PO4,0.01495124,0.0023598929955308983
2015-05-01,2,3,Prokaryote-dominated late-year state,SPCo2,36.30687,0.003609219446030141
2015-05-01,2,3,Prokaryote-dominated late-year state,MLD,10.623,-0.012035453573777511
2015-05-01,2,3,Prokaryote-dominated late-year state,SSS,32.06801,0.004332104178062511
2015-05-01,2,3,Prokaryote-dominated late-year state,SSH,0.2053789,-2.7870374063317856e-05
2015-05-01,2,3,Prokaryote-dominated late-year state,PAR,44.90139,-0.00032100555114229393
2015-05-01,2,3,Prokaryote-dominated late-year state,PDO,0.32,0.002701456329576442
2015-05-01,2,3,Prokaryote-dominated late-year state,NINO_3.4,1.04,0.0023511456913678295
2015-05-01,2,3,Prokaryote-dominated late-year state,WPI,2.14,0.00028611137955501483
2015-05-01,2,3,Prokaryote-dominated late-year state,MHW_MeanInt,0.3543159431358407,0.0007606610193835545
2015-05-01,2,3,Prokaryote-dominated late-year state,MHW_MaxInt,0.438805639200904,0.0007548459224360696
2015-05-01,2,3,Prokaryote-dominated late-year state,MHW_CumInt,3.394762468438238,0.0013169173222764862
2015-06-01,2,3,Prokaryote-dominated late-year state,SST,20.6311,-0.008674029403174733
2015-06-01,2,3,Prokaryote-dominated late-year state,NO3,5.407985,0.004557456643637277
2015-06-01,2,3,Prokaryote-dominated late-year state,PO4,0.01948541,0.002084321071823436
2015-06-01,2,3,Prokaryote-dominated late-year state,SPCo2,41.31195,-0.0018863279477569013
2015-06-01,2,3,Prokaryote-dominated late-year state,MLD,10.33079,-0.01260650874700332
2015-06-01,2,3,Prokaryote-dominated late-year state,SSS,31.62811,0.008314017538866323
2015-06-01,2,3,Prokaryote-dominated late-year state,SSH,0.2305327,0.0004418895290604506
2015-06-01,2,3,Prokaryote-dominated late-year state,PAR,42.98227,0.004085924572784833
2015-06-01,2,3,Prokaryote-dominated late-year state,PDO,0.82,-0.0006745821060942962
2015-06-01,2,3,Prokaryote-dominated late-year state,NINO_3.4,1.28,0.002195640749244028
2015-06-01,2,3,Prokaryote-dominated late-year state,WPI,-0.03,0.0006131986123260961
2015-06-01,2,3,Prokaryote-dominated late-year state,MHW_MeanInt,0.2050191788655488,0.00034913491724042854
2015-06-01,2,3,Prokaryote-dominated late-year state,MHW_MaxInt,0.2570421250589931,0.0004557530973423228
2015-06-01,2,3,Prokaryote-dominated late-year state,MHW_CumInt,1.8967644777580377,0.0007441114717040342
2015-07-01,2,3,Prokaryote-dominated late-year state,SST,23.69492,-0.00676560549394359
2015-07-01,2,3,Prokaryote-dominated late-year state,NO3,5.876713,0.003743782420293415
2015-07-01,2,3,Prokaryote-dominated late-year state,PO4,0.02517136,0.002174438027173935
2015-07-01,2,3,Prokaryote-dominated late-year state,SPCo2,42.59361,-0.0025057341326185077
2015-07-01,2,3,Prokaryote-dominated late-year state,MLD,10.49055,-0.009396217720151374
2015-07-01,2,3,Prokaryote-dominated late-year state,SSS,31.35855,0.009352937333436505
2015-07-01,2,3,Prokaryote-dominated late-year state,SSH,0.2836265,0.0024454584843698005
2015-07-01,2,3,Prokaryote-dominated late-year state,PAR,44.54284,0.0032399151012858524
2015-07-01,2,3,Prokaryote-dominated late-year state,PDO,1.41,-0.00904885280506205
2015-07-01,2,3,Prokaryote-dominated late-year state,NINO_3.4,1.56,0.003412156683939651
2015-07-01,2,3,Prokaryote-dominated late-year state,WPI,0.77,-0.00037765223083574534
2015-07-01,2,3,Prokaryote-dominated late-year state,MHW_MeanInt,0.30798967196514,0.0007444585095444801
2015-07-01,2,3,Prokaryote-dominated late-year state,MHW_MaxInt,0.4009450914651187,0.0018207481392557132
2015-07-01,2,3,Prokaryote-dominated late-year state,MHW_CumInt,3.2285423898913965,0.0011601676833119196
2015-08-01,2,3,Prokaryote-dominated late-year state,SST,26.55558,-0.008618378595545173
2015-08-01,2,3,Prokaryote-dominated late-year state,NO3,6.386711,0.0030421828577833557
2015-08-01,2,3,Prokaryote-dominated late-year state,PO4,0.02111799,0.0021747023186097668
2015-08-01,2,3,Prokaryote-dominated late-year state,SPCo2,44.25109,-0.004320198606020041
2015-08-01,2,3,Prokaryote-dominated late-year state,MLD,11.0856,-0.0050115648718101384
2015-08-01,2,3,Prokaryote-dominated late-year state,SSS,31.30486,0.00907900551397262
2015-08-01,2,3,Prokaryote-dominated late-year state,SSH,0.3411819,0.0008674432702394789
2015-08-01,2,3,Prokaryote-dominated late-year state,PAR,44.28012,0.002312705168544138
2015-08-01,2,3,Prokaryote-dominated late-year state,PDO,0.98,-0.0002666766830944535
2015-08-01,2,3,Prokaryote-dominated late-year state,NINO_3.4,1.87,-0.0011959790893975193
2015-08-01,2,3,Prokaryote-dominated late-year state,WPI,-1.5,0.0004643089659809409
2015-08-01,2,3,Prokaryote-dominated late-year state,MHW_MeanInt,0.053979383332553,0.00041054939771125083
2015-08-01,2,3,Prokaryote-dominated late-year state,MHW_MaxInt,0.0601683108041808,0.0003203741761535439
2015-08-01,2,3,Prokaryote-dominated late-year state,MHW_CumInt,0.3329463680760228,0.0007415261768722417
2015-09-01,3,3,Prokaryote-dominated late-year state,SST,24.86015,-0.007442060903395259
2015-09-01,3,3,Prokaryote-dominated late-year state,NO3,5.327636,0.0059133367813079775
2015-09-01,3,3,Prokaryote-dominated late-year state,PO4,0.01941781,0.0026245080201527443
2015-09-01,3,3,Prokaryote-dominated late-year state,SPCo2,40.04376,-0.0029988875080282774
2015-09-01,3,3,Prokaryote-dominated late-year state,MLD,14.79201,0.0025699740781690754
2015-09-01,3,3,Prokaryote-dominated late-year state,SSS,31.41575,0.008457831257701463
2015-09-01,3,3,Prokaryote-dominated late-year state,SSH,0.3908192,-0.008242988957153929
2015-09-01,3,3,Prokaryote-dominated late-year state,PAR,38.37225,0.003684487784406545
2015-09-01,3,3,Prokaryote-dominated late-year state,PDO,0.97,0.0028862564883121193
2015-09-01,3,3,Prokaryote-dominated late-year state,NINO_3.4,2.01,-0.011911179157665132
2015-09-01,3,3,Prokaryote-dominated late-year state,WPI,-1.38,0.0009220194885594914
2015-09-01,3,3,Prokaryote-dominated late-year state,MHW_MeanInt,0.0209547265023257,0.0012295435306781486
2015-09-01,3,3,Prokaryote-dominated late-year state,MHW_MaxInt,0.0225415399523814,0.0013182275294874757
2015-09-01,3,3,Prokaryote-dominated late-year state,MHW_CumInt,0.1291245496297526,0.0009889315674675482
2015-10-01,3,3,Prokaryote-dominated late-year state,SST,21.63404,-0.012076309983614362
2015-10-01,3,3,Prokaryote-dominated late-year state,NO3,4.721392,0.006047621909015351
2015-10-01,3,3,Prokaryote-dominated late-year state,PO4,0.01352879,0.0020643815007603352
2015-10-01,3,3,Prokaryote-dominated late-year state,SPCo2,35.50474,0.00038554261168545603
2015-10-01,3,3,Prokaryote-dominated late-year state,MLD,21.79475,0.0015767958103073037
2015-10-01,3,3,Prokaryote-dominated late-year state,SSS,31.84531,0.0037071929289033074
2015-10-01,3,3,Prokaryote-dominated late-year state,SSH,0.3300249,0.0020529961960094652
2015-10-01,3,3,Prokaryote-dominated late-year state,PAR,30.93319,0.002009795526422816
2015-10-01,3,3,Prokaryote-dominated late-year state,PDO,0.84,0.001376563806186042
2015-10-01,3,3,Prokaryote-dominated late-year state,NINO_3.4,2.21,-0.011506156430635748
2015-10-01,3,3,Prokaryote-dominated late-year state,WPI,-0.75,0.0010333107682013478
2015-10-01,3,3,Prokaryote-dominated late-year state,MHW_MeanInt,0.1735341875579815,0.0014018444803079334
2015-10-01,3,3,Prokaryote-dominated late-year state,MHW_MaxInt,0.2043828920126233,0.0009649657764024532
2015-10-01,3,3,Prokaryote-dominated late-year state,MHW_CumInt,1.588536510651164,0.0009614551000482793
2015-11-01,3,3,Prokaryote-dominated late-year state,SST,18.49712,-0.011928766090116219
2015-11-01,3,3,Prokaryote-dominated late-year state,NO3,4.010452,0.006753926655242919
2015-11-01,3,3,Prokaryote-dominated late-year state,PO4,0.03388852,0.002311795751755152
2015-11-01,3,3,Prokaryote-dominated late-year state,SPCo2,31.92819,0.0004626642732701126
2015-11-01,3,3,Prokaryote-dominated late-year state,MLD,25.3899,0.003132348251475492
2015-11-01,3,3,Prokaryote-dominated late-year state,SSS,32.15792,0.004413879694369699
2015-11-01,3,3,Prokaryote-dominated late-year state,SSH,0.3754689,-0.0003125495299978732
2015-11-01,3,3,Prokaryote-dominated late-year state,PAR,14.94278,-0.0010147406455494957
2015-11-01,3,3,Prokaryote-dominated late-year state,PDO,0.17,0.004140742835339952
2015-11-01,3,3,Prokaryote-dominated late-year state,NINO_3.4,2.57,-0.013421771675324391
2015-11-01,3,3,Prokaryote-dominated late-year state,WPI,0.77,0.000746059480868518
2015-11-01,3,3,Prokaryote-dominated late-year state,MHW_MeanInt,0.0514072259683677,0.0013419433991906367
2015-11-01,3,3,Prokaryote-dominated late-year state,MHW_MaxInt,0.0603108396155922,0.0019458848584277216
2015-11-01,3,3,Prokaryote-dominated late-year state,MHW_CumInt,0.7039425117037246,0.0014285827410477588
2015-12-01,3,3,Prokaryote-dominated late-year state,SST,14.177,-0.01172045788153445
2015-12-01,3,3,Prokaryote-dominated late-year state,NO3,2.843007,0.0020472261145684824
2015-12-01,3,3,Prokaryote-dominated late-year state,PO4,0.05416248,0.0036943796343948177
2015-12-01,3,3,Prokaryote-dominated late-year state,SPCo2,28.56054,0.0024748192724306593
2015-12-01,3,3,Prokaryote-dominated late-year state,MLD,33.29002,0.006136235325421039
2015-12-01,3,3,Prokaryote-dominated late-year state,SSS,32.43814,0.0020965982373491467
2015-12-01,3,3,Prokaryote-dominated late-year state,SSH,0.3074622,0.0018461870637006088
2015-12-01,3,3,Prokaryote-dominated late-year state,PAR,14.92061,-0.002264470907071411
2015-12-01,3,3,Prokaryote-dominated late-year state,PDO,0.28,0.003942652693811755
2015-12-01,3,3,Prokaryote-dominated late-year state,NINO_3.4,2.56,-0.012839215657406547
2015-12-01,3,3,Prokaryote-dominated late-year state,WPI,0.56,0.0014941460512272252
2015-12-01,3,3,Prokaryote-dominated late-year state,MHW_MeanInt,0.0917502277177729,0.0011449300402586145
2015-12-01,3,3,Prokaryote-dominated late-year state,MHW_MaxInt,0.1104397527281366,0.0011938711973894965
2015-12-01,3,3,Prokaryote-dominated late-year state,MHW_CumInt,0.7299285857804427,0.0007530988154605333
2016-01-01,3,3,Prokaryote-dominated late-year state,SST,11.35939,-0.008802434512708112
2016-01-01,3,3,Prokaryote-dominated late-year state,NO3,2.193938,0.005467033441672961
2016-01-01,3,3,Prokaryote-dominated late-year state,PO4,0.06771446,-0.0026981906418915257
2016-01-01,3,3,Prokaryote-dominated late-year state,SPCo2,26.68014,0.0031011058969105444
2016-01-01,3,3,Prokaryote-dominated late-year state,MLD,38.2618,0.004521007758537231
2016-01-01,3,3,Prokaryote-dominated late-year state,SSS,32.60036,0.003963623880946588
2016-01-01,3,3,Prokaryote-dominated late-year state,SSH,0.2521202,0.0015128535117383839
2016-01-01,3,3,Prokaryote-dominated late-year state,PAR,15.91815,0.0023791425970475562
2016-01-01,3,3,Prokaryote-dominated late-year state,PDO,0.75,0.001577399441000365
2016-01-01,3,3,Prokaryote-dominated late-year state,NINO_3.4,2.56,-0.01244180294137884
2016-01-01,3,3,Prokaryote-dominated late-year state,WPI,0.96,0.0011733725868116667
2016-01-01,3,3,Prokaryote-dominated late-year state,MHW_MeanInt,0.0019937398653711,0.003359536745748092
2016-01-01,3,3,Prokaryote-dominated late-year state,MHW_MaxInt,0.0022036812187654,-0.002077601678898802
2016-01-01,3,3,Prokaryote-dominated late-year state,MHW_CumInt,0.0106247047761775,-0.0010350460855361242
2016-02-01,3,3,Prokaryote-dominated late-year state,SST,9.065997,-0.009236425236123714
2016-02-01,3,3,Prokaryote-dominated late-year state,NO3,1.724865,0.004719238625269477
2016-02-01,3,3,Prokaryote-dominated late-year state,PO4,0.06777366,-0.0036049816627944475
2016-02-01,3,3,Prokaryote-dominated late-year state,SPCo2,26.11281,0.00030965741827725313
2016-02-01,3,3,Prokaryote-dominated late-year state,MLD,36.26432,0.005031825036986957
2016-02-01,3,3,Prokaryote-dominated late-year state,SSS,32.62928,0.0024994410051917874
2016-02-01,3,3,Prokaryote-dominated late-year state,SSH,0.2196939,0.0016835303897164817
2016-02-01,3,3,Prokaryote-dominated late-year state,PAR,26.0823,0.0033690623262565954
2016-02-01,3,3,Prokaryote-dominated late-year state,PDO,1.29,-0.0013861966995239745
2016-02-01,3,3,Prokaryote-dominated late-year state,NINO_3.4,2.11,-0.008997214334912153
2016-02-01,3,3,Prokaryote-dominated late-year state,WPI,1.61,0.0011504748160569662
2016-02-01,3,3,Prokaryote-dominated late-year state,MHW_MeanInt,0.0942870505908365,0.0011248842678818125
2016-02-01,3,3,Prokaryote-dominated late-year state,MHW_MaxInt,0.1233888482030568,0.0015882412439494123
2016-02-01,3,3,Prokaryote-dominated late-year state,MHW_CumInt,2.412925928812003,0.0017484628037675463
2016-03-01,3,3,Prokaryote-dominated late-year state,SST,9.826246,-0.010776237373147413
2016-03-01,3,3,Prokaryote-dominated late-year state,NO3,1.691761,0.0029166988595494972
2016-03-01,3,3,Prokaryote-dominated late-year state,PO4,0.03755926,0.00220056866684195
2016-03-01,3,3,Prokaryote-dominated late-year state,SPCo2,28.07639,0.0024664443712185038
2016-03-01,3,3,Prokaryote-dominated late-year state,MLD,19.95332,0.002125057955161211
2016-03-01,3,3,Prokaryote-dominated late-year state,SSS,32.59669,0.002116090231290393
2016-03-01,3,3,Prokaryote-dominated late-year state,SSH,0.2412153,0.0013611595544927844
2016-03-01,3,3,Prokaryote-dominated late-year state,PAR,35.31681,0.0019110324566144637
2016-03-01,3,3,Prokaryote-dominated late-year state,PDO,1.56,-0.012620779739862574
2016-03-01,3,3,Prokaryote-dominated late-year state,NINO_3.4,1.6,0.0029695009553192477
2016-03-01,3,3,Prokaryote-dominated late-year state,WPI,-0.2,0.0012222144951718565
2016-03-01,3,3,Prokaryote-dominated late-year state,MHW_MeanInt,0.1099560271956869,0.0012656044781161255
2016-03-01,3,3,Prokaryote-dominated late-year state,MHW_MaxInt,0.1399121429539458,0.0011599437159846608
2016-03-01,3,3,Prokaryote-dominated late-year state,MHW_CumInt,1.906740845726984,0.0016827013732493006
2016-04-01,3,3,Prokaryote-dominated late-year state,SST,12.14766,-0.014226841612741264
2016-04-01,3,3,Prokaryote-dominated late-year state,NO3,2.518899,0.0033516184512160435
2016-04-01,3,3,Prokaryote-dominated late-year state,PO4,0.01578898,0.003192750924724232
2016-04-01,3,3,Prokaryote-dominated late-year state,SPCo2,32.51889,0.0013195826687818412
2016-04-01,3,3,Prokaryote-dominated late-year state,MLD,11.07572,-0.012231035013884691
2016-04-01,3,3,Prokaryote-dominated late-year state,SSS,32.39744,0.0026515190689359743
2016-04-01,3,3,Prokaryote-dominated late-year state,SSH,0.2633589,0.0021945469216760466
2016-04-01,3,3,Prokaryote-dominated late-year state,PAR,38.373,0.0046709942931092326
2016-04-01,3,3,Prokaryote-dominated late-year state,PDO,1.74,-0.006880930481691917
2016-04-01,3,3,Prokaryote-dominated late-year state,NINO_3.4,1.05,0.006728542890407948
2016-04-01,3,3,Prokaryote-dominated late-year state,WPI,-0.26,0.0021889652487681053
2016-04-01,3,3,Prokaryote-dominated late-year state,MHW_MeanInt,0.350350560763664,0.0022475409092136715
2016-04-01,3,3,Prokaryote-dominated late-year state,MHW_MaxInt,0.4470663180108907,0.0026638850390952513
2016-04-01,3,3,Prokaryote-dominated late-year state,MHW_CumInt,4.521550036478437,0.002128860692389509
2016-05-01,1,3,Prokaryote-dominated late-year state,SST,16.10254,-0.015289892960049184
2016-05-01,1,3,Prokaryote-dominated late-year state,NO3,3.421175,0.0023591713233819906
2016-05-01,1,3,Prokaryote-dominated late-year state,PO4,0.01058607,0.003934274509656905
2016-05-01,1,3,Prokaryote-dominated late-year state,SPCo2,37.12294,0.0024455546989432084
2016-05-01,1,3,Prokaryote-dominated late-year state,MLD,10.71238,-0.010769659646291554
2016-05-01,1,3,Prokaryote-dominated late-year state,SSS,32.10969,0.002818243687777213
2016-05-01,1,3,Prokaryote-dominated late-year state,SSH,0.2616625,0.00234613662490306
2016-05-01,1,3,Prokaryote-dominated late-year state,PAR,43.26632,0.0062615549034572985
2016-05-01,1,3,Prokaryote-dominated late-year state,PDO,1.6,-0.012315672755145422
2016-05-01,1,3,Prokaryote-dominated late-year state,NINO_3.4,0.45,0.008202396162447754
2016-05-01,1,3,Prokaryote-dominated late-year state,WPI,0.62,0.0019790319288606603
2016-05-01,1,3,Prokaryote-dominated late-year state,MHW_MeanInt,0.3656402965686462,0.002082995837269451
2016-05-01,1,3,Prokaryote-dominated late-year state,MHW_MaxInt,0.467429863593023,0.0029476295897244175
2016-05-01,1,3,Prokaryote-dominated late-year state,MHW_CumInt,5.300516750890629,0.0029982360950641927
2016-06-01,2,3,Prokaryote-dominated late-year state,SST,20.85806,-0.007163761628956217
2016-06-01,2,3,Prokaryote-dominated late-year state,NO3,4.992825,0.002742874550224869
2016-06-01,2,3,Prokaryote-dominated late-year state,PO4,0.01601506,0.002383568304678626
2016-06-01,2,3,Prokaryote-dominated late-year state,SPCo2,42.74236,-0.0023675349431296357
2016-06-01,2,3,Prokaryote-dominated late-year state,MLD,10.32471,-0.008818783627234128
2016-06-01,2,3,Prokaryote-dominated late-year state,SSS,31.48161,0.008498587961892045
2016-06-01,2,3,Prokaryote-dominated late-year state,SSH,0.2878778,0.0014258915844813402
2016-06-01,2,3,Prokaryote-dominated late-year state,PAR,44.62937,0.002849320284991374
2016-06-01,2,3,Prokaryote-dominated late-year state,PDO,0.86,-0.0026176621076788413
2016-06-01,2,3,Prokaryote-dominated late-year state,NINO_3.4,0.06,0.003906521597765452
2016-06-01,2,3,Prokaryote-dominated late-year state,WPI,-0.62,0.0005987382514497782
2016-06-01,2,3,Prokaryote-dominated late-year state,MHW_MeanInt,1.7267168665638983,0.001223329756769574
2016-06-01,2,3,Prokaryote-dominated late-year state,MHW_MaxInt,2.344567800383053,-0.0020015178624635368
2016-06-01,2,3,Prokaryote-dominated late-year state,MHW_CumInt,40.91532853683242,-0.0006595721227906983
2016-07-01,2,3,Prokaryote-dominated late-year state,SST,24.94849,-0.0071447247146115495
2016-07-01,2,3,Prokaryote-dominated late-year state,NO3,6.399195,0.0025691826738176503
2016-07-01,2,3,Prokaryote-dominated late-year state,PO4,0.0174332,0.002263488272085716
2016-07-01,2,3,Prokaryote-dominated late-year state,SPCo2,44.97305,-0.0024951579965736895
2016-07-01,2,3,Prokaryote-dominated late-year state,MLD,10.35994,-0.010382217875531048
2016-07-01,2,3,Prokaryote-dominated late-year state,SSS,30.92978,0.007505373940471046
2016-07-01,2,3,Prokaryote-dominated late-year state,SSH,0.2778104,0.0016272703433746205
2016-07-01,2,3,Prokaryote-dominated late-year state,PAR,47.64807,0.002047972909972691
2016-07-01,2,3,Prokaryote-dominated late-year state,PDO,0.57,-0.0002975860260110382
2016-07-01,2,3,Prokaryote-dominated late-year state,NINO_3.4,-0.25,0.0028321225927743477
2016-07-01,2,3,Prokaryote-dominated late-year state,WPI,-1.42,0.0004973022145428372
2016-07-01,2,3,Prokaryote-dominated late-year state,MHW_MeanInt,0.8284038761468283,0.0010247909476768999
2016-07-01,2,3,Prokaryote-dominated late-year state,MHW_MaxInt,1.145883849220778,0.0012141769108889183
2016-07-01,2,3,Prokaryote-dominated late-year state,MHW_CumInt,14.989883770495211,-0.0012619941928774087
2016-08-01,2,3,Prokaryote-dominated late-year state,SST,27.7583,-0.012210619277562696
2016-08-01,2,3,Prokaryote-dominated late-year state,NO3,6.236147,0.00346461447472545
2016-08-01,2,3,Prokaryote-dominated late-year state,PO4,0.02327478,0.0011911661775383222
2016-08-01,2,3,Prokaryote-dominated late-year state,SPCo2,45.77676,-0.003524937598190456
2016-08-01,2,3,Prokaryote-dominated late-year state,MLD,11.12265,-0.004954798732024999
2016-08-01,2,3,Prokaryote-dominated late-year state,SSS,31.06455,0.009112858328216981
2016-08-01,2,3,Prokaryote-dominated late-year state,SSH,0.3238319,0.002350700240575323
2016-08-01,2,3,Prokaryote-dominated late-year state,PAR,48.67304,0.0020048390266423385
2016-08-01,2,3,Prokaryote-dominated late-year state,PDO,-0.63,0.0006587422209046342
2016-08-01,2,3,Prokaryote-dominated late-year state,NINO_3.4,-0.48,5.508615389680696e-05
2016-08-01,2,3,Prokaryote-dominated late-year state,WPI,-0.37,0.0005034517980650949
2016-08-01,2,3,Prokaryote-dominated late-year state,MHW_MeanInt,0.2525048904004534,0.00020507281206122666
2016-08-01,2,3,Prokaryote-dominated late-year state,MHW_MaxInt,0.3094788396661888,0.0006671640682373508
2016-08-01,2,3,Prokaryote-dominated late-year state,MHW_CumInt,1.5771498111728246,0.0004766603069146208
2016-09-01,2,3,Prokaryote-dominated late-year state,SST,24.96757,-0.006407531066393438
2016-09-01,2,3,Prokaryote-dominated late-year state,NO3,4.994637,0.0038493890225553902
2016-09-01,2,3,Prokaryote-dominated late-year state,PO4,0.01242297,0.002303410495044827
2016-09-01,2,3,Prokaryote-dominated late-year state,SPCo2,40.06978,-0.004819197929718058
2016-09-01,2,3,Prokaryote-dominated late-year state,MLD,14.38781,0.0013220187934704381
2016-09-01,2,3,Prokaryote-dominated late-year state,SSS,31.3941,0.007395958164807884
2016-09-01,2,3,Prokaryote-dominated late-year state,SSH,0.412248,-0.009032943036817499
2016-09-01,2,3,Prokaryote-dominated late-year state,PAR,36.19117,-0.0006948031693362586
2016-09-01,2,3,Prokaryote-dominated late-year state,PDO,-0.8,0.0013086934676245607
2016-09-01,2,3,Prokaryote-dominated late-year state,NINO_3.4,-0.46,0.001374239871721557
2016-09-01,2,3,Prokaryote-dominated late-year state,WPI,-1.75,-2.2339702875742693e-05
2016-09-01,2,3,Prokaryote-dominated late-year state,MHW_MeanInt,0.3850176335406001,0.0016471320233114126
2016-09-01,2,3,Prokaryote-dominated late-year state,MHW_MaxInt,0.552627588841635,0.0004862222032225395
2016-09-01,2,3,Prokaryote-dominated late-year state,MHW_CumInt,4.05286957798229,0.001289750863382367
2016-10-01,3,3,Prokaryote-dominated late-year state,SST,22.26512,-0.009206694200109153
2016-10-01,3,3,Prokaryote-dominated late-year state,NO3,4.157681,0.005941042037903018
2016-10-01,3,3,Prokaryote-dominated late-year state,PO4,0.0135473,0.0011552607906113654
2016-10-01,3,3,Prokaryote-dominated late-year state,SPCo2,35.55563,0.0007155747381360611
2016-10-01,3,3,Prokaryote-dominated late-year state,MLD,19.25989,0.0014227785537966869
2016-10-01,3,3,Prokaryote-dominated late-year state,SSS,31.82677,0.006333119123891613
2016-10-01,3,3,Prokaryote-dominated late-year state,SSH,0.4069637,-0.009404687797995267
2016-10-01,3,3,Prokaryote-dominated late-year state,PAR,23.73625,0.00041685048800823253
2016-10-01,3,3,Prokaryote-dominated late-year state,PDO,-0.43,0.0004521868242701049
2016-10-01,3,3,Prokaryote-dominated late-year state,NINO_3.4,-0.75,-0.001090457082141817
2016-10-01,3,3,Prokaryote-dominated late-year state,WPI,0.54,8.621707237518904e-05
2016-10-01,3,3,Prokaryote-dominated late-year state,MHW_MeanInt,0.2724505865638043,0.0013450482198493986
2016-10-01,3,3,Prokaryote-dominated late-year state,MHW_MaxInt,0.3434535500205877,0.0008661203122514051
2016-10-01,3,3,Prokaryote-dominated late-year state,MHW_CumInt,3.4438051344349856,0.0009676409191531709
2016-11-01,2,3,Prokaryote-dominated late-year state,SST,17.89845,-0.0129414877625901
2016-11-01,2,3,Prokaryote-dominated late-year state,NO3,3.480409,0.00749917482084341
2016-11-01,2,3,Prokaryote-dominated late-year state,PO4,0.03325696,0.0021968872275053386
2016-11-01,2,3,Prokaryote-dominated late-year state,SPCo2,31.33846,-0.00034160784717419853
2016-11-01,2,3,Prokaryote-dominated late-year state,MLD,27.80135,0.0012281319061832776
2016-11-01,2,3,Prokaryote-dominated late-year state,SSS,32.15894,0.003543769801442577
2016-11-01,2,3,Prokaryote-dominated late-year state,SSH,0.3787485,-0.0006191855104665005
2016-11-01,2,3,Prokaryote-dominated late-year state,PAR,19.29554,-0.0012158713213196554
2016-11-01,2,3,Prokaryote-dominated late-year state,PDO,0.96,-0.003209836446918591
2016-11-01,2,3,Prokaryote-dominated late-year state,NINO_3.4,-0.63,-0.00021668022771180576
2016-11-01,2,3,Prokaryote-dominated late-year state,WPI,1.01,0.0008928244167850778
2016-11-01,2,3,Prokaryote-dominated late-year state,MHW_MeanInt,0.1831604799064677,0.001536660510991195
2016-11-01,2,3,Prokaryote-dominated late-year state,MHW_MaxInt,0.2338757901853638,0.001112200229648449
2016-11-01,2,3,Prokaryote-dominated late-year state,MHW_CumInt,3.637259756555282,0.0005350202027815272
2016-12-01,1,3,Prokaryote-dominated late-year state,SST,14.34439,-0.013164175823744398
2016-12-01,1,3,Prokaryote-dominated late-year state,NO3,2.711721,0.0007451720253437355
2016-12-01,1,3,Prokaryote-dominated late-year state,PO4,0.05180753,0.0034139921294414183
2016-12-01,1,3,Prokaryote-dominated late-year state,SPCo2,28.60183,0.0023564369887245063
2016-12-01,1,3,Prokaryote-dominated late-year state,MLD,32.62468,0.00543709739316833
2016-12-01,1,3,Prokaryote-dominated late-year state,SSS,32.50808,0.0021992209736723363
2016-12-01,1,3,Prokaryote-dominated late-year state,SSH,0.3184705,0.0008472951679246856
2016-12-01,1,3,Prokaryote-dominated late-year state,PAR,16.37441,-0.00018402741339158146
2016-12-01,1,3,Prokaryote-dominated late-year state,PDO,0.61,-0.0008321528644721214
2016-12-01,1,3,Prokaryote-dominated late-year state,NINO_3.4,-0.51,-0.0012149090500107368
2016-12-01,1,3,Prokaryote-dominated late-year state,WPI,0.97,0.000591362825525958
2016-12-01,1,3,Prokaryote-dominated late-year state,MHW_MeanInt,0.5111681146547876,0.0003785587278073894
2016-12-01,1,3,Prokaryote-dominated late-year state,MHW_MaxInt,0.6078663840815081,-0.00016424062149738444
2016-12-01,1,3,Prokaryote-dominated late-year state,MHW_CumInt,6.985478276693023,-0.0004096304584921316
2017-01-01,1,3,Prokaryote-dominated late-year state,SST,11.71392,-0.008637221121039429
2017-01-01,1,3,Prokaryote-dominated late-year state,NO3,2.131945,0.00044870346309917837
2017-01-01,1,3,Prokaryote-dominated late-year state,PO4,0.05946314,0.0019800984901386697
2017-01-01,1,3,Prokaryote-dominated late-year state,SPCo2,27.11736,0.002747691609765013
2017-01-01,1,3,Prokaryote-dominated late-year state,MLD,36.72453,0.003877999065188259
2017-01-01,1,3,Prokaryote-dominated late-year state,SSS,32.78485,-0.0036612718193835794
2017-01-01,1,3,Prokaryote-dominated late-year state,SSH,0.3070141,0.0008865151254493479
2017-01-01,1,3,Prokaryote-dominated late-year state,PAR,17.56524,-0.0009226388630924056
2017-01-01,1,3,Prokaryote-dominated late-year state,PDO,-0.05,0.0009667597154208392
2017-01-01,1,3,Prokaryote-dominated late-year state,NINO_3.4,-0.34,0.000819885813423094
2017-01-01,1,3,Prokaryote-dominated late-year state,WPI,0.55,0.00031264198001113095
2017-01-01,1,3,Prokaryote-dominated late-year state,MHW_MeanInt,0.0524053499861864,0.0003928126893944205
2017-01-01,1,3,Prokaryote-dominated late-year state,MHW_MaxInt,0.0634023300137963,0.00040448192207698323
2017-01-01,1,3,Prokaryote-dominated late-year state,MHW_CumInt,0.8024572242938768,0.0003835419295484818
2017-02-01,1,3,Prokaryote-dominated late-year state,SST,10.105,-0.007980555630155184
2017-02-01,1,3,Prokaryote-dominated late-year state,NO3,1.709883,0.00033407401321489236
2017-02-01,1,3,Prokaryote-dominated late-year state,PO4,0.05756338,0.0024886570771862956
2017-02-01,1,3,Prokaryote-dominated late-year state,SPCo2,26.62646,0.0019471255919166878
2017-02-01,1,3,Prokaryote-dominated late-year state,MLD,38.21252,0.0031391810480795217
2017-02-01,1,3,Prokaryote-dominated late-year state,SSS,32.83481,-0.0034044773474678253
2017-02-01,1,3,Prokaryote-dominated late-year state,SSH,0.2613109,0.0014874804575334029
2017-02-01,1,3,Prokaryote-dominated late-year state,PAR,26.1026,0.0004103964230475082
2017-02-01,1,3,Prokaryote-dominated late-year state,PDO,-0.01,0.0008660616221757265
2017-02-01,1,3,Prokaryote-dominated late-year state,NINO_3.4,-0.01,0.0009829830310617758
2017-02-01,1,3,Prokaryote-dominated late-year state,WPI,-0.15,0.00019312781622599304
2017-02-01,1,3,Prokaryote-dominated late-year state,MHW_MeanInt,0.1827993719882051,0.0002892627768439081
2017-02-01,1,3,Prokaryote-dominated late-year state,MHW_MaxInt,0.2369603354790091,0.00028798115676636837
2017-02-01,1,3,Prokaryote-dominated late-year state,MHW_CumInt,5.971922468025356,-0.0010412980364290637
2017-03-01,1,3,Prokaryote-dominated late-year state,SST,10.28231,-0.009064663866807179
2017-03-01,1,3,Prokaryote-dominated late-year state,NO3,1.74363,0.001380501971931428
2017-03-01,1,3,Prokaryote-dominated late-year state,PO4,0.03756849,0.0017259730866895418
2017-03-01,1,3,Prokaryote-dominated late-year state,SPCo2,28.23891,0.001977675143566183
2017-03-01,1,3,Prokaryote-dominated late-year state,MLD,23.43752,0.004626210309105113
2017-03-01,1,3,Prokaryote-dominated late-year state,SSS,32.71563,-0.0037283815955892422
2017-03-01,1,3,Prokaryote-dominated late-year state,SSH,0.2634888,0.0010438815102997141
2017-03-01,1,3,Prokaryote-dominated late-year state,PAR,33.16465,3.242164673562028e-05
2017-03-01,1,3,Prokaryote-dominated late-year state,PDO,0.1,0.0010936186735657483
2017-03-01,1,3,Prokaryote-dominated late-year state,NINO_3.4,-0.09,0.0014954493616037307
2017-03-01,1,3,Prokaryote-dominated late-year state,WPI,-2.13,-0.001208595779300332
2017-03-01,1,3,Prokaryote-dominated late-year state,MHW_MeanInt,0.3480542448997576,0.0003798940460388646
2017-03-01,1,3,Prokaryote-dominated late-year state,MHW_MaxInt,0.4322390918852876,0.0009049753691606747
2017-03-01,1,3,Prokaryote-dominated late-year state,MHW_CumInt,6.135152711224029,-0.000658959876999857
2017-04-01,1,3,Prokaryote-dominated late-year state,SST,12.78148,-0.012709758303253457
2017-04-01,1,3,Prokaryote-dominated late-year state,NO3,2.599858,0.0018312105252106658
2017-04-01,1,3,Prokaryote-dominated late-year state,PO4,0.01745433,0.001302226814201823
2017-04-01,1,3,Prokaryote-dominated late-year state,SPCo2,32.55318,0.0017106666682054042
2017-04-01,1,3,Prokaryote-dominated late-year state,MLD,12.24226,0.003409924482745252
2017-04-01,1,3,Prokaryote-dominated late-year state,SSS,32.48752,0.0006822496075687802
2017-04-01,1,3,Prokaryote-dominated late-year state,SSH,0.2310806,0.0014187897450534848
2017-04-01,1,3,Prokaryote-dominated late-year state,PAR,42.43895,-7.571086211072549e-05
2017-04-01,1,3,Prokaryote-dominated late-year state,PDO,0.56,7.511234530768843e-05
2017-04-01,1,3,Prokaryote-dominated late-year state,NINO_3.4,0.22,0.0019408432918573723
2017-04-01,1,3,Prokaryote-dominated late-year state,WPI,-0.36,0.00019976182271815563
2017-04-01,1,3,Prokaryote-dominated late-year state,MHW_MeanInt,0.9805278346758728,0.0005986081505241096
2017-04-01,1,3,Prokaryote-dominated late-year state,MHW_MaxInt,1.1977620370368731,0.0007480702006038114
2017-04-01,1,3,Prokaryote-dominated late-year state,MHW_CumInt,12.071345548106404,-0.0011319944886323712
2017-05-01,3,3,Prokaryote-dominated late-year state,SST,17.25041,-0.010102334410592762
2017-05-01,3,3,Prokaryote-dominated late-year state,NO3,3.955498,0.0057267409881067485
2017-05-01,3,3,Prokaryote-dominated late-year state,PO4,0.01055112,-0.008534197322867148
2017-05-01,3,3,Prokaryote-dominated late-year state,SPCo2,38.17262,0.001124554411480608
2017-05-01,3,3,Prokaryote-dominated late-year state,MLD,10.71483,-0.0027990708985944526
2017-05-01,3,3,Prokaryote-dominated late-year state,SSS,32.07663,0.0035075588604666784
2017-05-01,3,3,Prokaryote-dominated late-year state,SSH,0.1988708,-0.00105548611179233
2017-05-01,3,3,Prokaryote-dominated late-year state,PAR,49.04665,-0.00021918805721318947
2017-05-01,3,3,Prokaryote-dominated late-year state,PDO,0.45,0.0017886319296785398
2017-05-01,3,3,Prokaryote-dominated late-year state,NINO_3.4,0.3,0.0062294229933311275
2017-05-01,3,3,Prokaryote-dominated late-year state,WPI,0.68,0.0007010485583504934
2017-05-01,3,3,Prokaryote-dominated late-year state,MHW_MeanInt,0.6999618937982074,0.0020874624265698177
2017-05-01,3,3,Prokaryote-dominated late-year state,MHW_MaxInt,0.991079483368382,0.0023027626248899847
2017-05-01,3,3,Prokaryote-dominated late-year state,MHW_CumInt,30.03848071187255,-0.0007579059918141046
2017-06-01,2,3,Prokaryote-dominated late-year state,SST,21.30556,-0.008156606505288912
2017-06-01,2,3,Prokaryote-dominated late-year state,NO3,4.828549,0.004888132628710616
2017-06-01,2,3,Prokaryote-dominated late-year state,PO4,0.01537598,0.0016772932833693658
2017-06-01,2,3,Prokaryote-dominated late-year state,SPCo2,42.30684,-0.0007452777274465249
2017-06-01,2,3,Prokaryote-dominated late-year state,MLD,10.58879,-0.010305529973891028
2017-06-01,2,3,Prokaryote-dominated late-year state,SSS,31.79012,0.007429859955703614
2017-06-01,2,3,Prokaryote-dominated late-year state,SSH,0.2460743,0.0009142955547413267
2017-06-01,2,3,Prokaryote-dominated late-year state,PAR,45.51573,0.002236549193292053
2017-06-01,2,3,Prokaryote-dominated late-year state,PDO,0.35,0.00030504139547519636
2017-06-01,2,3,Prokaryote-dominated late-year state,NINO_3.4,0.22,0.0030473500607647555
2017-06-01,2,3,Prokaryote-dominated late-year state,WPI,-0.75,0.0005855037639198836
2017-06-01,2,3,Prokaryote-dominated late-year state,MHW_MeanInt,1.411816293634742,0.0010508682033128856
2017-06-01,2,3,Prokaryote-dominated late-year state,MHW_MaxInt,1.950262775232028,-0.0019898525114955758
2017-06-01,2,3,Prokaryote-dominated late-year state,MHW_CumInt,43.82760152248355,-0.0009376273211676611
2017-07-01,2,3,Prokaryote-dominated late-year state,SST,26.08025,-0.008954249419055295
2017-07-01,2,3,Prokaryote-dominated late-year state,NO3,6.695036,0.0031906295934027665
2017-07-01,2,3,Prokaryote-dominated late-year state,PO4,0.01407706,0.002250175810239254
2017-07-01,2,3,Prokaryote-dominated late-year state,SPCo2,46.61929,-0.0019589871132506156
2017-07-01,2,3,Prokaryote-dominated late-year state,MLD,10.26612,-0.010932353509864165
2017-07-01,2,3,Prokaryote-dominated late-year state,SSS,31.09062,0.0082124805303282
2017-07-01,2,3,Prokaryote-dominated late-year state,SSH,0.2823971,0.001612120494934678
2017-07-01,2,3,Prokaryote-dominated late-year state,PAR,48.64865,0.002991411789452202
2017-07-01,2,3,Prokaryote-dominated late-year state,PDO,-0.43,0.00035117341808990523
2017-07-01,2,3,Prokaryote-dominated late-year state,NINO_3.4,0.22,0.0028167181009854186
2017-07-01,2,3,Prokaryote-dominated late-year state,WPI,0.46,-0.0002793381825120038
2017-07-01,2,3,Prokaryote-dominated late-year state,MHW_MeanInt,0.6529383231148376,0.0006249012236578101
2017-07-01,2,3,Prokaryote-dominated late-year state,MHW_MaxInt,0.8507997215940255,0.0007132412013831689
2017-07-01,2,3,Prokaryote-dominated late-year state,MHW_CumInt,10.694391107176273,-0.0006379239377913285
2017-08-01,2,3,Prokaryote-dominated late-year state,SST,27.61112,-0.013199007290922235
2017-08-01,2,3,Prokaryote-dominated late-year state,NO3,6.400773,0.0027934217646650838
2017-08-01,2,3,Prokaryote-dominated late-year state,PO4,0.01821093,0.0024199082845285692
2017-08-01,2,3,Prokaryote-dominated late-year state,SPCo2,45.27369,-0.003622388120353889
2017-08-01,2,3,Prokaryote-dominated late-year state,MLD,10.99319,-0.0051581602622252755
2017-08-01,2,3,Prokaryote-dominated late-year state,SSS,31.2753,0.009236248479972084
2017-08-01,2,3,Prokaryote-dominated late-year state,SSH,0.359781,-0.00018015191237038546
2017-08-01,2,3,Prokaryote-dominated late-year state,PAR,45.83972,0.0029397688535534707
2017-08-01,2,3,Prokaryote-dominated late-year state,PDO,-0.62,0.0007169974835404744
2017-08-01,2,3,Prokaryote-dominated late-year state,NINO_3.4,-0.18,0.0025566326808656335
2017-08-01,2,3,Prokaryote-dominated late-year state,WPI,-1.38,0.0007206630716497203
2017-08-01,2,3,Prokaryote-dominated late-year state,MHW_MeanInt,0.3336910972387917,0.00032130693764978354
2017-08-01,2,3,Prokaryote-dominated late-year state,MHW_MaxInt,0.4243464681255257,0.0013040640871360696
2017-08-01,2,3,Prokaryote-dominated late-year state,MHW_CumInt,6.015821603182653,-0.0008493040576891085
2017-09-01,3,3,Prokaryote-dominated late-year state,SST,25.03319,-0.01031048425554579
2017-09-01,3,3,Prokaryote-dominated late-year state,NO3,4.846695,0.006274131416717491
2017-09-01,3,3,Prokaryote-dominated late-year state,PO4,0.01436936,0.0015428178515910008
2017-09-01,3,3,Prokaryote-dominated late-year state,SPCo2,39.75002,-0.003927657929167601
2017-09-01,3,3,Prokaryote-dominated late-year state,MLD,14.63536,-0.00011130929859203075
2017-09-01,3,3,Prokaryote-dominated late-year state,SSS,31.36241,0.0037376677808796796
2017-09-01,3,3,Prokaryote-dominated late-year state,SSH,0.3631716,0.0006562411825707354
2017-09-01,3,3,Prokaryote-dominated late-year state,PAR,36.53032,0.001448353175618504
2017-09-01,3,3,Prokaryote-dominated late-year state,PDO,-0.18,0.0003055615705468655
2017-09-01,3,3,Prokaryote-dominated late-year state,NINO_3.4,-0.56,-0.0011446977134630335
2017-09-01,3,3,Prokaryote-dominated late-year state,WPI,-1.23,5.393329849075039e-05
2017-09-01,3,3,Prokaryote-dominated late-year state,MHW_MeanInt,0.1697974478111997,0.0006412088449894529
2017-09-01,3,3,Prokaryote-dominated late-year state,MHW_MaxInt,0.2099785342148843,0.0003147251566780674
2017-09-01,3,3,Prokaryote-dominated late-year state,MHW_CumInt,2.0697161000639346,0.0005195089186858933
2017-10-01,2,3,Prokaryote-dominated late-year state,SST,21.92051,-0.010335661864319862
2017-10-01,2,3,Prokaryote-dominated late-year state,NO3,3.772376,0.007287026616175852
2017-10-01,2,3,Prokaryote-dominated late-year state,PO4,0.01635257,0.0023046863975604895
2017-10-01,2,3,Prokaryote-dominated late-year state,SPCo2,34.89152,0.0008417423615644679
2017-10-01,2,3,Prokaryote-dominated late-year state,MLD,22.12568,0.002801853336273963
2017-10-01,2,3,Prokaryote-dominated late-year state,SSS,31.73528,0.0058670792469451985
2017-10-01,2,3,Prokaryote-dominated late-year state,SSH,0.4013067,-0.009721220099350204
2017-10-01,2,3,Prokaryote-dominated late-year state,PAR,27.36834,0.0014313156125526003
2017-10-01,2,3,Prokaryote-dominated late-year state,PDO,-0.68,0.0015091155131560974
2017-10-01,2,3,Prokaryote-dominated late-year state,NINO_3.4,-0.52,-0.0005349572715730295
2017-10-01,2,3,Prokaryote-dominated late-year state,WPI,0.7,0.0004675000974789912
2017-10-01,2,3,Prokaryote-dominated late-year state,MHW_MeanInt,0.0119110103430289,-0.00042092423158932626
2017-10-01,2,3,Prokaryote-dominated late-year state,MHW_MaxInt,0.0152011090805805,-0.002172290981500968
2017-10-01,2,3,Prokaryote-dominated late-year state,MHW_CumInt,0.2150915912148259,0.0006747352666257221
2017-11-01,2,3,Prokaryote-dominated late-year state,SST,17.68049,-0.013190194479181482
2017-11-01,2,3,Prokaryote-dominated late-year state,NO3,3.102618,0.005674747243635054
2017-11-01,2,3,Prokaryote-dominated late-year state,PO4,0.02832239,0.002349224356272711
2017-11-01,2,3,Prokaryote-dominated late-year state,SPCo2,30.84933,-0.0017030148361992022
2017-11-01,2,3,Prokaryote-dominated late-year state,MLD,30.83147,0.001238023582138418
2017-11-01,2,3,Prokaryote-dominated late-year state,SSS,32.0859,-0.0008791453788013631
2017-11-01,2,3,Prokaryote-dominated late-year state,SSH,0.2594601,0.002433198706605709
2017-11-01,2,3,Prokaryote-dominated late-year state,PAR,20.56907,-0.0021885854066359504
2017-11-01,2,3,Prokaryote-dominated late-year state,PDO,-0.59,0.0016182442013421288
2017-11-01,2,3,Prokaryote-dominated late-year state,NINO_3.4,-0.84,-2.4317164849172474e-05
2017-11-01,2,3,Prokaryote-dominated late-year state,WPI,0.7,0.0010949543584684235
2017-11-01,2,3,Prokaryote-dominated late-year state,MHW_MeanInt,0.0282809073972851,0.001292911663990288
2017-11-01,2,3,Prokaryote-dominated late-year state,MHW_MaxInt,0.0339035710083976,0.0008621294557463717
2017-11-01,2,3,Prokaryote-dominated late-year state,MHW_CumInt,0.3222228550950566,0.001421823697468071
2017-12-01,1,3,Prokaryote-dominated late-year state,SST,13.80177,-0.011157556068418364
2017-12-01,1,3,Prokaryote-dominated late-year state,NO3,2.458957,0.00044026644372210434
2017-12-01,1,3,Prokaryote-dominated late-year state,PO4,0.04343489,0.0025092824944684625
2017-12-01,1,3,Prokaryote-dominated late-year state,SPCo2,27.57291,0.001685141192942172
2017-12-01,1,3,Prokaryote-dominated late-year state,MLD,36.94318,0.0036047979669534425
2017-12-01,1,3,Prokaryote-dominated late-year state,SSS,32.44881,0.0018157159598979479
2017-12-01,1,3,Prokaryote-dominated late-year state,SSH,0.2117888,0.0008139804367176822
2017-12-01,1,3,Prokaryote-dominated late-year state,PAR,17.50418,-0.0009974253344822272
2017-12-01,1,3,Prokaryote-dominated late-year state,PDO,-0.02,0.000460423508650169
2017-12-01,1,3,Prokaryote-dominated late-year state,NINO_3.4,-0.85,-0.0005527560304950409
2017-12-01,1,3,Prokaryote-dominated late-year state,WPI,0.33,0.0005337105065819097
2017-12-01,1,3,Prokaryote-dominated late-year state,MHW_MeanInt,0.0204278573122625,2.8329577575460657e-05
2017-12-01,1,3,Prokaryote-dominated late-year state,MHW_MaxInt,0.0266720731414258,0.0005270748388464405
2017-12-01,1,3,Prokaryote-dominated late-year state,MHW_CumInt,0.140517088096915,0.0002890145070398457
2018-01-01,1,3,Prokaryote-dominated late-year state,SST,10.81827,-0.008484150380031807
2018-01-01,1,3,Prokaryote-dominated late-year state,NO3,2.114393,0.000667994886317589
2018-01-01,1,3,Prokaryote-dominated late-year state,PO4,0.05381169,0.0029139010854584394
2018-01-01,1,3,Prokaryote-dominated late-year state,SPCo2,26.16253,0.001586472172598291
2018-01-01,1,3,Prokaryote-dominated late-year state,MLD,40.91296,0.001975881669986495
2018-01-01,1,3,Prokaryote-dominated late-year state,SSS,32.71786,-0.003028209845558542
2018-01-01,1,3,Prokaryote-dominated late-year state,SSH,0.2317394,0.002229787073399463
2018-01-01,1,3,Prokaryote-dominated late-year state,PAR,16.11736,0.0003659816989071198
2018-01-01,1,3,Prokaryote-dominated late-year state,PDO,0.39,-0.00020374420377506264
2018-01-01,1,3,Prokaryote-dominated late-year state,NINO_3.4,-0.86,-0.00048672668256028085
2018-01-01,1,3,Prokaryote-dominated late-year state,WPI,0.43,0.0005706667787112749
2018-01-01,1,3,Prokaryote-dominated late-year state,MHW_MeanInt,0.0393554185157022,0.0006781799254667242
2018-01-01,1,3,Prokaryote-dominated late-year state,MHW_MaxInt,0.051388912969377,0.0005680549688009155
2018-01-01,1,3,Prokaryote-dominated late-year state,MHW_CumInt,0.4516758310992334,0.0006459108522793868
2018-02-01,1,3,Prokaryote-dominated late-year state,SST,8.39501,-0.009794093318586746
2018-02-01,1,3,Prokaryote-dominated late-year state,NO3,1.676036,0.00015491932112417505
2018-02-01,1,3,Prokaryote-dominated late-year state,PO4,0.04477121,0.00289949943820448
2018-02-01,1,3,Prokaryote-dominated late-year state,SPCo2,25.58652,0.000779579926207904
2018-02-01,1,3,Prokaryote-dominated late-year state,MLD,38.10453,0.003848296203473447
2018-02-01,1,3,Prokaryote-dominated late-year state,SSS,32.64477,0.0002971448002545931
2018-02-01,1,3,Prokaryote-dominated late-year state,SSH,0.1661376,0.0010394838347747384
2018-02-01,1,3,Prokaryote-dominated late-year state,PAR,24.76389,0.0013315619411683063
2018-02-01,1,3,Prokaryote-dominated late-year state,PDO,-0.08,0.0002478044344554818
2018-02-01,1,3,Prokaryote-dominated late-year state,NINO_3.4,-0.73,-0.000540482775332293
2018-02-01,1,3,Prokaryote-dominated late-year state,WPI,0.4,0.0002498869565903841
2018-02-01,1,3,Prokaryote-dominated late-year state,MHW_MeanInt,0.4016424355167917,0.0001083352787324477
2018-02-01,1,3,Prokaryote-dominated late-year state,MHW_MaxInt,0.5467363565236376,-0.0003069286798696597
2018-02-01,1,3,Prokaryote-dominated late-year state,MHW_CumInt,5.184884457068304,-0.00031500736119724964
2018-03-01,1,3,Prokaryote-dominated late-year state,SST,9.541696,-0.01155507777871778
2018-03-01,1,3,Prokaryote-dominated late-year state,NO3,1.820406,0.0016820362123960942
2018-03-01,1,3,Prokaryote-dominated late-year state,PO4,0.02266117,0.0021805195312972997
2018-03-01,1,3,Prokaryote-dominated late-year state,SPCo2,28.30669,0.001390790807852496
2018-03-01,1,3,Prokaryote-dominated late-year state,MLD,18.27091,0.0034539739229206123
2018-03-01,1,3,Prokaryote-dominated late-year state,SSS,32.53083,0.001522196460111849
2018-03-01,1,3,Prokaryote-dominated late-year state,SSH,0.1655205,0.00038355219501920207
2018-03-01,1,3,Prokaryote-dominated late-year state,PAR,33.1553,0.0007208016440335973
2018-03-01,1,3,Prokaryote-dominated late-year state,PDO,-0.71,0.0006661865341470654
2018-03-01,1,3,Prokaryote-dominated late-year state,NINO_3.4,-0.73,-0.0006169881733981388
2018-03-01,1,3,Prokaryote-dominated late-year state,WPI,0.84,-0.00013252947034652967
2018-03-01,1,3,Prokaryote-dominated late-year state,MHW_MeanInt,0.3743641674330846,0.00045221291828151947
2018-03-01,1,3,Prokaryote-dominated late-year state,MHW_MaxInt,0.4712545829972355,0.00015631146380605198
2018-03-01,1,3,Prokaryote-dominated late-year state,MHW_CumInt,5.296141265090313,-0.0003039862674033304
2018-04-01,3,3,Prokaryote-dominated late-year state,SST,12.26381,-0.012301421458444437
2018-04-01,3,3,Prokaryote-dominated late-year state,NO3,2.423023,9.483732489499537e-05
2018-04-01,3,3,Prokaryote-dominated late-year state,PO4,0.01141377,-0.0054941502725926235
2018-04-01,3,3,Prokaryote-dominated late-year state,SPCo2,32.93754,0.0018906140719975176
2018-04-01,3,3,Prokaryote-dominated late-year state,MLD,12.17951,0.0026855288387255634
2018-04-01,3,3,Prokaryote-dominated late-year state,SSS,32.49966,-0.00036407350262673604
2018-04-01,3,3,Prokaryote-dominated late-year state,SSH,0.1669108,0.0009015504729927432
2018-04-01,3,3,Prokaryote-dominated late-year state,PAR,42.16234,0.0029852614903593186
2018-04-01,3,3,Prokaryote-dominated late-year state,PDO,-0.81,0.0028777842615600505
2018-04-01,3,3,Prokaryote-dominated late-year state,NINO_3.4,-0.36,0.0023755142539210626
2018-04-01,3,3,Prokaryote-dominated late-year state,WPI,-0.67,0.0005378010015503155
2018-04-01,3,3,Prokaryote-dominated late-year state,MHW_MeanInt,0.6275908929493288,0.0013785117282939926
2018-04-01,3,3,Prokaryote-dominated late-year state,MHW_MaxInt,0.8459992666537223,0.0017345447090467466
2018-04-01,3,3,Prokaryote-dominated late-year state,MHW_CumInt,9.431018529825227,0.0006976970803214891
2018-05-01,3,3,Prokaryote-dominated late-year state,SST,16.34415,-0.012588268738372276
2018-05-01,3,3,Prokaryote-dominated late-year state,NO3,3.422746,0.003481772963631686
2018-05-01,3,3,Prokaryote-dominated late-year state,PO4,0.009617997,-0.0072548759060539906
2018-05-01,3,3,Prokaryote-dominated late-year state,SPCo2,38.37534,-0.000845380717288662
2018-05-01,3,3,Prokaryote-dominated late-year state,MLD,10.80109,-0.002835050156517156
2018-05-01,3,3,Prokaryote-dominated late-year state,SSS,32.02203,0.002388721313211055
2018-05-01,3,3,Prokaryote-dominated late-year state,SSH,0.2256936,0.0009674485098119186
2018-05-01,3,3,Prokaryote-dominated late-year state,PAR,42.79467,0.003265272918559818
2018-05-01,3,3,Prokaryote-dominated late-year state,PDO,-0.45,0.002731437908883227
2018-05-01,3,3,Prokaryote-dominated late-year state,NINO_3.4,-0.12,0.005582813585216797
2018-05-01,3,3,Prokaryote-dominated late-year state,WPI,-0.19,0.0014379418236866847
2018-05-01,3,3,Prokaryote-dominated late-year state,MHW_MeanInt,0.341441925904261,0.0010656763425561154
2018-05-01,3,3,Prokaryote-dominated late-year state,MHW_MaxInt,0.424411225461387,0.0011101224099960806
2018-05-01,3,3,Prokaryote-dominated late-year state,MHW_CumInt,3.48707519779004,0.001492367742678689
2018-06-01,2,3,Prokaryote-dominated late-year state,SST,20.87104,-0.00789357090715305
2018-06-01,2,3,Prokaryote-dominated late-year state,NO3,4.692647,0.004495413128677045
2018-06-01,2,3,Prokaryote-dominated late-year state,PO4,0.01586991,0.0017314748764045032
2018-06-01,2,3,Prokaryote-dominated late-year state,SPCo2,43.23826,-0.004253118487730396
2018-06-01,2,3,Prokaryote-dominated late-year state,MLD,10.76938,-0.006624008146990477
2018-06-01,2,3,Prokaryote-dominated late-year state,SSS,31.81951,0.007617875691360107
2018-06-01,2,3,Prokaryote-dominated late-year state,SSH,0.276731,0.001426571862485467
2018-06-01,2,3,Prokaryote-dominated late-year state,PAR,46.54306,0.0021099415590744193
2018-06-01,2,3,Prokaryote-dominated late-year state,PDO,-0.65,0.0006384088053980734
2018-06-01,2,3,Prokaryote-dominated late-year state,NINO_3.4,0.12,0.003012435285688226
2018-06-01,2,3,Prokaryote-dominated late-year state,WPI,-0.44,0.000414259255808355
2018-06-01,2,3,Prokaryote-dominated late-year state,MHW_MeanInt,1.6840052510158994,0.0008178767151672936
2018-06-01,2,3,Prokaryote-dominated late-year state,MHW_MaxInt,2.3617158860606247,-0.0024388960065011957
2018-06-01,2,3,Prokaryote-dominated late-year state,MHW_CumInt,44.954996240525816,-0.001054663631688378
2018-07-01,2,3,Prokaryote-dominated late-year state,SST,24.95535,-0.0073257112135620105
2018-07-01,2,3,Prokaryote-dominated late-year state,NO3,5.052289,0.00296390272404664
2018-07-01,2,3,Prokaryote-dominated late-year state,PO4,0.01540432,0.002274369072286735
2018-07-01,2,3,Prokaryote-dominated late-year state,SPCo2,44.67965,-0.0030407484989556977
2018-07-01,2,3,Prokaryote-dominated late-year state,MLD,10.5829,-0.01089403317425107
2018-07-01,2,3,Prokaryote-dominated late-year state,SSS,31.47992,0.008411272876645795
2018-07-01,2,3,Prokaryote-dominated late-year state,SSH,0.3209659,0.0013809846304802665
2018-07-01,2,3,Prokaryote-dominated late-year state,PAR,50.18477,0.0013381108446290082
2018-07-01,2,3,Prokaryote-dominated late-year state,PDO,-0.01,0.000311858396081354
2018-07-01,2,3,Prokaryote-dominated late-year state,NINO_3.4,0.27,0.0028265963603945434
2018-07-01,2,3,Prokaryote-dominated late-year state,WPI,-0.81,0.0006070895707467871
2018-07-01,2,3,Prokaryote-dominated late-year state,MHW_MeanInt,0.5061317696246569,0.0006816536889403522
2018-07-01,2,3,Prokaryote-dominated late-year state,MHW_MaxInt,0.6202320222793107,0.0008246676155052304
2018-07-01,2,3,Prokaryote-dominated late-year state,MHW_CumInt,7.239517113188119,-0.0003600128929879558
2018-08-01,2,3,Prokaryote-dominated late-year state,SST,27.43576,-0.013934341866186134
2018-08-01,2,3,Prokaryote-dominated late-year state,NO3,4.458508,0.0055029028657602
2018-08-01,2,3,Prokaryote-dominated late-year state,PO4,0.0156309,0.002929229852998311
2018-08-01,2,3,Prokaryote-dominated late-year state,SPCo2,44.56211,-0.004707908815776266
2018-08-01,2,3,Prokaryote-dominated late-year state,MLD,11.80913,-0.0017022943426860252
2018-08-01,2,3,Prokaryote-dominated late-year state,SSS,31.42914,0.009233900485742703
2018-08-01,2,3,Prokaryote-dominated late-year state,SSH,0.3834228,-0.0020834736988449612
2018-08-01,2,3,Prokaryote-dominated late-year state,PAR,47.35277,-0.0025553346474131372
2018-08-01,2,3,Prokaryote-dominated late-year state,PDO,-0.24,0.0014085847141169713
2018-08-01,2,3,Prokaryote-dominated late-year state,NINO_3.4,0.05,0.0032896751159830866
2018-08-01,2,3,Prokaryote-dominated late-year state,WPI,-1.38,0.001093373897305077
2018-08-01,2,3,Prokaryote-dominated late-year state,MHW_MeanInt,0.5839794343840706,0.0010198568853772062
2018-08-01,2,3,Prokaryote-dominated late-year state,MHW_MaxInt,0.7039982859907801,0.0007526299520957486
2018-08-01,2,3,Prokaryote-dominated late-year state,MHW_CumInt,5.780090876397553,-0.00024680039847276583
2018-09-01,3,3,Prokaryote-dominated late-year state,SST,25.73086,-0.009428928287527212
2018-09-01,3,3,Prokaryote-dominated late-year state,NO3,4.230765,0.0069984916119958706
2018-09-01,3,3,Prokaryote-dominated late-year state,PO4,0.01444529,0.0022438459157097666
2018-09-01,3,3,Prokaryote-dominated late-year state,SPCo2,39.82151,-0.00505090073834509
2018-09-01,3,3,Prokaryote-dominated late-year state,MLD,14.61408,0.0023545370611094724
2018-09-01,3,3,Prokaryote-dominated late-year state,SSS,31.4808,0.005197343986350414
2018-09-01,3,3,Prokaryote-dominated late-year state,SSH,0.3798156,-0.0008821361076257994
2018-09-01,3,3,Prokaryote-dominated late-year state,PAR,37.1953,0.0012624598822437222
2018-09-01,3,3,Prokaryote-dominated late-year state,PDO,-0.35,0.0008841264197812402
2018-09-01,3,3,Prokaryote-dominated late-year state,NINO_3.4,0.3,0.0018439838472339223
2018-09-01,3,3,Prokaryote-dominated late-year state,WPI,-1.78,-0.0011625090675464898
2018-09-01,3,3,Prokaryote-dominated late-year state,MHW_MeanInt,0.0048159692406444,0.0019429427632766054
2018-09-01,3,3,Prokaryote-dominated late-year state,MHW_MaxInt,0.0054693198676547,-0.003859190462841275
2018-09-01,3,3,Prokaryote-dominated late-year state,MHW_CumInt,0.0247504610505105,-0.002344066823815144
2018-10-01,3,3,Prokaryote-dominated late-year state,SST,21.54781,-0.01193297180130786
2018-10-01,3,3,Prokaryote-dominated late-year state,NO3,3.206622,0.0035427863733697414
2018-10-01,3,3,Prokaryote-dominated late-year state,PO4,0.01641703,0.0019911507670374693
2018-10-01,3,3,Prokaryote-dominated late-year state,SPCo2,34.30533,0.0004812123241828835
2018-10-01,3,3,Prokaryote-dominated late-year state,MLD,24.29105,-0.0002117334182937122
2018-10-01,3,3,Prokaryote-dominated late-year state,SSS,31.95915,0.003156850584876067
2018-10-01,3,3,Prokaryote-dominated late-year state,SSH,0.3296569,0.0018218382674231506
2018-10-01,3,3,Prokaryote-dominated late-year state,PAR,30.94508,-0.0007343941843145559
2018-10-01,3,3,Prokaryote-dominated late-year state,PDO,-0.57,0.0011209492857436295
2018-10-01,3,3,Prokaryote-dominated late-year state,NINO_3.4,0.84,0.0008810698679035878
2018-10-01,3,3,Prokaryote-dominated late-year state,WPI,-1.14,-1.1342972169842926e-05
2018-10-01,3,3,Prokaryote-dominated late-year state,MHW_MeanInt,0.3129535396548039,0.0003369390666617729
2018-10-01,3,3,Prokaryote-dominated late-year state,MHW_MaxInt,0.4604752735238746,0.000880396107237887
2018-10-01,3,3,Prokaryote-dominated late-year state,MHW_CumInt,5.852421085546238,-0.0013227502683502285
2018-11-01,2,3,Prokaryote-dominated late-year state,SST,18.05849,-0.015780631313925424
2018-11-01,2,3,Prokaryote-dominated late-year state,NO3,2.781609,-0.0040432657632756925
2018-11-01,2,3,Prokaryote-dominated late-year state,PO4,0.02131514,0.0029980526582126885
2018-11-01,2,3,Prokaryote-dominated late-year state,SPCo2,30.79195,-0.001341196654671882
2018-11-01,2,3,Prokaryote-dominated late-year state,MLD,27.91416,0.0029978201379597894
2018-11-01,2,3,Prokaryote-dominated late-year state,SSS,32.19113,0.002165895727102865
2018-11-01,2,3,Prokaryote-dominated late-year state,SSH,0.3428391,0.0022166946564274735
2018-11-01,2,3,Prokaryote-dominated late-year state,PAR,20.46143,-0.0001633524617217728
2018-11-01,2,3,Prokaryote-dominated late-year state,PDO,-0.69,0.0031869195835358263
2018-11-01,2,3,Prokaryote-dominated late-year state,NINO_3.4,1.0,0.002527164546617475
2018-11-01,2,3,Prokaryote-dominated late-year state,WPI,-0.61,0.0022776295262464576
2018-11-01,2,3,Prokaryote-dominated late-year state,MHW_MeanInt,0.5183466505796488,0.0006612582567225223
2018-11-01,2,3,Prokaryote-dominated late-year state,MHW_MaxInt,0.6822626697252815,0.0009272546652351196
2018-11-01,2,3,Prokaryote-dominated late-year state,MHW_CumInt,4.280779773466974,0.001369756435534521
2018-12-01,1,3,Prokaryote-dominated late-year state,SST,14.78516,-0.01226213969522437
2018-12-01,1,3,Prokaryote-dominated late-year state,NO3,2.139595,0.0012236642784836942
2018-12-01,1,3,Prokaryote-dominated late-year state,PO4,0.03777536,0.002660058574271766
2018-12-01,1,3,Prokaryote-dominated late-year state,SPCo2,28.21298,0.0019706033254982274
2018-12-01,1,3,Prokaryote-dominated late-year state,MLD,34.07256,0.00609568212887429
2018-12-01,1,3,Prokaryote-dominated late-year state,SSS,32.43575,0.0025969960341487423
2018-12-01,1,3,Prokaryote-dominated late-year state,SSH,0.3576584,-0.002194536278483941
2018-12-01,1,3,Prokaryote-dominated late-year state,PAR,13.96999,-0.003779992672675877
2018-12-01,1,3,Prokaryote-dominated late-year state,PDO,-0.21,0.0016920948359478811
2018-12-01,1,3,Prokaryote-dominated late-year state,NINO_3.4,0.97,0.0015161812140166901
2018-12-01,1,3,Prokaryote-dominated late-year state,WPI,0.11,0.0005495885022769131
2018-12-01,1,3,Prokaryote-dominated late-year state,MHW_MeanInt,0.3956135952696268,0.00024193401082963834
2018-12-01,1,3,Prokaryote-dominated late-year state,MHW_MaxInt,0.5405428998476298,0.0007162676925897139
2018-12-01,1,3,Prokaryote-dominated late-year state,MHW_CumInt,8.909207062072685,-0.0010264019505533731
2019-01-01,1,3,Prokaryote-dominated late-year state,SST,11.33342,-0.008793974980612828
2019-01-01,1,3,Prokaryote-dominated late-year state,NO3,1.603832,-0.0008391356286239889
2019-01-01,1,3,Prokaryote-dominated late-year state,PO4,0.05799674,0.002392265390718292
2019-01-01,1,3,Prokaryote-dominated late-year state,SPCo2,25.65638,0.001269617154429686
2019-01-01,1,3,Prokaryote-dominated late-year state,MLD,41.40893,0.0010532148188896738
2019-01-01,1,3,Prokaryote-dominated late-year state,SSS,32.55126,0.0020149404648904514
2019-01-01,1,3,Prokaryote-dominated late-year state,SSH,0.2886494,0.0010502678080414804
2019-01-01,1,3,Prokaryote-dominated late-year state,PAR,17.91958,-0.0008872091923678833
2019-01-01,1,3,Prokaryote-dominated late-year state,PDO,-0.34,0.0011554938617473402
2019-01-01,1,3,Prokaryote-dominated late-year state,NINO_3.4,0.51,0.0005988207209834149
2019-01-01,1,3,Prokaryote-dominated late-year state,WPI,1.05,0.0002438672092287754
2019-01-01,1,3,Prokaryote-dominated late-year state,MHW_MeanInt,0.2425090710482615,0.0003957966877064229
2019-01-01,1,3,Prokaryote-dominated late-year state,MHW_MaxInt,0.3225022720363683,0.0006413974642996491
2019-01-01,1,3,Prokaryote-dominated late-year state,MHW_CumInt,4.026356406810829,-0.0002953617793304807
2019-02-01,1,3,Prokaryote-dominated late-year state,SST,10.04073,-0.008146330150019018
2019-02-01,1,3,Prokaryote-dominated late-year state,NO3,1.447822,-0.007579565076779183
2019-02-01,1,3,Prokaryote-dominated late-year state,PO4,0.06111008,0.0029756567936167775
2019-02-01,1,3,Prokaryote-dominated late-year state,SPCo2,25.33229,0.0026795962115118564
2019-02-01,1,3,Prokaryote-dominated late-year state,MLD,38.27085,0.00341797654717921
2019-02-01,1,3,Prokaryote-dominated late-year state,SSS,32.63404,0.0025366090698775174
2019-02-01,1,3,Prokaryote-dominated late-year state,SSH,0.2215559,0.0028460680307446505
2019-02-01,1,3,Prokaryote-dominated late-year state,PAR,20.46027,-0.0013396170121626905
2019-02-01,1,3,Prokaryote-dominated late-year state,PDO,-0.72,0.0015274057996089033
2019-02-01,1,3,Prokaryote-dominated late-year state,NINO_3.4,0.62,0.0009767960182404866
2019-02-01,1,3,Prokaryote-dominated late-year state,WPI,2.09,0.0005349941073545737
2019-02-01,1,3,Prokaryote-dominated late-year state,MHW_MeanInt,0.3901975909369933,0.0001584165840835003
2019-02-01,1,3,Prokaryote-dominated late-year state,MHW_MaxInt,0.5252935925098052,0.00031836614439437796
2019-02-01,1,3,Prokaryote-dominated late-year state,MHW_CumInt,10.562843797313612,-0.0009063730676509449
2019-03-01,1,3,Prokaryote-dominated late-year state,SST,10.47788,-0.008520129518052682
2019-03-01,1,3,Prokaryote-dominated late-year state,NO3,1.616115,-0.00012206226469183494
2019-03-01,1,3,Prokaryote-dominated late-year state,PO4,0.03943512,0.0016070814814381808
2019-03-01,1,3,Prokaryote-dominated late-year state,SPCo2,26.71026,0.0018899698125197225
2019-03-01,1,3,Prokaryote-dominated late-year state,MLD,23.39373,0.004691415410154867
2019-03-01,1,3,Prokaryote-dominated late-year state,SSS,32.66556,-0.002020926323950042
2019-03-01,1,3,Prokaryote-dominated late-year state,SSH,0.2134554,0.0012627538940506498
2019-03-01,1,3,Prokaryote-dominated late-year state,PAR,33.44122,9.725536114874144e-05
2019-03-01,1,3,Prokaryote-dominated late-year state,PDO,-0.39,0.000798627077155314
2019-03-01,1,3,Prokaryote-dominated late-year state,NINO_3.4,0.81,0.0007771505437736901
2019-03-01,1,3,Prokaryote-dominated late-year state,WPI,0.88,5.212362206105744e-05
2019-03-01,1,3,Prokaryote-dominated late-year state,MHW_MeanInt,0.4692214584786899,0.00021341137873391697
2019-03-01,1,3,Prokaryote-dominated late-year state,MHW_MaxInt,0.5933591118586262,-2.3179447691276692e-05
2019-03-01,1,3,Prokaryote-dominated late-year state,MHW_CumInt,5.701033773857812,-0.000703491026650301
2019-04-01,1,3,Prokaryote-dominated late-year state,SST,12.70382,-0.011204047205521239
2019-04-01,1,3,Prokaryote-dominated late-year state,NO3,1.928897,0.0009337416593260785
2019-04-01,1,3,Prokaryote-dominated late-year state,PO4,0.02177128,0.0009404339944572729
2019-04-01,1,3,Prokaryote-dominated late-year state,SPCo2,30.19135,0.0021006762775680502
2019-04-01,1,3,Prokaryote-dominated late-year state,MLD,13.28528,0.002728832219421345
2019-04-01,1,3,Prokaryote-dominated late-year state,SSS,32.42841,0.001133030363166627
2019-04-01,1,3,Prokaryote-dominated late-year state,SSH,0.2162941,0.001228326267985065
2019-04-01,1,3,Prokaryote-dominated late-year state,PAR,39.76662,-0.0005948066271159416
2019-04-01,1,3,Prokaryote-dominated late-year state,PDO,0.1,0.0006879828196497528
2019-04-01,1,3,Prokaryote-dominated late-year state,NINO_3.4,0.67,0.0009906737456841347
2019-04-01,1,3,Prokaryote-dominated late-year state,WPI,-1.3,-0.0005156264940855299
2019-04-01,1,3,Prokaryote-dominated late-year state,MHW_MeanInt,0.1999677101998945,0.00035702653952850714
2019-04-01,1,3,Prokaryote-dominated late-year state,MHW_MaxInt,0.2616295715508786,0.0007251291723841082
2019-04-01,1,3,Prokaryote-dominated late-year state,MHW_CumInt,2.648240010165926,0.0004886272675517767
2019-05-01,3,3,Prokaryote-dominated late-year state,SST,16.50236,-0.013929713900400091
2019-05-01,3,3,Prokaryote-dominated late-year state,NO3,2.55833,-0.006958866152832282
2019-05-01,3,3,Prokaryote-dominated late-year state,PO4,0.01665784,0.003994585487679918
2019-05-01,3,3,Prokaryote-dominated late-year state,SPCo2,35.05199,0.0023438716986821473
2019-05-01,3,3,Prokaryote-dominated late-year state,MLD,11.53117,0.0015541915357560844
2019-05-01,3,3,Prokaryote-dominated late-year state,SSS,32.11206,0.002480180059387285
2019-05-01,3,3,Prokaryote-dominated late-year state,SSH,0.2469919,0.0032458387547710486
2019-05-01,3,3,Prokaryote-dominated late-year state,PAR,48.49501,-0.006064040022876534
2019-05-01,3,3,Prokaryote-dominated late-year state,PDO,0.26,0.0026253992207835365
2019-05-01,3,3,Prokaryote-dominated late-year state,NINO_3.4,0.61,0.004760035711248403
2019-05-01,3,3,Prokaryote-dominated late-year state,WPI,-0.63,0.002045966468383811
2019-05-01,3,3,Prokaryote-dominated late-year state,MHW_MeanInt,0.3218434778198453,0.001008456178278444
2019-05-01,3,3,Prokaryote-dominated late-year state,MHW_MaxInt,0.4192784715341252,0.0015658024644374926
2019-05-01,3,3,Prokaryote-dominated late-year state,MHW_CumInt,5.522769423970183,0.00132829249670072
2019-06-01,2,3,Prokaryote-dominated late-year state,SST,20.34853,-0.008552862007881886
2019-06-01,2,3,Prokaryote-dominated late-year state,NO3,3.265489,0.004498936925732356
2019-06-01,2,3,Prokaryote-dominated late-year state,PO4,0.01678913,0.0018403547160508685
2019-06-01,2,3,Prokaryote-dominated late-year state,SPCo2,40.17868,-0.002200199268719188
2019-06-01,2,3,Prokaryote-dominated late-year state,MLD,10.71416,-0.007482149209825149
2019-06-01,2,3,Prokaryote-dominated late-year state,SSS,31.79374,0.00575705405047712
2019-06-01,2,3,Prokaryote-dominated late-year state,SSH,0.260858,0.0011817126123987458
2019-06-01,2,3,Prokaryote-dominated late-year state,PAR,47.15538,0.0017042060813594825
2019-06-01,2,3,Prokaryote-dominated late-year state,PDO,-0.05,0.0007118647997843983
2019-06-01,2,3,Prokaryote-dominated late-year state,NINO_3.4,0.66,0.002613920474676827
2019-06-01,2,3,Prokaryote-dominated late-year state,WPI,-1.92,-0.0004131520653714783
2019-06-01,2,3,Prokaryote-dominated late-year state,MHW_MeanInt,0.6486416429352297,0.0006450883327920619
2019-06-01,2,3,Prokaryote-dominated late-year state,MHW_MaxInt,0.8428768731317627,0.0011680567168225102
2019-06-01,2,3,Prokaryote-dominated late-year state,MHW_CumInt,12.662483799703448,-0.0014728321582966608
2019-07-01,2,3,Prokaryote-dominated late-year state,SST,24.31108,-0.00814518049610933
2019-07-01,2,3,Prokaryote-dominated late-year state,NO3,4.231383,0.005739276561478092
2019-07-01,2,3,Prokaryote-dominated late-year state,PO4,0.0152322,0.0021564835150897025
2019-07-01,2,3,Prokaryote-dominated late-year state,SPCo2,43.853,-0.0034357752815738743
2019-07-01,2,3,Prokaryote-dominated late-year state,MLD,10.29777,-0.010832499505182223
2019-07-01,2,3,Prokaryote-dominated late-year state,SSS,31.47675,0.007008362224223485
2019-07-01,2,3,Prokaryote-dominated late-year state,SSH,0.3005702,0.0012824713652835088
2019-07-01,2,3,Prokaryote-dominated late-year state,PAR,46.24289,0.0019134794577714423
2019-07-01,2,3,Prokaryote-dominated late-year state,PDO,0.54,-0.00011829265375072522
2019-07-01,2,3,Prokaryote-dominated late-year state,NINO_3.4,0.41,0.002937202030724133
2019-07-01,2,3,Prokaryote-dominated late-year state,WPI,-0.27,0.0005735753621400561
2019-07-01,2,3,Prokaryote-dominated late-year state,MHW_MeanInt,0.6392787016379742,0.0007812179588300501
2019-07-01,2,3,Prokaryote-dominated late-year state,MHW_MaxInt,0.7872942896240662,0.0007361365837036379
2019-07-01,2,3,Prokaryote-dominated late-year state,MHW_CumInt,6.020508436329557,-0.0005964571226279589
2019-08-01,3,3,Prokaryote-dominated late-year state,SST,26.92452,-0.014397198614331792
2019-08-01,3,3,Prokaryote-dominated late-year state,NO3,4.414184,0.005102941611328305
2019-08-01,3,3,Prokaryote-dominated late-year state,PO4,0.0136453,0.0025986630437294465
2019-08-01,3,3,Prokaryote-dominated late-year state,SPCo2,44.38897,-0.005485605681924255
2019-08-01,3,3,Prokaryote-dominated late-year state,MLD,11.39305,-0.0011336976787364663
2019-08-01,3,3,Prokaryote-dominated late-year state,SSS,31.23234,0.007740360780950668
2019-08-01,3,3,Prokaryote-dominated late-year state,SSH,0.3237593,0.0020257660826389864
2019-08-01,3,3,Prokaryote-dominated late-year state,PAR,45.9396,-0.0018885531711839703
2019-08-01,3,3,Prokaryote-dominated late-year state,PDO,0.01,0.0010558022431699009
2019-08-01,3,3,Prokaryote-dominated late-year state,NINO_3.4,0.19,0.003083716130126227
2019-08-01,3,3,Prokaryote-dominated late-year state,WPI,-2.19,0.00017711309823282108
2019-08-01,3,3,Prokaryote-dominated late-year state,MHW_MeanInt,0.2642902177393917,0.00032400760463714446
2019-08-01,3,3,Prokaryote-dominated late-year state,MHW_MaxInt,0.3154758403127095,0.0006840721838637962
2019-08-01,3,3,Prokaryote-dominated late-year state,MHW_CumInt,2.3415950849364227,0.00011261236749919095
2019-09-01,3,3,Prokaryote-dominated late-year state,SST,25.00072,-0.011186352903938516
2019-09-01,3,3,Prokaryote-dominated late-year state,NO3,3.807632,0.005145018898024819
2019-09-01,3,3,Prokaryote-dominated late-year state,PO4,0.01137811,-0.00475803173410147
2019-09-01,3,3,Prokaryote-dominated late-year state,SPCo2,39.94406,-0.0039673788919724565
2019-09-01,3,3,Prokaryote-dominated late-year state,MLD,15.22297,-0.0006436079275214884
2019-09-01,3,3,Prokaryote-dominated late-year state,SSS,31.44908,0.004493676079323678
2019-09-01,3,3,Prokaryote-dominated late-year state,SSH,0.353572,0.0007519233241772696
2019-09-01,3,3,Prokaryote-dominated late-year state,PAR,37.695,0.002816909319606847
2019-09-01,3,3,Prokaryote-dominated late-year state,PDO,0.13,0.0015478785322636049
2019-09-01,3,3,Prokaryote-dominated late-year state,NINO_3.4,0.11,0.0025375619410077568
2019-09-01,3,3,Prokaryote-dominated late-year state,WPI,0.86,0.000303746507081049
2019-09-01,3,3,Prokaryote-dominated late-year state,MHW_MeanInt,0.1862462831087638,0.0005745650727009334
2019-09-01,3,3,Prokaryote-dominated late-year state,MHW_MaxInt,0.2734686992624994,0.0007330784299865334
2019-09-01,3,3,Prokaryote-dominated late-year state,MHW_CumInt,5.45128390701948,0.001651013353361439
2019-10-01,3,3,Prokaryote-dominated late-year state,SST,22.19735,-0.008549430084100208
2019-10-01,3,3,Prokaryote-dominated late-year state,NO3,3.397273,0.0033897287316189267
2019-10-01,3,3,Prokaryote-dominated late-year state,PO4,0.0178191,0.0018003855170208394
2019-10-01,3,3,Prokaryote-dominated late-year state,SPCo2,35.40394,0.0008391971215487421
2019-10-01,3,3,Prokaryote-dominated late-year state,MLD,23.80107,0.0009348135609752729
2019-10-01,3,3,Prokaryote-dominated late-year state,SSS,31.74935,0.006301497136395616
2019-10-01,3,3,Prokaryote-dominated late-year state,SSH,0.3907209,-0.009098697968344704
2019-10-01,3,3,Prokaryote-dominated late-year state,PAR,30.07841,-0.00031372079695379416
2019-10-01,3,3,Prokaryote-dominated late-year state,PDO,-0.9,0.0009816486564789089
2019-10-01,3,3,Prokaryote-dominated late-year state,NINO_3.4,0.55,0.0007904031353389338
2019-10-01,3,3,Prokaryote-dominated late-year state,WPI,-0.81,0.0006404522459680054
2019-10-01,3,3,Prokaryote-dominated late-year state,MHW_MeanInt,0.2278746195403251,0.0007593301396539394
2019-10-01,3,3,Prokaryote-dominated late-year state,MHW_MaxInt,0.3020362520408734,0.0008528543443032872
2019-10-01,3,3,Prokaryote-dominated late-year state,MHW_CumInt,2.744408533308567,0.0006715382600962333
2019-11-01,3,3,Prokaryote-dominated late-year state,SST,18.30969,-0.012697466314096338
2019-11-01,3,3,Prokaryote-dominated late-year state,NO3,3.070642,0.0022884435937801854
2019-11-01,3,3,Prokaryote-dominated late-year state,PO4,0.02661196,0.002214366539717861
2019-11-01,3,3,Prokaryote-dominated late-year state,SPCo2,31.30397,-0.0006959936217489507
2019-11-01,3,3,Prokaryote-dominated late-year state,MLD,30.54651,0.0006356308837598098
2019-11-01,3,3,Prokaryote-dominated late-year state,SSS,32.12033,0.0026499325151846495
2019-11-01,3,3,Prokaryote-dominated late-year state,SSH,0.3208446,0.002232467211959759
2019-11-01,3,3,Prokaryote-dominated late-year state,PAR,21.44509,-0.0013687984494177394
2019-11-01,3,3,Prokaryote-dominated late-year state,PDO,-0.49,0.0011019413683833687
2019-11-01,3,3,Prokaryote-dominated late-year state,NINO_3.4,0.74,0.0013976954082072872
2019-11-01,3,3,Prokaryote-dominated late-year state,WPI,-0.12,0.0006276119376479537
2019-11-01,3,3,Prokaryote-dominated late-year state,MHW_MeanInt,0.3471760040899174,0.0015936503687854731
2019-11-01,3,3,Prokaryote-dominated late-year state,MHW_MaxInt,0.4855328773474073,0.002142871321916953
2019-11-01,3,3,Prokaryote-dominated late-year state,MHW_CumInt,13.207259284038033,-0.002122352764080298
2019-12-01,1,3,Prokaryote-dominated late-year state,SST,14.55685,-0.012085636544128163
2019-12-01,1,3,Prokaryote-dominated late-year state,NO3,2.596895,0.0011161921295137758
2019-12-01,1,3,Prokaryote-dominated late-year state,PO4,0.04730387,0.0031408676973266807
2019-12-01,1,3,Prokaryote-dominated late-year state,SPCo2,28.03321,0.0012845631142436287
2019-12-01,1,3,Prokaryote-dominated late-year state,MLD,35.6441,0.004918772665739546
2019-12-01,1,3,Prokaryote-dominated late-year state,SSS,32.49611,0.0025306730655618036
2019-12-01,1,3,Prokaryote-dominated late-year state,SSH,0.2678824,0.0014885557227659366
2019-12-01,1,3,Prokaryote-dominated late-year state,PAR,16.12826,-0.00172612207997529
2019-12-01,1,3,Prokaryote-dominated late-year state,PDO,0.0,0.0008829487802218811
2019-12-01,1,3,Prokaryote-dominated late-year state,NINO_3.4,0.51,0.0004794290034890286
2019-12-01,1,3,Prokaryote-dominated late-year state,WPI,0.74,0.00018520874068319993
2019-12-01,1,3,Prokaryote-dominated late-year state,MHW_MeanInt,0.7422714398990806,-0.0003495987110474009
2019-12-01,1,3,Prokaryote-dominated late-year state,MHW_MaxInt,0.968915388830481,3.073282129404742e-05
2019-12-01,1,3,Prokaryote-dominated late-year state,MHW_CumInt,15.661640601662528,-0.0018965864056886775
2020-01-01,1,3,Prokaryote-dominated late-year state,SST,12.00291,-0.00863879505833692
2020-01-01,1,3,Prokaryote-dominated late-year state,NO3,2.313589,0.003060624749836157
2020-01-01,1,3,Prokaryote-dominated late-year state,PO4,0.05912294,0.002286907073067074
2020-01-01,1,3,Prokaryote-dominated late-year state,SPCo2,26.69917,0.002105143322560503
2020-01-01,1,3,Prokaryote-dominated late-year state,MLD,39.62627,0.0027614587422096115
2020-01-01,1,3,Prokaryote-dominated late-year state,SSS,32.68783,-0.002409818797319358
2020-01-01,1,3,Prokaryote-dominated late-year state,SSH,0.2971561,0.0017435701433960833
2020-01-01,1,3,Prokaryote-dominated late-year state,PAR,15.33744,-0.002004161478345623
2020-01-01,1,3,Prokaryote-dominated late-year state,PDO,-1.41,0.000514826098076558
2020-01-01,1,3,Prokaryote-dominated late-year state,NINO_3.4,0.64,0.0008248793721057767
2020-01-01,1,3,Prokaryote-dominated late-year state,WPI,0.69,0.00042182190667689536
2020-01-01,1,3,Prokaryote-dominated late-year state,MHW_MeanInt,0.5256908951925741,0.0003721495755701425
2020-01-01,1,3,Prokaryote-dominated late-year state,MHW_MaxInt,0.6961652960013773,-0.00042326592872503685
2020-01-01,1,3,Prokaryote-dominated late-year state,MHW_CumInt,11.440019946965377,-0.0006153397207718634
2020-02-01,1,3,Prokaryote-dominated late-year state,SST,10.28555,-0.009009860943482502
2020-02-01,1,3,Prokaryote-dominated late-year state,NO3,2.020594,0.001557367793817357
2020-02-01,1,3,Prokaryote-dominated late-year state,PO4,0.04928588,0.0023882408140359604
2020-02-01,1,3,Prokaryote-dominated late-year state,SPCo2,26.46706,0.0025527519535483373
2020-02-01,1,3,Prokaryote-dominated late-year state,MLD,34.08411,0.005091413328457794
2020-02-01,1,3,Prokaryote-dominated late-year state,SSS,32.83029,-0.003957880472660105
2020-02-01,1,3,Prokaryote-dominated late-year state,SSH,0.2609283,0.0012593354235805874
2020-02-01,1,3,Prokaryote-dominated late-year state,PAR,23.66989,0.0006462887784526433
2020-02-01,1,3,Prokaryote-dominated late-year state,PDO,-1.48,-0.00037409498502709017
2020-02-01,1,3,Prokaryote-dominated late-year state,NINO_3.4,0.48,0.0005199231583817707
2020-02-01,1,3,Prokaryote-dominated late-year state,WPI,1.46,0.0002810468377763183
2020-02-01,1,3,Prokaryote-dominated late-year state,MHW_MeanInt,0.8321928858360463,3.176139333288069e-05
2020-02-01,1,3,Prokaryote-dominated late-year state,MHW_MaxInt,1.104176748435502,0.0001660680700927064
2020-02-01,1,3,Prokaryote-dominated late-year state,MHW_CumInt,18.596931551635308,-0.0011523611503066625
2020-03-01,1,3,Prokaryote-dominated late-year state,SST,10.70586,-0.008779011818295329
2020-03-01,1,3,Prokaryote-dominated late-year state,NO3,2.013989,0.001577949547392591
2020-03-01,1,3,Prokaryote-dominated late-year state,PO4,0.03139725,0.0015632102048742137
2020-03-01,1,3,Prokaryote-dominated late-year state,SPCo2,28.27134,0.0023225307006235645
2020-03-01,1,3,Prokaryote-dominated late-year state,MLD,24.23719,0.0041245487364742735
2020-03-01,1,3,Prokaryote-dominated late-year state,SSS,32.73606,-0.004381647777369712
2020-03-01,1,3,Prokaryote-dominated late-year state,SSH,0.2047682,0.001735656996922993
2020-03-01,1,3,Prokaryote-dominated late-year state,PAR,34.19953,0.0001861727320451794
2020-03-01,1,3,Prokaryote-dominated late-year state,PDO,-1.75,-0.0012318052996898022
2020-03-01,1,3,Prokaryote-dominated late-year state,NINO_3.4,0.36,0.0006105711250353061
2020-03-01,1,3,Prokaryote-dominated late-year state,WPI,1.29,0.00038240106898672214
2020-03-01,1,3,Prokaryote-dominated late-year state,MHW_MeanInt,0.2797756691786224,0.000527460600317771
2020-03-01,1,3,Prokaryote-dominated late-year state,MHW_MaxInt,0.3577870795917012,0.000705969444544799
2020-03-01,1,3,Prokaryote-dominated late-year state,MHW_CumInt,2.4477332717122926,0.000655993738137424
2020-04-01,3,3,Prokaryote-dominated late-year state,SST,12.73056,-0.012526050693925482
2020-04-01,3,3,Prokaryote-dominated late-year state,NO3,2.281931,-0.0008121422638871592
2020-04-01,3,3,Prokaryote-dominated late-year state,PO4,0.01686143,0.0031966659135782517
2020-04-01,3,3,Prokaryote-dominated late-year state,SPCo2,31.15261,0.0006885154610961422
2020-04-01,3,3,Prokaryote-dominated late-year state,MLD,16.64023,0.004764790314664356
2020-04-01,3,3,Prokaryote-dominated late-year state,SSS,32.61213,0.0003183230260872217
2020-04-01,3,3,Prokaryote-dominated late-year state,SSH,0.2263666,0.0023858749875744598
2020-04-01,3,3,Prokaryote-dominated late-year state,PAR,45.16571,-0.011161950026062527
2020-04-01,3,3,Prokaryote-dominated late-year state,PDO,-1.32,0.001944014212182681
2020-04-01,3,3,Prokaryote-dominated late-year state,NINO_3.4,0.49,0.004832111858964665
2020-04-01,3,3,Prokaryote-dominated late-year state,WPI,-1.34,0.00253303747309348
2020-04-01,3,3,Prokaryote-dominated late-year state,MHW_MeanInt,0.3374958912944072,0.0010218064406658817
2020-04-01,3,3,Prokaryote-dominated late-year state,MHW_MaxInt,0.4358451094857281,0.002369497407834924
2020-04-01,3,3,Prokaryote-dominated late-year state,MHW_CumInt,4.843034359004142,0.000445505888133099
2020-05-01,2,3,Prokaryote-dominated late-year state,SST,16.43019,-0.011170241331079994
2020-05-01,2,3,Prokaryote-dominated late-year state,NO3,3.163127,0.0024286588618320382
2020-05-01,2,3,Prokaryote-dominated late-year state,PO4,0.007933331,-0.007525054036497213
2020-05-01,2,3,Prokaryote-dominated late-year state,SPCo2,36.92435,0.003246937735735628
2020-05-01,2,3,Prokaryote-dominated late-year state,MLD,10.79582,-0.00342628960160929
2020-05-01,2,3,Prokaryote-dominated late-year state,SSS,32.24253,0.0018505399094629418
2020-05-01,2,3,Prokaryote-dominated late-year state,SSH,0.2517852,0.0016593343612295122
2020-05-01,2,3,Prokaryote-dominated late-year state,PAR,44.75827,0.0021703935693276693
2020-05-01,2,3,Prokaryote-dominated late-year state,PDO,-0.53,0.0019836898014383266
2020-05-01,2,3,Prokaryote-dominated late-year state,NINO_3.4,-0.12,0.004924163843432917
2020-05-01,2,3,Prokaryote-dominated late-year state,WPI,0.12,0.0010268891173738268
2020-05-01,2,3,Prokaryote-dominated late-year state,MHW_MeanInt,0.7940898807190295,0.0010001317812687214
2020-05-01,2,3,Prokaryote-dominated late-year state,MHW_MaxInt,1.00006088405389,0.0014334164574302155
2020-05-01,2,3,Prokaryote-dominated late-year state,MHW_CumInt,9.335799560218437,0.00039742953065468174
2020-06-01,3,3,Prokaryote-dominated late-year state,SST,21.18923,-0.008304952031099853
2020-06-01,3,3,Prokaryote-dominated late-year state,NO3,4.227831,0.007605560165424124
2020-06-01,3,3,Prokaryote-dominated late-year state,PO4,0.007451985,-0.021377433315819407
2020-06-01,3,3,Prokaryote-dominated late-year state,SPCo2,42.94586,-0.004654660504312844
2020-06-01,3,3,Prokaryote-dominated late-year state,MLD,10.39636,-0.004441520593453611
2020-06-01,3,3,Prokaryote-dominated late-year state,SSS,31.87049,0.009163856814063107
2020-06-01,3,3,Prokaryote-dominated late-year state,SSH,0.3262833,0.002393673001467364
2020-06-01,3,3,Prokaryote-dominated late-year state,PAR,42.65132,0.005939101314546718
2020-06-01,3,3,Prokaryote-dominated late-year state,PDO,-0.76,0.0034715403658660098
2020-06-01,3,3,Prokaryote-dominated late-year state,NINO_3.4,-0.21,0.005613807215065601
2020-06-01,3,3,Prokaryote-dominated late-year state,WPI,-1.25,0.001431285503434585
2020-06-01,3,3,Prokaryote-dominated late-year state,MHW_MeanInt,0.0724009169258792,0.0009148047561286102
2020-06-01,3,3,Prokaryote-dominated late-year state,MHW_MaxInt,0.0893926586101653,0.0005064830011992414
2020-06-01,3,3,Prokaryote-dominated late-year state,MHW_CumInt,1.047404766631966,0.0017384543074903276
2020-07-01,2,3,Prokaryote-dominated late-year state,SST,23.63997,-0.007977434736929578
2020-07-01,2,3,Prokaryote-dominated late-year state,NO3,4.755019,0.005665640821789448
2020-07-01,2,3,Prokaryote-dominated late-year state,PO4,0.01371064,0.0015727638607419383
2020-07-01,2,3,Prokaryote-dominated late-year state,SPCo2,44.55256,-0.003947978505786115
2020-07-01,2,3,Prokaryote-dominated late-year state,MLD,10.50308,-0.012969266309729704
2020-07-01,2,3,Prokaryote-dominated late-year state,SSS,31.38676,0.007184697417211017
2020-07-01,2,3,Prokaryote-dominated late-year state,SSH,0.3112281,0.001433727716566998
2020-07-01,2,3,Prokaryote-dominated late-year state,PAR,42.27643,0.004009151713471018
2020-07-01,2,3,Prokaryote-dominated late-year state,PDO,-0.92,0.0007793947870849752
2020-07-01,2,3,Prokaryote-dominated late-year state,NINO_3.4,-0.04,0.0031772026705624568
2020-07-01,2,3,Prokaryote-dominated late-year state,WPI,-0.54,0.000490114795085371
2020-07-01,2,3,Prokaryote-dominated late-year state,MHW_MeanInt,0.94816368616153,0.00044800005584164895
2020-07-01,2,3,Prokaryote-dominated late-year state,MHW_MaxInt,1.1874932060463397,0.0007802496269855341
2020-07-01,2,3,Prokaryote-dominated late-year state,MHW_CumInt,9.427780671321928,-0.0006462639128950158
2020-08-01,2,3,Prokaryote-dominated late-year state,SST,26.37829,-0.008784636740686509
2020-08-01,2,3,Prokaryote-dominated late-year state,NO3,5.349509,0.003385623342192133
2020-08-01,2,3,Prokaryote-dominated late-year state,PO4,0.01176344,0.0014586584483328177
2020-08-01,2,3,Prokaryote-dominated late-year state,SPCo2,45.36446,-0.004128824292337
2020-08-01,2,3,Prokaryote-dominated late-year state,MLD,11.04017,-0.004992978102068549
2020-08-01,2,3,Prokaryote-dominated late-year state,SSS,31.30482,0.00825793912660534
2020-08-01,2,3,Prokaryote-dominated late-year state,SSH,0.3501738,0.00010749127547821755
2020-08-01,2,3,Prokaryote-dominated late-year state,PAR,43.81718,0.0016730684099839194
2020-08-01,2,3,Prokaryote-dominated late-year state,PDO,-1.33,0.0006379412830533251
2020-08-01,2,3,Prokaryote-dominated late-year state,NINO_3.4,-0.42,0.0008683918326447842
2020-08-01,2,3,Prokaryote-dominated late-year state,WPI,-0.21,0.00045492256179565976
2020-08-01,2,3,Prokaryote-dominated late-year state,MHW_MeanInt,0.1802206093788776,0.0004079506083862006
2020-08-01,2,3,Prokaryote-dominated late-year state,MHW_MaxInt,0.2191604736852247,0.0002522775851783498
2020-08-01,2,3,Prokaryote-dominated late-year state,MHW_CumInt,1.789814329212052,0.00040217466144130916
2020-09-01,3,3,Prokaryote-dominated late-year state,SST,25.02943,-0.009364407505687754
2020-09-01,3,3,Prokaryote-dominated late-year state,NO3,4.564327,0.007007091448500302
2020-09-01,3,3,Prokaryote-dominated late-year state,PO4,0.01505502,0.0014350772831715323
2020-09-01,3,3,Prokaryote-dominated late-year state,SPCo2,41.29739,-0.004951672616671302
2020-09-01,3,3,Prokaryote-dominated late-year state,MLD,16.0516,0.0006534786723765214
2020-09-01,3,3,Prokaryote-dominated late-year state,SSS,31.49327,0.00675419327605129
2020-09-01,3,3,Prokaryote-dominated late-year state,SSH,0.3843365,-0.0028691494250311024
2020-09-01,3,3,Prokaryote-dominated late-year state,PAR,36.2772,0.0016865247467138628
2020-09-01,3,3,Prokaryote-dominated late-year state,PDO,-1.04,0.0007211519605709297
2020-09-01,3,3,Prokaryote-dominated late-year state,NINO_3.4,-0.66,-0.0011922920375231467
2020-09-01,3,3,Prokaryote-dominated late-year state,WPI,-2.44,-0.0009996072464283164
2020-09-01,3,3,Prokaryote-dominated late-year state,MHW_MeanInt,0.0434991943495784,0.00024488499727370227
2020-09-01,3,3,Prokaryote-dominated late-year state,MHW_MaxInt,0.0528729139719411,0.0002326563401913942
2020-09-01,3,3,Prokaryote-dominated late-year state,MHW_CumInt,0.3923364189803003,0.0006420701064920814
2020-10-01,3,3,Prokaryote-dominated late-year state,SST,21.79563,-0.010240904707809237
2020-10-01,3,3,Prokaryote-dominated late-year state,NO3,3.978261,0.006520979233389052
2020-10-01,3,3,Prokaryote-dominated late-year state,PO4,0.01563369,0.0027252713190621305
2020-10-01,3,3,Prokaryote-dominated late-year state,SPCo2,35.9246,0.0011147793491361072
2020-10-01,3,3,Prokaryote-dominated late-year state,MLD,24.8232,0.0012208039095973555
2020-10-01,3,3,Prokaryote-dominated late-year state,SSS,31.94177,0.0063842097635956
2020-10-01,3,3,Prokaryote-dominated late-year state,SSH,0.4132317,-0.009775839182439685
2020-10-01,3,3,Prokaryote-dominated late-year state,PAR,30.26387,0.001374208304141526
2020-10-01,3,3,Prokaryote-dominated late-year state,PDO,-0.62,0.0014084009969435793
2020-10-01,3,3,Prokaryote-dominated late-year state,NINO_3.4,-1.19,-0.0013074914529015733
2020-10-01,3,3,Prokaryote-dominated late-year state,WPI,-1.18,0.0006028168670636234
2020-10-01,3,3,Prokaryote-dominated late-year state,MHW_MeanInt,0.7744028094968854,0.00019513630670108618
2020-10-01,3,3,Prokaryote-dominated late-year state,MHW_MaxInt,1.0209420343227336,0.0011230811294584318
2020-10-01,3,3,Prokaryote-dominated late-year state,MHW_CumInt,12.603020979793198,-0.0013454518359380034
2020-11-01,2,3,Prokaryote-dominated late-year state,SST,18.76778,-0.01200106904678185
2020-11-01,2,3,Prokaryote-dominated late-year state,NO3,3.590241,0.006113429663014858
2020-11-01,2,3,Prokaryote-dominated late-year state,PO4,0.02220288,0.0020495555569480504
2020-11-01,2,3,Prokaryote-dominated late-year state,SPCo2,31.98554,-0.0013718229590558189
2020-11-01,2,3,Prokaryote-dominated late-year state,MLD,28.52605,-0.000607562398383972
2020-11-01,2,3,Prokaryote-dominated late-year state,SSS,32.07577,-8.629749103065384e-05
2020-11-01,2,3,Prokaryote-dominated late-year state,SSH,0.3076442,0.0030001483941978673
2020-11-01,2,3,Prokaryote-dominated late-year state,PAR,20.50158,-0.002687966188813676
2020-11-01,2,3,Prokaryote-dominated late-year state,PDO,-1.59,0.0017416405698732775
2020-11-01,2,3,Prokaryote-dominated late-year state,NINO_3.4,-1.01,-0.00045560676537298445
2020-11-01,2,3,Prokaryote-dominated late-year state,WPI,0.72,0.000839129567079795
2020-11-01,2,3,Prokaryote-dominated late-year state,MHW_MeanInt,0.1908941414366261,0.0014148853528996234
2020-11-01,2,3,Prokaryote-dominated late-year state,MHW_MaxInt,0.2415478220284728,0.0011230143633326902
2020-11-01,2,3,Prokaryote-dominated late-year state,MHW_CumInt,2.107421790467584,0.0009285213820927992
2020-12-01,1,3,Prokaryote-dominated late-year state,SST,14.62928,-0.013209528579657567
2020-12-01,1,3,Prokaryote-dominated late-year state,NO3,2.917962,-0.0017531919155062202
2020-12-01,1,3,Prokaryote-dominated late-year state,PO4,0.04018504,0.002523661926631542
2020-12-01,1,3,Prokaryote-dominated late-year state,SPCo2,28.44594,0.002063697026382433
2020-12-01,1,3,Prokaryote-dominated late-year state,MLD,36.09906,0.00515901527905849
2020-12-01,1,3,Prokaryote-dominated late-year state,SSS,32.45898,0.0007927022099147809
2020-12-01,1,3,Prokaryote-dominated late-year state,SSH,0.285929,0.0026478242973046523
2020-12-01,1,3,Prokaryote-dominated late-year state,PAR,16.35313,-0.00020909159408852735
2020-12-01,1,3,Prokaryote-dominated late-year state,PDO,-0.99,0.0015055578975652654
2020-12-01,1,3,Prokaryote-dominated late-year state,NINO_3.4,-0.98,-0.0004859778260373059
2020-12-01,1,3,Prokaryote-dominated late-year state,WPI,0.99,0.0012580110537481282
2020-12-01,1,3,Prokaryote-dominated late-year state,MHW_MeanInt,0.1658906944122733,0.0009570685041363848
2020-12-01,1,3,Prokaryote-dominated late-year state,MHW_MaxInt,0.2414711780523054,0.00022930039445500622
2020-12-01,1,3,Prokaryote-dominated late-year state,MHW_CumInt,6.1518022532866015,-0.0014790486739070649
2021-01-01,1,3,Prokaryote-dominated late-year state,SST,10.80729,-0.010528303582920609
2021-01-01,1,3,Prokaryote-dominated late-year state,NO3,2.440934,0.002100080265604125
2021-01-01,1,3,Prokaryote-dominated late-year state,PO4,0.05411195,0.002871651809341165
2021-01-01,1,3,Prokaryote-dominated late-year state,SPCo2,26.34422,0.0015730689467632144
2021-01-01,1,3,Prokaryote-dominated late-year state,MLD,40.6021,0.0019780689879194085
2021-01-01,1,3,Prokaryote-dominated late-year state,SSS,32.62071,0.0009198979363557634
2021-01-01,1,3,Prokaryote-dominated late-year state,SSH,0.2332231,0.002473983396648844
2021-01-01,1,3,Prokaryote-dominated late-year state,PAR,19.22805,0.0004662476094499257
2021-01-01,1,3,Prokaryote-dominated late-year state,PDO,-0.61,0.0010637499362827294
2021-01-01,1,3,Prokaryote-dominated late-year state,NINO_3.4,-1.04,-0.002058414168148982
2021-01-01,1,3,Prokaryote-dominated late-year state,WPI,2.45,0.00012932024821422875
2021-01-01,1,3,Prokaryote-dominated late-year state,MHW_MeanInt,0.3507812874328232,0.0007646715522048547
2021-01-01,1,3,Prokaryote-dominated late-year state,MHW_MaxInt,0.4853081415556199,0.00016319785019707644
2021-01-01,1,3,Prokaryote-dominated late-year state,MHW_CumInt,10.82682901881152,-0.0019172207879117435
2021-02-01,1,3,Prokaryote-dominated late-year state,SST,10.24799,-0.010131657246236768
2021-02-01,1,3,Prokaryote-dominated late-year state,NO3,2.294553,0.0008241100931899923
2021-02-01,1,3,Prokaryote-dominated late-year state,PO4,0.03708983,0.0019999112324848504
2021-02-01,1,3,Prokaryote-dominated late-year state,SPCo2,26.8354,0.0015989175361868153
2021-02-01,1,3,Prokaryote-dominated late-year state,MLD,32.32248,0.005628958366507824
2021-02-01,1,3,Prokaryote-dominated late-year state,SSS,32.63594,-0.00026905616520779525
2021-02-01,1,3,Prokaryote-dominated late-year state,SSH,0.2342308,0.0018153311977394408
2021-02-01,1,3,Prokaryote-dominated late-year state,PAR,25.95026,0.0012699595356849395
2021-02-01,1,3,Prokaryote-dominated late-year state,PDO,-1.1,0.0008841966226019549
2021-02-01,1,3,Prokaryote-dominated late-year state,NINO_3.4,-0.94,-0.0017379583031713896
2021-02-01,1,3,Prokaryote-dominated late-year state,WPI,0.76,-0.00012334778288639
2021-02-01,1,3,Prokaryote-dominated late-year state,MHW_MeanInt,0.5379185642697876,6.171686689383839e-05
2021-02-01,1,3,Prokaryote-dominated late-year state,MHW_MaxInt,0.7337442323637492,0.0002940935073465223
2021-02-01,1,3,Prokaryote-dominated late-year state,MHW_CumInt,14.603808588498657,-0.002115175461133822
2021-03-01,1,3,Prokaryote-dominated late-year state,SST,11.16464,-0.009416099242288055
2021-03-01,1,3,Prokaryote-dominated late-year state,NO3,2.216884,0.0014201250814726428
2021-03-01,1,3,Prokaryote-dominated late-year state,PO4,0.02164487,0.0019331363335620435
2021-03-01,1,3,Prokaryote-dominated late-year state,SPCo2,29.11419,0.0013283066464609729
2021-03-01,1,3,Prokaryote-dominated late-year state,MLD,19.04887,0.0045298307267998385
2021-03-01,1,3,Prokaryote-dominated late-year state,SSS,32.64798,-0.0017923076276692256
2021-03-01,1,3,Prokaryote-dominated late-year state,SSH,0.2088337,0.0016529518246749825
2021-03-01,1,3,Prokaryote-dominated late-year state,PAR,32.28797,0.001001158829538186
2021-03-01,1,3,Prokaryote-dominated late-year state,PDO,-1.68,-0.0003609826600589732
2021-03-01,1,3,Prokaryote-dominated late-year state,NINO_3.4,-0.72,4.558644049558695e-05
2021-03-01,1,3,Prokaryote-dominated late-year state,WPI,2.05,-0.00020324616891818158
2021-03-01,1,3,Prokaryote-dominated late-year state,MHW_MeanInt,0.5441863452316908,0.0002271544784274396
2021-03-01,1,3,Prokaryote-dominated late-year state,MHW_MaxInt,0.6683248730109358,0.00014258283378465646
2021-03-01,1,3,Prokaryote-dominated late-year state,MHW_CumInt,5.593746996306826,-0.00050819749628191
2021-04-01,3,3,Prokaryote-dominated late-year state,SST,13.15914,-0.014153367127740533
2021-04-01,3,3,Prokaryote-dominated late-year state,NO3,2.576523,0.0012939752161953053
2021-04-01,3,3,Prokaryote-dominated late-year state,PO4,0.01114767,-0.006476601715201694
2021-04-01,3,3,Prokaryote-dominated late-year state,SPCo2,32.87018,0.0027276257388468483
2021-04-01,3,3,Prokaryote-dominated late-year state,MLD,13.97375,0.004395563434645218
2021-04-01,3,3,Prokaryote-dominated late-year state,SSS,32.47428,-0.0004475424126143898
2021-04-01,3,3,Prokaryote-dominated late-year state,SSH,0.2477978,0.0017263209567681338
2021-04-01,3,3,Prokaryote-dominated late-year state,PAR,40.59227,0.0030435399902022406
2021-04-01,3,3,Prokaryote-dominated late-year state,PDO,-1.85,0.0018597666028339205
2021-04-01,3,3,Prokaryote-dominated late-year state,NINO_3.4,-0.55,0.00022927499833096332
2021-04-01,3,3,Prokaryote-dominated late-year state,WPI,-0.12,0.0011704022439028182
2021-04-01,3,3,Prokaryote-dominated late-year state,MHW_MeanInt,0.4786379679358469,0.0019069158272281017
2021-04-01,3,3,Prokaryote-dominated late-year state,MHW_MaxInt,0.6216029002586254,0.001028408651038899
2021-04-01,3,3,Prokaryote-dominated late-year state,MHW_CumInt,5.99516368209282,0.0016957175955641726
2021-05-01,3,3,Prokaryote-dominated late-year state,SST,16.5973,-0.01027974483760621
2021-05-01,3,3,Prokaryote-dominated late-year state,NO3,3.536114,0.005691977206837277
2021-05-01,3,3,Prokaryote-dominated late-year state,PO4,0.007842562,-0.01356852444363274
2021-05-01,3,3,Prokaryote-dominated late-year state,SPCo2,38.02328,0.001412393747157651
2021-05-01,3,3,Prokaryote-dominated late-year state,MLD,11.01019,0.0011081011765958822
2021-05-01,3,3,Prokaryote-dominated late-year state,SSS,32.11223,0.00273161524707816
2021-05-01,3,3,Prokaryote-dominated late-year state,SSH,0.2245314,0.0015506601714625958
2021-05-01,3,3,Prokaryote-dominated late-year state,PAR,43.67931,0.002331598448212677
2021-05-01,3,3,Prokaryote-dominated late-year state,PDO,-2.01,0.0014593116759988155
2021-05-01,3,3,Prokaryote-dominated late-year state,NINO_3.4,-0.41,0.005101362556004494
2021-05-01,3,3,Prokaryote-dominated late-year state,WPI,0.18,0.0010339150617757686
2021-05-01,3,3,Prokaryote-dominated late-year state,MHW_MeanInt,1.0572061697617838,0.002222710060242979
2021-05-01,3,3,Prokaryote-dominated late-year state,MHW_MaxInt,1.380299232330639,-0.001731622854787636
2021-05-01,3,3,Prokaryote-dominated late-year state,MHW_CumInt,14.173381931958993,0.000936246784660277
2021-06-01,2,3,Prokaryote-dominated late-year state,SST,21.35476,-0.00788276834689332
2021-06-01,2,3,Prokaryote-dominated late-year state,NO3,4.550197,0.004932606386240885
2021-06-01,2,3,Prokaryote-dominated late-year state,PO4,0.01067023,-0.00528498026147876
2021-06-01,2,3,Prokaryote-dominated late-year state,SPCo2,43.4409,-0.0031212107398040927
2021-06-01,2,3,Prokaryote-dominated late-year state,MLD,10.45174,-0.008070821578063546
2021-06-01,2,3,Prokaryote-dominated late-year state,SSS,31.64684,0.008440301186296018
2021-06-01,2,3,Prokaryote-dominated late-year state,SSH,0.3273057,0.0014465845606276783
2021-06-01,2,3,Prokaryote-dominated late-year state,PAR,44.9095,0.0030653906972846296
2021-06-01,2,3,Prokaryote-dominated late-year state,PDO,-1.81,0.0011978382976736677
2021-06-01,2,3,Prokaryote-dominated late-year state,NINO_3.4,-0.06,0.0036704626723658906
2021-06-01,2,3,Prokaryote-dominated late-year state,WPI,-0.82,0.0009485890468468723
2021-06-01,2,3,Prokaryote-dominated late-year state,MHW_MeanInt,1.2633069721386343,0.0014156972507110637
2021-06-01,2,3,Prokaryote-dominated late-year state,MHW_MaxInt,1.681558063919622,-0.0012286119214583323
2021-06-01,2,3,Prokaryote-dominated late-year state,MHW_CumInt,22.23367694327686,0.0004709227496513401
2021-07-01,2,3,Prokaryote-dominated late-year state,SST,25.39187,-0.005453558188013678
2021-07-01,2,3,Prokaryote-dominated late-year state,NO3,5.013104,0.003313565930025752
2021-07-01,2,3,Prokaryote-dominated late-year state,PO4,0.01839172,0.0022336591147447066
2021-07-01,2,3,Prokaryote-dominated late-year state,SPCo2,46.51037,-0.003558966337594464
2021-07-01,2,3,Prokaryote-dominated late-year state,MLD,11.09692,-0.005028987942895876
2021-07-01,2,3,Prokaryote-dominated late-year state,SSS,31.37255,0.00912734746275334
2021-07-01,2,3,Prokaryote-dominated late-year state,SSH,0.3930641,-0.00947995868563038
2021-07-01,2,3,Prokaryote-dominated late-year state,PAR,46.81764,0.0016655781567792784
2021-07-01,2,3,Prokaryote-dominated late-year state,PDO,-1.96,0.0007859465374272475
2021-07-01,2,3,Prokaryote-dominated late-year state,NINO_3.4,-0.2,0.002508344849295805
2021-07-01,2,3,Prokaryote-dominated late-year state,WPI,-0.44,0.0015337663208670933
2021-07-01,2,3,Prokaryote-dominated late-year state,MHW_MeanInt,0.5092630884446672,0.0006872973573176236
2021-07-01,2,3,Prokaryote-dominated late-year state,MHW_MaxInt,0.6498531456544163,0.0015555143703313383
2021-07-01,2,3,Prokaryote-dominated late-year state,MHW_CumInt,7.261755424712592,0.000110451054592188
2021-08-01,3,3,Prokaryote-dominated late-year state,SST,26.98162,-0.013725039228045733
2021-08-01,3,3,Prokaryote-dominated late-year state,NO3,4.67959,0.006267696389838731
2021-08-01,3,3,Prokaryote-dominated late-year state,PO4,0.01764725,0.0020035427898825683
2021-08-01,3,3,Prokaryote-dominated late-year state,SPCo2,45.48413,-0.004324631220031799
2021-08-01,3,3,Prokaryote-dominated late-year state,MLD,11.57255,0.0007523111101803611
2021-08-01,3,3,Prokaryote-dominated late-year state,SSS,31.01357,0.007832236043795567
2021-08-01,3,3,Prokaryote-dominated late-year state,SSH,0.3871253,-0.002735869297171084
2021-08-01,3,3,Prokaryote-dominated late-year state,PAR,43.45911,0.0020680965289455885
2021-08-01,3,3,Prokaryote-dominated late-year state,PDO,-0.94,0.0013891937703962305
2021-08-01,3,3,Prokaryote-dominated late-year state,NINO_3.4,-0.38,0.0025644487471077537
2021-08-01,3,3,Prokaryote-dominated late-year state,WPI,-1.94,8.54478607422989e-05
2021-08-01,3,3,Prokaryote-dominated late-year state,MHW_MeanInt,1.2680363063931213,0.0010413838918953986
2021-08-01,3,3,Prokaryote-dominated late-year state,MHW_MaxInt,1.7881470334423335,-0.0022373992202991528
2021-08-01,3,3,Prokaryote-dominated late-year state,MHW_CumInt,33.22460029946446,-0.0009814181672367422
2021-09-01,3,3,Prokaryote-dominated late-year state,SST,25.86352,-0.00971162086171344
2021-09-01,3,3,Prokaryote-dominated late-year state,NO3,4.764706,0.007289596557145664
2021-09-01,3,3,Prokaryote-dominated late-year state,PO4,0.01010444,-0.014341157225765734
2021-09-01,3,3,Prokaryote-dominated late-year state,SPCo2,41.72075,-0.001938145906940964
2021-09-01,3,3,Prokaryote-dominated late-year state,MLD,13.25896,-0.00028123448127688396
2021-09-01,3,3,Prokaryote-dominated late-year state,SSS,31.16697,0.008261516780566072
2021-09-01,3,3,Prokaryote-dominated late-year state,SSH,0.4416628,-0.0073457657207520915
2021-09-01,3,3,Prokaryote-dominated late-year state,PAR,37.09822,0.004658726163450941
2021-09-01,3,3,Prokaryote-dominated late-year state,PDO,-1.96,0.0032477823477088195
2021-09-01,3,3,Prokaryote-dominated late-year state,NINO_3.4,-0.5,0.0033088841420362666
2021-09-01,3,3,Prokaryote-dominated late-year state,WPI,-0.65,0.0017758205002028364
2021-09-01,3,3,Prokaryote-dominated late-year state,MHW_MeanInt,0.4750017453219455,0.001553858249861228
2021-09-01,3,3,Prokaryote-dominated late-year state,MHW_MaxInt,0.6443926458282395,0.0011873703708058497
2021-09-01,3,3,Prokaryote-dominated late-year state,MHW_CumInt,7.959948290164006,0.0023343690846714237
2021-10-01,3,3,Prokaryote-dominated late-year state,SST,23.13065,-0.009654726088295817
2021-10-01,3,3,Prokaryote-dominated late-year state,NO3,4.191145,0.0077306732310804035
2021-10-01,3,3,Prokaryote-dominated late-year state,PO4,0.01011765,-0.015663343963104225
2021-10-01,3,3,Prokaryote-dominated late-year state,SPCo2,37.00387,0.003311690719243749
2021-10-01,3,3,Prokaryote-dominated late-year state,MLD,20.63019,0.0008878795593186603
2021-10-01,3,3,Prokaryote-dominated late-year state,SSS,31.77347,0.00868134916616748
2021-10-01,3,3,Prokaryote-dominated late-year state,SSH,0.4186193,-0.008311369164588883
2021-10-01,3,3,Prokaryote-dominated late-year state,PAR,28.61113,0.002613423447476585
2021-10-01,3,3,Prokaryote-dominated late-year state,PDO,-3.11,-0.0006038009581669918
2021-10-01,3,3,Prokaryote-dominated late-year state,NINO_3.4,-0.78,0.0026412945677434675
2021-10-01,3,3,Prokaryote-dominated late-year state,WPI,1.74,0.0011156192168813347
2021-10-01,3,3,Prokaryote-dominated late-year state,MHW_MeanInt,0.2435298085833968,0.0021792294647306025
2021-10-01,3,3,Prokaryote-dominated late-year state,MHW_MaxInt,0.3068498764343668,0.00204873621231717
2021-10-01,3,3,Prokaryote-dominated late-year state,MHW_CumInt,4.6895767698707305,0.0030233445891964684
2021-11-01,2,3,Prokaryote-dominated late-year state,SST,18.88909,-0.011284682327114519
2021-11-01,2,3,Prokaryote-dominated late-year state,NO3,3.679976,0.005082365340081975
2021-11-01,2,3,Prokaryote-dominated late-year state,PO4,0.02431657,0.0020496656949064497
2021-11-01,2,3,Prokaryote-dominated late-year state,SPCo2,31.72246,-0.0008860740769235946
2021-11-01,2,3,Prokaryote-dominated late-year state,MLD,26.67451,-0.0005018664265443919
2021-11-01,2,3,Prokaryote-dominated late-year state,SSS,31.97965,0.0009829008788087403
2021-11-01,2,3,Prokaryote-dominated late-year state,SSH,0.2736525,0.002403081527735186
2021-11-01,2,3,Prokaryote-dominated late-year state,PAR,21.58293,-1.536778236061419e-05
2021-11-01,2,3,Prokaryote-dominated late-year state,PDO,-2.75,-0.0018063803894640116
2021-11-01,2,3,Prokaryote-dominated late-year state,NINO_3.4,-0.88,0.0004092661847070852
2021-11-01,2,3,Prokaryote-dominated late-year state,WPI,-0.15,0.0007689011285585132
2021-11-01,2,3,Prokaryote-dominated late-year state,MHW_MeanInt,0.3201348810702897,0.0010842619950121154
2021-11-01,2,3,Prokaryote-dominated late-year state,MHW_MaxInt,0.4046143721695898,0.0011544530382777596
2021-11-01,2,3,Prokaryote-dominated late-year state,MHW_CumInt,4.668512036651848,0.0005594752143193167
2021-12-01,1,3,Prokaryote-dominated late-year state,SST,15.32241,-0.01515831652964857
2021-12-01,1,3,Prokaryote-dominated late-year state,NO3,3.126501,-0.0007594781297513265
2021-12-01,1,3,Prokaryote-dominated late-year state,PO4,0.03900724,0.0025535467022059794
2021-12-01,1,3,Prokaryote-dominated late-year state,SPCo2,28.56598,0.0016647826497089581
2021-12-01,1,3,Prokaryote-dominated late-year state,MLD,32.8611,0.005416631505077477
2021-12-01,1,3,Prokaryote-dominated late-year state,SSS,32.3418,0.00128758338109058
2021-12-01,1,3,Prokaryote-dominated late-year state,SSH,0.2664266,0.002345999489582939
2021-12-01,1,3,Prokaryote-dominated late-year state,PAR,18.31401,0.00044142482144733663
2021-12-01,1,3,Prokaryote-dominated late-year state,PDO,-2.71,-0.0028623948481996224
2021-12-01,1,3,Prokaryote-dominated late-year state,NINO_3.4,-1.07,0.0006253709372526568
2021-12-01,1,3,Prokaryote-dominated late-year state,WPI,0.48,0.001914243614045715
2021-12-01,1,3,Prokaryote-dominated late-year state,MHW_MeanInt,0.2796598752164767,0.0014132326017082272
2021-12-01,1,3,Prokaryote-dominated late-year state,MHW_MaxInt,0.3520927700338486,0.0008890747152199846
2021-12-01,1,3,Prokaryote-dominated late-year state,MHW_CumInt,4.5712353776444425,0.000228299090259669
2022-01-01,1,3,Prokaryote-dominated late-year state,SST,12.14894,-0.011302082352042588
2022-01-01,1,3,Prokaryote-dominated late-year state,NO3,2.554552,0.0022946550612563863
2022-01-01,1,3,Prokaryote-dominated late-year state,PO4,0.05500105,0.0029651364144188007
2022-01-01,1,3,Prokaryote-dominated late-year state,SPCo2,26.65482,0.0009324891022872123
2022-01-01,1,3,Prokaryote-dominated late-year state,MLD,39.81907,0.0018723702120418638
2022-01-01,1,3,Prokaryote-dominated late-year state,SSS,32.42841,0.0024620191883847897
2022-01-01,1,3,Prokaryote-dominated late-year state,SSH,0.3028846,0.001114683007769072
2022-01-01,1,3,Prokaryote-dominated late-year state,PAR,17.41686,-0.00011916610815188631
2022-01-01,1,3,Prokaryote-dominated late-year state,PDO,-2.4,-0.0011615781611497742
2022-01-01,1,3,Prokaryote-dominated late-year state,NINO_3.4,-0.77,0.0006298954778457995
2022-01-01,1,3,Prokaryote-dominated late-year state,WPI,-1.44,-0.00033636517853802636
2022-01-01,1,3,Prokaryote-dominated late-year state,MHW_MeanInt,0.2057588357302494,0.0005119739634749887
2022-01-01,1,3,Prokaryote-dominated late-year state,MHW_MaxInt,0.279697959797919,0.0006941051902270043
2022-01-01,1,3,Prokaryote-dominated late-year state,MHW_CumInt,3.975506011790062,-0.0005581358178236428
2022-02-01,1,3,Prokaryote-dominated late-year state,SST,10.3435,-0.010514254479767162
2022-02-01,1,3,Prokaryote-dominated late-year state,NO3,2.094321,0.002251023673787874
2022-02-01,1,3,Prokaryote-dominated late-year state,PO4,0.05495315,0.0023946517239876036
2022-02-01,1,3,Prokaryote-dominated late-year state,SPCo2,26.13487,-1.0412875594545282e-05
2022-02-01,1,3,Prokaryote-dominated late-year state,MLD,40.40937,0.002639644055997388
2022-02-01,1,3,Prokaryote-dominated late-year state,SSS,32.59806,0.00240193286960542
2022-02-01,1,3,Prokaryote-dominated late-year state,SSH,0.3081189,0.0006977758048416417
2022-02-01,1,3,Prokaryote-dominated late-year state,PAR,23.98489,0.0016544987792612147
2022-02-01,1,3,Prokaryote-dominated late-year state,PDO,-1.91,-0.00013521471711793308
2022-02-01,1,3,Prokaryote-dominated late-year state,NINO_3.4,-0.68,0.00033674205659629016
2022-02-01,1,3,Prokaryote-dominated late-year state,WPI,-0.39,-4.386409551704342e-05
2022-02-01,1,3,Prokaryote-dominated late-year state,MHW_MeanInt,0.5674379165705397,-8.285399433816741e-05
2022-02-01,1,3,Prokaryote-dominated late-year state,MHW_MaxInt,0.7836762887238001,0.0005901302504160059
2022-02-01,1,3,Prokaryote-dominated late-year state,MHW_CumInt,12.09230363763467,-0.00217979905215859
2022-03-01,3,3,Prokaryote-dominated late-year state,SST,10.73785,-0.012275908231152544
2022-03-01,3,3,Prokaryote-dominated late-year state,NO3,2.143173,0.0025245497286832458
2022-03-01,3,3,Prokaryote-dominated late-year state,PO4,0.02803214,0.0018223759146733488
2022-03-01,3,3,Prokaryote-dominated late-year state,SPCo2,27.99734,0.001404372637043543
2022-03-01,3,3,Prokaryote-dominated late-year state,MLD,20.29333,0.004789743541951011
2022-03-01,3,3,Prokaryote-dominated late-year state,SSS,32.53326,0.0016057864341622661
2022-03-01,3,3,Prokaryote-dominated late-year state,SSH,0.2468455,0.0013993708269585646
2022-03-01,3,3,Prokaryote-dominated late-year state,PAR,32.93742,0.0015580271178850201
2022-03-01,3,3,Prokaryote-dominated late-year state,PDO,-1.67,-0.000415848679758805
2022-03-01,3,3,Prokaryote-dominated late-year state,NINO_3.4,-0.84,0.0011233487236687303
2022-03-01,3,3,Prokaryote-dominated late-year state,WPI,0.58,8.286189348518123e-05
2022-03-01,3,3,Prokaryote-dominated late-year state,MHW_MeanInt,0.8993756772121343,-4.717724786727521e-05
2022-03-01,3,3,Prokaryote-dominated late-year state,MHW_MaxInt,1.265618830159137,-0.003270192534215859
2022-03-01,3,3,Prokaryote-dominated late-year state,MHW_CumInt,14.256373507497656,-0.00030131012551642825
2022-04-01,3,3,Prokaryote-dominated late-year state,SST,13.25727,-0.013692624345342281
2022-04-01,3,3,Prokaryote-dominated late-year state,NO3,2.407028,-0.0003842381032754012
2022-04-01,3,3,Prokaryote-dominated late-year state,PO4,0.01542087,0.0028758355489279723
2022-04-01,3,3,Prokaryote-dominated late-year state,SPCo2,32.32346,0.0013008407404177897
2022-04-01,3,3,Prokaryote-dominated late-year state,MLD,12.85954,0.0037571188045930994
2022-04-01,3,3,Prokaryote-dominated late-year state,SSS,32.24624,0.0014438686535866102
2022-04-01,3,3,Prokaryote-dominated late-year state,SSH,0.2064492,0.0021569922408366375
2022-04-01,3,3,Prokaryote-dominated late-year state,PAR,42.96676,-0.0016594805999507148
2022-04-01,3,3,Prokaryote-dominated late-year state,PDO,-2.1,0.0005571478747186012
2022-04-01,3,3,Prokaryote-dominated late-year state,NINO_3.4,-0.9,-0.0007741537834168553
2022-04-01,3,3,Prokaryote-dominated late-year state,WPI,0.31,0.0006575524161844205
2022-04-01,3,3,Prokaryote-dominated late-year state,MHW_MeanInt,0.5354560562256253,0.0015805189222840121
2022-04-01,3,3,Prokaryote-dominated late-year state,MHW_MaxInt,0.6991688832901323,0.0007209232383498029
2022-04-01,3,3,Prokaryote-dominated late-year state,MHW_CumInt,5.492713928437884,0.0014596983920863093
2022-05-01,3,3,Prokaryote-dominated late-year state,SST,16.72705,-0.010741171222908715
2022-05-01,3,3,Prokaryote-dominated late-year state,NO3,3.150229,0.0031715395869242164
2022-05-01,3,3,Prokaryote-dominated late-year state,PO4,0.01344969,0.00423416231337467
2022-05-01,3,3,Prokaryote-dominated late-year state,SPCo2,37.4152,0.0018282263015379735
2022-05-01,3,3,Prokaryote-dominated late-year state,MLD,11.25072,0.0003117753795848486
2022-05-01,3,3,Prokaryote-dominated late-year state,SSS,31.5627,0.003097234304553155
2022-05-01,3,3,Prokaryote-dominated late-year state,SSH,0.2722823,0.0025828462291219703
2022-05-01,3,3,Prokaryote-dominated late-year state,PAR,48.03013,-0.005378993010926338
2022-05-01,3,3,Prokaryote-dominated late-year state,PDO,-2.25,0.001873793709655752
2022-05-01,3,3,Prokaryote-dominated late-year state,NINO_3.4,-1.02,-0.0022467012569643255
2022-05-01,3,3,Prokaryote-dominated late-year state,WPI,-1.38,0.0006289682142242856
2022-05-01,3,3,Prokaryote-dominated late-year state,MHW_MeanInt,0.9799731723637052,0.0017378964898634678
2022-05-01,3,3,Prokaryote-dominated late-year state,MHW_MaxInt,1.3687648168383566,-0.0014301160813042207
2022-05-01,3,3,Prokaryote-dominated late-year state,MHW_CumInt,25.01976498745725,0.0003305390432632458
2022-06-01,2,3,Prokaryote-dominated late-year state,SST,21.08089,-0.007123400859458382
2022-06-01,2,3,Prokaryote-dominated late-year state,NO3,4.199473,0.005708716304968836
2022-06-01,2,3,Prokaryote-dominated late-year state,PO4,0.01152559,-0.001541817380266514
2022-06-01,2,3,Prokaryote-dominated late-year state,SPCo2,42.47479,-0.0031859271270048466
2022-06-01,2,3,Prokaryote-dominated late-year state,MLD,10.33225,-0.00945188695352806
2022-06-01,2,3,Prokaryote-dominated late-year state,SSS,31.21168,0.007683032163537913
2022-06-01,2,3,Prokaryote-dominated late-year state,SSH,0.3088113,0.00268107436474789
2022-06-01,2,3,Prokaryote-dominated late-year state,PAR,46.10513,0.004302970397481999
2022-06-01,2,3,Prokaryote-dominated late-year state,PDO,-1.34,0.0029212513941751844
2022-06-01,2,3,Prokaryote-dominated late-year state,NINO_3.4,-0.77,-0.0037696476245800913
2022-06-01,2,3,Prokaryote-dominated late-year state,WPI,-1.66,0.0008025772715711308
2022-06-01,2,3,Prokaryote-dominated late-year state,MHW_MeanInt,1.3602922069336003,0.0015074725290512999
2022-06-01,2,3,Prokaryote-dominated late-year state,MHW_MaxInt,1.8764004903779763,-0.0005155806270087427
2022-06-01,2,3,Prokaryote-dominated late-year state,MHW_CumInt,28.23146366904732,-1.8833853687616807e-05
2022-07-01,2,3,Prokaryote-dominated late-year state,SST,26.06562,-0.008243041036283398
2022-07-01,2,3,Prokaryote-dominated late-year state,NO3,5.035843,0.005364579827258188
2022-07-01,2,3,Prokaryote-dominated late-year state,PO4,0.01332403,0.0029456684225690664
2022-07-01,2,3,Prokaryote-dominated late-year state,SPCo2,47.11713,-0.005209679781456361
2022-07-01,2,3,Prokaryote-dominated late-year state,MLD,10.33486,-0.010397011522448173
2022-07-01,2,3,Prokaryote-dominated late-year state,SSS,30.77983,0.01022980007241194
2022-07-01,2,3,Prokaryote-dominated late-year state,SSH,0.3445247,0.0015823073345638055
2022-07-01,2,3,Prokaryote-dominated late-year state,PAR,49.57646,0.0028181984787378957
2022-07-01,2,3,Prokaryote-dominated late-year state,PDO,-2.62,-0.0025204486930497823
2022-07-01,2,3,Prokaryote-dominated late-year state,NINO_3.4,-0.56,-0.0008207301213200625
2022-07-01,2,3,Prokaryote-dominated late-year state,WPI,-0.52,0.0016807286920983541
2022-07-01,2,3,Prokaryote-dominated late-year state,MHW_MeanInt,0.9008160553608004,0.0013873067817190194
2022-07-01,2,3,Prokaryote-dominated late-year state,MHW_MaxInt,1.1718738221284546,0.0011129542477644814
2022-07-01,2,3,Prokaryote-dominated late-year state,MHW_CumInt,11.665287942474146,6.936729743502155e-05
2022-08-01,3,3,Prokaryote-dominated late-year state,SST,27.4845,-0.01286711952049826
2022-08-01,3,3,Prokaryote-dominated late-year state,NO3,5.283041,0.003402298210715781
2022-08-01,3,3,Prokaryote-dominated late-year state,PO4,0.01145695,-0.0015623380952574685
2022-08-01,3,3,Prokaryote-dominated late-year state,SPCo2,46.68492,-0.005923840891183114
2022-08-01,3,3,Prokaryote-dominated late-year state,MLD,11.00023,-0.002998222272704824
2022-08-01,3,3,Prokaryote-dominated late-year state,SSS,31.15098,0.00989671515423701
2022-08-01,3,3,Prokaryote-dominated late-year state,SSH,0.3371069,0.003231506897828546
2022-08-01,3,3,Prokaryote-dominated late-year state,PAR,45.85601,0.004438037452680187
2022-08-01,3,3,Prokaryote-dominated late-year state,PDO,-2.38,0.002338957962448078
2022-08-01,3,3,Prokaryote-dominated late-year state,NINO_3.4,-0.96,-0.002710197558885125
2022-08-01,3,3,Prokaryote-dominated late-year state,WPI,-0.41,0.0012257122914254663
2022-08-01,3,3,Prokaryote-dominated late-year state,MHW_MeanInt,0.1154164384721498,0.0006174123288471041
2022-08-01,3,3,Prokaryote-dominated late-year state,MHW_MaxInt,0.1411171880122858,0.00040769342610014767
2022-08-01,3,3,Prokaryote-dominated late-year state,MHW_CumInt,0.9476107784301984,0.0005033846142464546
2022-09-01,3,3,Prokaryote-dominated late-year state,SST,24.54202,-0.00800336031030299
2022-09-01,3,3,Prokaryote-dominated late-year state,NO3,4.102106,0.007757489284128768
2022-09-01,3,3,Prokaryote-dominated late-year state,PO4,0.01395138,0.0018475548359442428
2022-09-01,3,3,Prokaryote-dominated late-year state,SPCo2,40.70458,-0.003965493306588777
2022-09-01,3,3,Prokaryote-dominated late-year state,MLD,16.87301,0.0012479171699549896
2022-09-01,3,3,Prokaryote-dominated late-year state,SSS,31.43904,0.007617345535641303
2022-09-01,3,3,Prokaryote-dominated late-year state,SSH,0.4279191,-0.00934488411359826
2022-09-01,3,3,Prokaryote-dominated late-year state,PAR,38.39801,0.002443817156026958
2022-09-01,3,3,Prokaryote-dominated late-year state,PDO,-2.29,0.0006270464433989412
2022-09-01,3,3,Prokaryote-dominated late-year state,NINO_3.4,-1.06,-0.002701364777003834
2022-09-01,3,3,Prokaryote-dominated late-year state,WPI,1.82,-0.00028441587351332406
2022-09-01,3,3,Prokaryote-dominated late-year state,MHW_MeanInt,0.071581319009287,0.0010370757912040933
2022-09-01,3,3,Prokaryote-dominated late-year state,MHW_MaxInt,0.0879026245892987,0.0008669246296569108
2022-09-01,3,3,Prokaryote-dominated late-year state,MHW_CumInt,0.4659260094241794,0.000854347535050971
2022-10-01,3,3,Prokaryote-dominated late-year state,SST,21.46513,-0.012441755548442015
2022-10-01,3,3,Prokaryote-dominated late-year state,NO3,3.569538,0.006347485897038323
2022-10-01,3,3,Prokaryote-dominated late-year state,PO4,0.01643616,0.0024466346166493735
2022-10-01,3,3,Prokaryote-dominated late-year state,SPCo2,35.38271,8.333403584589614e-05
2022-10-01,3,3,Prokaryote-dominated late-year state,MLD,24.71697,0.0003782818888247394
2022-10-01,3,3,Prokaryote-dominated late-year state,SSS,31.59851,0.003825974606848537
2022-10-01,3,3,Prokaryote-dominated late-year state,SSH,0.3735748,-0.00040438810947259385
2022-10-01,3,3,Prokaryote-dominated late-year state,PAR,29.67984,0.0007998313308167175
2022-10-01,3,3,Prokaryote-dominated late-year state,PDO,-1.8,0.0013150205530709836
2022-10-01,3,3,Prokaryote-dominated late-year state,NINO_3.4,-0.99,-0.000850458555068032
2022-10-01,3,3,Prokaryote-dominated late-year state,WPI,1.04,-0.0005334282160557225
2022-10-01,3,3,Prokaryote-dominated late-year state,MHW_MeanInt,0.8958207386438475,-0.0003023270173668869
2022-10-01,3,3,Prokaryote-dominated late-year state,MHW_MaxInt,1.156329160959606,0.0007273037056667023
2022-10-01,3,3,Prokaryote-dominated late-year state,MHW_CumInt,12.302733969992266,-0.0013915091883560287
2022-11-01,2,3,Prokaryote-dominated late-year state,SST,18.68626,-0.01166427620962163
2022-11-01,2,3,Prokaryote-dominated late-year state,NO3,3.320945,0.00604506029865624
2022-11-01,2,3,Prokaryote-dominated late-year state,PO4,0.02305966,0.0019048252653224322
2022-11-01,2,3,Prokaryote-dominated late-year state,SPCo2,32.0809,-0.001206122010071609
2022-11-01,2,3,Prokaryote-dominated late-year state,MLD,27.33835,-0.00018247184265041713
2022-11-01,2,3,Prokaryote-dominated late-year state,SSS,31.83529,0.001812247597780521
2022-11-01,2,3,Prokaryote-dominated late-year state,SSH,0.3581005,0.0012203457387188203
2022-11-01,2,3,Prokaryote-dominated late-year state,PAR,19.828,-0.00241214648550872
2022-11-01,2,3,Prokaryote-dominated late-year state,PDO,-2.41,-0.0006215856867427701
2022-11-01,2,3,Prokaryote-dominated late-year state,NINO_3.4,-0.76,0.0005417606495513103
2022-11-01,2,3,Prokaryote-dominated late-year state,WPI,0.34,0.001201122963420339
2022-11-01,2,3,Prokaryote-dominated late-year state,MHW_MeanInt,0.148593568342343,0.0011030861167210123
2022-11-01,2,3,Prokaryote-dominated late-year state,MHW_MaxInt,0.1830841712396291,0.0011498935764646322
2022-11-01,2,3,Prokaryote-dominated late-year state,MHW_CumInt,1.38760698697554,0.0011082600279598428
2022-12-01,1,3,Prokaryote-dominated late-year state,SST,14.90764,-0.013790890879171524
2022-12-01,1,3,Prokaryote-dominated late-year state,NO3,2.857501,-0.00016336777845991443
2022-12-01,1,3,Prokaryote-dominated late-year state,PO4,0.0480772,0.0023426087581079878
2022-12-01,1,3,Prokaryote-dominated late-year state,SPCo2,28.6872,0.0008705502958286355
2022-12-01,1,3,Prokaryote-dominated late-year state,MLD,36.14372,0.004070061560710972
2022-12-01,1,3,Prokaryote-dominated late-year state,SSS,32.20572,0.0014136173086792118
2022-12-01,1,3,Prokaryote-dominated late-year state,SSH,0.2193665,0.0013972958980808957
2022-12-01,1,3,Prokaryote-dominated late-year state,PAR,15.89925,-0.0009903519536292164
2022-12-01,1,3,Prokaryote-dominated late-year state,PDO,-2.21,-0.00036731245064997476
2022-12-01,1,3,Prokaryote-dominated late-year state,NINO_3.4,-0.86,0.0013185675932588516
2022-12-01,1,3,Prokaryote-dominated late-year state,WPI,-0.02,0.001012682817429314
2022-12-01,1,3,Prokaryote-dominated late-year state,MHW_MeanInt,0.255370443826112,0.0012216408328340766
2022-12-01,1,3,Prokaryote-dominated late-year state,MHW_MaxInt,0.3191525244122382,0.000879744106104949
2022-12-01,1,3,Prokaryote-dominated late-year state,MHW_CumInt,2.5821476807133754,0.0007851538908757308
