Run_Type,Outer_Test_Year,Model,Epoch,Training_Loss,Validation_Loss,Training_Accuracy,Validation_Accuracy,Learning_Rate
Outer_LOYO,2003,TCN,1,1.2382172346115112,1.019957423210144,0.38749998807907104,0.5625,0.0010000000474974513
Outer_LOYO,2003,TCN,2,0.9501379132270813,0.9623472690582275,0.543749988079071,0.7083333134651184,0.0010000000474974513
Outer_LOYO,2003,TCN,3,0.764838457107544,0.9236748814582825,0.6875,0.7291666865348816,0.0010000000474974513
Outer_LOYO,2003,TCN,4,0.718999981880188,0.8828573822975159,0.6812499761581421,0.6875,0.0010000000474974513
Outer_LOYO,2003,TCN,5,0.6206983327865601,0.8299975991249084,0.737500011920929,0.7291666865348816,0.0010000000474974513
Outer_LOYO,2003,TCN,6,0.5866856575012207,0.7942321300506592,0.7437499761581421,0.75,0.0010000000474974513
Outer_LOYO,2003,TCN,7,0.5498283505439758,0.7623770833015442,0.7437499761581421,0.7708333134651184,0.0010000000474974513
Outer_LOYO,2003,TCN,8,0.5573806762695312,0.7408067584037781,0.7562500238418579,0.7291666865348816,0.0010000000474974513
Outer_LOYO,2003,TCN,9,0.5268908143043518,0.7210021018981934,0.762499988079071,0.7291666865348816,0.0010000000474974513
Outer_LOYO,2003,TCN,10,0.5055602788925171,0.7048909664154053,0.7562500238418579,0.7291666865348816,0.0010000000474974513
Outer_LOYO,2003,TCN,11,0.47638139128685,0.6594009399414062,0.8062499761581421,0.75,0.0010000000474974513
Outer_LOYO,2003,TCN,12,0.46355897188186646,0.6389479041099548,0.737500011920929,0.7916666865348816,0.0010000000474974513
Outer_LOYO,2003,TCN,13,0.40596818923950195,0.6406646966934204,0.8125,0.75,0.0010000000474974513
Outer_LOYO,2003,TCN,14,0.44178837537765503,0.624968409538269,0.78125,0.75,0.0010000000474974513
Outer_LOYO,2003,TCN,15,0.3930450975894928,0.6024869084358215,0.8374999761581421,0.7708333134651184,0.0010000000474974513
Outer_LOYO,2003,TCN,16,0.4208509027957916,0.5956513285636902,0.800000011920929,0.75,0.0010000000474974513
Outer_LOYO,2003,TCN,17,0.40178585052490234,0.5791869163513184,0.84375,0.7708333134651184,0.0010000000474974513
Outer_LOYO,2003,TCN,18,0.35757023096084595,0.5859028100967407,0.824999988079071,0.7708333134651184,0.0010000000474974513
Outer_LOYO,2003,TCN,19,0.35571402311325073,0.5983672738075256,0.862500011920929,0.75,0.0010000000474974513
Outer_LOYO,2003,TCN,20,0.36175525188446045,0.5648769736289978,0.862500011920929,0.75,0.0010000000474974513
Outer_LOYO,2003,TCN,21,0.3049249053001404,0.5207118391990662,0.887499988079071,0.7916666865348816,0.0010000000474974513
Outer_LOYO,2003,TCN,22,0.37544146180152893,0.5310420393943787,0.831250011920929,0.7916666865348816,0.0010000000474974513
Outer_LOYO,2003,TCN,23,0.34228044748306274,0.5587437152862549,0.8687499761581421,0.75,0.0010000000474974513
Outer_LOYO,2003,TCN,24,0.34848660230636597,0.5778911709785461,0.8187500238418579,0.7291666865348816,0.0010000000474974513
Outer_LOYO,2003,TCN,25,0.43159356713294983,0.5646445155143738,0.8062499761581421,0.7708333134651184,0.0010000000474974513
Outer_LOYO,2003,TCN,26,0.30585601925849915,0.5862568020820618,0.875,0.75,0.0010000000474974513
Outer_LOYO,2003,TCN,27,0.3099045753479004,0.5706454515457153,0.862500011920929,0.7708333134651184,0.0010000000474974513
Outer_LOYO,2003,TCN,28,0.3040526509284973,0.580808699131012,0.8687499761581421,0.7916666865348816,0.0005000000237487257
Outer_LOYO,2003,TCN,29,0.3089577555656433,0.6097284555435181,0.8812500238418579,0.7916666865348816,0.0005000000237487257
Outer_LOYO,2003,TCN,30,0.27308493852615356,0.6219841837882996,0.875,0.75,0.0005000000237487257
Outer_LOYO,2003,TCN,31,0.2839263677597046,0.6132732033729553,0.8812500238418579,0.75,0.0005000000237487257
Outer_LOYO,2003,TCN,32,0.275810569524765,0.5884510278701782,0.893750011920929,0.7708333134651184,0.0005000000237487257
Outer_LOYO,2003,TCN,33,0.296378493309021,0.5705966949462891,0.893750011920929,0.7708333134651184,0.0005000000237487257
Outer_LOYO,2003,TCN,34,0.26770585775375366,0.5650807023048401,0.856249988079071,0.7916666865348816,0.0005000000237487257
Outer_LOYO,2003,TCN,35,0.2982305884361267,0.5829072594642639,0.8687499761581421,0.7708333134651184,0.0002500000118743628
Outer_LOYO,2003,TCN,36,0.33154815435409546,0.6065600514411926,0.8500000238418579,0.7083333134651184,0.0002500000118743628
Outer_LOYO,2003,TCN,37,0.23733723163604736,0.6190736293792725,0.8999999761581421,0.6666666865348816,0.0002500000118743628
Outer_LOYO,2003,TCN,38,0.27083975076675415,0.6224592328071594,0.90625,0.6666666865348816,0.0002500000118743628
Outer_LOYO,2003,TCN,39,0.23864202201366425,0.6205511689186096,0.9125000238418579,0.6875,0.0002500000118743628
Outer_LOYO,2003,TCN,40,0.28846094012260437,0.6216014623641968,0.893750011920929,0.6875,0.0002500000118743628
Outer_LOYO,2003,TCN,41,0.23496799170970917,0.6298754215240479,0.8812500238418579,0.6666666865348816,0.0002500000118743628
Outer_LOYO,2003,CNN-LSTM,1,1.017879605293274,1.003400444984436,0.5375000238418579,0.75,0.000699999975040555
Outer_LOYO,2003,CNN-LSTM,2,0.9174679517745972,0.9336486458778381,0.59375,0.7916666865348816,0.000699999975040555
Outer_LOYO,2003,CNN-LSTM,3,0.7942379117012024,0.8522340655326843,0.71875,0.7708333134651184,0.000699999975040555
Outer_LOYO,2003,CNN-LSTM,4,0.7458029389381409,0.7792410850524902,0.6937500238418579,0.7916666865348816,0.000699999975040555
Outer_LOYO,2003,CNN-LSTM,5,0.6653558015823364,0.715191662311554,0.75,0.7916666865348816,0.000699999975040555
Outer_LOYO,2003,CNN-LSTM,6,0.6066070199012756,0.6590035557746887,0.7562500238418579,0.8125,0.000699999975040555
Outer_LOYO,2003,CNN-LSTM,7,0.5895635485649109,0.6263799071311951,0.7562500238418579,0.7916666865348816,0.000699999975040555
Outer_LOYO,2003,CNN-LSTM,8,0.5252623558044434,0.6120138168334961,0.7875000238418579,0.7916666865348816,0.000699999975040555
Outer_LOYO,2003,CNN-LSTM,9,0.4601566195487976,0.5880581736564636,0.793749988079071,0.7916666865348816,0.000699999975040555
Outer_LOYO,2003,CNN-LSTM,10,0.49426260590553284,0.5803061127662659,0.78125,0.7916666865348816,0.000699999975040555
Outer_LOYO,2003,CNN-LSTM,11,0.4157138764858246,0.5701003074645996,0.84375,0.8125,0.000699999975040555
Outer_LOYO,2003,CNN-LSTM,12,0.3980399966239929,0.570016086101532,0.824999988079071,0.8125,0.000699999975040555
Outer_LOYO,2003,CNN-LSTM,13,0.41314181685447693,0.5692617297172546,0.856249988079071,0.7916666865348816,0.000699999975040555
Outer_LOYO,2003,CNN-LSTM,14,0.41602617502212524,0.5857145190238953,0.800000011920929,0.7708333134651184,0.000699999975040555
Outer_LOYO,2003,CNN-LSTM,15,0.36563950777053833,0.5968723893165588,0.84375,0.7708333134651184,0.000699999975040555
Outer_LOYO,2003,CNN-LSTM,16,0.3312534689903259,0.5801703333854675,0.8687499761581421,0.7916666865348816,0.000699999975040555
Outer_LOYO,2003,CNN-LSTM,17,0.3153685927391052,0.5903914570808411,0.8812500238418579,0.7916666865348816,0.000699999975040555
Outer_LOYO,2003,CNN-LSTM,18,0.30360135436058044,0.5929113626480103,0.8999999761581421,0.7916666865348816,0.000699999975040555
Outer_LOYO,2003,CNN-LSTM,19,0.29740989208221436,0.619452178478241,0.893750011920929,0.7916666865348816,0.000699999975040555
Outer_LOYO,2003,CNN-LSTM,20,0.3063430190086365,0.6405595541000366,0.875,0.75,0.0003499999875202775
Outer_LOYO,2003,CNN-LSTM,21,0.3221520483493805,0.6242840886116028,0.887499988079071,0.75,0.0003499999875202775
Outer_LOYO,2003,CNN-LSTM,22,0.2527180314064026,0.6195114850997925,0.893750011920929,0.75,0.0003499999875202775
Outer_LOYO,2003,CNN-LSTM,23,0.2378617525100708,0.6469941139221191,0.9375,0.75,0.0003499999875202775
Outer_LOYO,2003,CNN-LSTM,24,0.22593238949775696,0.6886777877807617,0.918749988079071,0.7083333134651184,0.0003499999875202775
Outer_LOYO,2003,CNN-LSTM,25,0.22668316960334778,0.7156398892402649,0.9312499761581421,0.7083333134651184,0.0003499999875202775
Outer_LOYO,2003,CNN-LSTM,26,0.20397527515888214,0.7259469628334045,0.9375,0.7083333134651184,0.0003499999875202775
Outer_LOYO,2003,CNN-LSTM,27,0.17932599782943726,0.7263845801353455,0.9437500238418579,0.7083333134651184,0.00017499999376013875
Outer_LOYO,2003,CNN-LSTM,28,0.20930513739585876,0.736912727355957,0.9375,0.7083333134651184,0.00017499999376013875
Outer_LOYO,2003,CNN-LSTM,29,0.18308639526367188,0.7587127685546875,0.9375,0.6875,0.00017499999376013875
Outer_LOYO,2003,CNN-LSTM,30,0.21859709918498993,0.7674910426139832,0.9375,0.6875,0.00017499999376013875
Outer_LOYO,2003,CNN-LSTM,31,0.19880814850330353,0.771220862865448,0.9437500238418579,0.6875,0.00017499999376013875
Outer_LOYO,2003,CNN-LSTM,32,0.1820119321346283,0.7796018123626709,0.9375,0.6875,0.00017499999376013875
Outer_LOYO,2003,CNN-LSTM,33,0.167338028550148,0.7899594306945801,0.9624999761581421,0.6875,0.00017499999376013875
Outer_LOYO,2004,TCN,1,1.2378170490264893,0.9822432398796082,0.41290321946144104,0.4791666567325592,0.0010000000474974513
Outer_LOYO,2004,TCN,2,0.8826982975006104,0.925896167755127,0.57419353723526,0.7916666865348816,0.0010000000474974513
Outer_LOYO,2004,TCN,3,0.7802066206932068,0.8966071605682373,0.6451612710952759,0.6875,0.0010000000474974513
Outer_LOYO,2004,TCN,4,0.6873372197151184,0.8539754748344421,0.6645161509513855,0.6666666865348816,0.0010000000474974513
Outer_LOYO,2004,TCN,5,0.5985506176948547,0.8126397132873535,0.7419354915618896,0.75,0.0010000000474974513
Outer_LOYO,2004,TCN,6,0.560439944267273,0.7799506783485413,0.7096773982048035,0.7916666865348816,0.0010000000474974513
Outer_LOYO,2004,TCN,7,0.5909767150878906,0.7598972320556641,0.7548387050628662,0.7916666865348816,0.0010000000474974513
Outer_LOYO,2004,TCN,8,0.4772966504096985,0.7220146059989929,0.8193548321723938,0.7708333134651184,0.0010000000474974513
Outer_LOYO,2004,TCN,9,0.48033657670021057,0.7093248963356018,0.7870967984199524,0.75,0.0010000000474974513
Outer_LOYO,2004,TCN,10,0.4693274199962616,0.6923502087593079,0.7677419185638428,0.75,0.0010000000474974513
Outer_LOYO,2004,TCN,11,0.4431946277618408,0.688805878162384,0.8258064389228821,0.75,0.0010000000474974513
Outer_LOYO,2004,TCN,12,0.3968605399131775,0.6554224491119385,0.8193548321723938,0.75,0.0010000000474974513
Outer_LOYO,2004,TCN,13,0.47205036878585815,0.6244804263114929,0.7677419185638428,0.8125,0.0010000000474974513
Outer_LOYO,2004,TCN,14,0.4478178322315216,0.6171445846557617,0.8129032254219055,0.7916666865348816,0.0010000000474974513
Outer_LOYO,2004,TCN,15,0.37648805975914,0.6051133275032043,0.8451613187789917,0.7916666865348816,0.0010000000474974513
Outer_LOYO,2004,TCN,16,0.44565916061401367,0.6033543944358826,0.8193548321723938,0.8125,0.0010000000474974513
Outer_LOYO,2004,TCN,17,0.3913380801677704,0.5865626335144043,0.8580645322799683,0.7916666865348816,0.0010000000474974513
Outer_LOYO,2004,TCN,18,0.40811845660209656,0.5586297512054443,0.85161292552948,0.8333333134651184,0.0010000000474974513
Outer_LOYO,2004,TCN,19,0.38082385063171387,0.5656868815422058,0.8193548321723938,0.8333333134651184,0.0010000000474974513
Outer_LOYO,2004,TCN,20,0.32499435544013977,0.5736802220344543,0.8645161390304565,0.8333333134651184,0.0010000000474974513
Outer_LOYO,2004,TCN,21,0.3848542869091034,0.5540230870246887,0.8193548321723938,0.8125,0.0010000000474974513
Outer_LOYO,2004,TCN,22,0.3709316849708557,0.5175485610961914,0.8451613187789917,0.8333333134651184,0.0010000000474974513
Outer_LOYO,2004,TCN,23,0.3454129993915558,0.5178406238555908,0.8387096524238586,0.8333333134651184,0.0010000000474974513
Outer_LOYO,2004,TCN,24,0.4110294580459595,0.5478083491325378,0.800000011920929,0.7916666865348816,0.0010000000474974513
Outer_LOYO,2004,TCN,25,0.330405056476593,0.5131694674491882,0.8322580456733704,0.8333333134651184,0.0010000000474974513
Outer_LOYO,2004,TCN,26,0.34500858187675476,0.511455237865448,0.8451613187789917,0.8125,0.0010000000474974513
Outer_LOYO,2004,TCN,27,0.39968109130859375,0.4901551306247711,0.8258064389228821,0.8333333134651184,0.0010000000474974513
Outer_LOYO,2004,TCN,28,0.37341487407684326,0.5100614428520203,0.8451613187789917,0.8333333134651184,0.0010000000474974513
Outer_LOYO,2004,TCN,29,0.3575999438762665,0.50936359167099,0.8322580456733704,0.8125,0.0010000000474974513
Outer_LOYO,2004,TCN,30,0.33398720622062683,0.497565895318985,0.8580645322799683,0.8125,0.0010000000474974513
Outer_LOYO,2004,TCN,31,0.3594509959220886,0.5122386813163757,0.8387096524238586,0.8125,0.0010000000474974513
Outer_LOYO,2004,TCN,32,0.28819942474365234,0.4937572181224823,0.8645161390304565,0.8125,0.0010000000474974513
Outer_LOYO,2004,TCN,33,0.29580068588256836,0.5262420177459717,0.8451613187789917,0.7708333134651184,0.0010000000474974513
Outer_LOYO,2004,TCN,34,0.29654935002326965,0.5326576828956604,0.8838709592819214,0.8125,0.0005000000237487257
Outer_LOYO,2004,TCN,35,0.322221040725708,0.5389418005943298,0.8580645322799683,0.7708333134651184,0.0005000000237487257
Outer_LOYO,2004,TCN,36,0.2946605086326599,0.5168895721435547,0.896774172782898,0.8333333134651184,0.0005000000237487257
Outer_LOYO,2004,TCN,37,0.24969573318958282,0.5118898153305054,0.8903225660324097,0.8333333134651184,0.0005000000237487257
Outer_LOYO,2004,TCN,38,0.2902233302593231,0.5120264887809753,0.8774193525314331,0.8125,0.0005000000237487257
Outer_LOYO,2004,TCN,39,0.24818755686283112,0.5159578919410706,0.8709677457809448,0.8125,0.0005000000237487257
Outer_LOYO,2004,TCN,40,0.21914434432983398,0.5198495984077454,0.9032257795333862,0.8125,0.0005000000237487257
Outer_LOYO,2004,TCN,41,0.303766667842865,0.5058426260948181,0.8774193525314331,0.8541666865348816,0.0002500000118743628
Outer_LOYO,2004,TCN,42,0.2950340211391449,0.5065732002258301,0.8709677457809448,0.8333333134651184,0.0002500000118743628
Outer_LOYO,2004,TCN,43,0.2744065523147583,0.5131681561470032,0.8774193525314331,0.8333333134651184,0.0002500000118743628
Outer_LOYO,2004,TCN,44,0.2373303323984146,0.5150887370109558,0.8903225660324097,0.8333333134651184,0.0002500000118743628
Outer_LOYO,2004,TCN,45,0.2878251373767853,0.5177280902862549,0.8645161390304565,0.8333333134651184,0.0002500000118743628
Outer_LOYO,2004,TCN,46,0.2458750307559967,0.5218096375465393,0.896774172782898,0.8333333134651184,0.0002500000118743628
Outer_LOYO,2004,TCN,47,0.21728764474391937,0.5251241326332092,0.9032257795333862,0.7916666865348816,0.0002500000118743628
Outer_LOYO,2004,CNN-LSTM,1,1.0619041919708252,1.0474023818969727,0.4838709533214569,0.625,0.000699999975040555
Outer_LOYO,2004,CNN-LSTM,2,0.9430950284004211,0.9809074401855469,0.7032257914543152,0.6666666865348816,0.000699999975040555
Outer_LOYO,2004,CNN-LSTM,3,0.8358867168426514,0.904017984867096,0.7161290049552917,0.6666666865348816,0.000699999975040555
Outer_LOYO,2004,CNN-LSTM,4,0.7553322315216064,0.8260276317596436,0.7548387050628662,0.7083333134651184,0.000699999975040555
Outer_LOYO,2004,CNN-LSTM,5,0.6802624464035034,0.7579841017723083,0.7354838848114014,0.6666666865348816,0.000699999975040555
Outer_LOYO,2004,CNN-LSTM,6,0.6604934334754944,0.7207091450691223,0.7548387050628662,0.6458333134651184,0.000699999975040555
Outer_LOYO,2004,CNN-LSTM,7,0.5409370064735413,0.6846887469291687,0.800000011920929,0.6666666865348816,0.000699999975040555
Outer_LOYO,2004,CNN-LSTM,8,0.5027852654457092,0.6648767590522766,0.8064516186714172,0.7083333134651184,0.000699999975040555
Outer_LOYO,2004,CNN-LSTM,9,0.4910827577114105,0.6522819399833679,0.8064516186714172,0.7083333134651184,0.000699999975040555
Outer_LOYO,2004,CNN-LSTM,10,0.49600327014923096,0.634418785572052,0.800000011920929,0.7083333134651184,0.000699999975040555
Outer_LOYO,2004,CNN-LSTM,11,0.4449830651283264,0.6350693106651306,0.8193548321723938,0.7083333134651184,0.000699999975040555
Outer_LOYO,2004,CNN-LSTM,12,0.4387229084968567,0.6157734990119934,0.8451613187789917,0.6875,0.000699999975040555
Outer_LOYO,2004,CNN-LSTM,13,0.43843480944633484,0.6009612083435059,0.8129032254219055,0.75,0.000699999975040555
Outer_LOYO,2004,CNN-LSTM,14,0.38070574402809143,0.5951736569404602,0.85161292552948,0.7291666865348816,0.000699999975040555
Outer_LOYO,2004,CNN-LSTM,15,0.35150599479675293,0.5955886840820312,0.8709677457809448,0.7291666865348816,0.000699999975040555
Outer_LOYO,2004,CNN-LSTM,16,0.3561909794807434,0.6042599081993103,0.8774193525314331,0.7083333134651184,0.000699999975040555
Outer_LOYO,2004,CNN-LSTM,17,0.32157352566719055,0.6121494174003601,0.8903225660324097,0.6875,0.000699999975040555
Outer_LOYO,2004,CNN-LSTM,18,0.329534113407135,0.6186085343360901,0.85161292552948,0.7083333134651184,0.000699999975040555
Outer_LOYO,2004,CNN-LSTM,19,0.2706211805343628,0.6059508323669434,0.896774172782898,0.75,0.000699999975040555
Outer_LOYO,2004,CNN-LSTM,20,0.2898988723754883,0.6185318231582642,0.8645161390304565,0.7291666865348816,0.000699999975040555
Outer_LOYO,2004,CNN-LSTM,21,0.2933254837989807,0.6332693696022034,0.8774193525314331,0.7083333134651184,0.0003499999875202775
Outer_LOYO,2004,CNN-LSTM,22,0.28503161668777466,0.6259773373603821,0.896774172782898,0.7083333134651184,0.0003499999875202775
Outer_LOYO,2004,CNN-LSTM,23,0.2500985860824585,0.6316882967948914,0.9290322661399841,0.7083333134651184,0.0003499999875202775
Outer_LOYO,2004,CNN-LSTM,24,0.2562277913093567,0.6330404281616211,0.896774172782898,0.7083333134651184,0.0003499999875202775
Outer_LOYO,2004,CNN-LSTM,25,0.24029159545898438,0.6308777928352356,0.9161290526390076,0.7083333134651184,0.0003499999875202775
Outer_LOYO,2004,CNN-LSTM,26,0.26650041341781616,0.6351534724235535,0.9032257795333862,0.7083333134651184,0.0003499999875202775
Outer_LOYO,2004,CNN-LSTM,27,0.2100192904472351,0.6261675953865051,0.948387086391449,0.75,0.0003499999875202775
Outer_LOYO,2004,CNN-LSTM,28,0.21941779553890228,0.6444138884544373,0.9161290526390076,0.7291666865348816,0.00017499999376013875
Outer_LOYO,2004,CNN-LSTM,29,0.23107412457466125,0.6493633389472961,0.9225806593894958,0.7083333134651184,0.00017499999376013875
Outer_LOYO,2004,CNN-LSTM,30,0.22844555974006653,0.6568072438240051,0.9225806593894958,0.7083333134651184,0.00017499999376013875
Outer_LOYO,2004,CNN-LSTM,31,0.21299025416374207,0.663432776927948,0.9225806593894958,0.7083333134651184,0.00017499999376013875
Outer_LOYO,2004,CNN-LSTM,32,0.20038600265979767,0.6639125347137451,0.9290322661399841,0.7083333134651184,0.00017499999376013875
Outer_LOYO,2004,CNN-LSTM,33,0.23284848034381866,0.6653412580490112,0.9290322661399841,0.7083333134651184,0.00017499999376013875
Outer_LOYO,2004,CNN-LSTM,34,0.23225830495357513,0.6560077667236328,0.9096774458885193,0.7083333134651184,0.00017499999376013875
Outer_LOYO,2005,TCN,1,1.1968188285827637,1.0094877481460571,0.4124999940395355,0.6458333134651184,0.0010000000474974513
Outer_LOYO,2005,TCN,2,0.9697378873825073,0.9444515109062195,0.5375000238418579,0.6875,0.0010000000474974513
Outer_LOYO,2005,TCN,3,0.7952236533164978,0.8859894871711731,0.6187499761581421,0.7291666865348816,0.0010000000474974513
Outer_LOYO,2005,TCN,4,0.7329159379005432,0.8400309681892395,0.6499999761581421,0.7291666865348816,0.0010000000474974513
Outer_LOYO,2005,TCN,5,0.6327995657920837,0.79939204454422,0.71875,0.75,0.0010000000474974513
Outer_LOYO,2005,TCN,6,0.6096652746200562,0.7624220848083496,0.6812499761581421,0.7708333134651184,0.0010000000474974513
Outer_LOYO,2005,TCN,7,0.5758323669433594,0.7321333885192871,0.7250000238418579,0.75,0.0010000000474974513
Outer_LOYO,2005,TCN,8,0.5663527846336365,0.6924891471862793,0.762499988079071,0.7916666865348816,0.0010000000474974513
Outer_LOYO,2005,TCN,9,0.5368832349777222,0.6678721308708191,0.7562500238418579,0.8125,0.0010000000474974513
Outer_LOYO,2005,TCN,10,0.4855118691921234,0.6576557159423828,0.78125,0.7916666865348816,0.0010000000474974513
Outer_LOYO,2005,TCN,11,0.4911534786224365,0.6300259232521057,0.793749988079071,0.7916666865348816,0.0010000000474974513
Outer_LOYO,2005,TCN,12,0.5616875886917114,0.5833277702331543,0.731249988079071,0.8125,0.0010000000474974513
Outer_LOYO,2005,TCN,13,0.5023374557495117,0.5633719563484192,0.768750011920929,0.8125,0.0010000000474974513
Outer_LOYO,2005,TCN,14,0.514955997467041,0.5567982196807861,0.78125,0.8333333134651184,0.0010000000474974513
Outer_LOYO,2005,TCN,15,0.447989284992218,0.5498518943786621,0.78125,0.8125,0.0010000000474974513
Outer_LOYO,2005,TCN,16,0.36765724420547485,0.5524699091911316,0.831250011920929,0.7708333134651184,0.0010000000474974513
Outer_LOYO,2005,TCN,17,0.4662001132965088,0.5177435278892517,0.8125,0.7916666865348816,0.0010000000474974513
Outer_LOYO,2005,TCN,18,0.41266369819641113,0.5259573459625244,0.824999988079071,0.8125,0.0010000000474974513
Outer_LOYO,2005,TCN,19,0.4406610131263733,0.5700986981391907,0.78125,0.75,0.0010000000474974513
Outer_LOYO,2005,TCN,20,0.38320112228393555,0.5613805651664734,0.824999988079071,0.75,0.0010000000474974513
Outer_LOYO,2005,TCN,21,0.3583429455757141,0.5137887001037598,0.8500000238418579,0.7708333134651184,0.0010000000474974513
Outer_LOYO,2005,TCN,22,0.34296560287475586,0.49092814326286316,0.8500000238418579,0.7708333134651184,0.0010000000474974513
Outer_LOYO,2005,TCN,23,0.38873299956321716,0.4959019422531128,0.831250011920929,0.75,0.0010000000474974513
Outer_LOYO,2005,TCN,24,0.30059894919395447,0.49312663078308105,0.875,0.75,0.0010000000474974513
Outer_LOYO,2005,TCN,25,0.30111682415008545,0.4851757287979126,0.875,0.7708333134651184,0.0010000000474974513
Outer_LOYO,2005,TCN,26,0.3092840909957886,0.48743078112602234,0.8374999761581421,0.7291666865348816,0.0010000000474974513
Outer_LOYO,2005,TCN,27,0.31738024950027466,0.4846847355365753,0.8812500238418579,0.7708333134651184,0.0010000000474974513
Outer_LOYO,2005,TCN,28,0.3460772633552551,0.5394393801689148,0.831250011920929,0.7291666865348816,0.0010000000474974513
Outer_LOYO,2005,TCN,29,0.27506306767463684,0.5570619702339172,0.8812500238418579,0.75,0.0010000000474974513
Outer_LOYO,2005,TCN,30,0.27260419726371765,0.5215767025947571,0.887499988079071,0.75,0.0010000000474974513
Outer_LOYO,2005,TCN,31,0.27936530113220215,0.5652144551277161,0.887499988079071,0.7291666865348816,0.0010000000474974513
Outer_LOYO,2005,TCN,32,0.26408421993255615,0.5224190950393677,0.90625,0.7291666865348816,0.0010000000474974513
Outer_LOYO,2005,TCN,33,0.30999237298965454,0.5682331323623657,0.8812500238418579,0.7291666865348816,0.0010000000474974513
Outer_LOYO,2005,TCN,34,0.26911020278930664,0.5875794887542725,0.887499988079071,0.7291666865348816,0.0005000000237487257
Outer_LOYO,2005,TCN,35,0.21847279369831085,0.6464163661003113,0.8999999761581421,0.7291666865348816,0.0005000000237487257
Outer_LOYO,2005,TCN,36,0.3080090880393982,0.592179536819458,0.887499988079071,0.7291666865348816,0.0005000000237487257
Outer_LOYO,2005,TCN,37,0.27829259634017944,0.4951159954071045,0.9125000238418579,0.75,0.0005000000237487257
Outer_LOYO,2005,TCN,38,0.23273701965808868,0.5324897170066833,0.918749988079071,0.75,0.0005000000237487257
Outer_LOYO,2005,TCN,39,0.37121590971946716,0.5988913774490356,0.8187500238418579,0.7291666865348816,0.0005000000237487257
Outer_LOYO,2005,TCN,40,0.2971132695674896,0.6777525544166565,0.8999999761581421,0.7083333134651184,0.0005000000237487257
Outer_LOYO,2005,TCN,41,0.2762998938560486,0.599497377872467,0.875,0.7291666865348816,0.0002500000118743628
Outer_LOYO,2005,TCN,42,0.3301634192466736,0.5586771965026855,0.856249988079071,0.7291666865348816,0.0002500000118743628
Outer_LOYO,2005,TCN,43,0.1931246817111969,0.5720017552375793,0.9125000238418579,0.7291666865348816,0.0002500000118743628
Outer_LOYO,2005,TCN,44,0.20568974316120148,0.6145609021186829,0.9437500238418579,0.7291666865348816,0.0002500000118743628
Outer_LOYO,2005,TCN,45,0.2887159585952759,0.6745582222938538,0.8687499761581421,0.6875,0.0002500000118743628
Outer_LOYO,2005,TCN,46,0.20177197456359863,0.6462724804878235,0.9312499761581421,0.7083333134651184,0.0002500000118743628
Outer_LOYO,2005,TCN,47,0.30816659331321716,0.6673939228057861,0.8687499761581421,0.7083333134651184,0.0002500000118743628
Outer_LOYO,2005,CNN-LSTM,1,1.0664209127426147,1.04356050491333,0.3812499940395355,0.6458333134651184,0.000699999975040555
Outer_LOYO,2005,CNN-LSTM,2,0.94923335313797,0.970086395740509,0.59375,0.7708333134651184,0.000699999975040555
Outer_LOYO,2005,CNN-LSTM,3,0.8871415257453918,0.8907403945922852,0.643750011920929,0.7708333134651184,0.000699999975040555
Outer_LOYO,2005,CNN-LSTM,4,0.7765711545944214,0.809240996837616,0.675000011920929,0.8125,0.000699999975040555
Outer_LOYO,2005,CNN-LSTM,5,0.7063377499580383,0.730333149433136,0.7437499761581421,0.8333333134651184,0.000699999975040555
Outer_LOYO,2005,CNN-LSTM,6,0.673430323600769,0.6666091680526733,0.699999988079071,0.8541666865348816,0.000699999975040555
Outer_LOYO,2005,CNN-LSTM,7,0.6114577054977417,0.6239636540412903,0.731249988079071,0.8541666865348816,0.000699999975040555
Outer_LOYO,2005,CNN-LSTM,8,0.6031031012535095,0.6006244421005249,0.7437499761581421,0.8541666865348816,0.000699999975040555
Outer_LOYO,2005,CNN-LSTM,9,0.5901604890823364,0.5793816447257996,0.71875,0.875,0.000699999975040555
Outer_LOYO,2005,CNN-LSTM,10,0.5189189910888672,0.56331866979599,0.78125,0.875,0.000699999975040555
Outer_LOYO,2005,CNN-LSTM,11,0.5332931280136108,0.5494399666786194,0.78125,0.8541666865348816,0.000699999975040555
Outer_LOYO,2005,CNN-LSTM,12,0.46782249212265015,0.5389998555183411,0.78125,0.8541666865348816,0.000699999975040555
Outer_LOYO,2005,CNN-LSTM,13,0.4294600486755371,0.5307450294494629,0.831250011920929,0.8541666865348816,0.000699999975040555
Outer_LOYO,2005,CNN-LSTM,14,0.4001738429069519,0.5356972813606262,0.824999988079071,0.8541666865348816,0.000699999975040555
Outer_LOYO,2005,CNN-LSTM,15,0.3989408612251282,0.5263614058494568,0.831250011920929,0.8541666865348816,0.000699999975040555
Outer_LOYO,2005,CNN-LSTM,16,0.39897245168685913,0.5410627722740173,0.8125,0.8333333134651184,0.000699999975040555
Outer_LOYO,2005,CNN-LSTM,17,0.4088646471500397,0.5202773213386536,0.8125,0.8125,0.000699999975040555
Outer_LOYO,2005,CNN-LSTM,18,0.3858914077281952,0.5364924073219299,0.8187500238418579,0.7916666865348816,0.000699999975040555
Outer_LOYO,2005,CNN-LSTM,19,0.3557048738002777,0.5675113201141357,0.8187500238418579,0.7916666865348816,0.000699999975040555
Outer_LOYO,2005,CNN-LSTM,20,0.30309000611305237,0.5956999659538269,0.856249988079071,0.75,0.000699999975040555
Outer_LOYO,2005,CNN-LSTM,21,0.3108298182487488,0.6163903474807739,0.875,0.7083333134651184,0.000699999975040555
Outer_LOYO,2005,CNN-LSTM,22,0.2800852656364441,0.5895610451698303,0.90625,0.7083333134651184,0.000699999975040555
Outer_LOYO,2005,CNN-LSTM,23,0.25719207525253296,0.5662283897399902,0.918749988079071,0.7708333134651184,0.000699999975040555
Outer_LOYO,2005,CNN-LSTM,24,0.26917779445648193,0.5912458300590515,0.8999999761581421,0.7708333134651184,0.0003499999875202775
Outer_LOYO,2005,CNN-LSTM,25,0.2829219400882721,0.6240172982215881,0.8812500238418579,0.7291666865348816,0.0003499999875202775
Outer_LOYO,2005,CNN-LSTM,26,0.25159576535224915,0.6534488797187805,0.893750011920929,0.7291666865348816,0.0003499999875202775
Outer_LOYO,2005,CNN-LSTM,27,0.2630023956298828,0.6631121039390564,0.875,0.7291666865348816,0.0003499999875202775
Outer_LOYO,2005,CNN-LSTM,28,0.22749266028404236,0.6783577799797058,0.9125000238418579,0.7291666865348816,0.0003499999875202775
Outer_LOYO,2005,CNN-LSTM,29,0.20874516665935516,0.6874001026153564,0.9312499761581421,0.7291666865348816,0.0003499999875202775
Outer_LOYO,2005,CNN-LSTM,30,0.23803643882274628,0.7115792632102966,0.918749988079071,0.7291666865348816,0.0003499999875202775
Outer_LOYO,2005,CNN-LSTM,31,0.19950951635837555,0.7105754017829895,0.925000011920929,0.7291666865348816,0.00017499999376013875
Outer_LOYO,2005,CNN-LSTM,32,0.19860750436782837,0.7164711356163025,0.9312499761581421,0.7291666865348816,0.00017499999376013875
Outer_LOYO,2005,CNN-LSTM,33,0.22222702205181122,0.7359487414360046,0.918749988079071,0.6875,0.00017499999376013875
Outer_LOYO,2005,CNN-LSTM,34,0.18778783082962036,0.746595561504364,0.9312499761581421,0.6875,0.00017499999376013875
Outer_LOYO,2005,CNN-LSTM,35,0.18413855135440826,0.771470844745636,0.9437500238418579,0.6875,0.00017499999376013875
Outer_LOYO,2005,CNN-LSTM,36,0.20701006054878235,0.7796161770820618,0.9375,0.6875,0.00017499999376013875
Outer_LOYO,2005,CNN-LSTM,37,0.19395139813423157,0.7782898545265198,0.925000011920929,0.6875,0.00017499999376013875
Outer_LOYO,2006,TCN,1,1.0925652980804443,1.001049518585205,0.5,0.39534884691238403,0.0010000000474974513
Outer_LOYO,2006,TCN,2,0.8551413416862488,0.9273703694343567,0.6187499761581421,0.41860464215278625,0.0010000000474974513
Outer_LOYO,2006,TCN,3,0.7077698707580566,0.882203996181488,0.6812499761581421,0.5813953280448914,0.0010000000474974513
Outer_LOYO,2006,TCN,4,0.5755638480186462,0.8385599851608276,0.762499988079071,0.6511628031730652,0.0010000000474974513
Outer_LOYO,2006,TCN,5,0.5206828713417053,0.8098269701004028,0.762499988079071,0.6744186282157898,0.0010000000474974513
Outer_LOYO,2006,TCN,6,0.5464307069778442,0.778756856918335,0.768750011920929,0.6744186282157898,0.0010000000474974513
Outer_LOYO,2006,TCN,7,0.5398150682449341,0.7579551339149475,0.762499988079071,0.6976743936538696,0.0010000000474974513
Outer_LOYO,2006,TCN,8,0.5457230806350708,0.7391923666000366,0.75,0.6976743936538696,0.0010000000474974513
Outer_LOYO,2006,TCN,9,0.49464407563209534,0.7248690128326416,0.793749988079071,0.6976743936538696,0.0010000000474974513
Outer_LOYO,2006,TCN,10,0.5265695452690125,0.6984592080116272,0.7562500238418579,0.7209302186965942,0.0010000000474974513
Outer_LOYO,2006,TCN,11,0.46369558572769165,0.685582160949707,0.793749988079071,0.6976743936538696,0.0010000000474974513
Outer_LOYO,2006,TCN,12,0.45893946290016174,0.683940589427948,0.7875000238418579,0.7209302186965942,0.0010000000474974513
Outer_LOYO,2006,TCN,13,0.4662249684333801,0.6733649373054504,0.7749999761581421,0.7209302186965942,0.0010000000474974513
Outer_LOYO,2006,TCN,14,0.4348394274711609,0.6582691669464111,0.7749999761581421,0.7209302186965942,0.0010000000474974513
Outer_LOYO,2006,TCN,15,0.4396899342536926,0.6593497395515442,0.793749988079071,0.7209302186965942,0.0010000000474974513
Outer_LOYO,2006,TCN,16,0.3850291967391968,0.6583691835403442,0.8062499761581421,0.6976743936538696,0.0010000000474974513
Outer_LOYO,2006,TCN,17,0.4307631850242615,0.6566644310951233,0.8187500238418579,0.7209302186965942,0.0010000000474974513
Outer_LOYO,2006,TCN,18,0.3590751588344574,0.6568682193756104,0.8374999761581421,0.7209302186965942,0.0010000000474974513
Outer_LOYO,2006,TCN,19,0.40782737731933594,0.6438079476356506,0.8062499761581421,0.7209302186965942,0.0010000000474974513
Outer_LOYO,2006,TCN,20,0.3522188365459442,0.6418846249580383,0.8500000238418579,0.7209302186965942,0.0010000000474974513
Outer_LOYO,2006,TCN,21,0.38685762882232666,0.6440073847770691,0.831250011920929,0.7441860437393188,0.0010000000474974513
Outer_LOYO,2006,TCN,22,0.3641429543495178,0.6612725257873535,0.8687499761581421,0.6976743936538696,0.0010000000474974513
Outer_LOYO,2006,TCN,23,0.3536328077316284,0.6872604489326477,0.831250011920929,0.7906976938247681,0.0010000000474974513
Outer_LOYO,2006,TCN,24,0.3763810396194458,0.6708971261978149,0.831250011920929,0.7906976938247681,0.0010000000474974513
Outer_LOYO,2006,TCN,25,0.34803783893585205,0.6837629079818726,0.875,0.6976743936538696,0.0010000000474974513
Outer_LOYO,2006,TCN,26,0.4225088953971863,0.7071799635887146,0.84375,0.7441860437393188,0.0010000000474974513
Outer_LOYO,2006,TCN,27,0.3350750803947449,0.6802200675010681,0.8687499761581421,0.7441860437393188,0.0005000000237487257
Outer_LOYO,2006,TCN,28,0.33353859186172485,0.6932511329650879,0.824999988079071,0.7441860437393188,0.0005000000237487257
Outer_LOYO,2006,TCN,29,0.30278605222702026,0.6903519034385681,0.862500011920929,0.7441860437393188,0.0005000000237487257
Outer_LOYO,2006,TCN,30,0.3483116626739502,0.6766412258148193,0.8374999761581421,0.7441860437393188,0.0005000000237487257
Outer_LOYO,2006,TCN,31,0.2347428798675537,0.695186197757721,0.8999999761581421,0.7674418687820435,0.0005000000237487257
Outer_LOYO,2006,TCN,32,0.2907225489616394,0.7076236009597778,0.875,0.7441860437393188,0.0005000000237487257
Outer_LOYO,2006,TCN,33,0.3426413834095001,0.6867437362670898,0.862500011920929,0.7674418687820435,0.0005000000237487257
Outer_LOYO,2006,TCN,34,0.32165801525115967,0.6939245462417603,0.862500011920929,0.7674418687820435,0.0002500000118743628
Outer_LOYO,2006,TCN,35,0.3078640401363373,0.689401388168335,0.875,0.7441860437393188,0.0002500000118743628
Outer_LOYO,2006,TCN,36,0.2877119481563568,0.6978641152381897,0.856249988079071,0.7441860437393188,0.0002500000118743628
Outer_LOYO,2006,TCN,37,0.32521894574165344,0.70518958568573,0.862500011920929,0.7441860437393188,0.0002500000118743628
Outer_LOYO,2006,TCN,38,0.27844923734664917,0.7103708982467651,0.8812500238418579,0.7441860437393188,0.0002500000118743628
Outer_LOYO,2006,TCN,39,0.26454097032546997,0.7142054438591003,0.8812500238418579,0.7209302186965942,0.0002500000118743628
Outer_LOYO,2006,TCN,40,0.3051678538322449,0.7060258388519287,0.824999988079071,0.7209302186965942,0.0002500000118743628
Outer_LOYO,2006,CNN-LSTM,1,1.074622392654419,1.0558679103851318,0.33125001192092896,0.4883720874786377,0.000699999975040555
Outer_LOYO,2006,CNN-LSTM,2,0.9801954030990601,1.0126043558120728,0.5,0.5813953280448914,0.000699999975040555
Outer_LOYO,2006,CNN-LSTM,3,0.9063252210617065,0.9624717831611633,0.543749988079071,0.604651153087616,0.000699999975040555
Outer_LOYO,2006,CNN-LSTM,4,0.8293591737747192,0.9129142165184021,0.6000000238418579,0.604651153087616,0.000699999975040555
Outer_LOYO,2006,CNN-LSTM,5,0.7618269324302673,0.8685367703437805,0.6812499761581421,0.604651153087616,0.000699999975040555
Outer_LOYO,2006,CNN-LSTM,6,0.7118091583251953,0.8306079506874084,0.706250011920929,0.6511628031730652,0.000699999975040555
Outer_LOYO,2006,CNN-LSTM,7,0.6884734034538269,0.7962076663970947,0.731249988079071,0.7441860437393188,0.000699999975040555
Outer_LOYO,2006,CNN-LSTM,8,0.649424135684967,0.7642534971237183,0.7437499761581421,0.7209302186965942,0.000699999975040555
Outer_LOYO,2006,CNN-LSTM,9,0.6163972616195679,0.7393352389335632,0.7250000238418579,0.7209302186965942,0.000699999975040555
Outer_LOYO,2006,CNN-LSTM,10,0.5838555693626404,0.7179598212242126,0.7437499761581421,0.7441860437393188,0.000699999975040555
Outer_LOYO,2006,CNN-LSTM,11,0.5533239841461182,0.7114255428314209,0.7749999761581421,0.6976743936538696,0.000699999975040555
Outer_LOYO,2006,CNN-LSTM,12,0.5246076583862305,0.6992759704589844,0.800000011920929,0.6744186282157898,0.000699999975040555
Outer_LOYO,2006,CNN-LSTM,13,0.5174853801727295,0.682269275188446,0.793749988079071,0.6976743936538696,0.000699999975040555
Outer_LOYO,2006,CNN-LSTM,14,0.5089906454086304,0.6751274466514587,0.793749988079071,0.6976743936538696,0.000699999975040555
Outer_LOYO,2006,CNN-LSTM,15,0.44846829771995544,0.6651546359062195,0.78125,0.7441860437393188,0.000699999975040555
Outer_LOYO,2006,CNN-LSTM,16,0.4673050343990326,0.68436199426651,0.7749999761581421,0.6976743936538696,0.000699999975040555
Outer_LOYO,2006,CNN-LSTM,17,0.40630999207496643,0.6938656568527222,0.8062499761581421,0.6511628031730652,0.000699999975040555
Outer_LOYO,2006,CNN-LSTM,18,0.4195704460144043,0.6712079644203186,0.831250011920929,0.6744186282157898,0.000699999975040555
Outer_LOYO,2006,CNN-LSTM,19,0.40860724449157715,0.6466471552848816,0.8374999761581421,0.6976743936538696,0.000699999975040555
Outer_LOYO,2006,CNN-LSTM,20,0.3945832848548889,0.6511999368667603,0.8187500238418579,0.7209302186965942,0.000699999975040555
Outer_LOYO,2006,CNN-LSTM,21,0.3326655328273773,0.646972119808197,0.856249988079071,0.7209302186965942,0.000699999975040555
Outer_LOYO,2006,CNN-LSTM,22,0.3441205620765686,0.6388649344444275,0.856249988079071,0.7209302186965942,0.000699999975040555
Outer_LOYO,2006,CNN-LSTM,23,0.30502021312713623,0.6536674499511719,0.8812500238418579,0.7441860437393188,0.000699999975040555
Outer_LOYO,2006,CNN-LSTM,24,0.30022579431533813,0.6686709523200989,0.856249988079071,0.7441860437393188,0.000699999975040555
Outer_LOYO,2006,CNN-LSTM,25,0.3156588673591614,0.7131333351135254,0.862500011920929,0.7209302186965942,0.000699999975040555
Outer_LOYO,2006,CNN-LSTM,26,0.27651363611221313,0.6809757351875305,0.90625,0.6976743936538696,0.000699999975040555
Outer_LOYO,2006,CNN-LSTM,27,0.31958135962486267,0.7083683609962463,0.856249988079071,0.7674418687820435,0.000699999975040555
Outer_LOYO,2006,CNN-LSTM,28,0.2677151560783386,0.719158411026001,0.8812500238418579,0.7209302186965942,0.000699999975040555
Outer_LOYO,2006,CNN-LSTM,29,0.23005512356758118,0.7284128069877625,0.9375,0.7674418687820435,0.0003499999875202775
Outer_LOYO,2006,CNN-LSTM,30,0.23151738941669464,0.7256947159767151,0.9125000238418579,0.7441860437393188,0.0003499999875202775
Outer_LOYO,2006,CNN-LSTM,31,0.21173152327537537,0.7372825145721436,0.925000011920929,0.7674418687820435,0.0003499999875202775
Outer_LOYO,2006,CNN-LSTM,32,0.23077698051929474,0.7417938113212585,0.9312499761581421,0.7441860437393188,0.0003499999875202775
Outer_LOYO,2006,CNN-LSTM,33,0.21023301780223846,0.7302413582801819,0.9312499761581421,0.7441860437393188,0.0003499999875202775
Outer_LOYO,2006,CNN-LSTM,34,0.22400160133838654,0.7126875519752502,0.918749988079071,0.7441860437393188,0.0003499999875202775
Outer_LOYO,2006,CNN-LSTM,35,0.18295495212078094,0.7191422581672668,0.9375,0.7674418687820435,0.0003499999875202775
Outer_LOYO,2006,CNN-LSTM,36,0.23364503681659698,0.767065703868866,0.9125000238418579,0.7441860437393188,0.00017499999376013875
Outer_LOYO,2006,CNN-LSTM,37,0.223293274641037,0.7858089208602905,0.9312499761581421,0.7441860437393188,0.00017499999376013875
Outer_LOYO,2006,CNN-LSTM,38,0.18842530250549316,0.785065770149231,0.9375,0.7674418687820435,0.00017499999376013875
Outer_LOYO,2006,CNN-LSTM,39,0.18651053309440613,0.7526684999465942,0.949999988079071,0.7674418687820435,0.00017499999376013875
Outer_LOYO,2006,CNN-LSTM,40,0.19429557025432587,0.7273111343383789,0.9312499761581421,0.7674418687820435,0.00017499999376013875
Outer_LOYO,2006,CNN-LSTM,41,0.18235400319099426,0.7327616810798645,0.9437500238418579,0.7674418687820435,0.00017499999376013875
Outer_LOYO,2006,CNN-LSTM,42,0.1650204360485077,0.7472713589668274,0.9437500238418579,0.7674418687820435,0.00017499999376013875
Outer_LOYO,2007,TCN,1,1.193840503692627,0.9270908236503601,0.3812499940395355,0.625,0.0010000000474974513
Outer_LOYO,2007,TCN,2,0.8680554628372192,0.8748059868812561,0.625,0.8125,0.0010000000474974513
Outer_LOYO,2007,TCN,3,0.7593965530395508,0.8056656718254089,0.668749988079071,0.875,0.0010000000474974513
Outer_LOYO,2007,TCN,4,0.6855618953704834,0.780666172504425,0.7124999761581421,0.8958333134651184,0.0010000000474974513
Outer_LOYO,2007,TCN,5,0.6539098620414734,0.7528694272041321,0.762499988079071,0.8958333134651184,0.0010000000474974513
Outer_LOYO,2007,TCN,6,0.5687859654426575,0.7012106776237488,0.731249988079071,0.8958333134651184,0.0010000000474974513
Outer_LOYO,2007,TCN,7,0.5363208055496216,0.6680399775505066,0.731249988079071,0.8958333134651184,0.0010000000474974513
Outer_LOYO,2007,TCN,8,0.539237380027771,0.6779472231864929,0.8125,0.8541666865348816,0.0010000000474974513
Outer_LOYO,2007,TCN,9,0.5277044177055359,0.6593911051750183,0.7562500238418579,0.875,0.0010000000474974513
Outer_LOYO,2007,TCN,10,0.46868896484375,0.6129432320594788,0.8062499761581421,0.875,0.0010000000474974513
Outer_LOYO,2007,TCN,11,0.5460883975028992,0.5890631079673767,0.762499988079071,0.875,0.0010000000474974513
Outer_LOYO,2007,TCN,12,0.463252454996109,0.6016616821289062,0.800000011920929,0.8333333134651184,0.0010000000474974513
Outer_LOYO,2007,TCN,13,0.45980390906333923,0.5841473937034607,0.793749988079071,0.8958333134651184,0.0010000000474974513
Outer_LOYO,2007,TCN,14,0.3961644768714905,0.5773639678955078,0.8687499761581421,0.8958333134651184,0.0010000000474974513
Outer_LOYO,2007,TCN,15,0.42734774947166443,0.550921618938446,0.7875000238418579,0.875,0.0010000000474974513
Outer_LOYO,2007,TCN,16,0.3722957968711853,0.5671985745429993,0.8500000238418579,0.8958333134651184,0.0010000000474974513
Outer_LOYO,2007,TCN,17,0.38149815797805786,0.5470199584960938,0.8500000238418579,0.8958333134651184,0.0010000000474974513
Outer_LOYO,2007,TCN,18,0.3544957935810089,0.5059824585914612,0.8687499761581421,0.8958333134651184,0.0010000000474974513
Outer_LOYO,2007,TCN,19,0.3675552010536194,0.49427926540374756,0.84375,0.8958333134651184,0.0010000000474974513
Outer_LOYO,2007,TCN,20,0.34348663687705994,0.4977547228336334,0.84375,0.8958333134651184,0.0010000000474974513
Outer_LOYO,2007,TCN,21,0.3432101011276245,0.5135135054588318,0.8500000238418579,0.875,0.0010000000474974513
Outer_LOYO,2007,TCN,22,0.35344886779785156,0.5415757894515991,0.84375,0.875,0.0010000000474974513
Outer_LOYO,2007,TCN,23,0.4000033736228943,0.5595689415931702,0.831250011920929,0.8541666865348816,0.0010000000474974513
Outer_LOYO,2007,TCN,24,0.3451569676399231,0.5510618090629578,0.831250011920929,0.8125,0.0010000000474974513
Outer_LOYO,2007,TCN,25,0.2993548810482025,0.5046430230140686,0.8687499761581421,0.8541666865348816,0.0010000000474974513
Outer_LOYO,2007,TCN,26,0.3257659077644348,0.4817216396331787,0.84375,0.8541666865348816,0.0010000000474974513
Outer_LOYO,2007,TCN,27,0.36093631386756897,0.4858671724796295,0.8374999761581421,0.8958333134651184,0.0010000000474974513
Outer_LOYO,2007,TCN,28,0.2774134874343872,0.5326895117759705,0.887499988079071,0.8333333134651184,0.0010000000474974513
Outer_LOYO,2007,TCN,29,0.38714563846588135,0.4917675256729126,0.8062499761581421,0.875,0.0010000000474974513
Outer_LOYO,2007,TCN,30,0.27479287981987,0.52210932970047,0.887499988079071,0.8333333134651184,0.0010000000474974513
Outer_LOYO,2007,TCN,31,0.3243107199668884,0.5460880398750305,0.824999988079071,0.8333333134651184,0.0010000000474974513
Outer_LOYO,2007,TCN,32,0.27961790561676025,0.5815029740333557,0.887499988079071,0.8125,0.0010000000474974513
Outer_LOYO,2007,TCN,33,0.2737301290035248,0.5710680484771729,0.875,0.8125,0.0005000000237487257
Outer_LOYO,2007,TCN,34,0.2595934271812439,0.5388431549072266,0.887499988079071,0.875,0.0005000000237487257
Outer_LOYO,2007,TCN,35,0.27138927578926086,0.5364046692848206,0.8687499761581421,0.8541666865348816,0.0005000000237487257
Outer_LOYO,2007,TCN,36,0.2942807674407959,0.5254933834075928,0.875,0.8333333134651184,0.0005000000237487257
Outer_LOYO,2007,TCN,37,0.2278447449207306,0.5418065786361694,0.90625,0.8125,0.0005000000237487257
Outer_LOYO,2007,TCN,38,0.28433293104171753,0.5285501480102539,0.8999999761581421,0.8125,0.0005000000237487257
Outer_LOYO,2007,TCN,39,0.29674476385116577,0.5483860969543457,0.887499988079071,0.8125,0.0005000000237487257
Outer_LOYO,2007,TCN,40,0.30623486638069153,0.5638125538825989,0.856249988079071,0.8125,0.0002500000118743628
Outer_LOYO,2007,TCN,41,0.26346665620803833,0.5649898648262024,0.875,0.8333333134651184,0.0002500000118743628
Outer_LOYO,2007,TCN,42,0.2241770327091217,0.5553677678108215,0.90625,0.8333333134651184,0.0002500000118743628
Outer_LOYO,2007,TCN,43,0.26662394404411316,0.5536224842071533,0.90625,0.8333333134651184,0.0002500000118743628
Outer_LOYO,2007,TCN,44,0.24682775139808655,0.5627275705337524,0.90625,0.8333333134651184,0.0002500000118743628
Outer_LOYO,2007,TCN,45,0.269743949174881,0.5736714005470276,0.887499988079071,0.8541666865348816,0.0002500000118743628
Outer_LOYO,2007,TCN,46,0.2621753513813019,0.5839183330535889,0.8812500238418579,0.8541666865348816,0.0002500000118743628
Outer_LOYO,2007,CNN-LSTM,1,1.0433892011642456,1.0011467933654785,0.41874998807907104,0.6875,0.000699999975040555
Outer_LOYO,2007,CNN-LSTM,2,0.9396182894706726,0.9334315657615662,0.6000000238418579,0.7916666865348816,0.000699999975040555
Outer_LOYO,2007,CNN-LSTM,3,0.8474662899971008,0.8714113831520081,0.668749988079071,0.7708333134651184,0.000699999975040555
Outer_LOYO,2007,CNN-LSTM,4,0.797829806804657,0.8074190020561218,0.7250000238418579,0.7708333134651184,0.000699999975040555
Outer_LOYO,2007,CNN-LSTM,5,0.7322217226028442,0.7546030879020691,0.699999988079071,0.7916666865348816,0.000699999975040555
Outer_LOYO,2007,CNN-LSTM,6,0.6705774664878845,0.7161800265312195,0.7437499761581421,0.8333333134651184,0.000699999975040555
Outer_LOYO,2007,CNN-LSTM,7,0.6406561136245728,0.6853599548339844,0.71875,0.8125,0.000699999975040555
Outer_LOYO,2007,CNN-LSTM,8,0.5982200503349304,0.6612879633903503,0.768750011920929,0.8333333134651184,0.000699999975040555
Outer_LOYO,2007,CNN-LSTM,9,0.5498406291007996,0.6419578194618225,0.7875000238418579,0.8333333134651184,0.000699999975040555
Outer_LOYO,2007,CNN-LSTM,10,0.4974212646484375,0.6247848868370056,0.8187500238418579,0.8333333134651184,0.000699999975040555
Outer_LOYO,2007,CNN-LSTM,11,0.48403239250183105,0.6186918020248413,0.793749988079071,0.8125,0.000699999975040555
Outer_LOYO,2007,CNN-LSTM,12,0.4142507016658783,0.6131086945533752,0.862500011920929,0.8125,0.000699999975040555
Outer_LOYO,2007,CNN-LSTM,13,0.43418484926223755,0.6323792338371277,0.824999988079071,0.7916666865348816,0.000699999975040555
Outer_LOYO,2007,CNN-LSTM,14,0.41799265146255493,0.6429848670959473,0.84375,0.8125,0.000699999975040555
Outer_LOYO,2007,CNN-LSTM,15,0.4095388948917389,0.626068651676178,0.8125,0.8125,0.000699999975040555
Outer_LOYO,2007,CNN-LSTM,16,0.36863958835601807,0.618425726890564,0.8687499761581421,0.7916666865348816,0.000699999975040555
Outer_LOYO,2007,CNN-LSTM,17,0.33488720655441284,0.6328710913658142,0.918749988079071,0.7916666865348816,0.000699999975040555
Outer_LOYO,2007,CNN-LSTM,18,0.3283749520778656,0.6342422366142273,0.893750011920929,0.7916666865348816,0.000699999975040555
Outer_LOYO,2007,CNN-LSTM,19,0.30957260727882385,0.6144289374351501,0.8812500238418579,0.8125,0.0003499999875202775
Outer_LOYO,2007,CNN-LSTM,20,0.2844884991645813,0.6292333006858826,0.8999999761581421,0.8125,0.0003499999875202775
Outer_LOYO,2007,CNN-LSTM,21,0.30239129066467285,0.6433665156364441,0.8812500238418579,0.8125,0.0003499999875202775
Outer_LOYO,2007,CNN-LSTM,22,0.24676723778247833,0.6608811020851135,0.918749988079071,0.7916666865348816,0.0003499999875202775
Outer_LOYO,2007,CNN-LSTM,23,0.3030543029308319,0.6732848286628723,0.893750011920929,0.8125,0.0003499999875202775
Outer_LOYO,2007,CNN-LSTM,24,0.23381376266479492,0.6785704493522644,0.9312499761581421,0.8125,0.0003499999875202775
Outer_LOYO,2007,CNN-LSTM,25,0.26797419786453247,0.6840413212776184,0.8999999761581421,0.7916666865348816,0.0003499999875202775
Outer_LOYO,2007,CNN-LSTM,26,0.2310432642698288,0.6860358119010925,0.925000011920929,0.7708333134651184,0.00017499999376013875
Outer_LOYO,2007,CNN-LSTM,27,0.25895410776138306,0.6967328190803528,0.9125000238418579,0.7708333134651184,0.00017499999376013875
Outer_LOYO,2007,CNN-LSTM,28,0.28419387340545654,0.7068818211555481,0.887499988079071,0.7708333134651184,0.00017499999376013875
Outer_LOYO,2007,CNN-LSTM,29,0.2674636244773865,0.7101008892059326,0.893750011920929,0.7708333134651184,0.00017499999376013875
Outer_LOYO,2007,CNN-LSTM,30,0.22187872231006622,0.7144576907157898,0.9125000238418579,0.7916666865348816,0.00017499999376013875
Outer_LOYO,2007,CNN-LSTM,31,0.2102162390947342,0.7232780456542969,0.918749988079071,0.7708333134651184,0.00017499999376013875
Outer_LOYO,2007,CNN-LSTM,32,0.2418762445449829,0.7356060147285461,0.8999999761581421,0.7708333134651184,0.00017499999376013875
Outer_LOYO,2008,TCN,1,1.108038306236267,0.975722074508667,0.4193548262119293,0.6666666865348816,0.0010000000474974513
Outer_LOYO,2008,TCN,2,0.7753351926803589,0.9407722353935242,0.6709677577018738,0.6458333134651184,0.0010000000474974513
Outer_LOYO,2008,TCN,3,0.6558307409286499,0.9075672626495361,0.7354838848114014,0.6666666865348816,0.0010000000474974513
Outer_LOYO,2008,TCN,4,0.6601018309593201,0.891880989074707,0.6774193644523621,0.7083333134651184,0.0010000000474974513
Outer_LOYO,2008,TCN,5,0.6451413035392761,0.8466804623603821,0.7161290049552917,0.7291666865348816,0.0010000000474974513
Outer_LOYO,2008,TCN,6,0.5327381491661072,0.8150453567504883,0.7483870983123779,0.7291666865348816,0.0010000000474974513
Outer_LOYO,2008,TCN,7,0.49044573307037354,0.8161628246307373,0.7935484051704407,0.7291666865348816,0.0010000000474974513
Outer_LOYO,2008,TCN,8,0.5572954416275024,0.8010358810424805,0.7806451320648193,0.7291666865348816,0.0010000000474974513
Outer_LOYO,2008,TCN,9,0.4467720687389374,0.7885842323303223,0.8451613187789917,0.75,0.0010000000474974513
Outer_LOYO,2008,TCN,10,0.5557878017425537,0.7742564082145691,0.7483870983123779,0.7291666865348816,0.0010000000474974513
Outer_LOYO,2008,TCN,11,0.4461306631565094,0.7333090901374817,0.8258064389228821,0.75,0.0010000000474974513
Outer_LOYO,2008,TCN,12,0.4260275661945343,0.7191538214683533,0.8258064389228821,0.75,0.0010000000474974513
Outer_LOYO,2008,TCN,13,0.4885895252227783,0.7133871912956238,0.7870967984199524,0.75,0.0010000000474974513
Outer_LOYO,2008,TCN,14,0.44028112292289734,0.679316520690918,0.8129032254219055,0.7708333134651184,0.0010000000474974513
Outer_LOYO,2008,TCN,15,0.47913724184036255,0.7160234451293945,0.7677419185638428,0.7708333134651184,0.0010000000474974513
Outer_LOYO,2008,TCN,16,0.3758418560028076,0.711378276348114,0.8580645322799683,0.7291666865348816,0.0010000000474974513
Outer_LOYO,2008,TCN,17,0.41541314125061035,0.6849351525306702,0.8451613187789917,0.7708333134651184,0.0010000000474974513
Outer_LOYO,2008,TCN,18,0.339705228805542,0.667218029499054,0.8645161390304565,0.7708333134651184,0.0010000000474974513
Outer_LOYO,2008,TCN,19,0.3728393614292145,0.6497855186462402,0.8580645322799683,0.7916666865348816,0.0010000000474974513
Outer_LOYO,2008,TCN,20,0.34314200282096863,0.6702205538749695,0.8258064389228821,0.7916666865348816,0.0010000000474974513
Outer_LOYO,2008,TCN,21,0.33483898639678955,0.6873178482055664,0.8774193525314331,0.7708333134651184,0.0010000000474974513
Outer_LOYO,2008,TCN,22,0.3848129212856293,0.6755266785621643,0.8387096524238586,0.7708333134651184,0.0010000000474974513
Outer_LOYO,2008,TCN,23,0.3636821210384369,0.6317132115364075,0.8580645322799683,0.75,0.0010000000474974513
Outer_LOYO,2008,TCN,24,0.40702730417251587,0.6405606269836426,0.8258064389228821,0.7916666865348816,0.0010000000474974513
Outer_LOYO,2008,TCN,25,0.3111811578273773,0.6497740745544434,0.8580645322799683,0.75,0.0010000000474974513
Outer_LOYO,2008,TCN,26,0.3871355950832367,0.6990904808044434,0.8451613187789917,0.75,0.0010000000474974513
Outer_LOYO,2008,TCN,27,0.3367473781108856,0.7008408904075623,0.8645161390304565,0.75,0.0010000000474974513
Outer_LOYO,2008,TCN,28,0.3005947172641754,0.6938112378120422,0.8451613187789917,0.75,0.0010000000474974513
Outer_LOYO,2008,TCN,29,0.3265253007411957,0.7189919352531433,0.8580645322799683,0.7291666865348816,0.0010000000474974513
Outer_LOYO,2008,TCN,30,0.2794835865497589,0.7184428572654724,0.8451613187789917,0.7291666865348816,0.0005000000237487257
Outer_LOYO,2008,TCN,31,0.27059486508369446,0.7293698191642761,0.8709677457809448,0.7291666865348816,0.0005000000237487257
Outer_LOYO,2008,TCN,32,0.2958422303199768,0.737360417842865,0.8645161390304565,0.7291666865348816,0.0005000000237487257
Outer_LOYO,2008,TCN,33,0.28708234429359436,0.722932755947113,0.8774193525314331,0.7291666865348816,0.0005000000237487257
Outer_LOYO,2008,TCN,34,0.2576885223388672,0.7138228416442871,0.9032257795333862,0.7291666865348816,0.0005000000237487257
Outer_LOYO,2008,TCN,35,0.2273654043674469,0.7444886565208435,0.9032257795333862,0.7083333134651184,0.0005000000237487257
Outer_LOYO,2008,TCN,36,0.25761130452156067,0.7525212168693542,0.9032257795333862,0.7291666865348816,0.0005000000237487257
Outer_LOYO,2008,TCN,37,0.25276175141334534,0.7600188851356506,0.9161290526390076,0.7291666865348816,0.0002500000118743628
Outer_LOYO,2008,TCN,38,0.23435883224010468,0.7606606483459473,0.9096774458885193,0.7291666865348816,0.0002500000118743628
Outer_LOYO,2008,TCN,39,0.25159361958503723,0.7676570415496826,0.8903225660324097,0.7291666865348816,0.0002500000118743628
Outer_LOYO,2008,TCN,40,0.22666941583156586,0.7606940269470215,0.9225806593894958,0.7291666865348816,0.0002500000118743628
Outer_LOYO,2008,TCN,41,0.2792559266090393,0.7540841698646545,0.8580645322799683,0.75,0.0002500000118743628
Outer_LOYO,2008,TCN,42,0.23090437054634094,0.7429420351982117,0.9161290526390076,0.75,0.0002500000118743628
Outer_LOYO,2008,TCN,43,0.2614496946334839,0.7565335631370544,0.9096774458885193,0.7291666865348816,0.0002500000118743628
Outer_LOYO,2008,CNN-LSTM,1,1.0645450353622437,1.045212984085083,0.42580646276474,0.5625,0.000699999975040555
Outer_LOYO,2008,CNN-LSTM,2,0.9870327711105347,1.0070534944534302,0.5290322303771973,0.625,0.000699999975040555
Outer_LOYO,2008,CNN-LSTM,3,0.8887060284614563,0.9684054255485535,0.7290322780609131,0.6458333134651184,0.000699999975040555
Outer_LOYO,2008,CNN-LSTM,4,0.8701878786087036,0.931978702545166,0.6709677577018738,0.6666666865348816,0.000699999975040555
Outer_LOYO,2008,CNN-LSTM,5,0.7813949584960938,0.8983374238014221,0.7354838848114014,0.6875,0.000699999975040555
Outer_LOYO,2008,CNN-LSTM,6,0.7094385623931885,0.8639417290687561,0.7483870983123779,0.7083333134651184,0.000699999975040555
Outer_LOYO,2008,CNN-LSTM,7,0.6659142971038818,0.8229581713676453,0.774193525314331,0.6875,0.000699999975040555
Outer_LOYO,2008,CNN-LSTM,8,0.5979536771774292,0.7828577160835266,0.7677419185638428,0.6875,0.000699999975040555
Outer_LOYO,2008,CNN-LSTM,9,0.5948514938354492,0.7586620450019836,0.7806451320648193,0.6875,0.000699999975040555
Outer_LOYO,2008,CNN-LSTM,10,0.5166358947753906,0.7496675848960876,0.800000011920929,0.6875,0.000699999975040555
Outer_LOYO,2008,CNN-LSTM,11,0.5059066414833069,0.7265200614929199,0.7870967984199524,0.7083333134651184,0.000699999975040555
Outer_LOYO,2008,CNN-LSTM,12,0.474298894405365,0.715966522693634,0.8193548321723938,0.7291666865348816,0.000699999975040555
Outer_LOYO,2008,CNN-LSTM,13,0.4363681375980377,0.7042688727378845,0.8193548321723938,0.7083333134651184,0.000699999975040555
Outer_LOYO,2008,CNN-LSTM,14,0.42094874382019043,0.7002903819084167,0.8387096524238586,0.7083333134651184,0.000699999975040555
Outer_LOYO,2008,CNN-LSTM,15,0.4030998647212982,0.6883266568183899,0.8387096524238586,0.7083333134651184,0.000699999975040555
Outer_LOYO,2008,CNN-LSTM,16,0.4017927944660187,0.7065594792366028,0.8193548321723938,0.6875,0.000699999975040555
Outer_LOYO,2008,CNN-LSTM,17,0.38541707396507263,0.6953506469726562,0.8258064389228821,0.7083333134651184,0.000699999975040555
Outer_LOYO,2008,CNN-LSTM,18,0.34938058257102966,0.6906226277351379,0.896774172782898,0.7083333134651184,0.000699999975040555
Outer_LOYO,2008,CNN-LSTM,19,0.3547115623950958,0.7008116841316223,0.85161292552948,0.7083333134651184,0.000699999975040555
Outer_LOYO,2008,CNN-LSTM,20,0.34128236770629883,0.7108504176139832,0.85161292552948,0.7083333134651184,0.000699999975040555
Outer_LOYO,2008,CNN-LSTM,21,0.27427366375923157,0.6910538673400879,0.9032257795333862,0.6875,0.000699999975040555
Outer_LOYO,2008,CNN-LSTM,22,0.26877474784851074,0.7028975486755371,0.8903225660324097,0.7083333134651184,0.0003499999875202775
Outer_LOYO,2008,CNN-LSTM,23,0.24844889342784882,0.7052397727966309,0.9032257795333862,0.7083333134651184,0.0003499999875202775
Outer_LOYO,2008,CNN-LSTM,24,0.2918781042098999,0.7127962112426758,0.8838709592819214,0.6875,0.0003499999875202775
Outer_LOYO,2008,CNN-LSTM,25,0.28796491026878357,0.7266567349433899,0.8903225660324097,0.6875,0.0003499999875202775
Outer_LOYO,2008,CNN-LSTM,26,0.2505386471748352,0.7460392117500305,0.9225806593894958,0.6875,0.0003499999875202775
Outer_LOYO,2008,CNN-LSTM,27,0.22149375081062317,0.7613806128501892,0.9096774458885193,0.6875,0.0003499999875202775
Outer_LOYO,2008,CNN-LSTM,28,0.24438358843326569,0.7727779746055603,0.896774172782898,0.6875,0.0003499999875202775
Outer_LOYO,2008,CNN-LSTM,29,0.22545990347862244,0.7778280377388,0.9161290526390076,0.6875,0.00017499999376013875
Outer_LOYO,2008,CNN-LSTM,30,0.21963323652744293,0.7831775546073914,0.9354838728904724,0.6875,0.00017499999376013875
Outer_LOYO,2008,CNN-LSTM,31,0.22336775064468384,0.7830779552459717,0.9225806593894958,0.6875,0.00017499999376013875
Outer_LOYO,2008,CNN-LSTM,32,0.18546514213085175,0.7877963185310364,0.9225806593894958,0.6875,0.00017499999376013875
Outer_LOYO,2008,CNN-LSTM,33,0.2388802021741867,0.7806644439697266,0.9225806593894958,0.6875,0.00017499999376013875
Outer_LOYO,2008,CNN-LSTM,34,0.23147989809513092,0.7890877723693848,0.9032257795333862,0.6875,0.00017499999376013875
Outer_LOYO,2008,CNN-LSTM,35,0.22780145704746246,0.7926945686340332,0.9225806593894958,0.6875,0.00017499999376013875
Outer_LOYO,2009,TCN,1,1.3518157005310059,1.0309323072433472,0.33125001192092896,0.5416666865348816,0.0010000000474974513
Outer_LOYO,2009,TCN,2,0.8864947557449341,0.9674930572509766,0.5625,0.6875,0.0010000000474974513
Outer_LOYO,2009,TCN,3,0.7468222379684448,0.9302575588226318,0.6937500238418579,0.6458333134651184,0.0010000000474974513
Outer_LOYO,2009,TCN,4,0.6497868299484253,0.8932805061340332,0.737500011920929,0.6875,0.0010000000474974513
Outer_LOYO,2009,TCN,5,0.607434868812561,0.8776232600212097,0.7250000238418579,0.6666666865348816,0.0010000000474974513
Outer_LOYO,2009,TCN,6,0.6806028485298157,0.865236222743988,0.706250011920929,0.6458333134651184,0.0010000000474974513
Outer_LOYO,2009,TCN,7,0.5321545600891113,0.8370599746704102,0.7749999761581421,0.6458333134651184,0.0010000000474974513
Outer_LOYO,2009,TCN,8,0.49381858110427856,0.811206042766571,0.793749988079071,0.625,0.0010000000474974513
Outer_LOYO,2009,TCN,9,0.5133130550384521,0.7927871346473694,0.768750011920929,0.6875,0.0010000000474974513
Outer_LOYO,2009,TCN,10,0.47938236594200134,0.7771064639091492,0.768750011920929,0.6875,0.0010000000474974513
Outer_LOYO,2009,TCN,11,0.4596117436885834,0.7577052116394043,0.7749999761581421,0.6875,0.0010000000474974513
Outer_LOYO,2009,TCN,12,0.5264471769332886,0.7431619167327881,0.7875000238418579,0.6875,0.0010000000474974513
Outer_LOYO,2009,TCN,13,0.4608372151851654,0.723088264465332,0.7875000238418579,0.7083333134651184,0.0010000000474974513
Outer_LOYO,2009,TCN,14,0.46647077798843384,0.6941071152687073,0.793749988079071,0.7083333134651184,0.0010000000474974513
Outer_LOYO,2009,TCN,15,0.4473852217197418,0.6742085814476013,0.8062499761581421,0.7291666865348816,0.0010000000474974513
Outer_LOYO,2009,TCN,16,0.4436076283454895,0.6776766777038574,0.831250011920929,0.7291666865348816,0.0010000000474974513
Outer_LOYO,2009,TCN,17,0.44463810324668884,0.6697167754173279,0.824999988079071,0.7291666865348816,0.0010000000474974513
Outer_LOYO,2009,TCN,18,0.47095489501953125,0.6509477496147156,0.800000011920929,0.75,0.0010000000474974513
Outer_LOYO,2009,TCN,19,0.4340256154537201,0.6411693096160889,0.800000011920929,0.75,0.0010000000474974513
Outer_LOYO,2009,TCN,20,0.3860183656215668,0.647530734539032,0.800000011920929,0.7083333134651184,0.0010000000474974513
Outer_LOYO,2009,TCN,21,0.3928913176059723,0.6699966788291931,0.8187500238418579,0.7291666865348816,0.0010000000474974513
Outer_LOYO,2009,TCN,22,0.34118926525115967,0.6503507494926453,0.84375,0.7916666865348816,0.0010000000474974513
Outer_LOYO,2009,TCN,23,0.36540621519088745,0.6280723214149475,0.84375,0.7708333134651184,0.0010000000474974513
Outer_LOYO,2009,TCN,24,0.33195677399635315,0.634150505065918,0.862500011920929,0.75,0.0010000000474974513
Outer_LOYO,2009,TCN,25,0.40854305028915405,0.6423896551132202,0.831250011920929,0.75,0.0010000000474974513
Outer_LOYO,2009,TCN,26,0.37465065717697144,0.6397498250007629,0.831250011920929,0.7291666865348816,0.0010000000474974513
Outer_LOYO,2009,TCN,27,0.3321663439273834,0.6464032530784607,0.8500000238418579,0.7291666865348816,0.0010000000474974513
Outer_LOYO,2009,TCN,28,0.3667297959327698,0.6401434540748596,0.84375,0.7708333134651184,0.0010000000474974513
Outer_LOYO,2009,TCN,29,0.328978955745697,0.6612176299095154,0.887499988079071,0.7291666865348816,0.0010000000474974513
Outer_LOYO,2009,TCN,30,0.3539797365665436,0.6647406220436096,0.862500011920929,0.7083333134651184,0.0005000000237487257
Outer_LOYO,2009,TCN,31,0.3290771245956421,0.6414012312889099,0.862500011920929,0.7291666865348816,0.0005000000237487257
Outer_LOYO,2009,TCN,32,0.29688891768455505,0.6425256729125977,0.9125000238418579,0.75,0.0005000000237487257
Outer_LOYO,2009,TCN,33,0.30783289670944214,0.638054609298706,0.875,0.7291666865348816,0.0005000000237487257
Outer_LOYO,2009,TCN,34,0.33520713448524475,0.625717282295227,0.856249988079071,0.75,0.0005000000237487257
Outer_LOYO,2009,TCN,35,0.3539925217628479,0.6257863640785217,0.824999988079071,0.75,0.0005000000237487257
Outer_LOYO,2009,TCN,36,0.2558695375919342,0.6405999660491943,0.90625,0.75,0.0005000000237487257
Outer_LOYO,2009,TCN,37,0.31689369678497314,0.6562418341636658,0.875,0.7291666865348816,0.0005000000237487257
Outer_LOYO,2009,TCN,38,0.3430083692073822,0.680892288684845,0.8500000238418579,0.7083333134651184,0.0005000000237487257
Outer_LOYO,2009,TCN,39,0.3201095461845398,0.6778270602226257,0.8500000238418579,0.6666666865348816,0.0005000000237487257
Outer_LOYO,2009,TCN,40,0.24888846278190613,0.6607854962348938,0.893750011920929,0.6875,0.0005000000237487257
Outer_LOYO,2009,TCN,41,0.3247383236885071,0.6510125994682312,0.887499988079071,0.6875,0.0002500000118743628
Outer_LOYO,2009,TCN,42,0.2374771386384964,0.6513327956199646,0.925000011920929,0.6666666865348816,0.0002500000118743628
Outer_LOYO,2009,TCN,43,0.33753693103790283,0.6532387733459473,0.856249988079071,0.6666666865348816,0.0002500000118743628
Outer_LOYO,2009,TCN,44,0.3080671429634094,0.6561238765716553,0.862500011920929,0.6666666865348816,0.0002500000118743628
Outer_LOYO,2009,TCN,45,0.3015523850917816,0.6679191589355469,0.856249988079071,0.6666666865348816,0.0002500000118743628
Outer_LOYO,2009,TCN,46,0.2971605658531189,0.674170732498169,0.8500000238418579,0.6458333134651184,0.0002500000118743628
Outer_LOYO,2009,TCN,47,0.3096851110458374,0.67570561170578,0.8687499761581421,0.6458333134651184,0.0002500000118743628
Outer_LOYO,2009,TCN,48,0.2882397770881653,0.6701483130455017,0.875,0.6458333134651184,0.0001250000059371814
Outer_LOYO,2009,TCN,49,0.2947760224342346,0.67283695936203,0.887499988079071,0.6458333134651184,0.0001250000059371814
Outer_LOYO,2009,TCN,50,0.28258123993873596,0.6694397926330566,0.887499988079071,0.6666666865348816,0.0001250000059371814
Outer_LOYO,2009,TCN,51,0.29054707288742065,0.672743022441864,0.84375,0.6666666865348816,0.0001250000059371814
Outer_LOYO,2009,TCN,52,0.20505359768867493,0.6760327219963074,0.9437500238418579,0.6458333134651184,0.0001250000059371814
Outer_LOYO,2009,TCN,53,0.2651127576828003,0.6773862838745117,0.9125000238418579,0.6458333134651184,0.0001250000059371814
Outer_LOYO,2009,TCN,54,0.27118879556655884,0.6795096397399902,0.893750011920929,0.6458333134651184,0.0001250000059371814
Outer_LOYO,2009,CNN-LSTM,1,1.0757019519805908,1.0497063398361206,0.42500001192092896,0.4375,0.000699999975040555
Outer_LOYO,2009,CNN-LSTM,2,0.9405967593193054,0.9798433184623718,0.65625,0.6458333134651184,0.000699999975040555
Outer_LOYO,2009,CNN-LSTM,3,0.8575159311294556,0.920696496963501,0.6875,0.6458333134651184,0.000699999975040555
Outer_LOYO,2009,CNN-LSTM,4,0.7567965984344482,0.8587508201599121,0.731249988079071,0.625,0.000699999975040555
Outer_LOYO,2009,CNN-LSTM,5,0.6843372583389282,0.8087651133537292,0.768750011920929,0.6666666865348816,0.000699999975040555
Outer_LOYO,2009,CNN-LSTM,6,0.6054996252059937,0.7668447494506836,0.7749999761581421,0.6666666865348816,0.000699999975040555
Outer_LOYO,2009,CNN-LSTM,7,0.6093549728393555,0.7298553586006165,0.7562500238418579,0.6666666865348816,0.000699999975040555
Outer_LOYO,2009,CNN-LSTM,8,0.5307425260543823,0.6994109749794006,0.800000011920929,0.6875,0.000699999975040555
Outer_LOYO,2009,CNN-LSTM,9,0.540398895740509,0.6743857264518738,0.762499988079071,0.7083333134651184,0.000699999975040555
Outer_LOYO,2009,CNN-LSTM,10,0.5027727484703064,0.6655767560005188,0.800000011920929,0.7083333134651184,0.000699999975040555
Outer_LOYO,2009,CNN-LSTM,11,0.482555627822876,0.6426741480827332,0.78125,0.7291666865348816,0.000699999975040555
Outer_LOYO,2009,CNN-LSTM,12,0.4486981928348541,0.6324990391731262,0.824999988079071,0.75,0.000699999975040555
Outer_LOYO,2009,CNN-LSTM,13,0.4224225580692291,0.6086065769195557,0.831250011920929,0.75,0.000699999975040555
Outer_LOYO,2009,CNN-LSTM,14,0.41026026010513306,0.5968595147132874,0.824999988079071,0.75,0.000699999975040555
Outer_LOYO,2009,CNN-LSTM,15,0.41063714027404785,0.5964305400848389,0.8374999761581421,0.75,0.000699999975040555
Outer_LOYO,2009,CNN-LSTM,16,0.37390589714050293,0.5904402732849121,0.84375,0.7083333134651184,0.000699999975040555
Outer_LOYO,2009,CNN-LSTM,17,0.3266308903694153,0.5856839418411255,0.8812500238418579,0.75,0.000699999975040555
Outer_LOYO,2009,CNN-LSTM,18,0.35501983761787415,0.5675525069236755,0.8500000238418579,0.7916666865348816,0.000699999975040555
Outer_LOYO,2009,CNN-LSTM,19,0.3125290870666504,0.5811810493469238,0.862500011920929,0.7083333134651184,0.000699999975040555
Outer_LOYO,2009,CNN-LSTM,20,0.34850120544433594,0.5872182846069336,0.8500000238418579,0.7291666865348816,0.000699999975040555
Outer_LOYO,2009,CNN-LSTM,21,0.28257614374160767,0.5569701790809631,0.887499988079071,0.75,0.000699999975040555
Outer_LOYO,2009,CNN-LSTM,22,0.2533811628818512,0.5605724453926086,0.893750011920929,0.75,0.000699999975040555
Outer_LOYO,2009,CNN-LSTM,23,0.2949565052986145,0.56062251329422,0.8812500238418579,0.7916666865348816,0.000699999975040555
Outer_LOYO,2009,CNN-LSTM,24,0.2485899180173874,0.5599236488342285,0.918749988079071,0.75,0.000699999975040555
Outer_LOYO,2009,CNN-LSTM,25,0.2430221140384674,0.57724529504776,0.893750011920929,0.7291666865348816,0.000699999975040555
Outer_LOYO,2009,CNN-LSTM,26,0.24510514736175537,0.583657443523407,0.9125000238418579,0.7708333134651184,0.000699999975040555
Outer_LOYO,2009,CNN-LSTM,27,0.23128938674926758,0.5826802849769592,0.9125000238418579,0.7291666865348816,0.000699999975040555
Outer_LOYO,2009,CNN-LSTM,28,0.21809843182563782,0.5667783617973328,0.9312499761581421,0.7083333134651184,0.0003499999875202775
Outer_LOYO,2009,CNN-LSTM,29,0.2022799253463745,0.5602965354919434,0.925000011920929,0.7291666865348816,0.0003499999875202775
Outer_LOYO,2009,CNN-LSTM,30,0.21027961373329163,0.5626891255378723,0.9125000238418579,0.7083333134651184,0.0003499999875202775
Outer_LOYO,2009,CNN-LSTM,31,0.21172840893268585,0.5553122758865356,0.918749988079071,0.75,0.0003499999875202775
Outer_LOYO,2009,CNN-LSTM,32,0.20846453309059143,0.5546267628669739,0.9375,0.7708333134651184,0.0003499999875202775
Outer_LOYO,2009,CNN-LSTM,33,0.19505158066749573,0.5637670755386353,0.9312499761581421,0.75,0.0003499999875202775
Outer_LOYO,2009,CNN-LSTM,34,0.17389482259750366,0.5717453956604004,0.9437500238418579,0.7291666865348816,0.0003499999875202775
Outer_LOYO,2009,CNN-LSTM,35,0.1688884198665619,0.5847256779670715,0.9375,0.7291666865348816,0.0003499999875202775
Outer_LOYO,2009,CNN-LSTM,36,0.17827872931957245,0.5878188610076904,0.918749988079071,0.75,0.0003499999875202775
Outer_LOYO,2009,CNN-LSTM,37,0.1771734356880188,0.5993117690086365,0.9312499761581421,0.75,0.0003499999875202775
Outer_LOYO,2009,CNN-LSTM,38,0.14514359831809998,0.5811514854431152,0.9624999761581421,0.75,0.0003499999875202775
Outer_LOYO,2009,CNN-LSTM,39,0.17843270301818848,0.5725415945053101,0.9437500238418579,0.7291666865348816,0.00017499999376013875
Outer_LOYO,2009,CNN-LSTM,40,0.15235687792301178,0.5745168328285217,0.949999988079071,0.7291666865348816,0.00017499999376013875
Outer_LOYO,2009,CNN-LSTM,41,0.14560237526893616,0.5764928460121155,0.949999988079071,0.7083333134651184,0.00017499999376013875
Outer_LOYO,2009,CNN-LSTM,42,0.16060662269592285,0.5743281245231628,0.9375,0.6875,0.00017499999376013875
Outer_LOYO,2009,CNN-LSTM,43,0.1630246341228485,0.5731461644172668,0.9437500238418579,0.6875,0.00017499999376013875
Outer_LOYO,2009,CNN-LSTM,44,0.1353432834148407,0.5714964866638184,0.9624999761581421,0.6875,0.00017499999376013875
Outer_LOYO,2009,CNN-LSTM,45,0.11823944002389908,0.5772600769996643,0.96875,0.7083333134651184,0.00017499999376013875
Outer_LOYO,2009,CNN-LSTM,46,0.13190622627735138,0.5779932141304016,0.949999988079071,0.75,8.749999688006938e-05
Outer_LOYO,2009,CNN-LSTM,47,0.13244514167308807,0.5795129537582397,0.956250011920929,0.7708333134651184,8.749999688006938e-05
Outer_LOYO,2009,CNN-LSTM,48,0.1457226425409317,0.5808189511299133,0.9624999761581421,0.7708333134651184,8.749999688006938e-05
Outer_LOYO,2009,CNN-LSTM,49,0.1304033398628235,0.583090603351593,0.949999988079071,0.7708333134651184,8.749999688006938e-05
Outer_LOYO,2009,CNN-LSTM,50,0.12446065992116928,0.5876557230949402,0.9624999761581421,0.75,8.749999688006938e-05
Outer_LOYO,2009,CNN-LSTM,51,0.1385037899017334,0.5918670296669006,0.956250011920929,0.75,8.749999688006938e-05
Outer_LOYO,2009,CNN-LSTM,52,0.1402350664138794,0.5991414189338684,0.9375,0.7291666865348816,8.749999688006938e-05
Outer_LOYO,2010,TCN,1,1.0378142595291138,0.9892424941062927,0.5354838967323303,0.5416666865348816,0.0010000000474974513
Outer_LOYO,2010,TCN,2,0.7449564337730408,0.9371035695075989,0.6838709712028503,0.625,0.0010000000474974513
Outer_LOYO,2010,TCN,3,0.7074150443077087,0.9025173187255859,0.7032257914543152,0.6666666865348816,0.0010000000474974513
Outer_LOYO,2010,TCN,4,0.5939276814460754,0.8743900656700134,0.7677419185638428,0.7291666865348816,0.0010000000474974513
Outer_LOYO,2010,TCN,5,0.5837581753730774,0.8357491493225098,0.7483870983123779,0.6875,0.0010000000474974513
Outer_LOYO,2010,TCN,6,0.6353781223297119,0.7904162406921387,0.7483870983123779,0.75,0.0010000000474974513
Outer_LOYO,2010,TCN,7,0.5508553981781006,0.7529460787773132,0.7419354915618896,0.7916666865348816,0.0010000000474974513
Outer_LOYO,2010,TCN,8,0.4911353886127472,0.7607882618904114,0.7806451320648193,0.75,0.0010000000474974513
Outer_LOYO,2010,TCN,9,0.5470831990242004,0.7500279545783997,0.7612903118133545,0.7708333134651184,0.0010000000474974513
Outer_LOYO,2010,TCN,10,0.4738227128982544,0.7302836775779724,0.8193548321723938,0.7708333134651184,0.0010000000474974513
Outer_LOYO,2010,TCN,11,0.475961297750473,0.7163533568382263,0.7870967984199524,0.8125,0.0010000000474974513
Outer_LOYO,2010,TCN,12,0.44715380668640137,0.7142372131347656,0.8129032254219055,0.7916666865348816,0.0010000000474974513
Outer_LOYO,2010,TCN,13,0.4317387640476227,0.7005708813667297,0.7935484051704407,0.7916666865348816,0.0010000000474974513
Outer_LOYO,2010,TCN,14,0.46208521723747253,0.6941781640052795,0.7935484051704407,0.75,0.0010000000474974513
Outer_LOYO,2010,TCN,15,0.39141079783439636,0.6970935463905334,0.8451613187789917,0.7291666865348816,0.0010000000474974513
Outer_LOYO,2010,TCN,16,0.45616284012794495,0.6712053418159485,0.8064516186714172,0.7916666865348816,0.0010000000474974513
Outer_LOYO,2010,TCN,17,0.4294237792491913,0.6588882207870483,0.8129032254219055,0.75,0.0010000000474974513
Outer_LOYO,2010,TCN,18,0.39593639969825745,0.6590666174888611,0.8064516186714172,0.75,0.0010000000474974513
Outer_LOYO,2010,TCN,19,0.4105842411518097,0.6626805663108826,0.8322580456733704,0.7291666865348816,0.0010000000474974513
Outer_LOYO,2010,TCN,20,0.3833794593811035,0.6726443767547607,0.8451613187789917,0.7291666865348816,0.0010000000474974513
Outer_LOYO,2010,TCN,21,0.36122778058052063,0.6786550879478455,0.8580645322799683,0.7291666865348816,0.0010000000474974513
Outer_LOYO,2010,TCN,22,0.3690425157546997,0.6575222015380859,0.8451613187789917,0.7708333134651184,0.0010000000474974513
Outer_LOYO,2010,TCN,23,0.3852384090423584,0.6743190884590149,0.8193548321723938,0.7708333134651184,0.0010000000474974513
Outer_LOYO,2010,TCN,24,0.3793136775493622,0.7519879937171936,0.8451613187789917,0.6458333134651184,0.0010000000474974513
Outer_LOYO,2010,TCN,25,0.34779849648475647,0.6533703207969666,0.8387096524238586,0.75,0.0010000000474974513
Outer_LOYO,2010,TCN,26,0.3363066017627716,0.6359605193138123,0.8838709592819214,0.7708333134651184,0.0010000000474974513
Outer_LOYO,2010,TCN,27,0.31456148624420166,0.6596863865852356,0.8580645322799683,0.7708333134651184,0.0010000000474974513
Outer_LOYO,2010,TCN,28,0.29665207862854004,0.6990873217582703,0.8838709592819214,0.75,0.0010000000474974513
Outer_LOYO,2010,TCN,29,0.29790401458740234,0.7310724258422852,0.9032257795333862,0.7291666865348816,0.0010000000474974513
Outer_LOYO,2010,TCN,30,0.2839563190937042,0.7191874384880066,0.8838709592819214,0.7291666865348816,0.0010000000474974513
Outer_LOYO,2010,TCN,31,0.2633640170097351,0.7590706944465637,0.9161290526390076,0.7291666865348816,0.0010000000474974513
Outer_LOYO,2010,TCN,32,0.2598268985748291,0.7456064224243164,0.8903225660324097,0.7083333134651184,0.0010000000474974513
Outer_LOYO,2010,TCN,33,0.3221157491207123,0.7162625789642334,0.8580645322799683,0.7291666865348816,0.0005000000237487257
Outer_LOYO,2010,TCN,34,0.2642901539802551,0.7147836685180664,0.9032257795333862,0.7291666865348816,0.0005000000237487257
Outer_LOYO,2010,TCN,35,0.2702498435974121,0.7166051864624023,0.8838709592819214,0.7291666865348816,0.0005000000237487257
Outer_LOYO,2010,TCN,36,0.2598384916782379,0.7622684836387634,0.9032257795333862,0.7083333134651184,0.0005000000237487257
Outer_LOYO,2010,TCN,37,0.26599791646003723,0.7628166675567627,0.8903225660324097,0.7291666865348816,0.0005000000237487257
Outer_LOYO,2010,TCN,38,0.30692538619041443,0.7503730654716492,0.8645161390304565,0.7083333134651184,0.0005000000237487257
Outer_LOYO,2010,TCN,39,0.22520719468593597,0.7416574954986572,0.9096774458885193,0.7291666865348816,0.0005000000237487257
Outer_LOYO,2010,TCN,40,0.23196369409561157,0.7309291362762451,0.9225806593894958,0.75,0.0002500000118743628
Outer_LOYO,2010,TCN,41,0.2664099335670471,0.7420387268066406,0.8774193525314331,0.75,0.0002500000118743628
Outer_LOYO,2010,TCN,42,0.24057252705097198,0.7686445713043213,0.9096774458885193,0.7291666865348816,0.0002500000118743628
Outer_LOYO,2010,TCN,43,0.278248131275177,0.7544553875923157,0.9032257795333862,0.7291666865348816,0.0002500000118743628
Outer_LOYO,2010,TCN,44,0.2367047667503357,0.7469683289527893,0.9290322661399841,0.7291666865348816,0.0002500000118743628
Outer_LOYO,2010,TCN,45,0.2969396114349365,0.7649552822113037,0.8774193525314331,0.7291666865348816,0.0002500000118743628
Outer_LOYO,2010,TCN,46,0.2849082946777344,0.788597047328949,0.8774193525314331,0.7083333134651184,0.0002500000118743628
Outer_LOYO,2010,CNN-LSTM,1,1.0492383241653442,1.0632716417312622,0.4516128897666931,0.5,0.000699999975040555
Outer_LOYO,2010,CNN-LSTM,2,0.9205648303031921,0.9913231730461121,0.6000000238418579,0.6458333134651184,0.000699999975040555
Outer_LOYO,2010,CNN-LSTM,3,0.8318819403648376,0.9332606196403503,0.6709677577018738,0.7291666865348816,0.000699999975040555
Outer_LOYO,2010,CNN-LSTM,4,0.7593643665313721,0.8799495697021484,0.6967741847038269,0.7083333134651184,0.000699999975040555
Outer_LOYO,2010,CNN-LSTM,5,0.6817444562911987,0.8481330871582031,0.7419354915618896,0.6666666865348816,0.000699999975040555
Outer_LOYO,2010,CNN-LSTM,6,0.6119509935379028,0.8232472538948059,0.7935484051704407,0.6666666865348816,0.000699999975040555
Outer_LOYO,2010,CNN-LSTM,7,0.5686835646629333,0.8088288903236389,0.8258064389228821,0.625,0.000699999975040555
Outer_LOYO,2010,CNN-LSTM,8,0.546777069568634,0.7842972874641418,0.800000011920929,0.6458333134651184,0.000699999975040555
Outer_LOYO,2010,CNN-LSTM,9,0.5071408748626709,0.7371694445610046,0.8064516186714172,0.6666666865348816,0.000699999975040555
Outer_LOYO,2010,CNN-LSTM,10,0.49206769466400146,0.7188610434532166,0.800000011920929,0.6875,0.000699999975040555
Outer_LOYO,2010,CNN-LSTM,11,0.49419471621513367,0.7243261337280273,0.7612903118133545,0.6666666865348816,0.000699999975040555
Outer_LOYO,2010,CNN-LSTM,12,0.45175644755363464,0.6939289569854736,0.8129032254219055,0.6875,0.000699999975040555
Outer_LOYO,2010,CNN-LSTM,13,0.4025019109249115,0.6769393086433411,0.8580645322799683,0.6875,0.000699999975040555
Outer_LOYO,2010,CNN-LSTM,14,0.4015636146068573,0.6482353806495667,0.85161292552948,0.7083333134651184,0.000699999975040555
Outer_LOYO,2010,CNN-LSTM,15,0.4283963739871979,0.660001814365387,0.8387096524238586,0.7083333134651184,0.000699999975040555
Outer_LOYO,2010,CNN-LSTM,16,0.3755933940410614,0.6807737350463867,0.8387096524238586,0.7083333134651184,0.000699999975040555
Outer_LOYO,2010,CNN-LSTM,17,0.3681027293205261,0.6513500213623047,0.85161292552948,0.7291666865348816,0.000699999975040555
Outer_LOYO,2010,CNN-LSTM,18,0.3512406349182129,0.6552844047546387,0.8774193525314331,0.7291666865348816,0.000699999975040555
Outer_LOYO,2010,CNN-LSTM,19,0.29085955023765564,0.6530362963676453,0.8774193525314331,0.7083333134651184,0.000699999975040555
Outer_LOYO,2010,CNN-LSTM,20,0.29419466853141785,0.6461856961250305,0.8774193525314331,0.7291666865348816,0.000699999975040555
Outer_LOYO,2010,CNN-LSTM,21,0.36624038219451904,0.6699579358100891,0.8387096524238586,0.7291666865348816,0.000699999975040555
Outer_LOYO,2010,CNN-LSTM,22,0.28150638937950134,0.642321765422821,0.8645161390304565,0.75,0.000699999975040555
Outer_LOYO,2010,CNN-LSTM,23,0.2578751742839813,0.655358612537384,0.9096774458885193,0.75,0.000699999975040555
Outer_LOYO,2010,CNN-LSTM,24,0.2774546146392822,0.7052803039550781,0.8645161390304565,0.7083333134651184,0.000699999975040555
Outer_LOYO,2010,CNN-LSTM,25,0.27980858087539673,0.7168264389038086,0.8838709592819214,0.7083333134651184,0.000699999975040555
Outer_LOYO,2010,CNN-LSTM,26,0.238268181681633,0.7217389941215515,0.9161290526390076,0.7291666865348816,0.000699999975040555
Outer_LOYO,2010,CNN-LSTM,27,0.24769935011863708,0.6954407691955566,0.8838709592819214,0.75,0.000699999975040555
Outer_LOYO,2010,CNN-LSTM,28,0.2089812308549881,0.7048120498657227,0.9032257795333862,0.7708333134651184,0.000699999975040555
Outer_LOYO,2010,CNN-LSTM,29,0.16999728977680206,0.7211015224456787,0.9419354796409607,0.7291666865348816,0.0003499999875202775
Outer_LOYO,2010,CNN-LSTM,30,0.16465067863464355,0.7386451363563538,0.9548386931419373,0.7083333134651184,0.0003499999875202775
Outer_LOYO,2010,CNN-LSTM,31,0.2043238878250122,0.7601745128631592,0.9161290526390076,0.7083333134651184,0.0003499999875202775
Outer_LOYO,2010,CNN-LSTM,32,0.16297753155231476,0.7789392471313477,0.948387086391449,0.6666666865348816,0.0003499999875202775
Outer_LOYO,2010,CNN-LSTM,33,0.20876315236091614,0.7436630129814148,0.9225806593894958,0.75,0.0003499999875202775
Outer_LOYO,2010,CNN-LSTM,34,0.16967827081680298,0.7347599864006042,0.9161290526390076,0.75,0.0003499999875202775
Outer_LOYO,2010,CNN-LSTM,35,0.16857434809207916,0.7472640872001648,0.9612902998924255,0.75,0.0003499999875202775
Outer_LOYO,2010,CNN-LSTM,36,0.14386166632175446,0.7857744097709656,0.9612902998924255,0.75,0.00017499999376013875
Outer_LOYO,2010,CNN-LSTM,37,0.1606130301952362,0.8006575703620911,0.9419354796409607,0.7291666865348816,0.00017499999376013875
Outer_LOYO,2010,CNN-LSTM,38,0.19062712788581848,0.8123056292533875,0.9225806593894958,0.7083333134651184,0.00017499999376013875
Outer_LOYO,2010,CNN-LSTM,39,0.13421973586082458,0.8227484822273254,0.948387086391449,0.7083333134651184,0.00017499999376013875
Outer_LOYO,2010,CNN-LSTM,40,0.1411084532737732,0.8255203366279602,0.9548386931419373,0.7083333134651184,0.00017499999376013875
Outer_LOYO,2010,CNN-LSTM,41,0.14942486584186554,0.8172089457511902,0.948387086391449,0.7291666865348816,0.00017499999376013875
Outer_LOYO,2010,CNN-LSTM,42,0.15747958421707153,0.815316915512085,0.9354838728904724,0.75,0.00017499999376013875
Outer_LOYO,2011,TCN,1,1.1291371583938599,1.0130888223648071,0.5062500238418579,0.6315789222717285,0.0010000000474974513
Outer_LOYO,2011,TCN,2,0.890766978263855,0.9350393414497375,0.637499988079071,0.7368420958518982,0.0010000000474974513
Outer_LOYO,2011,TCN,3,0.7049859762191772,0.8842447400093079,0.71875,0.7631579041481018,0.0010000000474974513
Outer_LOYO,2011,TCN,4,0.6578674912452698,0.8448325991630554,0.75,0.7368420958518982,0.0010000000474974513
Outer_LOYO,2011,TCN,5,0.597262442111969,0.8149989247322083,0.7437499761581421,0.7631579041481018,0.0010000000474974513
Outer_LOYO,2011,TCN,6,0.5803244709968567,0.7781490683555603,0.7124999761581421,0.7631579041481018,0.0010000000474974513
Outer_LOYO,2011,TCN,7,0.5704787373542786,0.7406284809112549,0.7562500238418579,0.7631579041481018,0.0010000000474974513
Outer_LOYO,2011,TCN,8,0.552832305431366,0.7093185186386108,0.8062499761581421,0.7631579041481018,0.0010000000474974513
Outer_LOYO,2011,TCN,9,0.5198369026184082,0.6946038007736206,0.7562500238418579,0.7894737124443054,0.0010000000474974513
Outer_LOYO,2011,TCN,10,0.43233194947242737,0.6836553812026978,0.8374999761581421,0.7631579041481018,0.0010000000474974513
Outer_LOYO,2011,TCN,11,0.5025259852409363,0.6693629026412964,0.7749999761581421,0.7631579041481018,0.0010000000474974513
Outer_LOYO,2011,TCN,12,0.4812777042388916,0.6569601893424988,0.7437499761581421,0.7631579041481018,0.0010000000474974513
Outer_LOYO,2011,TCN,13,0.49884819984436035,0.6561618447303772,0.762499988079071,0.7631579041481018,0.0010000000474974513
Outer_LOYO,2011,TCN,14,0.34369975328445435,0.648720383644104,0.893750011920929,0.7631579041481018,0.0010000000474974513
Outer_LOYO,2011,TCN,15,0.3850577771663666,0.6266721487045288,0.84375,0.7894737124443054,0.0010000000474974513
Outer_LOYO,2011,TCN,16,0.39995211362838745,0.6018321514129639,0.824999988079071,0.8157894611358643,0.0010000000474974513
Outer_LOYO,2011,TCN,17,0.3661680817604065,0.5727987885475159,0.84375,0.7894737124443054,0.0010000000474974513
Outer_LOYO,2011,TCN,18,0.407932847738266,0.5721430778503418,0.831250011920929,0.7894737124443054,0.0010000000474974513
Outer_LOYO,2011,TCN,19,0.3655962646007538,0.5768362879753113,0.824999988079071,0.7894737124443054,0.0010000000474974513
Outer_LOYO,2011,TCN,20,0.35837334394454956,0.580184817314148,0.8374999761581421,0.7894737124443054,0.0010000000474974513
Outer_LOYO,2011,TCN,21,0.3325432240962982,0.5415163636207581,0.8687499761581421,0.8157894611358643,0.0010000000474974513
Outer_LOYO,2011,TCN,22,0.39910417795181274,0.5374265909194946,0.824999988079071,0.7894737124443054,0.0010000000474974513
Outer_LOYO,2011,TCN,23,0.35603371262550354,0.5539533495903015,0.8374999761581421,0.7894737124443054,0.0010000000474974513
Outer_LOYO,2011,TCN,24,0.3471826910972595,0.5448190569877625,0.84375,0.7631579041481018,0.0010000000474974513
Outer_LOYO,2011,TCN,25,0.3089723587036133,0.5241382122039795,0.862500011920929,0.7894737124443054,0.0010000000474974513
Outer_LOYO,2011,TCN,26,0.36557596921920776,0.5381292700767517,0.862500011920929,0.7894737124443054,0.0010000000474974513
Outer_LOYO,2011,TCN,27,0.311394602060318,0.5315055847167969,0.8812500238418579,0.7894737124443054,0.0010000000474974513
Outer_LOYO,2011,TCN,28,0.2962239384651184,0.5978153944015503,0.856249988079071,0.7894737124443054,0.0010000000474974513
Outer_LOYO,2011,TCN,29,0.27670106291770935,0.5463165044784546,0.887499988079071,0.7894737124443054,0.0010000000474974513
Outer_LOYO,2011,TCN,30,0.2658800482749939,0.5369601845741272,0.8999999761581421,0.7894737124443054,0.0010000000474974513
Outer_LOYO,2011,TCN,31,0.41385969519615173,0.5454845428466797,0.8187500238418579,0.7894737124443054,0.0010000000474974513
Outer_LOYO,2011,TCN,32,0.26375100016593933,0.5838673710823059,0.9125000238418579,0.7631579041481018,0.0005000000237487257
Outer_LOYO,2011,TCN,33,0.3135145902633667,0.5814051628112793,0.8500000238418579,0.7631579041481018,0.0005000000237487257
Outer_LOYO,2011,TCN,34,0.2880673408508301,0.5681977868080139,0.887499988079071,0.7894737124443054,0.0005000000237487257
Outer_LOYO,2011,TCN,35,0.2523868680000305,0.5888063311576843,0.90625,0.7631579041481018,0.0005000000237487257
Outer_LOYO,2011,TCN,36,0.27511662244796753,0.6201375722885132,0.887499988079071,0.7631579041481018,0.0005000000237487257
Outer_LOYO,2011,TCN,37,0.26904335618019104,0.6177374720573425,0.90625,0.7631579041481018,0.0005000000237487257
Outer_LOYO,2011,TCN,38,0.2883540689945221,0.5878977179527283,0.893750011920929,0.7368420958518982,0.0005000000237487257
Outer_LOYO,2011,TCN,39,0.29707270860671997,0.5706616640090942,0.887499988079071,0.7368420958518982,0.0002500000118743628
Outer_LOYO,2011,TCN,40,0.26858437061309814,0.5772515535354614,0.9125000238418579,0.7368420958518982,0.0002500000118743628
Outer_LOYO,2011,TCN,41,0.2715435326099396,0.5787014961242676,0.8999999761581421,0.7105262875556946,0.0002500000118743628
Outer_LOYO,2011,TCN,42,0.2404812127351761,0.5855416059494019,0.90625,0.7631579041481018,0.0002500000118743628
Outer_LOYO,2011,TCN,43,0.26454710960388184,0.5843481421470642,0.925000011920929,0.7105262875556946,0.0002500000118743628
Outer_LOYO,2011,TCN,44,0.242039293050766,0.5811713337898254,0.8999999761581421,0.7368420958518982,0.0002500000118743628
Outer_LOYO,2011,TCN,45,0.24505741894245148,0.5833259224891663,0.8999999761581421,0.7368420958518982,0.0002500000118743628
Outer_LOYO,2011,CNN-LSTM,1,1.0719480514526367,1.0056562423706055,0.39375001192092896,0.5263158082962036,0.000699999975040555
Outer_LOYO,2011,CNN-LSTM,2,0.9389783143997192,0.9511172771453857,0.53125,0.6842105388641357,0.000699999975040555
Outer_LOYO,2011,CNN-LSTM,3,0.8137017488479614,0.8870560526847839,0.71875,0.7105262875556946,0.000699999975040555
Outer_LOYO,2011,CNN-LSTM,4,0.7252039909362793,0.8190092444419861,0.737500011920929,0.7368420958518982,0.000699999975040555
Outer_LOYO,2011,CNN-LSTM,5,0.6523011922836304,0.7615439891815186,0.768750011920929,0.7631579041481018,0.000699999975040555
Outer_LOYO,2011,CNN-LSTM,6,0.6101396679878235,0.7174723744392395,0.7749999761581421,0.7894737124443054,0.000699999975040555
Outer_LOYO,2011,CNN-LSTM,7,0.5506083965301514,0.6890747547149658,0.78125,0.7894737124443054,0.000699999975040555
Outer_LOYO,2011,CNN-LSTM,8,0.5266882181167603,0.6649171710014343,0.762499988079071,0.7894737124443054,0.000699999975040555
Outer_LOYO,2011,CNN-LSTM,9,0.521051824092865,0.6504479646682739,0.7749999761581421,0.7631579041481018,0.000699999975040555
Outer_LOYO,2011,CNN-LSTM,10,0.5061675310134888,0.6338731646537781,0.8187500238418579,0.7894737124443054,0.000699999975040555
Outer_LOYO,2011,CNN-LSTM,11,0.47791990637779236,0.6213245391845703,0.793749988079071,0.7894737124443054,0.000699999975040555
Outer_LOYO,2011,CNN-LSTM,12,0.4703065752983093,0.6189468502998352,0.8062499761581421,0.7368420958518982,0.000699999975040555
Outer_LOYO,2011,CNN-LSTM,13,0.45107680559158325,0.6138026118278503,0.793749988079071,0.7368420958518982,0.000699999975040555
Outer_LOYO,2011,CNN-LSTM,14,0.4034655690193176,0.6087565422058105,0.824999988079071,0.7368420958518982,0.000699999975040555
Outer_LOYO,2011,CNN-LSTM,15,0.42158326506614685,0.6023476123809814,0.831250011920929,0.7894737124443054,0.000699999975040555
Outer_LOYO,2011,CNN-LSTM,16,0.42719706892967224,0.605769157409668,0.800000011920929,0.7368420958518982,0.000699999975040555
Outer_LOYO,2011,CNN-LSTM,17,0.36899223923683167,0.611142098903656,0.8374999761581421,0.7368420958518982,0.000699999975040555
Outer_LOYO,2011,CNN-LSTM,18,0.38343822956085205,0.607649564743042,0.84375,0.7368420958518982,0.000699999975040555
Outer_LOYO,2011,CNN-LSTM,19,0.3353702425956726,0.5976672172546387,0.875,0.7368420958518982,0.000699999975040555
Outer_LOYO,2011,CNN-LSTM,20,0.3110526204109192,0.5866667032241821,0.862500011920929,0.7631579041481018,0.000699999975040555
Outer_LOYO,2011,CNN-LSTM,21,0.3124856650829315,0.6052767038345337,0.862500011920929,0.7631579041481018,0.000699999975040555
Outer_LOYO,2011,CNN-LSTM,22,0.28804871439933777,0.6172100901603699,0.875,0.7368420958518982,0.000699999975040555
Outer_LOYO,2011,CNN-LSTM,23,0.2748880684375763,0.6177467107772827,0.862500011920929,0.7368420958518982,0.000699999975040555
Outer_LOYO,2011,CNN-LSTM,24,0.27959197759628296,0.6192276477813721,0.8999999761581421,0.7368420958518982,0.000699999975040555
Outer_LOYO,2011,CNN-LSTM,25,0.28807520866394043,0.622403621673584,0.875,0.7368420958518982,0.000699999975040555
Outer_LOYO,2011,CNN-LSTM,26,0.2536970376968384,0.6308538317680359,0.893750011920929,0.7368420958518982,0.000699999975040555
Outer_LOYO,2011,CNN-LSTM,27,0.22856828570365906,0.6520012021064758,0.918749988079071,0.7368420958518982,0.0003499999875202775
Outer_LOYO,2011,CNN-LSTM,28,0.22087612748146057,0.6577649116516113,0.925000011920929,0.7368420958518982,0.0003499999875202775
Outer_LOYO,2011,CNN-LSTM,29,0.19044484198093414,0.6586588025093079,0.925000011920929,0.7368420958518982,0.0003499999875202775
Outer_LOYO,2011,CNN-LSTM,30,0.21797969937324524,0.6622977256774902,0.8999999761581421,0.7368420958518982,0.0003499999875202775
Outer_LOYO,2011,CNN-LSTM,31,0.20189476013183594,0.6725460886955261,0.925000011920929,0.7368420958518982,0.0003499999875202775
Outer_LOYO,2011,CNN-LSTM,32,0.20391015708446503,0.6711275577545166,0.9312499761581421,0.7631579041481018,0.0003499999875202775
Outer_LOYO,2011,CNN-LSTM,33,0.16705384850502014,0.6748912930488586,0.918749988079071,0.7631579041481018,0.0003499999875202775
Outer_LOYO,2011,CNN-LSTM,34,0.17240530252456665,0.6958627104759216,0.949999988079071,0.7631579041481018,0.00017499999376013875
Outer_LOYO,2011,CNN-LSTM,35,0.18386447429656982,0.702838122844696,0.9375,0.7631579041481018,0.00017499999376013875
Outer_LOYO,2011,CNN-LSTM,36,0.15294650197029114,0.6962701678276062,0.9437500238418579,0.7631579041481018,0.00017499999376013875
Outer_LOYO,2011,CNN-LSTM,37,0.2126406729221344,0.7002914547920227,0.918749988079071,0.7631579041481018,0.00017499999376013875
Outer_LOYO,2011,CNN-LSTM,38,0.16717664897441864,0.7035825848579407,0.925000011920929,0.7631579041481018,0.00017499999376013875
Outer_LOYO,2011,CNN-LSTM,39,0.17659103870391846,0.7067796587944031,0.9312499761581421,0.7631579041481018,0.00017499999376013875
Outer_LOYO,2011,CNN-LSTM,40,0.1576249599456787,0.712489902973175,0.925000011920929,0.7631579041481018,0.00017499999376013875
Outer_LOYO,2012,TCN,1,1.1132597923278809,1.0000829696655273,0.46666666865348816,0.4791666567325592,0.0010000000474974513
Outer_LOYO,2012,TCN,2,0.8164560794830322,0.9302115440368652,0.653333306312561,0.6458333134651184,0.0010000000474974513
Outer_LOYO,2012,TCN,3,0.7246379256248474,0.8561117053031921,0.6933333277702332,0.6666666865348816,0.0010000000474974513
Outer_LOYO,2012,TCN,4,0.6872324347496033,0.7972723841667175,0.7200000286102295,0.6875,0.0010000000474974513
Outer_LOYO,2012,TCN,5,0.695340096950531,0.7564048767089844,0.7066666483879089,0.7083333134651184,0.0010000000474974513
Outer_LOYO,2012,TCN,6,0.5484523773193359,0.7452999949455261,0.7933333516120911,0.7291666865348816,0.0010000000474974513
Outer_LOYO,2012,TCN,7,0.5383507013320923,0.726243257522583,0.7266666889190674,0.7708333134651184,0.0010000000474974513
Outer_LOYO,2012,TCN,8,0.5261254906654358,0.7099802494049072,0.7799999713897705,0.7708333134651184,0.0010000000474974513
Outer_LOYO,2012,TCN,9,0.4955599009990692,0.7187603116035461,0.7799999713897705,0.7708333134651184,0.0010000000474974513
Outer_LOYO,2012,TCN,10,0.46809741854667664,0.7200813293457031,0.8066666722297668,0.7708333134651184,0.0010000000474974513
Outer_LOYO,2012,TCN,11,0.4529673159122467,0.6835348010063171,0.7933333516120911,0.7916666865348816,0.0010000000474974513
Outer_LOYO,2012,TCN,12,0.41913580894470215,0.661458432674408,0.8066666722297668,0.7708333134651184,0.0010000000474974513
Outer_LOYO,2012,TCN,13,0.38576793670654297,0.6433081030845642,0.846666693687439,0.7916666865348816,0.0010000000474974513
Outer_LOYO,2012,TCN,14,0.38537853956222534,0.6004176735877991,0.8199999928474426,0.8333333134651184,0.0010000000474974513
Outer_LOYO,2012,TCN,15,0.4349461793899536,0.6047345995903015,0.8133333325386047,0.8125,0.0010000000474974513
Outer_LOYO,2012,TCN,16,0.3702758848667145,0.6319620013237,0.8666666746139526,0.7708333134651184,0.0010000000474974513
Outer_LOYO,2012,TCN,17,0.3458946943283081,0.6085639595985413,0.8533333539962769,0.8333333134651184,0.0010000000474974513
Outer_LOYO,2012,TCN,18,0.42009270191192627,0.5757216811180115,0.8066666722297668,0.8333333134651184,0.0010000000474974513
Outer_LOYO,2012,TCN,19,0.31384551525115967,0.6288304328918457,0.8666666746139526,0.8125,0.0010000000474974513
Outer_LOYO,2012,TCN,20,0.3601579964160919,0.6561574339866638,0.8133333325386047,0.7708333134651184,0.0010000000474974513
Outer_LOYO,2012,TCN,21,0.36373376846313477,0.5987076163291931,0.8399999737739563,0.7916666865348816,0.0010000000474974513
Outer_LOYO,2012,TCN,22,0.37202757596969604,0.5856319069862366,0.8399999737739563,0.7916666865348816,0.0010000000474974513
Outer_LOYO,2012,TCN,23,0.39093339443206787,0.5701592564582825,0.8199999928474426,0.8125,0.0010000000474974513
Outer_LOYO,2012,TCN,24,0.3348832130432129,0.6225659251213074,0.8666666746139526,0.7916666865348816,0.0010000000474974513
Outer_LOYO,2012,TCN,25,0.3449231684207916,0.6158549189567566,0.8133333325386047,0.7916666865348816,0.0010000000474974513
Outer_LOYO,2012,TCN,26,0.3459548056125641,0.5878545045852661,0.8533333539962769,0.8125,0.0010000000474974513
Outer_LOYO,2012,TCN,27,0.29770100116729736,0.6647191643714905,0.8666666746139526,0.7708333134651184,0.0010000000474974513
Outer_LOYO,2012,TCN,28,0.38161349296569824,0.6666170954704285,0.8066666722297668,0.7708333134651184,0.0010000000474974513
Outer_LOYO,2012,TCN,29,0.25883081555366516,0.6262977123260498,0.8999999761581421,0.7708333134651184,0.0010000000474974513
Outer_LOYO,2012,TCN,30,0.41378718614578247,0.6195783019065857,0.846666693687439,0.7916666865348816,0.0005000000237487257
Outer_LOYO,2012,TCN,31,0.297619104385376,0.5985822677612305,0.8799999952316284,0.7916666865348816,0.0005000000237487257
Outer_LOYO,2012,TCN,32,0.3196406662464142,0.6385768055915833,0.8733333349227905,0.7708333134651184,0.0005000000237487257
Outer_LOYO,2012,TCN,33,0.3356289863586426,0.6130026578903198,0.8600000143051147,0.8125,0.0005000000237487257
Outer_LOYO,2012,TCN,34,0.2718484401702881,0.6049671173095703,0.9066666960716248,0.7916666865348816,0.0005000000237487257
Outer_LOYO,2012,TCN,35,0.33490172028541565,0.6346176266670227,0.8266666531562805,0.7916666865348816,0.0005000000237487257
Outer_LOYO,2012,TCN,36,0.26759812235832214,0.6709650158882141,0.8999999761581421,0.7916666865348816,0.0005000000237487257
Outer_LOYO,2012,TCN,37,0.35005179047584534,0.639481782913208,0.8199999928474426,0.8125,0.0002500000118743628
Outer_LOYO,2012,TCN,38,0.2606312036514282,0.6320701837539673,0.8999999761581421,0.8125,0.0002500000118743628
Outer_LOYO,2012,TCN,39,0.3749397397041321,0.6745885014533997,0.8333333134651184,0.7916666865348816,0.0002500000118743628
Outer_LOYO,2012,TCN,40,0.30391108989715576,0.688927948474884,0.8733333349227905,0.7708333134651184,0.0002500000118743628
Outer_LOYO,2012,TCN,41,0.2848976254463196,0.7052083611488342,0.8733333349227905,0.7708333134651184,0.0002500000118743628
Outer_LOYO,2012,TCN,42,0.24842482805252075,0.6902305483818054,0.9133333563804626,0.7708333134651184,0.0002500000118743628
Outer_LOYO,2012,TCN,43,0.2680196762084961,0.6862021088600159,0.9133333563804626,0.7708333134651184,0.0002500000118743628
Outer_LOYO,2012,CNN-LSTM,1,1.0422900915145874,1.0112025737762451,0.5199999809265137,0.6458333134651184,0.000699999975040555
Outer_LOYO,2012,CNN-LSTM,2,0.9411500096321106,0.9576201438903809,0.6466666460037231,0.7708333134651184,0.000699999975040555
Outer_LOYO,2012,CNN-LSTM,3,0.8676038384437561,0.8968833088874817,0.6600000262260437,0.7916666865348816,0.000699999975040555
Outer_LOYO,2012,CNN-LSTM,4,0.7933690547943115,0.846569299697876,0.7066666483879089,0.8125,0.000699999975040555
Outer_LOYO,2012,CNN-LSTM,5,0.703062891960144,0.7999638915061951,0.7599999904632568,0.75,0.000699999975040555
Outer_LOYO,2012,CNN-LSTM,6,0.6410989165306091,0.7516088485717773,0.7866666913032532,0.75,0.000699999975040555
Outer_LOYO,2012,CNN-LSTM,7,0.5905500054359436,0.7123768329620361,0.7733333110809326,0.7708333134651184,0.000699999975040555
Outer_LOYO,2012,CNN-LSTM,8,0.5410438776016235,0.6955901980400085,0.8199999928474426,0.7708333134651184,0.000699999975040555
Outer_LOYO,2012,CNN-LSTM,9,0.4835105240345001,0.6727448105812073,0.7799999713897705,0.75,0.000699999975040555
Outer_LOYO,2012,CNN-LSTM,10,0.46440842747688293,0.6568076014518738,0.8133333325386047,0.75,0.000699999975040555
Outer_LOYO,2012,CNN-LSTM,11,0.4498448073863983,0.6474500298500061,0.8266666531562805,0.75,0.000699999975040555
Outer_LOYO,2012,CNN-LSTM,12,0.4333898425102234,0.6379106640815735,0.8066666722297668,0.7708333134651184,0.000699999975040555
Outer_LOYO,2012,CNN-LSTM,13,0.46520522236824036,0.6269002556800842,0.800000011920929,0.7708333134651184,0.000699999975040555
Outer_LOYO,2012,CNN-LSTM,14,0.4191182851791382,0.6201534271240234,0.8066666722297668,0.7708333134651184,0.000699999975040555
Outer_LOYO,2012,CNN-LSTM,15,0.38002949953079224,0.631695568561554,0.8133333325386047,0.7708333134651184,0.000699999975040555
Outer_LOYO,2012,CNN-LSTM,16,0.33476388454437256,0.6322170495986938,0.8533333539962769,0.75,0.000699999975040555
Outer_LOYO,2012,CNN-LSTM,17,0.37282758951187134,0.6189282536506653,0.8600000143051147,0.7708333134651184,0.000699999975040555
Outer_LOYO,2012,CNN-LSTM,18,0.3143678307533264,0.6339823007583618,0.8600000143051147,0.75,0.000699999975040555
Outer_LOYO,2012,CNN-LSTM,19,0.31781190633773804,0.6664894819259644,0.8533333539962769,0.7291666865348816,0.000699999975040555
Outer_LOYO,2012,CNN-LSTM,20,0.28956422209739685,0.6457528471946716,0.8799999952316284,0.7708333134651184,0.000699999975040555
Outer_LOYO,2012,CNN-LSTM,21,0.2638413906097412,0.659052848815918,0.9066666960716248,0.75,0.000699999975040555
Outer_LOYO,2012,CNN-LSTM,22,0.251595675945282,0.6912262439727783,0.9066666960716248,0.75,0.000699999975040555
Outer_LOYO,2012,CNN-LSTM,23,0.29324114322662354,0.6845307350158691,0.8933333158493042,0.75,0.000699999975040555
Outer_LOYO,2012,CNN-LSTM,24,0.22910822927951813,0.706963062286377,0.9133333563804626,0.7916666865348816,0.0003499999875202775
Outer_LOYO,2012,CNN-LSTM,25,0.2102510780096054,0.7170052528381348,0.9133333563804626,0.75,0.0003499999875202775
Outer_LOYO,2012,CNN-LSTM,26,0.24271978437900543,0.7071223258972168,0.9133333563804626,0.75,0.0003499999875202775
Outer_LOYO,2012,CNN-LSTM,27,0.22113457322120667,0.7102661728858948,0.9399999976158142,0.75,0.0003499999875202775
Outer_LOYO,2012,CNN-LSTM,28,0.23416289687156677,0.7490578293800354,0.9133333563804626,0.7291666865348816,0.0003499999875202775
Outer_LOYO,2012,CNN-LSTM,29,0.19947956502437592,0.7673287391662598,0.9399999976158142,0.7291666865348816,0.0003499999875202775
Outer_LOYO,2012,CNN-LSTM,30,0.20156313478946686,0.7904621958732605,0.95333331823349,0.7083333134651184,0.0003499999875202775
Outer_LOYO,2012,CNN-LSTM,31,0.20192354917526245,0.7896750569343567,0.9266666769981384,0.7291666865348816,0.00017499999376013875
Outer_LOYO,2012,CNN-LSTM,32,0.17998561263084412,0.7920001149177551,0.9200000166893005,0.7291666865348816,0.00017499999376013875
Outer_LOYO,2012,CNN-LSTM,33,0.20459486544132233,0.7887507081031799,0.9133333563804626,0.7291666865348816,0.00017499999376013875
Outer_LOYO,2012,CNN-LSTM,34,0.2040107101202011,0.7878311276435852,0.9333333373069763,0.7291666865348816,0.00017499999376013875
Outer_LOYO,2012,CNN-LSTM,35,0.18944276869297028,0.8005463480949402,0.9266666769981384,0.7083333134651184,0.00017499999376013875
Outer_LOYO,2012,CNN-LSTM,36,0.182155579328537,0.8156182169914246,0.95333331823349,0.7083333134651184,0.00017499999376013875
Outer_LOYO,2012,CNN-LSTM,37,0.20084810256958008,0.8207080364227295,0.95333331823349,0.7291666865348816,0.00017499999376013875
Outer_LOYO,2013,TCN,1,1.086860179901123,0.9993814826011658,0.4312500059604645,0.6744186282157898,0.0010000000474974513
Outer_LOYO,2013,TCN,2,0.8444134593009949,0.9046180844306946,0.6000000238418579,0.7209302186965942,0.0010000000474974513
Outer_LOYO,2013,TCN,3,0.673967719078064,0.8307101130485535,0.7124999761581421,0.7906976938247681,0.0010000000474974513
Outer_LOYO,2013,TCN,4,0.5921415090560913,0.7827852964401245,0.7749999761581421,0.7906976938247681,0.0010000000474974513
Outer_LOYO,2013,TCN,5,0.587348461151123,0.7465951442718506,0.768750011920929,0.7674418687820435,0.0010000000474974513
Outer_LOYO,2013,TCN,6,0.5187078714370728,0.7226023077964783,0.7749999761581421,0.7674418687820435,0.0010000000474974513
Outer_LOYO,2013,TCN,7,0.4419064521789551,0.7055578827857971,0.8062499761581421,0.7906976938247681,0.0010000000474974513
Outer_LOYO,2013,TCN,8,0.4848342537879944,0.6863237619400024,0.8125,0.7674418687820435,0.0010000000474974513
Outer_LOYO,2013,TCN,9,0.486520379781723,0.6712052226066589,0.78125,0.7906976938247681,0.0010000000474974513
Outer_LOYO,2013,TCN,10,0.40927523374557495,0.6953964829444885,0.8062499761581421,0.7906976938247681,0.0010000000474974513
Outer_LOYO,2013,TCN,11,0.43808573484420776,0.6854338645935059,0.75,0.7674418687820435,0.0010000000474974513
Outer_LOYO,2013,TCN,12,0.39958512783050537,0.6813474893569946,0.831250011920929,0.7441860437393188,0.0010000000474974513
Outer_LOYO,2013,TCN,13,0.4132347106933594,0.6722475290298462,0.8187500238418579,0.7441860437393188,0.0010000000474974513
Outer_LOYO,2013,TCN,14,0.4142095446586609,0.676654577255249,0.8187500238418579,0.7441860437393188,0.0010000000474974513
Outer_LOYO,2013,TCN,15,0.3794954717159271,0.7109202742576599,0.831250011920929,0.7441860437393188,0.0010000000474974513
Outer_LOYO,2013,TCN,16,0.3566935360431671,0.7804471254348755,0.824999988079071,0.7209302186965942,0.0005000000237487257
Outer_LOYO,2013,TCN,17,0.40276479721069336,0.7629644870758057,0.84375,0.7209302186965942,0.0005000000237487257
Outer_LOYO,2013,TCN,18,0.3836783468723297,0.7493883371353149,0.831250011920929,0.7209302186965942,0.0005000000237487257
Outer_LOYO,2013,TCN,19,0.3281797766685486,0.7323938012123108,0.8687499761581421,0.7441860437393188,0.0005000000237487257
Outer_LOYO,2013,TCN,20,0.3420547842979431,0.7195010781288147,0.831250011920929,0.7674418687820435,0.0005000000237487257
Outer_LOYO,2013,TCN,21,0.3376823961734772,0.7298929691314697,0.84375,0.7674418687820435,0.0005000000237487257
Outer_LOYO,2013,TCN,22,0.33411628007888794,0.743496298789978,0.862500011920929,0.7674418687820435,0.0005000000237487257
Outer_LOYO,2013,TCN,23,0.37459176778793335,0.7661592364311218,0.8187500238418579,0.7441860437393188,0.0002500000118743628
Outer_LOYO,2013,TCN,24,0.2963736653327942,0.7716954946517944,0.875,0.7441860437393188,0.0002500000118743628
Outer_LOYO,2013,TCN,25,0.35834378004074097,0.7970288395881653,0.84375,0.7441860437393188,0.0002500000118743628
Outer_LOYO,2013,TCN,26,0.35659778118133545,0.8108298778533936,0.8500000238418579,0.7209302186965942,0.0002500000118743628
Outer_LOYO,2013,TCN,27,0.31882306933403015,0.8223758935928345,0.8812500238418579,0.7441860437393188,0.0002500000118743628
Outer_LOYO,2013,TCN,28,0.2850129008293152,0.8182058334350586,0.875,0.7441860437393188,0.0002500000118743628
Outer_LOYO,2013,TCN,29,0.2946861684322357,0.8330437541007996,0.8999999761581421,0.7674418687820435,0.0002500000118743628
Outer_LOYO,2013,CNN-LSTM,1,1.0346877574920654,1.0114116668701172,0.48750001192092896,0.7441860437393188,0.000699999975040555
Outer_LOYO,2013,CNN-LSTM,2,0.9080360531806946,0.9583397507667542,0.6625000238418579,0.8139534592628479,0.000699999975040555
Outer_LOYO,2013,CNN-LSTM,3,0.7962003946304321,0.894280731678009,0.75,0.7674418687820435,0.000699999975040555
Outer_LOYO,2013,CNN-LSTM,4,0.7490873336791992,0.8334210515022278,0.737500011920929,0.8139534592628479,0.000699999975040555
Outer_LOYO,2013,CNN-LSTM,5,0.6301401853561401,0.7779731750488281,0.800000011920929,0.7906976938247681,0.000699999975040555
Outer_LOYO,2013,CNN-LSTM,6,0.6266037225723267,0.7343674302101135,0.8062499761581421,0.7441860437393188,0.000699999975040555
Outer_LOYO,2013,CNN-LSTM,7,0.5158493518829346,0.717099666595459,0.793749988079071,0.6976743936538696,0.000699999975040555
Outer_LOYO,2013,CNN-LSTM,8,0.5288917422294617,0.6911543011665344,0.800000011920929,0.7441860437393188,0.000699999975040555
Outer_LOYO,2013,CNN-LSTM,9,0.49416905641555786,0.668112576007843,0.8062499761581421,0.7441860437393188,0.000699999975040555
Outer_LOYO,2013,CNN-LSTM,10,0.4753710627555847,0.654905378818512,0.8062499761581421,0.7674418687820435,0.000699999975040555
Outer_LOYO,2013,CNN-LSTM,11,0.45152512192726135,0.6515482664108276,0.8125,0.7441860437393188,0.000699999975040555
Outer_LOYO,2013,CNN-LSTM,12,0.4373607635498047,0.6840620636940002,0.800000011920929,0.6744186282157898,0.000699999975040555
Outer_LOYO,2013,CNN-LSTM,13,0.42750677466392517,0.6712952852249146,0.831250011920929,0.6976743936538696,0.000699999975040555
Outer_LOYO,2013,CNN-LSTM,14,0.3857145309448242,0.6665582656860352,0.856249988079071,0.6976743936538696,0.000699999975040555
Outer_LOYO,2013,CNN-LSTM,15,0.4227811396121979,0.6956018805503845,0.824999988079071,0.6976743936538696,0.000699999975040555
Outer_LOYO,2013,CNN-LSTM,16,0.3598932921886444,0.72687166929245,0.875,0.6976743936538696,0.000699999975040555
Outer_LOYO,2013,CNN-LSTM,17,0.3741680085659027,0.7384530305862427,0.8500000238418579,0.6976743936538696,0.000699999975040555
Outer_LOYO,2013,CNN-LSTM,18,0.39643973112106323,0.7470365762710571,0.8374999761581421,0.6976743936538696,0.0003499999875202775
Outer_LOYO,2013,CNN-LSTM,19,0.297532856464386,0.7934281229972839,0.90625,0.6511628031730652,0.0003499999875202775
Outer_LOYO,2013,CNN-LSTM,20,0.2824002206325531,0.7775399088859558,0.9125000238418579,0.6976743936538696,0.0003499999875202775
Outer_LOYO,2013,CNN-LSTM,21,0.3438754081726074,0.7907108068466187,0.8500000238418579,0.6976743936538696,0.0003499999875202775
Outer_LOYO,2013,CNN-LSTM,22,0.2828078866004944,0.759921133518219,0.887499988079071,0.6976743936538696,0.0003499999875202775
Outer_LOYO,2013,CNN-LSTM,23,0.25925761461257935,0.7586778998374939,0.9125000238418579,0.6976743936538696,0.0003499999875202775
Outer_LOYO,2013,CNN-LSTM,24,0.321084201335907,0.7825235724449158,0.875,0.6976743936538696,0.0003499999875202775
Outer_LOYO,2013,CNN-LSTM,25,0.2677484452724457,0.7949694991111755,0.9125000238418579,0.6976743936538696,0.00017499999376013875
Outer_LOYO,2013,CNN-LSTM,26,0.2663572430610657,0.802671492099762,0.9125000238418579,0.6976743936538696,0.00017499999376013875
Outer_LOYO,2013,CNN-LSTM,27,0.25616541504859924,0.8179212808609009,0.90625,0.6976743936538696,0.00017499999376013875
Outer_LOYO,2013,CNN-LSTM,28,0.27462536096572876,0.8289268016815186,0.8999999761581421,0.6976743936538696,0.00017499999376013875
Outer_LOYO,2013,CNN-LSTM,29,0.25712209939956665,0.8462747931480408,0.893750011920929,0.6976743936538696,0.00017499999376013875
Outer_LOYO,2013,CNN-LSTM,30,0.22906973958015442,0.8596558570861816,0.9375,0.6976743936538696,0.00017499999376013875
Outer_LOYO,2013,CNN-LSTM,31,0.2612003982067108,0.8493372797966003,0.893750011920929,0.6976743936538696,0.00017499999376013875
Outer_LOYO,2014,TCN,1,1.112849235534668,0.9922229647636414,0.4625000059604645,0.5813953280448914,0.0010000000474974513
Outer_LOYO,2014,TCN,2,0.8180616497993469,0.8837862014770508,0.643750011920929,0.7209302186965942,0.0010000000474974513
Outer_LOYO,2014,TCN,3,0.5871011018753052,0.814495325088501,0.737500011920929,0.7441860437393188,0.0010000000474974513
Outer_LOYO,2014,TCN,4,0.5304156541824341,0.765234112739563,0.7875000238418579,0.7441860437393188,0.0010000000474974513
Outer_LOYO,2014,TCN,5,0.5488649010658264,0.7327241897583008,0.8062499761581421,0.7441860437393188,0.0010000000474974513
Outer_LOYO,2014,TCN,6,0.507706880569458,0.7043972611427307,0.768750011920929,0.7441860437393188,0.0010000000474974513
Outer_LOYO,2014,TCN,7,0.4857500195503235,0.6736385822296143,0.8125,0.7906976938247681,0.0010000000474974513
Outer_LOYO,2014,TCN,8,0.48999515175819397,0.6668623685836792,0.8062499761581421,0.7441860437393188,0.0010000000474974513
Outer_LOYO,2014,TCN,9,0.3830711543560028,0.643682062625885,0.8125,0.7674418687820435,0.0010000000474974513
Outer_LOYO,2014,TCN,10,0.4614584445953369,0.6461897492408752,0.8125,0.7674418687820435,0.0010000000474974513
Outer_LOYO,2014,TCN,11,0.4074525833129883,0.6412670016288757,0.8374999761581421,0.7674418687820435,0.0010000000474974513
Outer_LOYO,2014,TCN,12,0.38376206159591675,0.659394383430481,0.8125,0.7209302186965942,0.0010000000474974513
Outer_LOYO,2014,TCN,13,0.3902190327644348,0.6423793435096741,0.8374999761581421,0.7441860437393188,0.0010000000474974513
Outer_LOYO,2014,TCN,14,0.37334969639778137,0.6065218448638916,0.824999988079071,0.7906976938247681,0.0010000000474974513
Outer_LOYO,2014,TCN,15,0.335238516330719,0.5950212478637695,0.856249988079071,0.7906976938247681,0.0010000000474974513
Outer_LOYO,2014,TCN,16,0.37710142135620117,0.5967719554901123,0.862500011920929,0.7906976938247681,0.0010000000474974513
Outer_LOYO,2014,TCN,17,0.36531126499176025,0.6052011251449585,0.84375,0.7674418687820435,0.0010000000474974513
Outer_LOYO,2014,TCN,18,0.4357757568359375,0.617247998714447,0.8374999761581421,0.7906976938247681,0.0010000000474974513
Outer_LOYO,2014,TCN,19,0.343858540058136,0.6343935132026672,0.824999988079071,0.7906976938247681,0.0010000000474974513
Outer_LOYO,2014,TCN,20,0.33030012249946594,0.6290672421455383,0.893750011920929,0.7906976938247681,0.0010000000474974513
Outer_LOYO,2014,TCN,21,0.3352338671684265,0.6343122720718384,0.862500011920929,0.7906976938247681,0.0010000000474974513
Outer_LOYO,2014,TCN,22,0.38292235136032104,0.6230195760726929,0.8374999761581421,0.7674418687820435,0.0005000000237487257
Outer_LOYO,2014,TCN,23,0.2783338725566864,0.6270599961280823,0.8812500238418579,0.7674418687820435,0.0005000000237487257
Outer_LOYO,2014,TCN,24,0.2871217429637909,0.632620096206665,0.8687499761581421,0.7906976938247681,0.0005000000237487257
Outer_LOYO,2014,TCN,25,0.2512679398059845,0.6513515114784241,0.9125000238418579,0.7906976938247681,0.0005000000237487257
Outer_LOYO,2014,TCN,26,0.2751380503177643,0.6564865708351135,0.8999999761581421,0.7906976938247681,0.0005000000237487257
Outer_LOYO,2014,TCN,27,0.24985022842884064,0.6492091417312622,0.90625,0.7906976938247681,0.0005000000237487257
Outer_LOYO,2014,TCN,28,0.3008825182914734,0.6468687653541565,0.856249988079071,0.7906976938247681,0.0005000000237487257
Outer_LOYO,2014,TCN,29,0.32058605551719666,0.6449881792068481,0.8812500238418579,0.7906976938247681,0.0002500000118743628
Outer_LOYO,2014,TCN,30,0.26282787322998047,0.6451367139816284,0.887499988079071,0.7906976938247681,0.0002500000118743628
Outer_LOYO,2014,TCN,31,0.2828614413738251,0.6470001339912415,0.8812500238418579,0.7906976938247681,0.0002500000118743628
Outer_LOYO,2014,TCN,32,0.2785431742668152,0.662697434425354,0.856249988079071,0.7906976938247681,0.0002500000118743628
Outer_LOYO,2014,TCN,33,0.27257558703422546,0.6651244759559631,0.875,0.7906976938247681,0.0002500000118743628
Outer_LOYO,2014,TCN,34,0.27699869871139526,0.6701316833496094,0.893750011920929,0.7906976938247681,0.0002500000118743628
Outer_LOYO,2014,TCN,35,0.23699608445167542,0.6780519485473633,0.918749988079071,0.7906976938247681,0.0002500000118743628
Outer_LOYO,2014,CNN-LSTM,1,1.0902354717254639,1.06522536277771,0.3499999940395355,0.4883720874786377,0.000699999975040555
Outer_LOYO,2014,CNN-LSTM,2,0.963397204875946,0.9966660141944885,0.6000000238418579,0.7209302186965942,0.000699999975040555
Outer_LOYO,2014,CNN-LSTM,3,0.8660141825675964,0.9341493844985962,0.6937500238418579,0.7441860437393188,0.000699999975040555
Outer_LOYO,2014,CNN-LSTM,4,0.7614418864250183,0.8769692778587341,0.737500011920929,0.7674418687820435,0.000699999975040555
Outer_LOYO,2014,CNN-LSTM,5,0.7127825021743774,0.8132356405258179,0.75,0.7906976938247681,0.000699999975040555
Outer_LOYO,2014,CNN-LSTM,6,0.6431621313095093,0.760852038860321,0.75,0.7906976938247681,0.000699999975040555
Outer_LOYO,2014,CNN-LSTM,7,0.5792980790138245,0.7157921195030212,0.793749988079071,0.7441860437393188,0.000699999975040555
Outer_LOYO,2014,CNN-LSTM,8,0.5417883396148682,0.6818588376045227,0.7875000238418579,0.7209302186965942,0.000699999975040555
Outer_LOYO,2014,CNN-LSTM,9,0.4998154044151306,0.6629461050033569,0.8125,0.7674418687820435,0.000699999975040555
Outer_LOYO,2014,CNN-LSTM,10,0.4648958742618561,0.6463165879249573,0.8125,0.7209302186965942,0.000699999975040555
Outer_LOYO,2014,CNN-LSTM,11,0.41735076904296875,0.6271438598632812,0.84375,0.7209302186965942,0.000699999975040555
Outer_LOYO,2014,CNN-LSTM,12,0.4337746500968933,0.6082998514175415,0.8187500238418579,0.7674418687820435,0.000699999975040555
Outer_LOYO,2014,CNN-LSTM,13,0.39793524146080017,0.6089959144592285,0.831250011920929,0.7441860437393188,0.000699999975040555
Outer_LOYO,2014,CNN-LSTM,14,0.38438206911087036,0.6092596054077148,0.875,0.7441860437393188,0.000699999975040555
Outer_LOYO,2014,CNN-LSTM,15,0.36188364028930664,0.6052475571632385,0.856249988079071,0.7441860437393188,0.000699999975040555
Outer_LOYO,2014,CNN-LSTM,16,0.3298547863960266,0.6157933473587036,0.887499988079071,0.7209302186965942,0.000699999975040555
Outer_LOYO,2014,CNN-LSTM,17,0.3282696306705475,0.6046791672706604,0.862500011920929,0.6976743936538696,0.000699999975040555
Outer_LOYO,2014,CNN-LSTM,18,0.2716086804866791,0.6156590580940247,0.9125000238418579,0.7209302186965942,0.000699999975040555
Outer_LOYO,2014,CNN-LSTM,19,0.3146211504936218,0.6267380714416504,0.862500011920929,0.6976743936538696,0.000699999975040555
Outer_LOYO,2014,CNN-LSTM,20,0.29476696252822876,0.6447402238845825,0.893750011920929,0.6976743936538696,0.000699999975040555
Outer_LOYO,2014,CNN-LSTM,21,0.2604322135448456,0.6338281631469727,0.875,0.6976743936538696,0.000699999975040555
Outer_LOYO,2014,CNN-LSTM,22,0.24329455196857452,0.5977487564086914,0.925000011920929,0.7209302186965942,0.000699999975040555
Outer_LOYO,2014,CNN-LSTM,23,0.2711695730686188,0.6089161038398743,0.893750011920929,0.7209302186965942,0.000699999975040555
Outer_LOYO,2014,CNN-LSTM,24,0.20154213905334473,0.6763457655906677,0.956250011920929,0.6976743936538696,0.000699999975040555
Outer_LOYO,2014,CNN-LSTM,25,0.18207262456417084,0.6979803442955017,0.956250011920929,0.7209302186965942,0.000699999975040555
Outer_LOYO,2014,CNN-LSTM,26,0.22887282073497772,0.6956104040145874,0.893750011920929,0.7209302186965942,0.000699999975040555
Outer_LOYO,2014,CNN-LSTM,27,0.20192766189575195,0.678680419921875,0.925000011920929,0.7209302186965942,0.000699999975040555
Outer_LOYO,2014,CNN-LSTM,28,0.17192032933235168,0.6822007298469543,0.949999988079071,0.7441860437393188,0.000699999975040555
Outer_LOYO,2014,CNN-LSTM,29,0.17005778849124908,0.7221570611000061,0.9437500238418579,0.6976743936538696,0.0003499999875202775
Outer_LOYO,2014,CNN-LSTM,30,0.13258995115756989,0.7381288409233093,0.9750000238418579,0.7209302186965942,0.0003499999875202775
Outer_LOYO,2014,CNN-LSTM,31,0.15488167107105255,0.7559416890144348,0.96875,0.6976743936538696,0.0003499999875202775
Outer_LOYO,2014,CNN-LSTM,32,0.1874864548444748,0.7232561707496643,0.925000011920929,0.7209302186965942,0.0003499999875202775
Outer_LOYO,2014,CNN-LSTM,33,0.12716400623321533,0.7387644648551941,0.9624999761581421,0.7209302186965942,0.0003499999875202775
Outer_LOYO,2014,CNN-LSTM,34,0.1331121176481247,0.7605239748954773,0.9624999761581421,0.7209302186965942,0.0003499999875202775
Outer_LOYO,2014,CNN-LSTM,35,0.12665323913097382,0.7809435725212097,0.9624999761581421,0.7209302186965942,0.0003499999875202775
Outer_LOYO,2014,CNN-LSTM,36,0.1530613899230957,0.798213541507721,0.949999988079071,0.7441860437393188,0.00017499999376013875
Outer_LOYO,2014,CNN-LSTM,37,0.10553240776062012,0.8039591312408447,0.96875,0.7209302186965942,0.00017499999376013875
Outer_LOYO,2014,CNN-LSTM,38,0.12723073363304138,0.8001841902732849,0.9437500238418579,0.7209302186965942,0.00017499999376013875
Outer_LOYO,2014,CNN-LSTM,39,0.10695656388998032,0.8067050576210022,0.987500011920929,0.7209302186965942,0.00017499999376013875
Outer_LOYO,2014,CNN-LSTM,40,0.14516405761241913,0.8100496530532837,0.956250011920929,0.6976743936538696,0.00017499999376013875
Outer_LOYO,2014,CNN-LSTM,41,0.08412140607833862,0.8105138540267944,0.981249988079071,0.6976743936538696,0.00017499999376013875
Outer_LOYO,2014,CNN-LSTM,42,0.12270305305719376,0.8211667537689209,0.9750000238418579,0.6976743936538696,0.00017499999376013875
Outer_LOYO,2015,TCN,1,1.1835436820983887,0.931516170501709,0.44516128301620483,0.75,0.0010000000474974513
Outer_LOYO,2015,TCN,2,0.8625453114509583,0.8381169438362122,0.6322580575942993,0.7916666865348816,0.0010000000474974513
Outer_LOYO,2015,TCN,3,0.7396702766418457,0.7781215310096741,0.6903225779533386,0.7916666865348816,0.0010000000474974513
Outer_LOYO,2015,TCN,4,0.6394276022911072,0.7336264252662659,0.7290322780609131,0.7916666865348816,0.0010000000474974513
Outer_LOYO,2015,TCN,5,0.6534413695335388,0.6961004734039307,0.7419354915618896,0.8125,0.0010000000474974513
Outer_LOYO,2015,TCN,6,0.6229259371757507,0.6864519119262695,0.7032257914543152,0.8333333134651184,0.0010000000474974513
Outer_LOYO,2015,TCN,7,0.5364291071891785,0.6520885229110718,0.7677419185638428,0.8333333134651184,0.0010000000474974513
Outer_LOYO,2015,TCN,8,0.532875120639801,0.6036496162414551,0.7612903118133545,0.8958333134651184,0.0010000000474974513
Outer_LOYO,2015,TCN,9,0.45895612239837646,0.5794329643249512,0.85161292552948,0.875,0.0010000000474974513
Outer_LOYO,2015,TCN,10,0.511396586894989,0.5664899945259094,0.7870967984199524,0.875,0.0010000000474974513
Outer_LOYO,2015,TCN,11,0.5162901878356934,0.5543252825737,0.7806451320648193,0.8333333134651184,0.0010000000474974513
Outer_LOYO,2015,TCN,12,0.4622160792350769,0.5390816926956177,0.7870967984199524,0.8958333134651184,0.0010000000474974513
Outer_LOYO,2015,TCN,13,0.5025120377540588,0.5188074111938477,0.7612903118133545,0.875,0.0010000000474974513
Outer_LOYO,2015,TCN,14,0.4952576756477356,0.5070274472236633,0.774193525314331,0.8958333134651184,0.0010000000474974513
Outer_LOYO,2015,TCN,15,0.43474116921424866,0.49580514430999756,0.800000011920929,0.8333333134651184,0.0010000000474974513
Outer_LOYO,2015,TCN,16,0.5380802154541016,0.4791280925273895,0.8193548321723938,0.8958333134651184,0.0010000000474974513
Outer_LOYO,2015,TCN,17,0.4971426725387573,0.4746779203414917,0.7935484051704407,0.875,0.0010000000474974513
Outer_LOYO,2015,TCN,18,0.4182504415512085,0.4755120575428009,0.8258064389228821,0.9166666865348816,0.0010000000474974513
Outer_LOYO,2015,TCN,19,0.41493573784828186,0.4581761062145233,0.8709677457809448,0.8958333134651184,0.0010000000474974513
Outer_LOYO,2015,TCN,20,0.39712387323379517,0.45085135102272034,0.8322580456733704,0.875,0.0010000000474974513
Outer_LOYO,2015,TCN,21,0.38226214051246643,0.42424455285072327,0.8258064389228821,0.8958333134651184,0.0010000000474974513
Outer_LOYO,2015,TCN,22,0.40458279848098755,0.42510566115379333,0.8064516186714172,0.8958333134651184,0.0010000000474974513
Outer_LOYO,2015,TCN,23,0.3329504430294037,0.43666282296180725,0.8451613187789917,0.875,0.0010000000474974513
Outer_LOYO,2015,TCN,24,0.46533581614494324,0.3959968090057373,0.8064516186714172,0.9166666865348816,0.0010000000474974513
Outer_LOYO,2015,TCN,25,0.39221611618995667,0.40600255131721497,0.8193548321723938,0.8958333134651184,0.0010000000474974513
Outer_LOYO,2015,TCN,26,0.37345850467681885,0.41053128242492676,0.8258064389228821,0.8541666865348816,0.0010000000474974513
Outer_LOYO,2015,TCN,27,0.3754222095012665,0.4104645252227783,0.8322580456733704,0.8541666865348816,0.0010000000474974513
Outer_LOYO,2015,TCN,28,0.34644341468811035,0.3642898499965668,0.8580645322799683,0.875,0.0010000000474974513
Outer_LOYO,2015,TCN,29,0.34309759736061096,0.37711524963378906,0.8645161390304565,0.8958333134651184,0.0010000000474974513
Outer_LOYO,2015,TCN,30,0.2940429151058197,0.3860325813293457,0.8838709592819214,0.8958333134651184,0.0010000000474974513
Outer_LOYO,2015,TCN,31,0.3355221152305603,0.37653684616088867,0.8838709592819214,0.8958333134651184,0.0010000000474974513
Outer_LOYO,2015,TCN,32,0.3502630293369293,0.36176732182502747,0.8645161390304565,0.9166666865348816,0.0010000000474974513
Outer_LOYO,2015,TCN,33,0.3010353744029999,0.3724021911621094,0.8903225660324097,0.8958333134651184,0.0010000000474974513
Outer_LOYO,2015,TCN,34,0.35673850774765015,0.40597113966941833,0.85161292552948,0.875,0.0010000000474974513
Outer_LOYO,2015,TCN,35,0.2698131203651428,0.3930586874485016,0.8838709592819214,0.8541666865348816,0.0010000000474974513
Outer_LOYO,2015,TCN,36,0.23273210227489471,0.3912027180194855,0.9225806593894958,0.875,0.0010000000474974513
Outer_LOYO,2015,TCN,37,0.26876315474510193,0.39709553122520447,0.896774172782898,0.875,0.0010000000474974513
Outer_LOYO,2015,TCN,38,0.3086872100830078,0.42435917258262634,0.8774193525314331,0.8333333134651184,0.0010000000474974513
Outer_LOYO,2015,TCN,39,0.3510627746582031,0.4423600137233734,0.8193548321723938,0.8333333134651184,0.0005000000237487257
Outer_LOYO,2015,TCN,40,0.23975542187690735,0.42483189702033997,0.9161290526390076,0.8333333134651184,0.0005000000237487257
Outer_LOYO,2015,TCN,41,0.33898231387138367,0.3987520635128021,0.8580645322799683,0.8333333134651184,0.0005000000237487257
Outer_LOYO,2015,TCN,42,0.2402285486459732,0.384946346282959,0.8903225660324097,0.875,0.0005000000237487257
Outer_LOYO,2015,TCN,43,0.25193169713020325,0.36089929938316345,0.9096774458885193,0.875,0.0005000000237487257
Outer_LOYO,2015,TCN,44,0.25991177558898926,0.34787067770957947,0.8709677457809448,0.875,0.0005000000237487257
Outer_LOYO,2015,TCN,45,0.27105820178985596,0.33688533306121826,0.8903225660324097,0.875,0.0005000000237487257
Outer_LOYO,2015,TCN,46,0.2226206660270691,0.344944566488266,0.896774172782898,0.8958333134651184,0.0005000000237487257
Outer_LOYO,2015,TCN,47,0.21832406520843506,0.3708397150039673,0.9161290526390076,0.875,0.0005000000237487257
Outer_LOYO,2015,TCN,48,0.19407431781291962,0.36736324429512024,0.9419354796409607,0.875,0.0005000000237487257
Outer_LOYO,2015,TCN,49,0.21954108774662018,0.3538706302642822,0.9032257795333862,0.875,0.0005000000237487257
Outer_LOYO,2015,TCN,50,0.33480218052864075,0.3538326323032379,0.8838709592819214,0.8958333134651184,0.0005000000237487257
Outer_LOYO,2015,TCN,51,0.2665337920188904,0.3461202085018158,0.8645161390304565,0.8958333134651184,0.0005000000237487257
Outer_LOYO,2015,TCN,52,0.22588929533958435,0.3515658378601074,0.8838709592819214,0.875,0.0002500000118743628
Outer_LOYO,2015,TCN,53,0.2131153792142868,0.35609951615333557,0.9032257795333862,0.8541666865348816,0.0002500000118743628
Outer_LOYO,2015,TCN,54,0.2500914931297302,0.3617341220378876,0.8903225660324097,0.8541666865348816,0.0002500000118743628
Outer_LOYO,2015,TCN,55,0.2662818431854248,0.3716139793395996,0.8645161390304565,0.875,0.0002500000118743628
Outer_LOYO,2015,TCN,56,0.25599464774131775,0.38213205337524414,0.9032257795333862,0.875,0.0002500000118743628
Outer_LOYO,2015,TCN,57,0.167847141623497,0.3877420127391815,0.948387086391449,0.8541666865348816,0.0002500000118743628
Outer_LOYO,2015,TCN,58,0.2268601655960083,0.3794698417186737,0.9161290526390076,0.875,0.0002500000118743628
Outer_LOYO,2015,TCN,59,0.2333555668592453,0.37162962555885315,0.9225806593894958,0.875,0.0001250000059371814
Outer_LOYO,2015,TCN,60,0.23899146914482117,0.36274170875549316,0.8903225660324097,0.875,0.0001250000059371814
Outer_LOYO,2015,TCN,61,0.2601794898509979,0.3641623556613922,0.9096774458885193,0.875,0.0001250000059371814
Outer_LOYO,2015,TCN,62,0.17131681740283966,0.3611074686050415,0.9225806593894958,0.875,0.0001250000059371814
Outer_LOYO,2015,TCN,63,0.22487305104732513,0.3620259463787079,0.896774172782898,0.875,0.0001250000059371814
Outer_LOYO,2015,TCN,64,0.24005985260009766,0.3598715364933014,0.9032257795333862,0.875,0.0001250000059371814
Outer_LOYO,2015,TCN,65,0.2743503749370575,0.35872772336006165,0.896774172782898,0.875,0.0001250000059371814
Outer_LOYO,2015,CNN-LSTM,1,1.0083714723587036,0.9843049049377441,0.522580623626709,0.6666666865348816,0.000699999975040555
Outer_LOYO,2015,CNN-LSTM,2,0.8985947966575623,0.9142584800720215,0.6709677577018738,0.7291666865348816,0.000699999975040555
Outer_LOYO,2015,CNN-LSTM,3,0.8285450339317322,0.8460895419120789,0.6709677577018738,0.7291666865348816,0.000699999975040555
Outer_LOYO,2015,CNN-LSTM,4,0.7822046875953674,0.7893306612968445,0.7096773982048035,0.7916666865348816,0.000699999975040555
Outer_LOYO,2015,CNN-LSTM,5,0.7242574095726013,0.7267327308654785,0.7612903118133545,0.8125,0.000699999975040555
Outer_LOYO,2015,CNN-LSTM,6,0.6533974409103394,0.6822628378868103,0.774193525314331,0.7916666865348816,0.000699999975040555
Outer_LOYO,2015,CNN-LSTM,7,0.5889845490455627,0.6382738947868347,0.774193525314331,0.7916666865348816,0.000699999975040555
Outer_LOYO,2015,CNN-LSTM,8,0.5997036099433899,0.6068310141563416,0.7870967984199524,0.7916666865348816,0.000699999975040555
Outer_LOYO,2015,CNN-LSTM,9,0.525737464427948,0.5887965559959412,0.7806451320648193,0.7916666865348816,0.000699999975040555
Outer_LOYO,2015,CNN-LSTM,10,0.5089702010154724,0.5813218951225281,0.8129032254219055,0.7916666865348816,0.000699999975040555
Outer_LOYO,2015,CNN-LSTM,11,0.46424368023872375,0.5643588900566101,0.8258064389228821,0.7916666865348816,0.000699999975040555
Outer_LOYO,2015,CNN-LSTM,12,0.5073617696762085,0.5651787519454956,0.7870967984199524,0.7916666865348816,0.000699999975040555
Outer_LOYO,2015,CNN-LSTM,13,0.47721242904663086,0.5530709624290466,0.8129032254219055,0.7916666865348816,0.000699999975040555
Outer_LOYO,2015,CNN-LSTM,14,0.47590991854667664,0.5546355247497559,0.800000011920929,0.7916666865348816,0.000699999975040555
Outer_LOYO,2015,CNN-LSTM,15,0.44280803203582764,0.5519471168518066,0.7870967984199524,0.7708333134651184,0.000699999975040555
Outer_LOYO,2015,CNN-LSTM,16,0.3727094829082489,0.533163845539093,0.8580645322799683,0.7916666865348816,0.000699999975040555
Outer_LOYO,2015,CNN-LSTM,17,0.357056587934494,0.5469253063201904,0.8387096524238586,0.7708333134651184,0.000699999975040555
Outer_LOYO,2015,CNN-LSTM,18,0.4006572663784027,0.5114953517913818,0.8129032254219055,0.7916666865348816,0.000699999975040555
Outer_LOYO,2015,CNN-LSTM,19,0.34786245226860046,0.49314770102500916,0.8322580456733704,0.7916666865348816,0.000699999975040555
Outer_LOYO,2015,CNN-LSTM,20,0.42810171842575073,0.4772031307220459,0.85161292552948,0.8125,0.000699999975040555
Outer_LOYO,2015,CNN-LSTM,21,0.3036677837371826,0.5213959217071533,0.8387096524238586,0.7916666865348816,0.000699999975040555
Outer_LOYO,2015,CNN-LSTM,22,0.31294795870780945,0.5705692172050476,0.8709677457809448,0.7916666865348816,0.000699999975040555
Outer_LOYO,2015,CNN-LSTM,23,0.26311740279197693,0.542081356048584,0.9096774458885193,0.8125,0.000699999975040555
Outer_LOYO,2015,CNN-LSTM,24,0.24928195774555206,0.53061842918396,0.9161290526390076,0.8125,0.000699999975040555
Outer_LOYO,2015,CNN-LSTM,25,0.2947371006011963,0.5654754042625427,0.8838709592819214,0.7708333134651184,0.000699999975040555
Outer_LOYO,2015,CNN-LSTM,26,0.26065534353256226,0.5550875663757324,0.8774193525314331,0.7291666865348816,0.000699999975040555
Outer_LOYO,2015,CNN-LSTM,27,0.2401246577501297,0.5229055285453796,0.896774172782898,0.8125,0.0003499999875202775
Outer_LOYO,2015,CNN-LSTM,28,0.1709013283252716,0.5450039505958557,0.9806451797485352,0.7916666865348816,0.0003499999875202775
Outer_LOYO,2015,CNN-LSTM,29,0.2396523505449295,0.5593534708023071,0.9032257795333862,0.7916666865348816,0.0003499999875202775
Outer_LOYO,2015,CNN-LSTM,30,0.19928878545761108,0.5806309580802917,0.9161290526390076,0.75,0.0003499999875202775
Outer_LOYO,2015,CNN-LSTM,31,0.20858703553676605,0.5627009272575378,0.9354838728904724,0.75,0.0003499999875202775
Outer_LOYO,2015,CNN-LSTM,32,0.19268383085727692,0.5578060746192932,0.9354838728904724,0.7708333134651184,0.0003499999875202775
Outer_LOYO,2015,CNN-LSTM,33,0.17256639897823334,0.559661865234375,0.9419354796409607,0.7916666865348816,0.0003499999875202775
Outer_LOYO,2015,CNN-LSTM,34,0.18539652228355408,0.5751739144325256,0.9419354796409607,0.7916666865348816,0.00017499999376013875
Outer_LOYO,2015,CNN-LSTM,35,0.1829596310853958,0.5691176652908325,0.9290322661399841,0.7916666865348816,0.00017499999376013875
Outer_LOYO,2015,CNN-LSTM,36,0.198776975274086,0.5740188956260681,0.9290322661399841,0.7916666865348816,0.00017499999376013875
Outer_LOYO,2015,CNN-LSTM,37,0.162544846534729,0.5782127976417542,0.9419354796409607,0.7708333134651184,0.00017499999376013875
Outer_LOYO,2015,CNN-LSTM,38,0.16801080107688904,0.581577718257904,0.9354838728904724,0.7916666865348816,0.00017499999376013875
Outer_LOYO,2015,CNN-LSTM,39,0.1692255586385727,0.5886285305023193,0.948387086391449,0.7916666865348816,0.00017499999376013875
Outer_LOYO,2015,CNN-LSTM,40,0.20908309519290924,0.6088494658470154,0.9225806593894958,0.7916666865348816,0.00017499999376013875
Outer_LOYO,2016,TCN,1,1.3765729665756226,1.0023350715637207,0.3333333432674408,0.5833333134651184,0.0010000000474974513
Outer_LOYO,2016,TCN,2,0.8898934721946716,0.8732624650001526,0.5799999833106995,0.7708333134651184,0.0010000000474974513
Outer_LOYO,2016,TCN,3,0.8084028959274292,0.7991870045661926,0.6733333468437195,0.7708333134651184,0.0010000000474974513
Outer_LOYO,2016,TCN,4,0.6580212116241455,0.778921365737915,0.7599999904632568,0.8333333134651184,0.0010000000474974513
Outer_LOYO,2016,TCN,5,0.6983546018600464,0.7391021251678467,0.6866666674613953,0.8541666865348816,0.0010000000474974513
Outer_LOYO,2016,TCN,6,0.5936898589134216,0.6934427618980408,0.746666669845581,0.8333333134651184,0.0010000000474974513
Outer_LOYO,2016,TCN,7,0.5320550203323364,0.6621339321136475,0.7866666913032532,0.8333333134651184,0.0010000000474974513
Outer_LOYO,2016,TCN,8,0.5697003602981567,0.6429449915885925,0.7799999713897705,0.7916666865348816,0.0010000000474974513
Outer_LOYO,2016,TCN,9,0.6281431317329407,0.6281447410583496,0.7066666483879089,0.8125,0.0010000000474974513
Outer_LOYO,2016,TCN,10,0.5283096432685852,0.5732579231262207,0.7933333516120911,0.8125,0.0010000000474974513
Outer_LOYO,2016,TCN,11,0.5277516841888428,0.5521011352539062,0.7400000095367432,0.8125,0.0010000000474974513
Outer_LOYO,2016,TCN,12,0.4649551808834076,0.5356469750404358,0.7933333516120911,0.7916666865348816,0.0010000000474974513
Outer_LOYO,2016,TCN,13,0.4842838644981384,0.5265130996704102,0.800000011920929,0.8125,0.0010000000474974513
Outer_LOYO,2016,TCN,14,0.475577175617218,0.49901363253593445,0.800000011920929,0.8333333134651184,0.0010000000474974513
Outer_LOYO,2016,TCN,15,0.41022512316703796,0.5039131045341492,0.8066666722297668,0.8125,0.0010000000474974513
Outer_LOYO,2016,TCN,16,0.4706490635871887,0.48494958877563477,0.8066666722297668,0.8125,0.0010000000474974513
Outer_LOYO,2016,TCN,17,0.4240681827068329,0.4851919114589691,0.8133333325386047,0.8125,0.0010000000474974513
Outer_LOYO,2016,TCN,18,0.3939208388328552,0.4701854884624481,0.8266666531562805,0.8125,0.0010000000474974513
Outer_LOYO,2016,TCN,19,0.40230002999305725,0.44610798358917236,0.8333333134651184,0.7916666865348816,0.0010000000474974513
Outer_LOYO,2016,TCN,20,0.3643653988838196,0.44620656967163086,0.8866666555404663,0.8125,0.0010000000474974513
Outer_LOYO,2016,TCN,21,0.43211039900779724,0.4315190315246582,0.7933333516120911,0.8333333134651184,0.0010000000474974513
Outer_LOYO,2016,TCN,22,0.3510686755180359,0.42168545722961426,0.8333333134651184,0.8125,0.0010000000474974513
Outer_LOYO,2016,TCN,23,0.42779168486595154,0.4265730381011963,0.8199999928474426,0.7916666865348816,0.0010000000474974513
Outer_LOYO,2016,TCN,24,0.3411652743816376,0.3953777253627777,0.8733333349227905,0.7916666865348816,0.0010000000474974513
Outer_LOYO,2016,TCN,25,0.3102254271507263,0.36724305152893066,0.8799999952316284,0.7916666865348816,0.0010000000474974513
Outer_LOYO,2016,TCN,26,0.35559549927711487,0.3295208513736725,0.8666666746139526,0.875,0.0010000000474974513
Outer_LOYO,2016,TCN,27,0.2792484164237976,0.3257363736629486,0.8933333158493042,0.875,0.0010000000474974513
Outer_LOYO,2016,TCN,28,0.32919782400131226,0.3260357081890106,0.8733333349227905,0.875,0.0010000000474974513
Outer_LOYO,2016,TCN,29,0.40213343501091003,0.36642932891845703,0.8133333325386047,0.8333333134651184,0.0010000000474974513
Outer_LOYO,2016,TCN,30,0.3329973518848419,0.3105187714099884,0.8666666746139526,0.875,0.0010000000474974513
Outer_LOYO,2016,TCN,31,0.3432577848434448,0.3266690671443939,0.8266666531562805,0.8125,0.0010000000474974513
Outer_LOYO,2016,TCN,32,0.300881564617157,0.3742290735244751,0.8666666746139526,0.75,0.0010000000474974513
Outer_LOYO,2016,TCN,33,0.32671138644218445,0.35346588492393494,0.8666666746139526,0.8125,0.0010000000474974513
Outer_LOYO,2016,TCN,34,0.2827208340167999,0.3795907497406006,0.8799999952316284,0.8333333134651184,0.0010000000474974513
Outer_LOYO,2016,TCN,35,0.3222216069698334,0.3897106945514679,0.8866666555404663,0.8333333134651184,0.0010000000474974513
Outer_LOYO,2016,TCN,36,0.2797878682613373,0.38212308287620544,0.8866666555404663,0.8333333134651184,0.0010000000474974513
Outer_LOYO,2016,TCN,37,0.2737272381782532,0.35513660311698914,0.8999999761581421,0.8541666865348816,0.0005000000237487257
Outer_LOYO,2016,TCN,38,0.2783393859863281,0.32758745551109314,0.8799999952316284,0.8541666865348816,0.0005000000237487257
Outer_LOYO,2016,TCN,39,0.25586339831352234,0.3334473669528961,0.8933333158493042,0.875,0.0005000000237487257
Outer_LOYO,2016,TCN,40,0.26940515637397766,0.36729001998901367,0.9133333563804626,0.8333333134651184,0.0005000000237487257
Outer_LOYO,2016,TCN,41,0.33026832342147827,0.3767799437046051,0.8333333134651184,0.7708333134651184,0.0005000000237487257
Outer_LOYO,2016,TCN,42,0.34552201628685,0.35584941506385803,0.8133333325386047,0.7916666865348816,0.0005000000237487257
Outer_LOYO,2016,TCN,43,0.27242937684059143,0.31481194496154785,0.8733333349227905,0.875,0.0005000000237487257
Outer_LOYO,2016,TCN,44,0.27391842007637024,0.33225202560424805,0.8666666746139526,0.8333333134651184,0.0002500000118743628
Outer_LOYO,2016,TCN,45,0.2476661652326584,0.35887613892555237,0.9066666960716248,0.7708333134651184,0.0002500000118743628
Outer_LOYO,2016,TCN,46,0.24755650758743286,0.3657863438129425,0.8866666555404663,0.7916666865348816,0.0002500000118743628
Outer_LOYO,2016,TCN,47,0.2895471751689911,0.3654761016368866,0.9066666960716248,0.7916666865348816,0.0002500000118743628
Outer_LOYO,2016,TCN,48,0.2137642353773117,0.361377477645874,0.8999999761581421,0.7916666865348816,0.0002500000118743628
Outer_LOYO,2016,TCN,49,0.3546704053878784,0.3635593354701996,0.8333333134651184,0.7708333134651184,0.0002500000118743628
Outer_LOYO,2016,TCN,50,0.26963138580322266,0.3763573169708252,0.9066666960716248,0.7708333134651184,0.0002500000118743628
Outer_LOYO,2016,CNN-LSTM,1,1.1128485202789307,1.0099064111709595,0.35333332419395447,0.6458333134651184,0.000699999975040555
Outer_LOYO,2016,CNN-LSTM,2,0.9629297852516174,0.9532473087310791,0.5866666436195374,0.7083333134651184,0.000699999975040555
Outer_LOYO,2016,CNN-LSTM,3,0.8995263576507568,0.8892250657081604,0.6399999856948853,0.7291666865348816,0.000699999975040555
Outer_LOYO,2016,CNN-LSTM,4,0.8307387232780457,0.8277661204338074,0.6466666460037231,0.7916666865348816,0.000699999975040555
Outer_LOYO,2016,CNN-LSTM,5,0.7523178458213806,0.7640612721443176,0.746666669845581,0.7916666865348816,0.000699999975040555
Outer_LOYO,2016,CNN-LSTM,6,0.7135133147239685,0.7111266255378723,0.7133333086967468,0.8125,0.000699999975040555
Outer_LOYO,2016,CNN-LSTM,7,0.6523445248603821,0.6601331233978271,0.746666669845581,0.7916666865348816,0.000699999975040555
Outer_LOYO,2016,CNN-LSTM,8,0.6104757189750671,0.6220510601997375,0.7799999713897705,0.7708333134651184,0.000699999975040555
Outer_LOYO,2016,CNN-LSTM,9,0.5340163111686707,0.591641366481781,0.8133333325386047,0.8125,0.000699999975040555
Outer_LOYO,2016,CNN-LSTM,10,0.5081162452697754,0.5610113143920898,0.8133333325386047,0.8333333134651184,0.000699999975040555
Outer_LOYO,2016,CNN-LSTM,11,0.5208783149719238,0.5462250709533691,0.7733333110809326,0.8125,0.000699999975040555
Outer_LOYO,2016,CNN-LSTM,12,0.4652670919895172,0.528306245803833,0.8266666531562805,0.75,0.000699999975040555
Outer_LOYO,2016,CNN-LSTM,13,0.43020766973495483,0.5246782898902893,0.8333333134651184,0.7916666865348816,0.000699999975040555
Outer_LOYO,2016,CNN-LSTM,14,0.4386209547519684,0.5195022225379944,0.8133333325386047,0.7916666865348816,0.000699999975040555
Outer_LOYO,2016,CNN-LSTM,15,0.4510662853717804,0.4883784055709839,0.7866666913032532,0.7916666865348816,0.000699999975040555
Outer_LOYO,2016,CNN-LSTM,16,0.3908335566520691,0.4967603385448456,0.8399999737739563,0.8125,0.000699999975040555
Outer_LOYO,2016,CNN-LSTM,17,0.3918553292751312,0.5089561343193054,0.8399999737739563,0.7708333134651184,0.000699999975040555
Outer_LOYO,2016,CNN-LSTM,18,0.35992544889450073,0.5086966753005981,0.846666693687439,0.7708333134651184,0.000699999975040555
Outer_LOYO,2016,CNN-LSTM,19,0.36256176233291626,0.5039106011390686,0.8600000143051147,0.7916666865348816,0.000699999975040555
Outer_LOYO,2016,CNN-LSTM,20,0.3176648020744324,0.4713824987411499,0.8666666746139526,0.7916666865348816,0.000699999975040555
Outer_LOYO,2016,CNN-LSTM,21,0.3126952052116394,0.4643636643886566,0.846666693687439,0.7708333134651184,0.000699999975040555
Outer_LOYO,2016,CNN-LSTM,22,0.29437705874443054,0.5219264626502991,0.8799999952316284,0.75,0.000699999975040555
Outer_LOYO,2016,CNN-LSTM,23,0.2968731224536896,0.5183310508728027,0.8866666555404663,0.7708333134651184,0.000699999975040555
Outer_LOYO,2016,CNN-LSTM,24,0.24425753951072693,0.525549590587616,0.9066666960716248,0.7708333134651184,0.000699999975040555
Outer_LOYO,2016,CNN-LSTM,25,0.2520785629749298,0.5044500827789307,0.8866666555404663,0.7708333134651184,0.000699999975040555
Outer_LOYO,2016,CNN-LSTM,26,0.23694509267807007,0.5079975724220276,0.9266666769981384,0.8125,0.000699999975040555
Outer_LOYO,2016,CNN-LSTM,27,0.26529812812805176,0.4779059886932373,0.8933333158493042,0.7916666865348816,0.000699999975040555
Outer_LOYO,2016,CNN-LSTM,28,0.23628681898117065,0.5050244927406311,0.9066666960716248,0.7916666865348816,0.0003499999875202775
Outer_LOYO,2016,CNN-LSTM,29,0.22876998782157898,0.4775666296482086,0.8933333158493042,0.7916666865348816,0.0003499999875202775
Outer_LOYO,2016,CNN-LSTM,30,0.2231224626302719,0.4713080823421478,0.9266666769981384,0.8125,0.0003499999875202775
Outer_LOYO,2016,CNN-LSTM,31,0.25102174282073975,0.500511884689331,0.9066666960716248,0.7916666865348816,0.0003499999875202775
Outer_LOYO,2016,CNN-LSTM,32,0.20304273068904877,0.49628376960754395,0.9266666769981384,0.7708333134651184,0.0003499999875202775
Outer_LOYO,2016,CNN-LSTM,33,0.20711053907871246,0.47691893577575684,0.9133333563804626,0.7916666865348816,0.0003499999875202775
Outer_LOYO,2016,CNN-LSTM,34,0.20359884202480316,0.4578779637813568,0.9133333563804626,0.7916666865348816,0.0003499999875202775
Outer_LOYO,2016,CNN-LSTM,35,0.21548040211200714,0.477771520614624,0.8999999761581421,0.7916666865348816,0.0003499999875202775
Outer_LOYO,2016,CNN-LSTM,36,0.17980742454528809,0.49413958191871643,0.9466666579246521,0.7916666865348816,0.0003499999875202775
Outer_LOYO,2016,CNN-LSTM,37,0.17109650373458862,0.47969141602516174,0.9333333373069763,0.75,0.0003499999875202775
Outer_LOYO,2016,CNN-LSTM,38,0.16656722128391266,0.4817598760128021,0.9399999976158142,0.7291666865348816,0.0003499999875202775
Outer_LOYO,2016,CNN-LSTM,39,0.1715167909860611,0.4529312551021576,0.95333331823349,0.7916666865348816,0.0003499999875202775
Outer_LOYO,2016,CNN-LSTM,40,0.1984522044658661,0.4621805250644684,0.9200000166893005,0.7708333134651184,0.0003499999875202775
Outer_LOYO,2016,CNN-LSTM,41,0.14508476853370667,0.4927087724208832,0.9333333373069763,0.7291666865348816,0.0003499999875202775
Outer_LOYO,2016,CNN-LSTM,42,0.17623589932918549,0.5096852779388428,0.9466666579246521,0.7708333134651184,0.0003499999875202775
Outer_LOYO,2016,CNN-LSTM,43,0.19466666877269745,0.5340980887413025,0.9133333563804626,0.7708333134651184,0.0003499999875202775
Outer_LOYO,2016,CNN-LSTM,44,0.1645556092262268,0.5134100914001465,0.9399999976158142,0.7916666865348816,0.0003499999875202775
Outer_LOYO,2016,CNN-LSTM,45,0.16913039982318878,0.5123488903045654,0.9399999976158142,0.7708333134651184,0.0003499999875202775
Outer_LOYO,2016,CNN-LSTM,46,0.15806470811367035,0.5393453240394592,0.9599999785423279,0.75,0.00017499999376013875
Outer_LOYO,2016,CNN-LSTM,47,0.14693623781204224,0.5437092185020447,0.9666666388511658,0.75,0.00017499999376013875
Outer_LOYO,2016,CNN-LSTM,48,0.13390687108039856,0.5256039500236511,0.9733333587646484,0.7708333134651184,0.00017499999376013875
Outer_LOYO,2016,CNN-LSTM,49,0.14500144124031067,0.520147979259491,0.9466666579246521,0.7916666865348816,0.00017499999376013875
Outer_LOYO,2016,CNN-LSTM,50,0.17845569550991058,0.5098981857299805,0.9466666579246521,0.7916666865348816,0.00017499999376013875
Outer_LOYO,2016,CNN-LSTM,51,0.1632028967142105,0.4963993728160858,0.95333331823349,0.7916666865348816,0.00017499999376013875
Outer_LOYO,2016,CNN-LSTM,52,0.11922341585159302,0.5097537636756897,0.9599999785423279,0.7916666865348816,0.00017499999376013875
Outer_LOYO,2016,CNN-LSTM,53,0.13496902585029602,0.5099788308143616,0.9399999976158142,0.7916666865348816,8.749999688006938e-05
Outer_LOYO,2016,CNN-LSTM,54,0.12663166224956512,0.5119288563728333,0.95333331823349,0.7916666865348816,8.749999688006938e-05
Outer_LOYO,2016,CNN-LSTM,55,0.13439469039440155,0.5104122161865234,0.9599999785423279,0.7708333134651184,8.749999688006938e-05
Outer_LOYO,2016,CNN-LSTM,56,0.15305130183696747,0.5111377835273743,0.95333331823349,0.7708333134651184,8.749999688006938e-05
Outer_LOYO,2016,CNN-LSTM,57,0.1256496161222458,0.5086994171142578,0.9333333373069763,0.7708333134651184,8.749999688006938e-05
Outer_LOYO,2016,CNN-LSTM,58,0.11384661495685577,0.5138868689537048,0.9666666388511658,0.7916666865348816,8.749999688006938e-05
Outer_LOYO,2016,CNN-LSTM,59,0.13129757344722748,0.5131824016571045,0.9733333587646484,0.7916666865348816,8.749999688006938e-05
Outer_LOYO,2017,TCN,1,1.217171549797058,1.0032341480255127,0.36250001192092896,0.5348837375640869,0.0010000000474974513
Outer_LOYO,2017,TCN,2,0.9004524946212769,0.9112386703491211,0.6312500238418579,0.6976743936538696,0.0010000000474974513
Outer_LOYO,2017,TCN,3,0.7320439219474792,0.8421218395233154,0.706250011920929,0.7906976938247681,0.0010000000474974513
Outer_LOYO,2017,TCN,4,0.708154559135437,0.7916726469993591,0.675000011920929,0.8604651093482971,0.0010000000474974513
Outer_LOYO,2017,TCN,5,0.6560176610946655,0.7514927983283997,0.71875,0.8837209343910217,0.0010000000474974513
Outer_LOYO,2017,TCN,6,0.6018404364585876,0.7218042612075806,0.7437499761581421,0.8604651093482971,0.0010000000474974513
Outer_LOYO,2017,TCN,7,0.6141145825386047,0.6862244606018066,0.731249988079071,0.8604651093482971,0.0010000000474974513
Outer_LOYO,2017,TCN,8,0.6816269755363464,0.6649324297904968,0.7250000238418579,0.8604651093482971,0.0010000000474974513
Outer_LOYO,2017,TCN,9,0.45006483793258667,0.6342653632164001,0.8374999761581421,0.8372092843055725,0.0010000000474974513
Outer_LOYO,2017,TCN,10,0.5309582948684692,0.5995697379112244,0.8062499761581421,0.8604651093482971,0.0010000000474974513
Outer_LOYO,2017,TCN,11,0.47472667694091797,0.5817035436630249,0.78125,0.7906976938247681,0.0010000000474974513
Outer_LOYO,2017,TCN,12,0.5079967975616455,0.5560627579689026,0.78125,0.8837209343910217,0.0010000000474974513
Outer_LOYO,2017,TCN,13,0.4800316393375397,0.5358280539512634,0.793749988079071,0.8604651093482971,0.0010000000474974513
Outer_LOYO,2017,TCN,14,0.5441304445266724,0.5254907608032227,0.800000011920929,0.8372092843055725,0.0010000000474974513
Outer_LOYO,2017,TCN,15,0.4640721380710602,0.5229089260101318,0.8187500238418579,0.8604651093482971,0.0010000000474974513
Outer_LOYO,2017,TCN,16,0.3849087655544281,0.5155677795410156,0.8500000238418579,0.8604651093482971,0.0010000000474974513
Outer_LOYO,2017,TCN,17,0.3984668254852295,0.4912812411785126,0.8187500238418579,0.8372092843055725,0.0010000000474974513
Outer_LOYO,2017,TCN,18,0.46970343589782715,0.4815409779548645,0.7875000238418579,0.8372092843055725,0.0010000000474974513
Outer_LOYO,2017,TCN,19,0.4144193232059479,0.46933555603027344,0.8062499761581421,0.8372092843055725,0.0010000000474974513
Outer_LOYO,2017,TCN,20,0.46208858489990234,0.44515183568000793,0.8062499761581421,0.8372092843055725,0.0010000000474974513
Outer_LOYO,2017,TCN,21,0.3786596357822418,0.4272145926952362,0.8062499761581421,0.8837209343910217,0.0010000000474974513
Outer_LOYO,2017,TCN,22,0.3694894015789032,0.42582422494888306,0.84375,0.8837209343910217,0.0010000000474974513
Outer_LOYO,2017,TCN,23,0.35704728960990906,0.41849201917648315,0.875,0.8837209343910217,0.0010000000474974513
Outer_LOYO,2017,TCN,24,0.3560919761657715,0.415480375289917,0.8374999761581421,0.8372092843055725,0.0010000000474974513
Outer_LOYO,2017,TCN,25,0.34881362318992615,0.4228352904319763,0.875,0.8139534592628479,0.0010000000474974513
Outer_LOYO,2017,TCN,26,0.35984858870506287,0.4272339344024658,0.875,0.8139534592628479,0.0010000000474974513
Outer_LOYO,2017,TCN,27,0.2620430588722229,0.43474358320236206,0.887499988079071,0.8139534592628479,0.0010000000474974513
Outer_LOYO,2017,TCN,28,0.33632102608680725,0.4369490444660187,0.8500000238418579,0.8372092843055725,0.0010000000474974513
Outer_LOYO,2017,TCN,29,0.3360140025615692,0.4191000163555145,0.862500011920929,0.8372092843055725,0.0010000000474974513
Outer_LOYO,2017,TCN,30,0.2907654643058777,0.426896870136261,0.862500011920929,0.8139534592628479,0.0010000000474974513
Outer_LOYO,2017,TCN,31,0.360674113035202,0.42932355403900146,0.84375,0.8604651093482971,0.0005000000237487257
Outer_LOYO,2017,TCN,32,0.32097965478897095,0.4283808767795563,0.862500011920929,0.8139534592628479,0.0005000000237487257
Outer_LOYO,2017,TCN,33,0.33920133113861084,0.43696194887161255,0.8374999761581421,0.7906976938247681,0.0005000000237487257
Outer_LOYO,2017,TCN,34,0.36193960905075073,0.42627662420272827,0.875,0.8139534592628479,0.0005000000237487257
Outer_LOYO,2017,TCN,35,0.29076892137527466,0.44669467210769653,0.887499988079071,0.8139534592628479,0.0005000000237487257
Outer_LOYO,2017,TCN,36,0.37809306383132935,0.44680625200271606,0.8687499761581421,0.8139534592628479,0.0005000000237487257
Outer_LOYO,2017,TCN,37,0.2578739523887634,0.4163411259651184,0.9125000238418579,0.8139534592628479,0.0005000000237487257
Outer_LOYO,2017,TCN,38,0.25323718786239624,0.4064353108406067,0.8999999761581421,0.8139534592628479,0.0005000000237487257
Outer_LOYO,2017,TCN,39,0.25101447105407715,0.4105932414531708,0.9125000238418579,0.8139534592628479,0.0005000000237487257
Outer_LOYO,2017,TCN,40,0.27486899495124817,0.3871462643146515,0.8812500238418579,0.8604651093482971,0.0005000000237487257
Outer_LOYO,2017,TCN,41,0.21929530799388885,0.39324450492858887,0.9375,0.8837209343910217,0.0005000000237487257
Outer_LOYO,2017,TCN,42,0.3374975919723511,0.43181753158569336,0.856249988079071,0.8604651093482971,0.0005000000237487257
Outer_LOYO,2017,TCN,43,0.25829237699508667,0.4713883399963379,0.90625,0.8139534592628479,0.0005000000237487257
Outer_LOYO,2017,TCN,44,0.23775160312652588,0.4865492880344391,0.9437500238418579,0.7674418687820435,0.0005000000237487257
Outer_LOYO,2017,TCN,45,0.2529396116733551,0.47784170508384705,0.887499988079071,0.7441860437393188,0.0005000000237487257
Outer_LOYO,2017,TCN,46,0.2777199149131775,0.4732561707496643,0.9125000238418579,0.8372092843055725,0.0005000000237487257
Outer_LOYO,2017,TCN,47,0.24428069591522217,0.5080215334892273,0.9125000238418579,0.8372092843055725,0.0002500000118743628
Outer_LOYO,2017,TCN,48,0.20409271121025085,0.5018510222434998,0.9375,0.8372092843055725,0.0002500000118743628
Outer_LOYO,2017,TCN,49,0.26974478363990784,0.47673317790031433,0.887499988079071,0.8372092843055725,0.0002500000118743628
Outer_LOYO,2017,TCN,50,0.258850634098053,0.47137707471847534,0.8999999761581421,0.7906976938247681,0.0002500000118743628
Outer_LOYO,2017,TCN,51,0.18243089318275452,0.48018693923950195,0.9375,0.7674418687820435,0.0002500000118743628
Outer_LOYO,2017,TCN,52,0.24820518493652344,0.49263811111450195,0.887499988079071,0.7674418687820435,0.0002500000118743628
Outer_LOYO,2017,TCN,53,0.24557945132255554,0.4761098325252533,0.90625,0.7906976938247681,0.0002500000118743628
Outer_LOYO,2017,TCN,54,0.2272893637418747,0.4728093147277832,0.9125000238418579,0.7906976938247681,0.0001250000059371814
Outer_LOYO,2017,TCN,55,0.2743012607097626,0.48153916001319885,0.893750011920929,0.7441860437393188,0.0001250000059371814
Outer_LOYO,2017,TCN,56,0.2581337094306946,0.4875471293926239,0.8812500238418579,0.7674418687820435,0.0001250000059371814
Outer_LOYO,2017,TCN,57,0.198733389377594,0.48987188935279846,0.925000011920929,0.7674418687820435,0.0001250000059371814
Outer_LOYO,2017,TCN,58,0.22724135220050812,0.498491495847702,0.925000011920929,0.7441860437393188,0.0001250000059371814
Outer_LOYO,2017,TCN,59,0.2014937698841095,0.5062288045883179,0.9375,0.7209302186965942,0.0001250000059371814
Outer_LOYO,2017,TCN,60,0.23650789260864258,0.5059938430786133,0.9125000238418579,0.7441860437393188,0.0001250000059371814
Outer_LOYO,2017,CNN-LSTM,1,1.0513529777526855,1.0280183553695679,0.44999998807907104,0.5116279125213623,0.000699999975040555
Outer_LOYO,2017,CNN-LSTM,2,0.9624143838882446,0.9773223996162415,0.59375,0.604651153087616,0.000699999975040555
Outer_LOYO,2017,CNN-LSTM,3,0.8901877403259277,0.921729326248169,0.706250011920929,0.6744186282157898,0.000699999975040555
Outer_LOYO,2017,CNN-LSTM,4,0.8252700567245483,0.8528497219085693,0.7562500238418579,0.7209302186965942,0.000699999975040555
Outer_LOYO,2017,CNN-LSTM,5,0.7670313715934753,0.7840438485145569,0.7437499761581421,0.7906976938247681,0.000699999975040555
Outer_LOYO,2017,CNN-LSTM,6,0.7109306454658508,0.7262550592422485,0.75,0.7906976938247681,0.000699999975040555
Outer_LOYO,2017,CNN-LSTM,7,0.6293236017227173,0.6720143556594849,0.7749999761581421,0.7906976938247681,0.000699999975040555
Outer_LOYO,2017,CNN-LSTM,8,0.5670448541641235,0.6205886006355286,0.793749988079071,0.7906976938247681,0.000699999975040555
Outer_LOYO,2017,CNN-LSTM,9,0.5215479135513306,0.5831833481788635,0.8187500238418579,0.8139534592628479,0.000699999975040555
Outer_LOYO,2017,CNN-LSTM,10,0.5457171201705933,0.561220645904541,0.793749988079071,0.8139534592628479,0.000699999975040555
Outer_LOYO,2017,CNN-LSTM,11,0.494528204202652,0.5399038791656494,0.78125,0.8139534592628479,0.000699999975040555
Outer_LOYO,2017,CNN-LSTM,12,0.4893556535243988,0.5319789052009583,0.7875000238418579,0.8372092843055725,0.000699999975040555
Outer_LOYO,2017,CNN-LSTM,13,0.4388507306575775,0.524023175239563,0.8187500238418579,0.8139534592628479,0.000699999975040555
Outer_LOYO,2017,CNN-LSTM,14,0.41664472222328186,0.5213150382041931,0.824999988079071,0.7906976938247681,0.000699999975040555
Outer_LOYO,2017,CNN-LSTM,15,0.4272380769252777,0.5044949650764465,0.8062499761581421,0.8372092843055725,0.000699999975040555
Outer_LOYO,2017,CNN-LSTM,16,0.3541882038116455,0.5075193643569946,0.8500000238418579,0.8372092843055725,0.000699999975040555
Outer_LOYO,2017,CNN-LSTM,17,0.38472720980644226,0.5108469724655151,0.84375,0.8139534592628479,0.000699999975040555
Outer_LOYO,2017,CNN-LSTM,18,0.3239821791648865,0.5004453063011169,0.8500000238418579,0.8372092843055725,0.000699999975040555
Outer_LOYO,2017,CNN-LSTM,19,0.31660977005958557,0.5173392295837402,0.8999999761581421,0.8372092843055725,0.000699999975040555
Outer_LOYO,2017,CNN-LSTM,20,0.2899361848831177,0.5730805397033691,0.875,0.7906976938247681,0.000699999975040555
Outer_LOYO,2017,CNN-LSTM,21,0.3203880786895752,0.5681973099708557,0.8687499761581421,0.7906976938247681,0.000699999975040555
Outer_LOYO,2017,CNN-LSTM,22,0.26504597067832947,0.5439490079879761,0.90625,0.8372092843055725,0.000699999975040555
Outer_LOYO,2017,CNN-LSTM,23,0.26111018657684326,0.5399142503738403,0.9125000238418579,0.8139534592628479,0.000699999975040555
Outer_LOYO,2017,CNN-LSTM,24,0.23870673775672913,0.5690816044807434,0.9312499761581421,0.8139534592628479,0.000699999975040555
Outer_LOYO,2017,CNN-LSTM,25,0.22648802399635315,0.6192667484283447,0.9312499761581421,0.7674418687820435,0.0003499999875202775
Outer_LOYO,2017,CNN-LSTM,26,0.19021357595920563,0.6270692944526672,0.9312499761581421,0.7906976938247681,0.0003499999875202775
Outer_LOYO,2017,CNN-LSTM,27,0.21610811352729797,0.6211888790130615,0.9312499761581421,0.7906976938247681,0.0003499999875202775
Outer_LOYO,2017,CNN-LSTM,28,0.23019349575042725,0.6535938382148743,0.918749988079071,0.7906976938247681,0.0003499999875202775
Outer_LOYO,2017,CNN-LSTM,29,0.1972510814666748,0.6562218070030212,0.9375,0.7906976938247681,0.0003499999875202775
Outer_LOYO,2017,CNN-LSTM,30,0.18719151616096497,0.6298500299453735,0.9375,0.7906976938247681,0.0003499999875202775
Outer_LOYO,2017,CNN-LSTM,31,0.20264311134815216,0.636670708656311,0.9375,0.7906976938247681,0.0003499999875202775
Outer_LOYO,2017,CNN-LSTM,32,0.21672014892101288,0.625767707824707,0.8999999761581421,0.7906976938247681,0.00017499999376013875
Outer_LOYO,2017,CNN-LSTM,33,0.17940521240234375,0.6315721869468689,0.956250011920929,0.8139534592628479,0.00017499999376013875
Outer_LOYO,2017,CNN-LSTM,34,0.18833236396312714,0.6416354775428772,0.9375,0.7906976938247681,0.00017499999376013875
Outer_LOYO,2017,CNN-LSTM,35,0.17315158247947693,0.654915988445282,0.956250011920929,0.7906976938247681,0.00017499999376013875
Outer_LOYO,2017,CNN-LSTM,36,0.1775529831647873,0.6607363820075989,0.949999988079071,0.7674418687820435,0.00017499999376013875
Outer_LOYO,2017,CNN-LSTM,37,0.15847457945346832,0.6633930802345276,0.9437500238418579,0.7906976938247681,0.00017499999376013875
Outer_LOYO,2017,CNN-LSTM,38,0.19462358951568604,0.6767166256904602,0.9312499761581421,0.7674418687820435,0.00017499999376013875
Outer_LOYO,2018,TCN,1,1.286860466003418,1.0093823671340942,0.34838709235191345,0.3333333432674408,0.0010000000474974513
Outer_LOYO,2018,TCN,2,0.82993084192276,0.8930935263633728,0.6451612710952759,0.7291666865348816,0.0010000000474974513
Outer_LOYO,2018,TCN,3,0.6852827072143555,0.8257153630256653,0.6838709712028503,0.75,0.0010000000474974513
Outer_LOYO,2018,TCN,4,0.6753717660903931,0.7914640307426453,0.6967741847038269,0.7708333134651184,0.0010000000474974513
Outer_LOYO,2018,TCN,5,0.5157451033592224,0.7701156735420227,0.8064516186714172,0.7708333134651184,0.0010000000474974513
Outer_LOYO,2018,TCN,6,0.5236039757728577,0.7586237788200378,0.7870967984199524,0.7708333134651184,0.0010000000474974513
Outer_LOYO,2018,TCN,7,0.5371177196502686,0.7352254986763,0.7548387050628662,0.7708333134651184,0.0010000000474974513
Outer_LOYO,2018,TCN,8,0.5008747577667236,0.7050559520721436,0.8387096524238586,0.7708333134651184,0.0010000000474974513
Outer_LOYO,2018,TCN,9,0.47791752219200134,0.6762064099311829,0.7806451320648193,0.7916666865348816,0.0010000000474974513
Outer_LOYO,2018,TCN,10,0.41717296838760376,0.6568540930747986,0.800000011920929,0.8125,0.0010000000474974513
Outer_LOYO,2018,TCN,11,0.437491238117218,0.6518101096153259,0.800000011920929,0.7916666865348816,0.0010000000474974513
Outer_LOYO,2018,TCN,12,0.46600642800331116,0.6353793740272522,0.774193525314331,0.7708333134651184,0.0010000000474974513
Outer_LOYO,2018,TCN,13,0.5114750266075134,0.6339907050132751,0.7806451320648193,0.7708333134651184,0.0010000000474974513
Outer_LOYO,2018,TCN,14,0.38735321164131165,0.6258503794670105,0.8387096524238586,0.7708333134651184,0.0010000000474974513
Outer_LOYO,2018,TCN,15,0.3607333302497864,0.6152850985527039,0.8774193525314331,0.7916666865348816,0.0010000000474974513
Outer_LOYO,2018,TCN,16,0.37018662691116333,0.6130809187889099,0.85161292552948,0.7708333134651184,0.0010000000474974513
Outer_LOYO,2018,TCN,17,0.39382314682006836,0.5955471396446228,0.85161292552948,0.7916666865348816,0.0010000000474974513
Outer_LOYO,2018,TCN,18,0.3877193331718445,0.607549250125885,0.8387096524238586,0.75,0.0010000000474974513
Outer_LOYO,2018,TCN,19,0.3474160134792328,0.5999879240989685,0.8645161390304565,0.75,0.0010000000474974513
Outer_LOYO,2018,TCN,20,0.40024250745773315,0.5851520895957947,0.8451613187789917,0.7708333134651184,0.0010000000474974513
Outer_LOYO,2018,TCN,21,0.3348091244697571,0.5837418437004089,0.8709677457809448,0.75,0.0010000000474974513
Outer_LOYO,2018,TCN,22,0.35649004578590393,0.5924823880195618,0.8258064389228821,0.75,0.0010000000474974513
Outer_LOYO,2018,TCN,23,0.30064406991004944,0.605072021484375,0.8774193525314331,0.7708333134651184,0.0010000000474974513
Outer_LOYO,2018,TCN,24,0.350736141204834,0.6013849377632141,0.8645161390304565,0.7708333134651184,0.0010000000474974513
Outer_LOYO,2018,TCN,25,0.27559173107147217,0.5895802974700928,0.9096774458885193,0.7916666865348816,0.0010000000474974513
Outer_LOYO,2018,TCN,26,0.31403848528862,0.6151178479194641,0.8709677457809448,0.7708333134651184,0.0010000000474974513
Outer_LOYO,2018,TCN,27,0.28166332840919495,0.6204690337181091,0.9161290526390076,0.75,0.0010000000474974513
Outer_LOYO,2018,TCN,28,0.33844417333602905,0.6095042824745178,0.8774193525314331,0.75,0.0005000000237487257
Outer_LOYO,2018,TCN,29,0.3292778432369232,0.608967125415802,0.85161292552948,0.75,0.0005000000237487257
Outer_LOYO,2018,TCN,30,0.2056008130311966,0.6145032048225403,0.9225806593894958,0.75,0.0005000000237487257
Outer_LOYO,2018,TCN,31,0.2845288813114166,0.6132305264472961,0.8580645322799683,0.75,0.0005000000237487257
Outer_LOYO,2018,TCN,32,0.2859940826892853,0.6096308827400208,0.8838709592819214,0.75,0.0005000000237487257
Outer_LOYO,2018,TCN,33,0.2566773593425751,0.6168740391731262,0.8774193525314331,0.75,0.0005000000237487257
Outer_LOYO,2018,TCN,34,0.2891032099723816,0.6387839913368225,0.8838709592819214,0.7708333134651184,0.0005000000237487257
Outer_LOYO,2018,TCN,35,0.24740710854530334,0.650306761264801,0.9161290526390076,0.75,0.0002500000118743628
Outer_LOYO,2018,TCN,36,0.3215157687664032,0.6390469670295715,0.896774172782898,0.7291666865348816,0.0002500000118743628
Outer_LOYO,2018,TCN,37,0.2120535522699356,0.63968825340271,0.9225806593894958,0.7291666865348816,0.0002500000118743628
Outer_LOYO,2018,TCN,38,0.24472782015800476,0.6467280983924866,0.9032257795333862,0.7291666865348816,0.0002500000118743628
Outer_LOYO,2018,TCN,39,0.23142609000205994,0.6574041247367859,0.9032257795333862,0.7291666865348816,0.0002500000118743628
Outer_LOYO,2018,TCN,40,0.32040706276893616,0.671303927898407,0.896774172782898,0.7291666865348816,0.0002500000118743628
Outer_LOYO,2018,TCN,41,0.25814756751060486,0.6786419749259949,0.9096774458885193,0.7291666865348816,0.0002500000118743628
Outer_LOYO,2018,CNN-LSTM,1,1.0274360179901123,1.0323383808135986,0.44516128301620483,0.6041666865348816,0.000699999975040555
Outer_LOYO,2018,CNN-LSTM,2,0.9182729125022888,0.9724305272102356,0.6387096643447876,0.6666666865348816,0.000699999975040555
Outer_LOYO,2018,CNN-LSTM,3,0.8527342677116394,0.91176837682724,0.7161290049552917,0.6666666865348816,0.000699999975040555
Outer_LOYO,2018,CNN-LSTM,4,0.7873561978340149,0.8552136421203613,0.6838709712028503,0.6875,0.000699999975040555
Outer_LOYO,2018,CNN-LSTM,5,0.7259418964385986,0.811937153339386,0.7225806713104248,0.7291666865348816,0.000699999975040555
Outer_LOYO,2018,CNN-LSTM,6,0.666374921798706,0.7667078971862793,0.7483870983123779,0.7083333134651184,0.000699999975040555
Outer_LOYO,2018,CNN-LSTM,7,0.6299698948860168,0.721632182598114,0.7612903118133545,0.7291666865348816,0.000699999975040555
Outer_LOYO,2018,CNN-LSTM,8,0.5777153968811035,0.6846739649772644,0.7612903118133545,0.7291666865348816,0.000699999975040555
Outer_LOYO,2018,CNN-LSTM,9,0.5435389280319214,0.6484687924385071,0.7806451320648193,0.7916666865348816,0.000699999975040555
Outer_LOYO,2018,CNN-LSTM,10,0.5103442072868347,0.6308348178863525,0.7870967984199524,0.75,0.000699999975040555
Outer_LOYO,2018,CNN-LSTM,11,0.4924822449684143,0.6210237741470337,0.800000011920929,0.75,0.000699999975040555
Outer_LOYO,2018,CNN-LSTM,12,0.4545019268989563,0.585716724395752,0.8451613187789917,0.7916666865348816,0.000699999975040555
Outer_LOYO,2018,CNN-LSTM,13,0.46527838706970215,0.5691809058189392,0.85161292552948,0.7291666865348816,0.000699999975040555
Outer_LOYO,2018,CNN-LSTM,14,0.4009852111339569,0.5711758732795715,0.8387096524238586,0.7708333134651184,0.000699999975040555
Outer_LOYO,2018,CNN-LSTM,15,0.4334413707256317,0.5698392987251282,0.8129032254219055,0.7708333134651184,0.000699999975040555
Outer_LOYO,2018,CNN-LSTM,16,0.38750192523002625,0.5515753626823425,0.8387096524238586,0.7708333134651184,0.000699999975040555
Outer_LOYO,2018,CNN-LSTM,17,0.3878101408481598,0.5433805584907532,0.8451613187789917,0.7708333134651184,0.000699999975040555
Outer_LOYO,2018,CNN-LSTM,18,0.3263205885887146,0.5510666370391846,0.8774193525314331,0.7916666865348816,0.000699999975040555
Outer_LOYO,2018,CNN-LSTM,19,0.36417391896247864,0.5507363677024841,0.8709677457809448,0.7916666865348816,0.000699999975040555
Outer_LOYO,2018,CNN-LSTM,20,0.31468087434768677,0.5613219141960144,0.8580645322799683,0.7916666865348816,0.000699999975040555
Outer_LOYO,2018,CNN-LSTM,21,0.2991981506347656,0.558998167514801,0.8838709592819214,0.7708333134651184,0.000699999975040555
Outer_LOYO,2018,CNN-LSTM,22,0.3026777505874634,0.5515365600585938,0.9096774458885193,0.7916666865348816,0.000699999975040555
Outer_LOYO,2018,CNN-LSTM,23,0.2741469740867615,0.5579966902732849,0.8903225660324097,0.7916666865348816,0.000699999975040555
Outer_LOYO,2018,CNN-LSTM,24,0.2908577024936676,0.5615654587745667,0.8903225660324097,0.7916666865348816,0.0003499999875202775
Outer_LOYO,2018,CNN-LSTM,25,0.23667745292186737,0.5666583776473999,0.9096774458885193,0.7916666865348816,0.0003499999875202775
Outer_LOYO,2018,CNN-LSTM,26,0.22580598294734955,0.5756868720054626,0.9161290526390076,0.7916666865348816,0.0003499999875202775
Outer_LOYO,2018,CNN-LSTM,27,0.23786970973014832,0.5905749797821045,0.9096774458885193,0.7916666865348816,0.0003499999875202775
Outer_LOYO,2018,CNN-LSTM,28,0.23969745635986328,0.5940907001495361,0.9032257795333862,0.7916666865348816,0.0003499999875202775
Outer_LOYO,2018,CNN-LSTM,29,0.22347255051136017,0.5870513319969177,0.9161290526390076,0.7916666865348816,0.0003499999875202775
Outer_LOYO,2018,CNN-LSTM,30,0.20089074969291687,0.5851102471351624,0.9225806593894958,0.7916666865348816,0.0003499999875202775
Outer_LOYO,2018,CNN-LSTM,31,0.20817755162715912,0.588667094707489,0.9225806593894958,0.7916666865348816,0.00017499999376013875
Outer_LOYO,2018,CNN-LSTM,32,0.1795104444026947,0.5974699854850769,0.9419354796409607,0.7916666865348816,0.00017499999376013875
Outer_LOYO,2018,CNN-LSTM,33,0.19709478318691254,0.6065070629119873,0.9354838728904724,0.7916666865348816,0.00017499999376013875
Outer_LOYO,2018,CNN-LSTM,34,0.20456260442733765,0.6218056082725525,0.9225806593894958,0.7916666865348816,0.00017499999376013875
Outer_LOYO,2018,CNN-LSTM,35,0.17326726019382477,0.627600908279419,0.948387086391449,0.7916666865348816,0.00017499999376013875
Outer_LOYO,2018,CNN-LSTM,36,0.2337268441915512,0.6354072690010071,0.896774172782898,0.7916666865348816,0.00017499999376013875
Outer_LOYO,2018,CNN-LSTM,37,0.19280336797237396,0.6426019072532654,0.9161290526390076,0.7916666865348816,0.00017499999376013875
Outer_LOYO,2019,TCN,1,1.070570945739746,0.9559723734855652,0.48124998807907104,0.7105262875556946,0.0010000000474974513
Outer_LOYO,2019,TCN,2,0.8428365588188171,0.9233285784721375,0.668749988079071,0.6315789222717285,0.0010000000474974513
Outer_LOYO,2019,TCN,3,0.7379852533340454,0.8865630626678467,0.706250011920929,0.6842105388641357,0.0010000000474974513
Outer_LOYO,2019,TCN,4,0.6871112585067749,0.8653261065483093,0.71875,0.6578947305679321,0.0010000000474974513
Outer_LOYO,2019,TCN,5,0.6143563985824585,0.8403521180152893,0.75,0.6578947305679321,0.0010000000474974513
Outer_LOYO,2019,TCN,6,0.570480465888977,0.8160674571990967,0.768750011920929,0.6842105388641357,0.0010000000474974513
Outer_LOYO,2019,TCN,7,0.550341784954071,0.7772896885871887,0.7250000238418579,0.7105262875556946,0.0010000000474974513
Outer_LOYO,2019,TCN,8,0.49670282006263733,0.7366387248039246,0.7875000238418579,0.6842105388641357,0.0010000000474974513
Outer_LOYO,2019,TCN,9,0.49428877234458923,0.7331857681274414,0.793749988079071,0.6578947305679321,0.0010000000474974513
Outer_LOYO,2019,TCN,10,0.5378671288490295,0.7267642021179199,0.7437499761581421,0.6578947305679321,0.0010000000474974513
Outer_LOYO,2019,TCN,11,0.4686923623085022,0.7255680561065674,0.831250011920929,0.6315789222717285,0.0010000000474974513
Outer_LOYO,2019,TCN,12,0.4529222548007965,0.7272234559059143,0.800000011920929,0.6315789222717285,0.0010000000474974513
Outer_LOYO,2019,TCN,13,0.4856840968132019,0.7470178008079529,0.8187500238418579,0.6052631735801697,0.0010000000474974513
Outer_LOYO,2019,TCN,14,0.5186865925788879,0.6928421854972839,0.7875000238418579,0.6842105388641357,0.0010000000474974513
Outer_LOYO,2019,TCN,15,0.43832868337631226,0.6679603457450867,0.8187500238418579,0.6578947305679321,0.0010000000474974513
Outer_LOYO,2019,TCN,16,0.4656773507595062,0.65794438123703,0.7749999761581421,0.6842105388641357,0.0010000000474974513
Outer_LOYO,2019,TCN,17,0.42071637511253357,0.6497160196304321,0.824999988079071,0.6842105388641357,0.0010000000474974513
Outer_LOYO,2019,TCN,18,0.32825130224227905,0.6713565587997437,0.893750011920929,0.6578947305679321,0.0010000000474974513
Outer_LOYO,2019,TCN,19,0.4357985556125641,0.6646549701690674,0.831250011920929,0.6578947305679321,0.0010000000474974513
Outer_LOYO,2019,TCN,20,0.41220006346702576,0.6622382998466492,0.831250011920929,0.6842105388641357,0.0010000000474974513
Outer_LOYO,2019,TCN,21,0.37937843799591064,0.6617787480354309,0.8374999761581421,0.6578947305679321,0.0010000000474974513
Outer_LOYO,2019,TCN,22,0.3228628635406494,0.6548238396644592,0.875,0.6842105388641357,0.0010000000474974513
Outer_LOYO,2019,TCN,23,0.3675556778907776,0.687889575958252,0.831250011920929,0.6842105388641357,0.0010000000474974513
Outer_LOYO,2019,TCN,24,0.317425400018692,0.7017841935157776,0.8812500238418579,0.6842105388641357,0.0005000000237487257
Outer_LOYO,2019,TCN,25,0.35038816928863525,0.6788519024848938,0.8187500238418579,0.6842105388641357,0.0005000000237487257
Outer_LOYO,2019,TCN,26,0.32278865575790405,0.6582772135734558,0.856249988079071,0.6842105388641357,0.0005000000237487257
Outer_LOYO,2019,TCN,27,0.3021177351474762,0.6656779050827026,0.862500011920929,0.6842105388641357,0.0005000000237487257
Outer_LOYO,2019,TCN,28,0.3303681015968323,0.663335919380188,0.8374999761581421,0.6842105388641357,0.0005000000237487257
Outer_LOYO,2019,TCN,29,0.30755311250686646,0.6796789765357971,0.8812500238418579,0.6842105388641357,0.0005000000237487257
Outer_LOYO,2019,TCN,30,0.30711865425109863,0.6846086382865906,0.862500011920929,0.6842105388641357,0.0005000000237487257
Outer_LOYO,2019,TCN,31,0.29934975504875183,0.6972299218177795,0.8687499761581421,0.6842105388641357,0.0002500000118743628
Outer_LOYO,2019,TCN,32,0.36219102144241333,0.6899033784866333,0.862500011920929,0.7105262875556946,0.0002500000118743628
Outer_LOYO,2019,TCN,33,0.2712309658527374,0.6921712756156921,0.875,0.7105262875556946,0.0002500000118743628
Outer_LOYO,2019,TCN,34,0.296543687582016,0.6925734877586365,0.8812500238418579,0.7105262875556946,0.0002500000118743628
Outer_LOYO,2019,TCN,35,0.27591100335121155,0.688866913318634,0.8999999761581421,0.6842105388641357,0.0002500000118743628
Outer_LOYO,2019,TCN,36,0.33321717381477356,0.6853861212730408,0.862500011920929,0.6842105388641357,0.0002500000118743628
Outer_LOYO,2019,TCN,37,0.29788142442703247,0.6918870210647583,0.8812500238418579,0.6842105388641357,0.0002500000118743628
Outer_LOYO,2019,CNN-LSTM,1,1.0839158296585083,1.0598971843719482,0.4437499940395355,0.31578946113586426,0.000699999975040555
Outer_LOYO,2019,CNN-LSTM,2,0.9269031286239624,0.9606636166572571,0.59375,0.6578947305679321,0.000699999975040555
Outer_LOYO,2019,CNN-LSTM,3,0.8176553845405579,0.8809113502502441,0.6937500238418579,0.7631579041481018,0.000699999975040555
Outer_LOYO,2019,CNN-LSTM,4,0.7637248635292053,0.8218995928764343,0.6812499761581421,0.7631579041481018,0.000699999975040555
Outer_LOYO,2019,CNN-LSTM,5,0.7211786508560181,0.7687787413597107,0.762499988079071,0.7631579041481018,0.000699999975040555
Outer_LOYO,2019,CNN-LSTM,6,0.6327482461929321,0.7084277868270874,0.768750011920929,0.7894737124443054,0.000699999975040555
Outer_LOYO,2019,CNN-LSTM,7,0.6248488426208496,0.6883280277252197,0.75,0.7368420958518982,0.000699999975040555
Outer_LOYO,2019,CNN-LSTM,8,0.5639041662216187,0.6626744270324707,0.7749999761581421,0.7894737124443054,0.000699999975040555
Outer_LOYO,2019,CNN-LSTM,9,0.4983038902282715,0.6327446103096008,0.824999988079071,0.7894737124443054,0.000699999975040555
Outer_LOYO,2019,CNN-LSTM,10,0.49194031953811646,0.5900959968566895,0.8187500238418579,0.7631579041481018,0.000699999975040555
Outer_LOYO,2019,CNN-LSTM,11,0.4791345000267029,0.5840826630592346,0.793749988079071,0.7894737124443054,0.000699999975040555
Outer_LOYO,2019,CNN-LSTM,12,0.4418342709541321,0.6068459749221802,0.824999988079071,0.7631579041481018,0.000699999975040555
Outer_LOYO,2019,CNN-LSTM,13,0.3901218771934509,0.6178571581840515,0.856249988079071,0.7631579041481018,0.000699999975040555
Outer_LOYO,2019,CNN-LSTM,14,0.38572484254837036,0.590148389339447,0.8374999761581421,0.7894737124443054,0.000699999975040555
Outer_LOYO,2019,CNN-LSTM,15,0.3798668682575226,0.6150087118148804,0.8374999761581421,0.7894737124443054,0.000699999975040555
Outer_LOYO,2019,CNN-LSTM,16,0.3996613323688507,0.6194712519645691,0.8374999761581421,0.7105262875556946,0.000699999975040555
Outer_LOYO,2019,CNN-LSTM,17,0.3546076714992523,0.628692090511322,0.875,0.7105262875556946,0.000699999975040555
Outer_LOYO,2019,CNN-LSTM,18,0.3055211007595062,0.651761531829834,0.8999999761581421,0.7631579041481018,0.0003499999875202775
Outer_LOYO,2019,CNN-LSTM,19,0.3023416996002197,0.6788533926010132,0.887499988079071,0.7631579041481018,0.0003499999875202775
Outer_LOYO,2019,CNN-LSTM,20,0.309378445148468,0.6987773776054382,0.875,0.7368420958518982,0.0003499999875202775
Outer_LOYO,2019,CNN-LSTM,21,0.26749861240386963,0.6881622672080994,0.8812500238418579,0.7368420958518982,0.0003499999875202775
Outer_LOYO,2019,CNN-LSTM,22,0.30152076482772827,0.6928979754447937,0.8687499761581421,0.7105262875556946,0.0003499999875202775
Outer_LOYO,2019,CNN-LSTM,23,0.2730214595794678,0.6977222561836243,0.8812500238418579,0.7368420958518982,0.0003499999875202775
Outer_LOYO,2019,CNN-LSTM,24,0.2338777333498001,0.700436532497406,0.918749988079071,0.7368420958518982,0.0003499999875202775
Outer_LOYO,2019,CNN-LSTM,25,0.27165621519088745,0.731783926486969,0.8999999761581421,0.7105262875556946,0.00017499999376013875
Outer_LOYO,2019,CNN-LSTM,26,0.25051844120025635,0.7391691207885742,0.8999999761581421,0.7105262875556946,0.00017499999376013875
Outer_LOYO,2019,CNN-LSTM,27,0.2509215772151947,0.7329233884811401,0.925000011920929,0.7368420958518982,0.00017499999376013875
Outer_LOYO,2019,CNN-LSTM,28,0.2282382696866989,0.7238753437995911,0.9312499761581421,0.7368420958518982,0.00017499999376013875
Outer_LOYO,2019,CNN-LSTM,29,0.27702969312667847,0.7220171689987183,0.862500011920929,0.7368420958518982,0.00017499999376013875
Outer_LOYO,2019,CNN-LSTM,30,0.26547807455062866,0.7245460748672485,0.925000011920929,0.7368420958518982,0.00017499999376013875
Outer_LOYO,2019,CNN-LSTM,31,0.22827787697315216,0.7569769620895386,0.9312499761581421,0.7105262875556946,0.00017499999376013875
Outer_LOYO,2020,TCN,1,1.2661902904510498,0.980518639087677,0.4375,0.6666666865348816,0.0010000000474974513
Outer_LOYO,2020,TCN,2,0.9007356762886047,0.9285986423492432,0.6000000238418579,0.7291666865348816,0.0010000000474974513
Outer_LOYO,2020,TCN,3,0.7325405478477478,0.8995353579521179,0.6875,0.75,0.0010000000474974513
Outer_LOYO,2020,TCN,4,0.7463992834091187,0.882485568523407,0.606249988079071,0.6875,0.0010000000474974513
Outer_LOYO,2020,TCN,5,0.7604473829269409,0.8429763913154602,0.643750011920929,0.7083333134651184,0.0010000000474974513
Outer_LOYO,2020,TCN,6,0.5949564576148987,0.8062421679496765,0.699999988079071,0.75,0.0010000000474974513
Outer_LOYO,2020,TCN,7,0.5393549799919128,0.7786269187927246,0.762499988079071,0.75,0.0010000000474974513
Outer_LOYO,2020,TCN,8,0.5269820690155029,0.7446692585945129,0.7437499761581421,0.7916666865348816,0.0010000000474974513
Outer_LOYO,2020,TCN,9,0.564582347869873,0.7167389988899231,0.762499988079071,0.7916666865348816,0.0010000000474974513
Outer_LOYO,2020,TCN,10,0.5255492329597473,0.6790173053741455,0.7749999761581421,0.8125,0.0010000000474974513
Outer_LOYO,2020,TCN,11,0.5293189883232117,0.6617028713226318,0.7437499761581421,0.7916666865348816,0.0010000000474974513
Outer_LOYO,2020,TCN,12,0.48451685905456543,0.6401353478431702,0.7749999761581421,0.8333333134651184,0.0010000000474974513
Outer_LOYO,2020,TCN,13,0.484902948141098,0.6279153823852539,0.7562500238418579,0.8125,0.0010000000474974513
Outer_LOYO,2020,TCN,14,0.43975839018821716,0.5924676060676575,0.824999988079071,0.8541666865348816,0.0010000000474974513
Outer_LOYO,2020,TCN,15,0.4539359509944916,0.6047001481056213,0.800000011920929,0.8125,0.0010000000474974513
Outer_LOYO,2020,TCN,16,0.43100467324256897,0.5751039981842041,0.8062499761581421,0.7916666865348816,0.0010000000474974513
Outer_LOYO,2020,TCN,17,0.3765489459037781,0.5468469262123108,0.856249988079071,0.8125,0.0010000000474974513
Outer_LOYO,2020,TCN,18,0.44019827246665955,0.4992668330669403,0.7749999761581421,0.8958333134651184,0.0010000000474974513
Outer_LOYO,2020,TCN,19,0.4529356062412262,0.48822155594825745,0.78125,0.8958333134651184,0.0010000000474974513
Outer_LOYO,2020,TCN,20,0.43083757162094116,0.48599281907081604,0.8062499761581421,0.875,0.0010000000474974513
Outer_LOYO,2020,TCN,21,0.3823487162590027,0.49033525586128235,0.8500000238418579,0.8541666865348816,0.0010000000474974513
Outer_LOYO,2020,TCN,22,0.38257646560668945,0.5162864327430725,0.856249988079071,0.8125,0.0010000000474974513
Outer_LOYO,2020,TCN,23,0.45341625809669495,0.4708188474178314,0.7749999761581421,0.8541666865348816,0.0010000000474974513
Outer_LOYO,2020,TCN,24,0.37539562582969666,0.46399036049842834,0.8374999761581421,0.875,0.0010000000474974513
Outer_LOYO,2020,TCN,25,0.3418177664279938,0.4585588872432709,0.84375,0.875,0.0010000000474974513
Outer_LOYO,2020,TCN,26,0.37503162026405334,0.4389163553714752,0.831250011920929,0.8958333134651184,0.0010000000474974513
Outer_LOYO,2020,TCN,27,0.3569784164428711,0.4259592294692993,0.8500000238418579,0.8541666865348816,0.0010000000474974513
Outer_LOYO,2020,TCN,28,0.35660624504089355,0.4347401559352875,0.8500000238418579,0.8541666865348816,0.0010000000474974513
Outer_LOYO,2020,TCN,29,0.3375086188316345,0.44622802734375,0.8500000238418579,0.8333333134651184,0.0010000000474974513
Outer_LOYO,2020,TCN,30,0.4041725993156433,0.40142226219177246,0.831250011920929,0.875,0.0010000000474974513
Outer_LOYO,2020,TCN,31,0.4079149663448334,0.4245661795139313,0.800000011920929,0.8958333134651184,0.0010000000474974513
Outer_LOYO,2020,TCN,32,0.316598117351532,0.4250136911869049,0.84375,0.875,0.0010000000474974513
Outer_LOYO,2020,TCN,33,0.30705660581588745,0.43215858936309814,0.887499988079071,0.8958333134651184,0.0010000000474974513
Outer_LOYO,2020,TCN,34,0.338981568813324,0.43886351585388184,0.8374999761581421,0.875,0.0010000000474974513
Outer_LOYO,2020,TCN,35,0.30414098501205444,0.43430420756340027,0.862500011920929,0.8125,0.0010000000474974513
Outer_LOYO,2020,TCN,36,0.34898310899734497,0.4760231077671051,0.862500011920929,0.8125,0.0010000000474974513
Outer_LOYO,2020,TCN,37,0.2805379331111908,0.42536771297454834,0.893750011920929,0.875,0.0005000000237487257
Outer_LOYO,2020,TCN,38,0.3049599230289459,0.43396368622779846,0.8500000238418579,0.8541666865348816,0.0005000000237487257
Outer_LOYO,2020,TCN,39,0.28621265292167664,0.4312171936035156,0.862500011920929,0.8541666865348816,0.0005000000237487257
Outer_LOYO,2020,TCN,40,0.33233803510665894,0.44967520236968994,0.8500000238418579,0.8125,0.0005000000237487257
Outer_LOYO,2020,TCN,41,0.3743969202041626,0.4385075569152832,0.8187500238418579,0.8333333134651184,0.0005000000237487257
Outer_LOYO,2020,TCN,42,0.2691585123538971,0.4418753385543823,0.8812500238418579,0.875,0.0005000000237487257
Outer_LOYO,2020,TCN,43,0.2970810532569885,0.41607892513275146,0.875,0.8541666865348816,0.0005000000237487257
Outer_LOYO,2020,TCN,44,0.23244023323059082,0.42600736021995544,0.8999999761581421,0.8333333134651184,0.0002500000118743628
Outer_LOYO,2020,TCN,45,0.2822206914424896,0.429375559091568,0.8374999761581421,0.8333333134651184,0.0002500000118743628
Outer_LOYO,2020,TCN,46,0.29711639881134033,0.42255938053131104,0.8687499761581421,0.8333333134651184,0.0002500000118743628
Outer_LOYO,2020,TCN,47,0.2389877736568451,0.42104601860046387,0.90625,0.8125,0.0002500000118743628
Outer_LOYO,2020,TCN,48,0.3388870358467102,0.429095983505249,0.862500011920929,0.8541666865348816,0.0002500000118743628
Outer_LOYO,2020,TCN,49,0.28593483567237854,0.4436229169368744,0.875,0.8333333134651184,0.0002500000118743628
Outer_LOYO,2020,TCN,50,0.26296576857566833,0.449304461479187,0.918749988079071,0.8333333134651184,0.0002500000118743628
Outer_LOYO,2020,CNN-LSTM,1,1.0701806545257568,1.052880883216858,0.41874998807907104,0.4375,0.000699999975040555
Outer_LOYO,2020,CNN-LSTM,2,0.9677779078483582,0.9772195816040039,0.543749988079071,0.7083333134651184,0.000699999975040555
Outer_LOYO,2020,CNN-LSTM,3,0.8550006747245789,0.8932321071624756,0.668749988079071,0.7916666865348816,0.000699999975040555
Outer_LOYO,2020,CNN-LSTM,4,0.7606881260871887,0.8082043528556824,0.706250011920929,0.7708333134651184,0.000699999975040555
Outer_LOYO,2020,CNN-LSTM,5,0.7122538685798645,0.7377473711967468,0.6937500238418579,0.7708333134651184,0.000699999975040555
Outer_LOYO,2020,CNN-LSTM,6,0.6957542896270752,0.6772094368934631,0.699999988079071,0.7708333134651184,0.000699999975040555
Outer_LOYO,2020,CNN-LSTM,7,0.6558481454849243,0.6363394260406494,0.6937500238418579,0.7708333134651184,0.000699999975040555
Outer_LOYO,2020,CNN-LSTM,8,0.6329084634780884,0.5868942141532898,0.7124999761581421,0.8125,0.000699999975040555
Outer_LOYO,2020,CNN-LSTM,9,0.5679289698600769,0.5534232258796692,0.75,0.8541666865348816,0.000699999975040555
Outer_LOYO,2020,CNN-LSTM,10,0.5587224960327148,0.5434567332267761,0.762499988079071,0.8541666865348816,0.000699999975040555
Outer_LOYO,2020,CNN-LSTM,11,0.5096596479415894,0.5261123776435852,0.78125,0.8541666865348816,0.000699999975040555
Outer_LOYO,2020,CNN-LSTM,12,0.5196290016174316,0.4977099895477295,0.762499988079071,0.8541666865348816,0.000699999975040555
Outer_LOYO,2020,CNN-LSTM,13,0.4722076952457428,0.478989839553833,0.8062499761581421,0.8541666865348816,0.000699999975040555
Outer_LOYO,2020,CNN-LSTM,14,0.49896734952926636,0.4935939311981201,0.75,0.8541666865348816,0.000699999975040555
Outer_LOYO,2020,CNN-LSTM,15,0.474867045879364,0.4725358784198761,0.768750011920929,0.8541666865348816,0.000699999975040555
Outer_LOYO,2020,CNN-LSTM,16,0.4607851505279541,0.4533065855503082,0.8125,0.875,0.000699999975040555
Outer_LOYO,2020,CNN-LSTM,17,0.41099125146865845,0.44543156027793884,0.8187500238418579,0.875,0.000699999975040555
Outer_LOYO,2020,CNN-LSTM,18,0.41071972250938416,0.4597048759460449,0.8062499761581421,0.875,0.000699999975040555
Outer_LOYO,2020,CNN-LSTM,19,0.38493773341178894,0.4569617807865143,0.8125,0.8125,0.000699999975040555
Outer_LOYO,2020,CNN-LSTM,20,0.3840819001197815,0.45625433325767517,0.8125,0.7916666865348816,0.000699999975040555
Outer_LOYO,2020,CNN-LSTM,21,0.3492315411567688,0.43833601474761963,0.8500000238418579,0.8125,0.000699999975040555
Outer_LOYO,2020,CNN-LSTM,22,0.3600750267505646,0.39569783210754395,0.8125,0.8333333134651184,0.000699999975040555
Outer_LOYO,2020,CNN-LSTM,23,0.3449423015117645,0.38476312160491943,0.84375,0.8541666865348816,0.000699999975040555
Outer_LOYO,2020,CNN-LSTM,24,0.31051012873649597,0.38190957903862,0.8812500238418579,0.8958333134651184,0.000699999975040555
Outer_LOYO,2020,CNN-LSTM,25,0.32568731904029846,0.3839974105358124,0.8374999761581421,0.8333333134651184,0.000699999975040555
Outer_LOYO,2020,CNN-LSTM,26,0.2892529368400574,0.3719949424266815,0.893750011920929,0.8541666865348816,0.000699999975040555
Outer_LOYO,2020,CNN-LSTM,27,0.32627740502357483,0.37639737129211426,0.831250011920929,0.8541666865348816,0.000699999975040555
Outer_LOYO,2020,CNN-LSTM,28,0.29248401522636414,0.4119771718978882,0.8812500238418579,0.8333333134651184,0.000699999975040555
Outer_LOYO,2020,CNN-LSTM,29,0.2868572175502777,0.3903612792491913,0.8999999761581421,0.8541666865348816,0.000699999975040555
Outer_LOYO,2020,CNN-LSTM,30,0.270460307598114,0.3629132807254791,0.893750011920929,0.875,0.000699999975040555
Outer_LOYO,2020,CNN-LSTM,31,0.28189927339553833,0.37601709365844727,0.8812500238418579,0.8333333134651184,0.000699999975040555
Outer_LOYO,2020,CNN-LSTM,32,0.2566576600074768,0.4531953036785126,0.887499988079071,0.8333333134651184,0.000699999975040555
Outer_LOYO,2020,CNN-LSTM,33,0.2188868522644043,0.4538324773311615,0.893750011920929,0.8333333134651184,0.000699999975040555
Outer_LOYO,2020,CNN-LSTM,34,0.2166096717119217,0.4212768077850342,0.90625,0.8333333134651184,0.000699999975040555
Outer_LOYO,2020,CNN-LSTM,35,0.195367693901062,0.41553935408592224,0.925000011920929,0.8333333134651184,0.000699999975040555
Outer_LOYO,2020,CNN-LSTM,36,0.21506604552268982,0.5245010852813721,0.918749988079071,0.8333333134651184,0.000699999975040555
Outer_LOYO,2020,CNN-LSTM,37,0.20473656058311462,0.4955245554447174,0.9312499761581421,0.8333333134651184,0.0003499999875202775
Outer_LOYO,2020,CNN-LSTM,38,0.18142661452293396,0.466609388589859,0.9375,0.8333333134651184,0.0003499999875202775
Outer_LOYO,2020,CNN-LSTM,39,0.22854271531105042,0.44848373532295227,0.90625,0.8333333134651184,0.0003499999875202775
Outer_LOYO,2020,CNN-LSTM,40,0.19403712451457977,0.44534286856651306,0.9375,0.8333333134651184,0.0003499999875202775
Outer_LOYO,2020,CNN-LSTM,41,0.17719361186027527,0.43962499499320984,0.9312499761581421,0.8333333134651184,0.0003499999875202775
Outer_LOYO,2020,CNN-LSTM,42,0.17805838584899902,0.43828821182250977,0.949999988079071,0.8333333134651184,0.0003499999875202775
Outer_LOYO,2020,CNN-LSTM,43,0.16966566443443298,0.4751867353916168,0.9437500238418579,0.8333333134651184,0.0003499999875202775
Outer_LOYO,2020,CNN-LSTM,44,0.17593008279800415,0.47918701171875,0.925000011920929,0.8541666865348816,0.00017499999376013875
Outer_LOYO,2020,CNN-LSTM,45,0.18091702461242676,0.43881145119667053,0.9437500238418579,0.8541666865348816,0.00017499999376013875
Outer_LOYO,2020,CNN-LSTM,46,0.16664616763591766,0.41253724694252014,0.925000011920929,0.8541666865348816,0.00017499999376013875
Outer_LOYO,2020,CNN-LSTM,47,0.16483774781227112,0.41516971588134766,0.9375,0.8541666865348816,0.00017499999376013875
Outer_LOYO,2020,CNN-LSTM,48,0.16059580445289612,0.4402275085449219,0.9375,0.8333333134651184,0.00017499999376013875
Outer_LOYO,2020,CNN-LSTM,49,0.12141624838113785,0.4510851800441742,0.96875,0.8333333134651184,0.00017499999376013875
Outer_LOYO,2020,CNN-LSTM,50,0.1556471735239029,0.4552559554576874,0.9624999761581421,0.8333333134651184,0.00017499999376013875
Outer_LOYO,2021,TCN,1,1.1764320135116577,0.9729356169700623,0.3612903356552124,0.5625,0.0010000000474974513
Outer_LOYO,2021,TCN,2,0.796750545501709,0.9124677777290344,0.6645161509513855,0.6666666865348816,0.0010000000474974513
Outer_LOYO,2021,TCN,3,0.6780917644500732,0.8558977246284485,0.6967741847038269,0.75,0.0010000000474974513
Outer_LOYO,2021,TCN,4,0.6652294397354126,0.8170121312141418,0.7290322780609131,0.7083333134651184,0.0010000000474974513
Outer_LOYO,2021,TCN,5,0.5772350430488586,0.7942208647727966,0.7161290049552917,0.7083333134651184,0.0010000000474974513
Outer_LOYO,2021,TCN,6,0.5224124193191528,0.7624408602714539,0.8258064389228821,0.7708333134651184,0.0010000000474974513
Outer_LOYO,2021,TCN,7,0.5563682317733765,0.7434406280517578,0.7290322780609131,0.7708333134651184,0.0010000000474974513
Outer_LOYO,2021,TCN,8,0.49977830052375793,0.7167970538139343,0.7935484051704407,0.7916666865348816,0.0010000000474974513
Outer_LOYO,2021,TCN,9,0.4934808611869812,0.6944710612297058,0.7677419185638428,0.7708333134651184,0.0010000000474974513
Outer_LOYO,2021,TCN,10,0.5081282258033752,0.6755892634391785,0.774193525314331,0.7708333134651184,0.0010000000474974513
Outer_LOYO,2021,TCN,11,0.45532792806625366,0.6455252170562744,0.8129032254219055,0.7708333134651184,0.0010000000474974513
Outer_LOYO,2021,TCN,12,0.4266514480113983,0.6179350018501282,0.8451613187789917,0.7916666865348816,0.0010000000474974513
Outer_LOYO,2021,TCN,13,0.39829221367836,0.5912584662437439,0.8387096524238586,0.8333333134651184,0.0010000000474974513
Outer_LOYO,2021,TCN,14,0.44495201110839844,0.5876915454864502,0.8193548321723938,0.8125,0.0010000000474974513
Outer_LOYO,2021,TCN,15,0.3968989849090576,0.5884127616882324,0.8387096524238586,0.7708333134651184,0.0010000000474974513
Outer_LOYO,2021,TCN,16,0.35778138041496277,0.5788238644599915,0.8580645322799683,0.8125,0.0010000000474974513
Outer_LOYO,2021,TCN,17,0.34928008913993835,0.5615091323852539,0.8258064389228821,0.8125,0.0010000000474974513
Outer_LOYO,2021,TCN,18,0.3799351155757904,0.5644345283508301,0.8322580456733704,0.7916666865348816,0.0010000000474974513
Outer_LOYO,2021,TCN,19,0.4172506630420685,0.5642989873886108,0.8258064389228821,0.75,0.0010000000474974513
Outer_LOYO,2021,TCN,20,0.33614489436149597,0.5718552470207214,0.8645161390304565,0.75,0.0010000000474974513
Outer_LOYO,2021,TCN,21,0.40091970562934875,0.5496847033500671,0.8258064389228821,0.7916666865348816,0.0010000000474974513
Outer_LOYO,2021,TCN,22,0.3337630331516266,0.5591514706611633,0.8580645322799683,0.7916666865348816,0.0010000000474974513
Outer_LOYO,2021,TCN,23,0.37459027767181396,0.5794366002082825,0.8580645322799683,0.7916666865348816,0.0010000000474974513
Outer_LOYO,2021,TCN,24,0.3313595950603485,0.5782017707824707,0.85161292552948,0.75,0.0010000000474974513
Outer_LOYO,2021,TCN,25,0.3506075441837311,0.568368136882782,0.85161292552948,0.75,0.0010000000474974513
Outer_LOYO,2021,TCN,26,0.32400941848754883,0.5791661143302917,0.8580645322799683,0.75,0.0010000000474974513
Outer_LOYO,2021,TCN,27,0.34595298767089844,0.561156690120697,0.8387096524238586,0.7708333134651184,0.0010000000474974513
Outer_LOYO,2021,TCN,28,0.30595317482948303,0.5502265095710754,0.8580645322799683,0.7916666865348816,0.0005000000237487257
Outer_LOYO,2021,TCN,29,0.30186229944229126,0.5402541160583496,0.8709677457809448,0.7916666865348816,0.0005000000237487257
Outer_LOYO,2021,TCN,30,0.2794031798839569,0.5424651503562927,0.9032257795333862,0.7916666865348816,0.0005000000237487257
Outer_LOYO,2021,TCN,31,0.3021213114261627,0.5604207515716553,0.8709677457809448,0.7916666865348816,0.0005000000237487257
Outer_LOYO,2021,TCN,32,0.2736794054508209,0.561751127243042,0.8645161390304565,0.7916666865348816,0.0005000000237487257
Outer_LOYO,2021,TCN,33,0.2982582747936249,0.5754930377006531,0.8451613187789917,0.7916666865348816,0.0005000000237487257
Outer_LOYO,2021,TCN,34,0.25897353887557983,0.6142129898071289,0.896774172782898,0.7916666865348816,0.0005000000237487257
Outer_LOYO,2021,TCN,35,0.2981564700603485,0.6285629272460938,0.8709677457809448,0.7708333134651184,0.0005000000237487257
Outer_LOYO,2021,TCN,36,0.282268762588501,0.6119701862335205,0.8838709592819214,0.7916666865348816,0.0002500000118743628
Outer_LOYO,2021,TCN,37,0.25859153270721436,0.6135527491569519,0.9161290526390076,0.7916666865348816,0.0002500000118743628
Outer_LOYO,2021,TCN,38,0.29288411140441895,0.6143376231193542,0.8903225660324097,0.7708333134651184,0.0002500000118743628
Outer_LOYO,2021,TCN,39,0.28654012084007263,0.6183211207389832,0.85161292552948,0.7708333134651184,0.0002500000118743628
Outer_LOYO,2021,TCN,40,0.2498110681772232,0.6063830852508545,0.9096774458885193,0.7708333134651184,0.0002500000118743628
Outer_LOYO,2021,TCN,41,0.2722644507884979,0.6092216968536377,0.896774172782898,0.7708333134651184,0.0002500000118743628
Outer_LOYO,2021,TCN,42,0.2523244023323059,0.6254550814628601,0.9032257795333862,0.7916666865348816,0.0002500000118743628
Outer_LOYO,2021,TCN,43,0.23942036926746368,0.6307252645492554,0.8903225660324097,0.7916666865348816,0.0001250000059371814
Outer_LOYO,2021,TCN,44,0.2242719531059265,0.6379271149635315,0.9290322661399841,0.7708333134651184,0.0001250000059371814
Outer_LOYO,2021,TCN,45,0.2544060945510864,0.6423905491828918,0.9096774458885193,0.7708333134651184,0.0001250000059371814
Outer_LOYO,2021,TCN,46,0.26920396089553833,0.6496970653533936,0.8838709592819214,0.7708333134651184,0.0001250000059371814
Outer_LOYO,2021,TCN,47,0.3083222508430481,0.6541984677314758,0.8387096524238586,0.7708333134651184,0.0001250000059371814
Outer_LOYO,2021,TCN,48,0.2508813738822937,0.6535030007362366,0.8903225660324097,0.7708333134651184,0.0001250000059371814
Outer_LOYO,2021,TCN,49,0.2345428466796875,0.6523692011833191,0.9032257795333862,0.7708333134651184,0.0001250000059371814
Outer_LOYO,2021,CNN-LSTM,1,1.0841151475906372,1.0583170652389526,0.31612902879714966,0.6666666865348816,0.000699999975040555
Outer_LOYO,2021,CNN-LSTM,2,0.9329938292503357,0.9871171116828918,0.6387096643447876,0.6875,0.000699999975040555
Outer_LOYO,2021,CNN-LSTM,3,0.8444725871086121,0.9154667854309082,0.6903225779533386,0.6666666865348816,0.000699999975040555
Outer_LOYO,2021,CNN-LSTM,4,0.7469519376754761,0.8449699282646179,0.7612903118133545,0.6666666865348816,0.000699999975040555
Outer_LOYO,2021,CNN-LSTM,5,0.6892228126525879,0.7777588367462158,0.7612903118133545,0.7083333134651184,0.000699999975040555
Outer_LOYO,2021,CNN-LSTM,6,0.6361117362976074,0.7370879650115967,0.7677419185638428,0.75,0.000699999975040555
Outer_LOYO,2021,CNN-LSTM,7,0.5522786378860474,0.7052623629570007,0.800000011920929,0.7708333134651184,0.000699999975040555
Outer_LOYO,2021,CNN-LSTM,8,0.5130302906036377,0.6657751798629761,0.8129032254219055,0.75,0.000699999975040555
Outer_LOYO,2021,CNN-LSTM,9,0.439650297164917,0.6393747329711914,0.8387096524238586,0.75,0.000699999975040555
Outer_LOYO,2021,CNN-LSTM,10,0.44949814677238464,0.6296554207801819,0.8258064389228821,0.75,0.000699999975040555
Outer_LOYO,2021,CNN-LSTM,11,0.4488186240196228,0.641299843788147,0.8322580456733704,0.7291666865348816,0.000699999975040555
Outer_LOYO,2021,CNN-LSTM,12,0.4031435251235962,0.6470527052879333,0.85161292552948,0.75,0.000699999975040555
Outer_LOYO,2021,CNN-LSTM,13,0.40494728088378906,0.6295491456985474,0.8387096524238586,0.7291666865348816,0.000699999975040555
Outer_LOYO,2021,CNN-LSTM,14,0.36281153559684753,0.6304916739463806,0.8645161390304565,0.7291666865348816,0.000699999975040555
Outer_LOYO,2021,CNN-LSTM,15,0.3456208407878876,0.6358243823051453,0.9032257795333862,0.75,0.000699999975040555
Outer_LOYO,2021,CNN-LSTM,16,0.35034745931625366,0.6311432719230652,0.8580645322799683,0.7083333134651184,0.000699999975040555
Outer_LOYO,2021,CNN-LSTM,17,0.2985369563102722,0.6403188109397888,0.9032257795333862,0.75,0.000699999975040555
Outer_LOYO,2021,CNN-LSTM,18,0.2829552888870239,0.6294683814048767,0.8774193525314331,0.75,0.000699999975040555
Outer_LOYO,2021,CNN-LSTM,19,0.2446143627166748,0.6244640946388245,0.9161290526390076,0.75,0.000699999975040555
Outer_LOYO,2021,CNN-LSTM,20,0.25993385910987854,0.6250993609428406,0.896774172782898,0.75,0.000699999975040555
Outer_LOYO,2021,CNN-LSTM,21,0.2774696946144104,0.6331263184547424,0.896774172782898,0.75,0.000699999975040555
Outer_LOYO,2021,CNN-LSTM,22,0.26383066177368164,0.6498832106590271,0.9032257795333862,0.75,0.000699999975040555
Outer_LOYO,2021,CNN-LSTM,23,0.23502497375011444,0.6556956171989441,0.9161290526390076,0.75,0.000699999975040555
Outer_LOYO,2021,CNN-LSTM,24,0.25145334005355835,0.6850077509880066,0.9096774458885193,0.7708333134651184,0.000699999975040555
Outer_LOYO,2021,CNN-LSTM,25,0.2433868646621704,0.6561631560325623,0.8903225660324097,0.7708333134651184,0.000699999975040555
Outer_LOYO,2021,CNN-LSTM,26,0.2359682321548462,0.6375745534896851,0.9096774458885193,0.7708333134651184,0.0003499999875202775
Outer_LOYO,2021,CNN-LSTM,27,0.175069659948349,0.643291175365448,0.9419354796409607,0.7708333134651184,0.0003499999875202775
Outer_LOYO,2021,CNN-LSTM,28,0.18438361585140228,0.6511400938034058,0.9548386931419373,0.7708333134651184,0.0003499999875202775
Outer_LOYO,2021,CNN-LSTM,29,0.16832247376441956,0.6736356616020203,0.948387086391449,0.7708333134651184,0.0003499999875202775
Outer_LOYO,2021,CNN-LSTM,30,0.17815430462360382,0.6863846778869629,0.9354838728904724,0.7708333134651184,0.0003499999875202775
Outer_LOYO,2021,CNN-LSTM,31,0.1827438622713089,0.693307638168335,0.9290322661399841,0.7708333134651184,0.0003499999875202775
Outer_LOYO,2021,CNN-LSTM,32,0.1648995578289032,0.6859962344169617,0.9290322661399841,0.7708333134651184,0.0003499999875202775
Outer_LOYO,2021,CNN-LSTM,33,0.1621515452861786,0.6808013319969177,0.948387086391449,0.7708333134651184,0.00017499999376013875
Outer_LOYO,2021,CNN-LSTM,34,0.16137661039829254,0.6875121593475342,0.9354838728904724,0.7708333134651184,0.00017499999376013875
Outer_LOYO,2021,CNN-LSTM,35,0.15550772845745087,0.6859027743339539,0.9548386931419373,0.7708333134651184,0.00017499999376013875
Outer_LOYO,2021,CNN-LSTM,36,0.13337306678295135,0.6870315074920654,0.9548386931419373,0.7708333134651184,0.00017499999376013875
Outer_LOYO,2021,CNN-LSTM,37,0.16388259828090668,0.6923123002052307,0.9612902998924255,0.7708333134651184,0.00017499999376013875
Outer_LOYO,2021,CNN-LSTM,38,0.15256190299987793,0.6859222054481506,0.948387086391449,0.7708333134651184,0.00017499999376013875
Outer_LOYO,2021,CNN-LSTM,39,0.15882034599781036,0.6830351948738098,0.9354838728904724,0.7708333134651184,0.00017499999376013875
Outer_LOYO,2022,TCN,1,1.0771458148956299,0.9318709373474121,0.48124998807907104,0.7441860437393188,0.0010000000474974513
Outer_LOYO,2022,TCN,2,0.7959892153739929,0.8469499349594116,0.6312500238418579,0.7209302186965942,0.0010000000474974513
Outer_LOYO,2022,TCN,3,0.6440574526786804,0.8099586367607117,0.737500011920929,0.7209302186965942,0.0010000000474974513
Outer_LOYO,2022,TCN,4,0.6234854459762573,0.7526302933692932,0.71875,0.7441860437393188,0.0010000000474974513
Outer_LOYO,2022,TCN,5,0.584963321685791,0.7219142317771912,0.768750011920929,0.7441860437393188,0.0010000000474974513
Outer_LOYO,2022,TCN,6,0.6668928265571594,0.7225026488304138,0.737500011920929,0.7441860437393188,0.0010000000474974513
Outer_LOYO,2022,TCN,7,0.5274597406387329,0.6899018883705139,0.78125,0.7674418687820435,0.0010000000474974513
Outer_LOYO,2022,TCN,8,0.4994145333766937,0.686572790145874,0.793749988079071,0.7441860437393188,0.0010000000474974513
Outer_LOYO,2022,TCN,9,0.506196141242981,0.6633548140525818,0.762499988079071,0.8139534592628479,0.0010000000474974513
Outer_LOYO,2022,TCN,10,0.5254310965538025,0.6772331595420837,0.7437499761581421,0.7906976938247681,0.0010000000474974513
Outer_LOYO,2022,TCN,11,0.5108218789100647,0.6356151103973389,0.793749988079071,0.8372092843055725,0.0010000000474974513
Outer_LOYO,2022,TCN,12,0.4344044625759125,0.617740273475647,0.856249988079071,0.7674418687820435,0.0010000000474974513
Outer_LOYO,2022,TCN,13,0.41307082772254944,0.6120925545692444,0.824999988079071,0.8139534592628479,0.0010000000474974513
Outer_LOYO,2022,TCN,14,0.4888480305671692,0.6004377603530884,0.800000011920929,0.8139534592628479,0.0010000000474974513
Outer_LOYO,2022,TCN,15,0.40368717908859253,0.6137731671333313,0.84375,0.7906976938247681,0.0010000000474974513
Outer_LOYO,2022,TCN,16,0.36800533533096313,0.6158521175384521,0.8687499761581421,0.7906976938247681,0.0010000000474974513
Outer_LOYO,2022,TCN,17,0.39876261353492737,0.5657613277435303,0.84375,0.8139534592628479,0.0010000000474974513
Outer_LOYO,2022,TCN,18,0.4275725781917572,0.5495814681053162,0.8187500238418579,0.7674418687820435,0.0010000000474974513
Outer_LOYO,2022,TCN,19,0.35249656438827515,0.5462027192115784,0.875,0.7441860437393188,0.0010000000474974513
Outer_LOYO,2022,TCN,20,0.34737950563430786,0.5740817785263062,0.893750011920929,0.7674418687820435,0.0010000000474974513
Outer_LOYO,2022,TCN,21,0.35111191868782043,0.549030065536499,0.8687499761581421,0.7906976938247681,0.0010000000474974513
Outer_LOYO,2022,TCN,22,0.3726122975349426,0.5226180553436279,0.8374999761581421,0.8139534592628479,0.0010000000474974513
Outer_LOYO,2022,TCN,23,0.41316670179367065,0.5506529808044434,0.824999988079071,0.8139534592628479,0.0010000000474974513
Outer_LOYO,2022,TCN,24,0.3978874385356903,0.5599430799484253,0.84375,0.8139534592628479,0.0010000000474974513
Outer_LOYO,2022,TCN,25,0.39816030859947205,0.5450378060340881,0.84375,0.8139534592628479,0.0010000000474974513
Outer_LOYO,2022,TCN,26,0.3938435912132263,0.5658743381500244,0.8125,0.7906976938247681,0.0010000000474974513
Outer_LOYO,2022,TCN,27,0.4074278771877289,0.5806875228881836,0.856249988079071,0.7441860437393188,0.0010000000474974513
Outer_LOYO,2022,TCN,28,0.30391278862953186,0.5289590358734131,0.862500011920929,0.7906976938247681,0.0010000000474974513
Outer_LOYO,2022,TCN,29,0.3432602882385254,0.467984139919281,0.856249988079071,0.8372092843055725,0.0010000000474974513
Outer_LOYO,2022,TCN,30,0.31864482164382935,0.5420311093330383,0.856249988079071,0.7906976938247681,0.0010000000474974513
Outer_LOYO,2022,TCN,31,0.3409995138645172,0.5709291696548462,0.862500011920929,0.7674418687820435,0.0010000000474974513
Outer_LOYO,2022,TCN,32,0.3180466294288635,0.5360605120658875,0.8687499761581421,0.7906976938247681,0.0010000000474974513
Outer_LOYO,2022,TCN,33,0.33369648456573486,0.5930582880973816,0.875,0.7674418687820435,0.0010000000474974513
Outer_LOYO,2022,TCN,34,0.2694738209247589,0.5822412967681885,0.862500011920929,0.7906976938247681,0.0010000000474974513
Outer_LOYO,2022,TCN,35,0.3042718768119812,0.5697560906410217,0.887499988079071,0.7906976938247681,0.0010000000474974513
Outer_LOYO,2022,TCN,36,0.2873859703540802,0.5063931941986084,0.9125000238418579,0.7674418687820435,0.0005000000237487257
Outer_LOYO,2022,TCN,37,0.23224672675132751,0.5238280892372131,0.9125000238418579,0.7906976938247681,0.0005000000237487257
Outer_LOYO,2022,TCN,38,0.3027312755584717,0.5493316054344177,0.856249988079071,0.7906976938247681,0.0005000000237487257
Outer_LOYO,2022,TCN,39,0.30868619680404663,0.5970771908760071,0.8687499761581421,0.7906976938247681,0.0005000000237487257
Outer_LOYO,2022,TCN,40,0.23203174769878387,0.5902072787284851,0.925000011920929,0.7906976938247681,0.0005000000237487257
Outer_LOYO,2022,TCN,41,0.2906438112258911,0.5455120801925659,0.887499988079071,0.7906976938247681,0.0005000000237487257
Outer_LOYO,2022,TCN,42,0.2784361243247986,0.5479071140289307,0.8812500238418579,0.7906976938247681,0.0005000000237487257
Outer_LOYO,2022,TCN,43,0.27336305379867554,0.5159366726875305,0.8999999761581421,0.7906976938247681,0.0002500000118743628
Outer_LOYO,2022,TCN,44,0.28064149618148804,0.5054286122322083,0.887499988079071,0.7674418687820435,0.0002500000118743628
Outer_LOYO,2022,TCN,45,0.2302548587322235,0.5199393630027771,0.9312499761581421,0.7674418687820435,0.0002500000118743628
Outer_LOYO,2022,TCN,46,0.15025672316551208,0.557803750038147,0.949999988079071,0.7674418687820435,0.0002500000118743628
Outer_LOYO,2022,TCN,47,0.23126566410064697,0.5891478061676025,0.918749988079071,0.7906976938247681,0.0002500000118743628
Outer_LOYO,2022,TCN,48,0.21004192531108856,0.6171131730079651,0.90625,0.7906976938247681,0.0002500000118743628
Outer_LOYO,2022,TCN,49,0.22499123215675354,0.6339485049247742,0.887499988079071,0.7906976938247681,0.0002500000118743628
Outer_LOYO,2022,CNN-LSTM,1,1.0937508344650269,1.0678777694702148,0.3375000059604645,0.4883720874786377,0.000699999975040555
Outer_LOYO,2022,CNN-LSTM,2,0.9610155820846558,1.0072442293167114,0.512499988079071,0.5581395626068115,0.000699999975040555
Outer_LOYO,2022,CNN-LSTM,3,0.8502196073532104,0.9654316306114197,0.6312500238418579,0.6279069781303406,0.000699999975040555
Outer_LOYO,2022,CNN-LSTM,4,0.7985949516296387,0.9250786304473877,0.65625,0.6279069781303406,0.000699999975040555
Outer_LOYO,2022,CNN-LSTM,5,0.7199826836585999,0.8806339502334595,0.7250000238418579,0.604651153087616,0.000699999975040555
Outer_LOYO,2022,CNN-LSTM,6,0.6964552402496338,0.8447345495223999,0.6812499761581421,0.6279069781303406,0.000699999975040555
Outer_LOYO,2022,CNN-LSTM,7,0.633543074131012,0.8169629573822021,0.7437499761581421,0.6744186282157898,0.000699999975040555
Outer_LOYO,2022,CNN-LSTM,8,0.6012547612190247,0.795041024684906,0.7437499761581421,0.6744186282157898,0.000699999975040555
Outer_LOYO,2022,CNN-LSTM,9,0.5671486258506775,0.7670019268989563,0.7749999761581421,0.6976743936538696,0.000699999975040555
Outer_LOYO,2022,CNN-LSTM,10,0.5224358439445496,0.7366440892219543,0.8062499761581421,0.6744186282157898,0.000699999975040555
Outer_LOYO,2022,CNN-LSTM,11,0.5012542605400085,0.7051184177398682,0.793749988079071,0.6744186282157898,0.000699999975040555
Outer_LOYO,2022,CNN-LSTM,12,0.4946407675743103,0.6865332126617432,0.78125,0.7209302186965942,0.000699999975040555
Outer_LOYO,2022,CNN-LSTM,13,0.4714304804801941,0.6805129051208496,0.824999988079071,0.6976743936538696,0.000699999975040555
Outer_LOYO,2022,CNN-LSTM,14,0.45354753732681274,0.6752991080284119,0.824999988079071,0.6744186282157898,0.000699999975040555
Outer_LOYO,2022,CNN-LSTM,15,0.409763902425766,0.6643127799034119,0.8062499761581421,0.6744186282157898,0.000699999975040555
Outer_LOYO,2022,CNN-LSTM,16,0.4302663207054138,0.6319291591644287,0.8062499761581421,0.7674418687820435,0.000699999975040555
Outer_LOYO,2022,CNN-LSTM,17,0.41389694809913635,0.616906464099884,0.84375,0.7674418687820435,0.000699999975040555
Outer_LOYO,2022,CNN-LSTM,18,0.4006185531616211,0.6034449338912964,0.8187500238418579,0.7674418687820435,0.000699999975040555
Outer_LOYO,2022,CNN-LSTM,19,0.36562609672546387,0.6076604127883911,0.831250011920929,0.7209302186965942,0.000699999975040555
Outer_LOYO,2022,CNN-LSTM,20,0.3453570604324341,0.6126512289047241,0.862500011920929,0.7209302186965942,0.000699999975040555
Outer_LOYO,2022,CNN-LSTM,21,0.3162941038608551,0.6307632327079773,0.862500011920929,0.7209302186965942,0.000699999975040555
Outer_LOYO,2022,CNN-LSTM,22,0.3073826730251312,0.6138120293617249,0.887499988079071,0.7441860437393188,0.000699999975040555
Outer_LOYO,2022,CNN-LSTM,23,0.2778213620185852,0.595162034034729,0.925000011920929,0.7906976938247681,0.000699999975040555
Outer_LOYO,2022,CNN-LSTM,24,0.2804962396621704,0.5849547386169434,0.8999999761581421,0.7209302186965942,0.000699999975040555
Outer_LOYO,2022,CNN-LSTM,25,0.25183913111686707,0.5755295157432556,0.925000011920929,0.7209302186965942,0.000699999975040555
Outer_LOYO,2022,CNN-LSTM,26,0.24316053092479706,0.5741205215454102,0.925000011920929,0.7441860437393188,0.000699999975040555
Outer_LOYO,2022,CNN-LSTM,27,0.21892869472503662,0.6569470763206482,0.9312499761581421,0.6976743936538696,0.000699999975040555
Outer_LOYO,2022,CNN-LSTM,28,0.2345116138458252,0.6702118515968323,0.925000011920929,0.6744186282157898,0.000699999975040555
Outer_LOYO,2022,CNN-LSTM,29,0.195011705160141,0.6209571361541748,0.925000011920929,0.7441860437393188,0.000699999975040555
Outer_LOYO,2022,CNN-LSTM,30,0.20940491557121277,0.5571982860565186,0.918749988079071,0.7441860437393188,0.000699999975040555
Outer_LOYO,2022,CNN-LSTM,31,0.17958569526672363,0.5356188416481018,0.9437500238418579,0.7906976938247681,0.000699999975040555
Outer_LOYO,2022,CNN-LSTM,32,0.16274721920490265,0.5804136991500854,0.956250011920929,0.8139534592628479,0.000699999975040555
Outer_LOYO,2022,CNN-LSTM,33,0.16847483813762665,0.5954627394676208,0.9375,0.8139534592628479,0.000699999975040555
Outer_LOYO,2022,CNN-LSTM,34,0.1459551751613617,0.6507975459098816,0.9750000238418579,0.7674418687820435,0.000699999975040555
Outer_LOYO,2022,CNN-LSTM,35,0.14447183907032013,0.6738247275352478,0.9437500238418579,0.7674418687820435,0.000699999975040555
Outer_LOYO,2022,CNN-LSTM,36,0.1428963840007782,0.6689899563789368,0.96875,0.7674418687820435,0.000699999975040555
Outer_LOYO,2022,CNN-LSTM,37,0.13605034351348877,0.6462578773498535,0.9624999761581421,0.7674418687820435,0.000699999975040555
Outer_LOYO,2022,CNN-LSTM,38,0.10323476791381836,0.6440877318382263,0.987500011920929,0.7674418687820435,0.0003499999875202775
Outer_LOYO,2022,CNN-LSTM,39,0.156423419713974,0.7514345645904541,0.956250011920929,0.7674418687820435,0.0003499999875202775
Outer_LOYO,2022,CNN-LSTM,40,0.10166605561971664,0.8127588629722595,0.9750000238418579,0.7441860437393188,0.0003499999875202775
Outer_LOYO,2022,CNN-LSTM,41,0.11961531639099121,0.7832956314086914,0.956250011920929,0.7906976938247681,0.0003499999875202775
Outer_LOYO,2022,CNN-LSTM,42,0.09694863855838776,0.7680997848510742,0.9624999761581421,0.7906976938247681,0.0003499999875202775
Outer_LOYO,2022,CNN-LSTM,43,0.09522798657417297,0.7747604250907898,0.987500011920929,0.7906976938247681,0.0003499999875202775
Outer_LOYO,2022,CNN-LSTM,44,0.08788144588470459,0.7572745680809021,0.9750000238418579,0.7906976938247681,0.0003499999875202775
Outer_LOYO,2022,CNN-LSTM,45,0.10401308536529541,0.7366701364517212,0.987500011920929,0.7906976938247681,0.00017499999376013875
Outer_LOYO,2022,CNN-LSTM,46,0.09214513003826141,0.7302621603012085,0.9937499761581421,0.7906976938247681,0.00017499999376013875
Outer_LOYO,2022,CNN-LSTM,47,0.09356953203678131,0.7349522709846497,0.96875,0.8139534592628479,0.00017499999376013875
Outer_LOYO,2022,CNN-LSTM,48,0.08917682617902756,0.729948878288269,0.981249988079071,0.7906976938247681,0.00017499999376013875
Outer_LOYO,2022,CNN-LSTM,49,0.10699503123760223,0.7153832912445068,0.9624999761581421,0.7906976938247681,0.00017499999376013875
Outer_LOYO,2022,CNN-LSTM,50,0.08902270346879959,0.7067493796348572,0.9750000238418579,0.7906976938247681,0.00017499999376013875
Outer_LOYO,2022,CNN-LSTM,51,0.11050325632095337,0.733700156211853,0.9750000238418579,0.7906976938247681,0.00017499999376013875
Final_Full_Data,NA,TCN,1,1.2261343002319336,1.0154443979263306,0.3720930218696594,0.5,0.0010000000474974513
Final_Full_Data,NA,TCN,2,0.8450824618339539,0.9505150318145752,0.604651153087616,0.5416666865348816,0.0010000000474974513
Final_Full_Data,NA,TCN,3,0.7442328929901123,0.9275638461112976,0.6511628031730652,0.5833333134651184,0.0010000000474974513
Final_Full_Data,NA,TCN,4,0.6586043238639832,0.9059939384460449,0.6918604373931885,0.5833333134651184,0.0010000000474974513
Final_Full_Data,NA,TCN,5,0.6037195324897766,0.8564592003822327,0.75,0.625,0.0010000000474974513
Final_Full_Data,NA,TCN,6,0.5321910977363586,0.811772346496582,0.7790697813034058,0.6458333134651184,0.0010000000474974513
Final_Full_Data,NA,TCN,7,0.604520857334137,0.7988102436065674,0.7267441749572754,0.6458333134651184,0.0010000000474974513
Final_Full_Data,NA,TCN,8,0.640166699886322,0.7901155352592468,0.7325581312179565,0.6458333134651184,0.0010000000474974513
Final_Full_Data,NA,TCN,9,0.48958995938301086,0.7656955718994141,0.7790697813034058,0.6666666865348816,0.0010000000474974513
Final_Full_Data,NA,TCN,10,0.5299761295318604,0.732002317905426,0.7790697813034058,0.6875,0.0010000000474974513
Final_Full_Data,NA,TCN,11,0.5051554441452026,0.7064151763916016,0.7965116500854492,0.7083333134651184,0.0010000000474974513
Final_Full_Data,NA,TCN,12,0.4757536053657532,0.7337577939033508,0.7616279125213623,0.6875,0.0010000000474974513
Final_Full_Data,NA,TCN,13,0.4543314278125763,0.7234329581260681,0.7965116500854492,0.7291666865348816,0.0010000000474974513
Final_Full_Data,NA,TCN,14,0.43643397092819214,0.7071824073791504,0.7790697813034058,0.75,0.0010000000474974513
Final_Full_Data,NA,TCN,15,0.39712250232696533,0.6906728744506836,0.8430232405662537,0.75,0.0010000000474974513
Final_Full_Data,NA,TCN,16,0.43667837977409363,0.6893600821495056,0.7732558250427246,0.75,0.0010000000474974513
Final_Full_Data,NA,TCN,17,0.41046369075775146,0.6503153443336487,0.8488371968269348,0.7291666865348816,0.0010000000474974513
Final_Full_Data,NA,TCN,18,0.3825114369392395,0.6495745182037354,0.8372092843055725,0.7291666865348816,0.0010000000474974513
Final_Full_Data,NA,TCN,19,0.39559027552604675,0.6751530766487122,0.8255813717842102,0.7291666865348816,0.0010000000474974513
Final_Full_Data,NA,TCN,20,0.40346792340278625,0.6355445981025696,0.8313953280448914,0.7291666865348816,0.0010000000474974513
Final_Full_Data,NA,TCN,21,0.4329891502857208,0.6037092804908752,0.8139534592628479,0.7916666865348816,0.0010000000474974513
Final_Full_Data,NA,TCN,22,0.43632254004478455,0.6201364398002625,0.8023256063461304,0.7916666865348816,0.0010000000474974513
Final_Full_Data,NA,TCN,23,0.34365954995155334,0.6359259486198425,0.8662790656089783,0.7708333134651184,0.0010000000474974513
Final_Full_Data,NA,TCN,24,0.3279361426830292,0.6289424300193787,0.8430232405662537,0.7708333134651184,0.0010000000474974513
Final_Full_Data,NA,TCN,25,0.32864710688591003,0.6421263813972473,0.8255813717842102,0.75,0.0010000000474974513
Final_Full_Data,NA,TCN,26,0.3106532692909241,0.65925532579422,0.854651153087616,0.75,0.0010000000474974513
Final_Full_Data,NA,TCN,27,0.3952133357524872,0.685761034488678,0.8255813717842102,0.7291666865348816,0.0010000000474974513
Final_Full_Data,NA,TCN,28,0.3111833930015564,0.6668046116828918,0.8779069781303406,0.75,0.0005000000237487257
Final_Full_Data,NA,TCN,29,0.42038774490356445,0.6778230667114258,0.8081395626068115,0.7291666865348816,0.0005000000237487257
Final_Full_Data,NA,TCN,30,0.3000042140483856,0.6703997254371643,0.8837209343910217,0.7708333134651184,0.0005000000237487257
Final_Full_Data,NA,TCN,31,0.29642876982688904,0.657134473323822,0.8895348906517029,0.7708333134651184,0.0005000000237487257
Final_Full_Data,NA,TCN,32,0.2691718637943268,0.6447723507881165,0.8662790656089783,0.75,0.0005000000237487257
Final_Full_Data,NA,TCN,33,0.2775488495826721,0.6554246544837952,0.8779069781303406,0.7291666865348816,0.0005000000237487257
Final_Full_Data,NA,TCN,34,0.31559205055236816,0.658225953578949,0.8720930218696594,0.75,0.0005000000237487257
Final_Full_Data,NA,TCN,35,0.2610662877559662,0.6504313945770264,0.8895348906517029,0.7708333134651184,0.0002500000118743628
Final_Full_Data,NA,TCN,36,0.3420966565608978,0.6607270240783691,0.854651153087616,0.7708333134651184,0.0002500000118743628
Final_Full_Data,NA,TCN,37,0.412738174200058,0.673292338848114,0.8430232405662537,0.7708333134651184,0.0002500000118743628
Final_Full_Data,NA,TCN,38,0.2351614236831665,0.6677417755126953,0.9127907156944275,0.75,0.0002500000118743628
Final_Full_Data,NA,TCN,39,0.233969047665596,0.6666635870933533,0.9186046719551086,0.7291666865348816,0.0002500000118743628
Final_Full_Data,NA,TCN,40,0.2997845411300659,0.6754107475280762,0.8720930218696594,0.75,0.0002500000118743628
Final_Full_Data,NA,TCN,41,0.27513888478279114,0.6764230728149414,0.8837209343910217,0.75,0.0002500000118743628
Final_Full_Data,NA,CNN-LSTM,1,1.0812432765960693,1.016661286354065,0.39534884691238403,0.5833333134651184,0.000699999975040555
Final_Full_Data,NA,CNN-LSTM,2,0.9253934621810913,0.9632651805877686,0.6569767594337463,0.6875,0.000699999975040555
Final_Full_Data,NA,CNN-LSTM,3,0.8229433298110962,0.9044814109802246,0.7093023061752319,0.7291666865348816,0.000699999975040555
Final_Full_Data,NA,CNN-LSTM,4,0.7619187831878662,0.8378755450248718,0.75,0.7083333134651184,0.000699999975040555
Final_Full_Data,NA,CNN-LSTM,5,0.6744323968887329,0.7711998820304871,0.7558139562606812,0.7083333134651184,0.000699999975040555
Final_Full_Data,NA,CNN-LSTM,6,0.6218972206115723,0.7256444096565247,0.7790697813034058,0.7291666865348816,0.000699999975040555
Final_Full_Data,NA,CNN-LSTM,7,0.5405633449554443,0.7010170817375183,0.7732558250427246,0.7291666865348816,0.000699999975040555
Final_Full_Data,NA,CNN-LSTM,8,0.5580028891563416,0.6718502044677734,0.7441860437393188,0.75,0.000699999975040555
Final_Full_Data,NA,CNN-LSTM,9,0.5193690657615662,0.6642487645149231,0.7616279125213623,0.7083333134651184,0.000699999975040555
Final_Full_Data,NA,CNN-LSTM,10,0.46775519847869873,0.6540732979774475,0.8430232405662537,0.7291666865348816,0.000699999975040555
Final_Full_Data,NA,CNN-LSTM,11,0.4595852196216583,0.658318817615509,0.8255813717842102,0.7291666865348816,0.000699999975040555
Final_Full_Data,NA,CNN-LSTM,12,0.47230350971221924,0.6490417122840881,0.8255813717842102,0.7083333134651184,0.000699999975040555
Final_Full_Data,NA,CNN-LSTM,13,0.4102230966091156,0.6393131017684937,0.8488371968269348,0.75,0.000699999975040555
Final_Full_Data,NA,CNN-LSTM,14,0.39470434188842773,0.6493553519248962,0.8313953280448914,0.7291666865348816,0.000699999975040555
Final_Full_Data,NA,CNN-LSTM,15,0.3905777931213379,0.6781772971153259,0.819767415523529,0.75,0.000699999975040555
Final_Full_Data,NA,CNN-LSTM,16,0.3432392477989197,0.6766560673713684,0.854651153087616,0.7291666865348816,0.000699999975040555
Final_Full_Data,NA,CNN-LSTM,17,0.3255339562892914,0.6844961643218994,0.8662790656089783,0.7083333134651184,0.000699999975040555
Final_Full_Data,NA,CNN-LSTM,18,0.34849968552589417,0.6865465641021729,0.8488371968269348,0.7083333134651184,0.000699999975040555
Final_Full_Data,NA,CNN-LSTM,19,0.29668885469436646,0.7031741142272949,0.854651153087616,0.7291666865348816,0.000699999975040555
Final_Full_Data,NA,CNN-LSTM,20,0.33576831221580505,0.7126019597053528,0.8488371968269348,0.75,0.0003499999875202775
Final_Full_Data,NA,CNN-LSTM,21,0.2800033390522003,0.7129393219947815,0.8837209343910217,0.7291666865348816,0.0003499999875202775
Final_Full_Data,NA,CNN-LSTM,22,0.28154420852661133,0.7098214030265808,0.895348846912384,0.75,0.0003499999875202775
Final_Full_Data,NA,CNN-LSTM,23,0.2695874273777008,0.7131037712097168,0.8895348906517029,0.7291666865348816,0.0003499999875202775
Final_Full_Data,NA,CNN-LSTM,24,0.23895423114299774,0.7252011299133301,0.9127907156944275,0.7083333134651184,0.0003499999875202775
Final_Full_Data,NA,CNN-LSTM,25,0.28205201029777527,0.7325124740600586,0.8662790656089783,0.7291666865348816,0.0003499999875202775
Final_Full_Data,NA,CNN-LSTM,26,0.26928913593292236,0.7393603324890137,0.8895348906517029,0.7291666865348816,0.0003499999875202775
Final_Full_Data,NA,CNN-LSTM,27,0.262264221906662,0.7385568618774414,0.8837209343910217,0.75,0.00017499999376013875
Final_Full_Data,NA,CNN-LSTM,28,0.3010490834712982,0.747231662273407,0.8662790656089783,0.75,0.00017499999376013875
Final_Full_Data,NA,CNN-LSTM,29,0.24884247779846191,0.7471805214881897,0.9127907156944275,0.75,0.00017499999376013875
Final_Full_Data,NA,CNN-LSTM,30,0.2456813007593155,0.7472341656684875,0.9011628031730652,0.7291666865348816,0.00017499999376013875
Final_Full_Data,NA,CNN-LSTM,31,0.27754607796669006,0.7375372052192688,0.8779069781303406,0.7291666865348816,0.00017499999376013875
Final_Full_Data,NA,CNN-LSTM,32,0.2564913034439087,0.7423050999641418,0.9011628031730652,0.7291666865348816,0.00017499999376013875
Final_Full_Data,NA,CNN-LSTM,33,0.2635638415813446,0.7413520812988281,0.8895348906517029,0.75,0.00017499999376013875
